Feed_Flow_kg_h,Feed_Heavy_Fraction,Column_Pressure_kPa,Reflux_Ratio,Num_Stages,Murphree_Efficiency,Effective_Stages,Relative_Volatility,Separation_Power,Distillate_Rate_kg_h,Bottoms_Rate_kg_h,Reflux_Flow_kg_h,Distillate_Heavy_Fraction,Bottoms_Heavy_Fraction,Top_Tray_Temperature_C,Bottom_Temperature_C,Distillate_to_Feed,Reflux_to_Feed,Heavy_Recovery_to_Bottoms,Dataset,Mass_Balance_Error_kg_h,Heavy_Component_Balance_Error_kg_h
12905.604,0.30338,146.133,1.1514,25,0.8131,20.328,2.00785,7.58325,6982.928,5922.676,8039.808,0.042889,0.610505,80.886,100.404,0.54108,0.62297,0.923507,C,0.0,-0.011969
7348.198,0.55646,148.743,2.8428,24,0.6946,16.671,2.00253,8.56378,2185.909,5162.289,6214.002,0.085953,0.755688,81.569,101.508,0.29748,0.84565,0.954051,C,0.0,0.012973
10521.921,0.518,136.29,2.4666,21,0.8467,17.781,2.02896,8.95137,3636.737,6885.185,8970.456,0.066347,0.756557,80.749,100.795,0.34563,0.85255,0.95573,C,-0.001,0.03358
9663.491,0.42189,160.386,2.2211,25,0.6774,16.936,1.98002,7.9775,4574.707,5088.784,10160.763,0.05407,0.752552,81.634,102.111,0.4734,1.05146,0.939328,C,0.0,0.001234
9794.163,0.63288,178.892,2.9507,22,0.7333,16.134,1.94785,8.03398,2823.356,6970.807,8330.928,0.131112,0.836111,83.361,103.573,0.28827,0.8506,0.94028,C,0.0,-0.014384
9629.703,0.30516,150.214,2.7242,24,0.7802,18.724,1.99957,9.4908,4999.463,4630.24,13619.616,0.020977,0.612007,80.774,100.641,0.51917,1.41433,0.964312,C,0.0,-0.01286
7000.0,0.51396,200.893,1.4669,26,0.6861,17.837,1.91425,6.88719,2715.969,4284.031,3984.026,0.10821,0.77119,83.82,104.12,0.388,0.56915,0.91831,C,0.0,0.023128
10222.308,0.56762,182.207,1.5789,26,0.8788,22.848,1.94249,9.28803,3240.041,6982.266,5115.702,0.069844,0.7986,82.673,103.479,0.31696,0.50044,0.960999,C,0.001,0.051416
8519.549,0.59598,148.48,1.931,16,0.6858,10.972,2.00306,5.02167,2914.719,5604.831,5628.243,0.287084,0.756612,84.212,101.5,0.34212,0.66063,0.835199,C,-0.001,0.029231
12897.547,0.54259,147.352,2.9205,21,0.7849,16.483,2.00535,8.54375,4879.413,8018.133,14250.246,0.078367,0.825092,81.408,101.889,0.37832,1.10488,0.945358,C,0.001,-0.002325
10757.588,0.58064,157.375,1.9712,22,0.8552,18.814,1.98565,8.56192,3703.644,7053.944,7300.5,0.086162,0.840261,81.935,102.533,0.34428,0.67864,0.948912,C,0.0,0.018483
9470.524,0.62472,160.977,2.2049,20,0.8268,16.536,1.97892,7.76503,2434.489,7036.036,5367.747,0.157902,0.786236,83.029,102.364,0.25706,0.56678,0.935026,C,-0.001,0.030271
9496.907,0.53653,123.456,3.3933,16,0.7015,11.223,2.05929,6.26198,3197.348,6299.56,10849.579,0.175364,0.719837,81.559,99.746,0.33667,1.14243,0.889959,C,-0.001,0.019406
8908.712,0.50177,180.94,1.2612,17,0.7089,12.051,1.94452,4.4701,3259.592,5649.12,4111.123,0.277481,0.63119,85.368,102.316,0.36589,0.46147,0.797663,C,0.0,-0.01848
8482.062,0.35667,192.164,1.156,18,0.8494,15.289,1.92705,5.37744,3950.722,4531.34,4567.021,0.11129,0.5706,83.568,102.421,0.46577,0.53843,0.854665,C,0.0,0.038598
9314.675,0.4537,134.611,3.6603,16,0.6655,10.648,2.03274,5.93284,3603.084,5711.591,13188.252,0.144023,0.64906,81.695,99.984,0.38682,1.41586,0.877209,C,0.0,-0.024174
10839.721,0.62817,132.389,1.4999,26,0.7712,20.051,2.03782,8.56433,2633.26,8206.461,3949.668,0.132313,0.787281,81.435,100.76,0.24293,0.36437,0.948832,C,0.0,-0.017812
10274.652,0.48811,153.992,2.6238,23,0.8152,18.749,1.99214,9.35606,3861.903,6412.749,10132.883,0.049534,0.752238,81.312,101.772,0.37587,0.9862,0.961857,C,0.0,-0.048598
12072.607,0.46204,160.629,1.189,23,0.7073,16.268,1.97957,6.03388,4839.784,7232.823,5754.293,0.148144,0.672083,82.886,101.593,0.40089,0.47664,0.871463,C,0.0,-0.015003
9591.509,0.42409,157.06,1.3173,27,0.8831,23.843,1.98625,9.30154,4223.881,5367.627,5564.159,0.036679,0.728957,81.269,101.782,0.44038,0.58011,0.961913,C,0.001,-0.033954
10059.998,0.47203,130.561,1.7211,20,0.7849,15.699,2.04208,7.08939,3922.813,6137.185,6751.662,0.101424,0.708916,80.938,100.13,0.38994,0.67114,0.916214,C,0.0,0.004829
12182.005,0.55656,148.161,3.6496,24,0.7568,18.162,2.0037,9.90799,4112.557,8069.448,15009.19,0.054779,0.812293,81.132,101.85,0.33759,1.23208,0.966773,C,-0.0,-0.021181
10884.499,0.56869,143.48,2.2709,27,0.8337,22.509,2.01338,10.93611,3215.811,7668.688,7302.759,0.042998,0.789142,80.77,101.432,0.29545,0.67093,0.977662,C,0.0,-0.051491
9123.033,0.40383,139.794,2.0484,19,0.6857,13.029,2.02125,6.16095,4120.122,5002.911,8439.456,0.100778,0.653404,81.366,100.323,0.45162,0.92507,0.887296,C,0.0,0.014702
9749.448,0.6192,172.66,2.1598,20,0.8369,16.737,1.95824,7.68834,2216.741,7532.707,4787.698,0.183301,0.747473,83.819,102.692,0.22737,0.49107,0.932691,C,0.0,0.03226
10890.356,0.30472,130.939,1.4723,16,0.7485,11.976,2.04119,5.08892,5548.577,5341.779,8169.071,0.103439,0.513801,80.983,98.865,0.50949,0.75012,0.827052,C,0.0,-0.041368
13000.0,0.42792,171.98,3.3042,24,0.7211,17.306,1.9594,8.93617,5501.379,7498.621,18177.408,0.048299,0.706438,82.011,102.388,0.42318,1.39826,0.952236,C,0.0,-0.061926
9570.443,0.34149,138.907,3.1118,27,0.7583,20.474,2.02318,10.91884,4721.521,4848.921,14692.477,0.014959,0.659451,80.193,100.31,0.49334,1.53519,0.978389,C,0.001,-0.044455
10079.117,0.56844,139.445,1.414,19,0.7909,15.026,2.02201,6.1973,3105.941,6973.176,4391.88,0.211318,0.727511,82.809,100.791,0.30816,0.43574,0.885443,C,0.0,-0.030218
11600.338,0.50436,142.683,3.2917,24,0.749,17.975,2.01506,9.65967,4063.803,7536.535,13376.648,0.051327,0.748647,80.845,101.119,0.35032,1.15313,0.964349,C,0.0,-0.040661
8571.509,0.64187,158.763,1.4047,27,0.6505,17.564,1.98304,7.02409,2532.835,6038.674,3557.771,0.177907,0.836471,83.203,102.581,0.29549,0.41507,0.918098,C,0.0,0.009726
9424.72,0.65851,184.094,1.1318,22,0.6564,14.442,1.93949,5.07906,2547.472,6877.248,2883.321,0.404692,0.752523,87.16,103.262,0.2703,0.30593,0.833886,C,0.0,0.043532
11896.18,0.64306,170.378,3.4642,16,0.6793,10.869,1.96215,5.68515,3524.145,8372.035,12208.466,0.313669,0.78171,85.453,102.806,0.29624,1.02625,0.8555,C,0.0,0.038993
10764.833,0.58591,182.612,1.4305,21,0.6956,14.607,1.94184,5.70564,3454.413,7310.42,4941.697,0.253538,0.742972,85.112,103.131,0.3209,0.45906,0.86114,C,0.0,-0.039028
10134.935,0.69189,200.024,2.0011,25,0.7719,19.297,1.9155,8.36302,2320.905,7814.03,4644.259,0.162461,0.849137,84.508,104.598,0.229,0.45824,0.946229,C,0.0,0.021638
11617.343,0.42672,152.763,3.0991,27,0.8337,22.51,1.99453,11.74962,4815.689,6801.654,14924.278,0.017668,0.716332,80.839,101.469,0.41453,1.28465,0.982837,C,0.0,0.026599
7000.0,0.53633,153.904,3.708,24,0.8347,20.032,1.99231,10.8749,2165.474,4834.526,8029.551,0.035075,0.76085,81.117,101.824,0.30935,1.14708,0.979769,C,0.0,0.006892
11510.303,0.32917,160.811,1.8774,19,0.7194,13.669,1.97923,6.08871,5983.982,5526.321,11234.238,0.07857,0.600519,81.975,101.13,0.51988,0.97602,0.875908,C,0.0,0.024212
8548.959,0.62991,125.113,1.0599,18,0.7794,14.03,2.05517,5.20029,2890.952,5658.007,3064.229,0.288644,0.804281,83.139,100.412,0.33816,0.35843,0.845043,C,0.0,-0.008713
7806.933,0.38174,187.306,1.0429,21,0.8406,17.654,1.93446,5.94646,3717.562,4089.371,3876.999,0.093445,0.64383,83.165,102.689,0.47619,0.49661,0.883436,C,0.0,-0.028709
10262.667,0.59384,154.297,2.0551,19,0.6572,12.487,1.99155,5.78655,2724.738,7537.929,5599.616,0.297468,0.700969,84.597,101.45,0.2655,0.54563,0.867005,C,0.0,0.005255
10946.183,0.60636,165.149,3.237,22,0.8895,19.568,1.97134,10.14666,3496.746,7449.437,11318.993,0.055997,0.864701,81.849,103.095,0.31945,1.03406,0.970499,C,0.0,-0.015385
9489.559,0.52417,160.632,2.2863,19,0.7178,13.638,1.97956,6.47895,3801.565,5687.994,8691.688,0.133424,0.785326,82.692,102.34,0.4006,0.91592,0.898029,C,0.0,-0.007444
8774.833,0.54043,170.123,2.2774,21,0.8126,17.065,1.96259,7.99549,3071.095,5703.739,6994.091,0.090591,0.782646,82.499,102.8,0.34999,0.79706,0.941333,C,-0.001,-0.039082
10578.685,0.68123,131.091,2.6709,24,0.7775,18.659,2.04084,9.68469,2909.53,7669.155,7770.983,0.084972,0.907445,80.747,101.473,0.27504,0.73459,0.965694,C,0.0,-0.04736
9986.699,0.49585,200.916,2.7273,21,0.8608,18.076,1.91422,8.58808,3431.87,6554.829,9359.83,0.071392,0.718078,83.335,103.771,0.34364,0.93723,0.950522,C,0.0,0.018137
12140.701,0.42528,156.693,2.6483,26,0.7718,20.067,1.98695,10.00172,5621.164,6519.537,14886.796,0.029501,0.766525,81.159,102.01,0.463,1.22619,0.967883,C,-0.0,-0.020737
11918.008,0.52949,155.622,1.1493,23,0.8776,20.186,1.98899,7.42217,4450.669,7467.339,5114.995,0.111619,0.778541,82.199,102.033,0.37344,0.42918,0.921276,C,0.0,0.05726
10481.979,0.6184,184.642,2.0383,24,0.7668,18.404,1.93863,8.17314,2706.302,7775.678,5516.163,0.139069,0.785233,83.673,103.502,0.25819,0.52625,0.941938,C,-0.001,-0.025862
12297.021,0.57976,173.305,2.4928,21,0.8454,17.754,1.95714,8.50816,3919.669,8377.352,9770.756,0.098962,0.804713,82.73,103.1,0.31875,0.79456,0.945591,C,0.0,0.058551
10190.091,0.30354,186.143,2.0178,19,0.7059,13.412,1.93627,5.9257,5538.446,4651.645,11175.564,0.07059,0.580891,82.822,102.222,0.54351,1.09671,0.873601,C,0.0,0.042603
8558.361,0.53358,169.238,2.1345,26,0.7577,19.701,1.96413,9.05613,2771.405,5786.956,5915.513,0.066241,0.757384,82.144,102.59,0.32382,0.6912,0.959799,C,0.0,0.041741
11108.649,0.37346,212.365,1.9243,23,0.6545,15.054,1.89837,6.34966,5272.284,5836.365,10145.711,0.088094,0.631241,83.921,103.667,0.47461,0.91332,0.888046,C,0.0,0.02659
10926.54,0.48582,166.785,3.1901,17,0.8103,13.776,1.96843,7.10286,4109.822,6816.718,13110.854,0.110506,0.712097,82.633,102.169,0.37613,1.19991,0.914444,C,0.0,0.007235
9870.205,0.68419,147.136,2.1188,17,0.6902,11.733,2.00579,5.54829,2254.465,7615.741,4776.848,0.427967,0.760044,86.013,101.447,0.22841,0.48397,0.857128,C,-0.001,-0.039316
8807.147,0.65515,164.6,4.1288,26,0.8587,22.325,1.97233,12.20688,2657.554,6149.592,10972.443,0.0292,0.925658,81.474,103.469,0.30175,1.24586,0.986551,C,0.001,-0.017251
10432.978,0.41754,143.85,2.3997,20,0.8909,17.818,2.0126,8.79639,4132.931,6300.047,9917.677,0.049134,0.659226,80.868,100.596,0.39614,0.95061,0.953385,C,0.0,-0.036581
7001.915,0.41886,162.443,2.7132,27,0.6917,18.677,1.97623,9.29621,2668.446,4333.469,7240.028,0.038641,0.652997,81.513,101.56,0.3811,1.03401,0.964843,C,0.0,-0.031562
11485.919,0.48499,167.826,3.9118,24,0.8713,20.911,1.9666,11.26289,3987.633,7498.286,15598.691,0.028322,0.727846,81.589,102.325,0.34718,1.35807,0.979726,C,0.0,0.020642
10600.966,0.4632,183.759,3.671,25,0.8611,21.526,1.94002,11.2115,4082.386,6518.58,14986.412,0.024198,0.738131,82.126,103.151,0.3851,1.41368,0.979882,C,0.0,0.015901
7557.948,0.51023,181.409,3.3683,19,0.6713,12.755,1.94377,6.53683,2321.692,5236.256,7820.136,0.156207,0.667193,83.784,102.575,0.30719,1.03469,0.905954,C,0.0,0.033916
9977.867,0.57672,177.476,3.0306,20,0.6615,13.229,1.95017,6.64375,3202.53,6775.337,9705.703,0.175529,0.766352,83.896,103.046,0.32096,0.97272,0.902312,C,0.0,0.005507
9190.931,0.69161,194.555,1.3087,26,0.682,17.731,1.92348,6.5747,2330.922,6860.009,3050.488,0.26647,0.836068,85.698,104.278,0.25361,0.3319,0.902287,C,0.0,-0.015001
11866.658,0.43323,180.172,2.4321,25,0.7055,17.636,1.94577,8.3192,4468.042,7398.617,10866.909,0.066077,0.654951,82.549,102.437,0.37652,0.91575,0.942572,C,-0.001,0.025831
7094.017,0.30336,144.777,2.3013,17,0.711,12.087,2.01066,5.88523,3749.832,3344.185,8629.328,0.06678,0.568628,81.142,100.051,0.52859,1.21642,0.883637,C,0.0,0.029988
8864.87,0.4386,165.174,2.9589,18,0.8823,15.881,1.9713,8.05599,3303.483,5561.387,9774.798,0.067794,0.658866,82.006,101.737,0.37265,1.10264,0.942401,C,0.0,-0.033152
10934.568,0.47727,162.045,1.5721,27,0.7972,21.523,1.97696,8.96628,4925.206,6009.362,7743.146,0.047233,0.829721,81.611,102.706,0.45043,0.70813,0.955423,C,0.0,0.015166
11637.35,0.50321,218.282,1.3894,16,0.6827,10.923,1.89056,4.04517,4097.968,7539.383,5693.895,0.363896,0.578926,87.744,103.555,0.35214,0.48928,0.745348,C,-0.001,0.051888
7000.0,0.35626,185.634,2.3378,24,0.8447,20.273,1.93707,9.3883,3199.194,3800.806,7479.044,0.026534,0.633786,82.223,102.548,0.45703,1.06843,0.96596,C,0.0,0.034955
9605.117,0.31774,181.802,1.9682,18,0.7584,13.651,1.94314,6.01324,5638.933,3966.184,11098.414,0.065189,0.676813,82.597,102.657,0.58708,1.15547,0.879554,C,0.0,-0.031419
10738.464,0.49156,153.965,3.1783,17,0.8356,14.205,1.99219,7.44716,3925.347,6813.117,12475.94,0.10143,0.716332,81.995,101.534,0.36554,1.1618,0.924573,C,0.0,-0.002309
9573.354,0.59709,175.885,1.8137,24,0.6683,16.039,1.95281,6.91918,2976.119,6597.236,5397.841,0.168314,0.790513,83.742,103.13,0.31088,0.56384,0.912367,C,-0.001,0.030624
12235.283,0.60792,208.252,1.4743,21,0.712,14.952,1.90395,5.737,3615.915,8619.368,5331.055,0.294707,0.739318,86.519,104.214,0.29553,0.43571,0.856733,C,0.0,-0.016132
8074.488,0.31061,176.309,3.2104,16,0.855,13.681,1.9521,6.97759,4318.151,3756.337,13863.086,0.047597,0.612969,82.164,101.979,0.53479,1.7169,0.918051,C,0.0,-0.03245
10976.457,0.53996,159.569,2.8467,16,0.6888,11.02,1.98153,5.57716,3899.813,7076.643,11101.478,0.222112,0.715117,83.819,101.822,0.35529,1.01139,0.853852,C,0.001,0.024744
8428.257,0.4982,186.081,2.4583,27,0.7175,19.373,1.93637,9.10017,3635.822,4792.435,8937.925,0.045531,0.841614,82.489,103.94,0.43138,1.06047,0.960575,C,-0.0,0.034636
11944.325,0.43754,157.801,1.2756,23,0.8258,18.992,1.98485,7.2985,4606.964,7337.36,5876.723,0.093323,0.653662,82.047,101.324,0.3857,0.49201,0.917733,C,0.001,0.030847
10494.944,0.54709,179.233,4.0616,23,0.674,15.501,1.94729,8.28964,4044.463,6450.482,16426.828,0.079164,0.840479,82.688,103.618,0.38537,1.56521,0.944236,C,-0.001,0.008383
9952.73,0.36616,171.07,2.6856,24,0.6835,16.403,1.96095,8.04909,4920.606,5032.125,13214.81,0.044207,0.680981,81.923,102.175,0.4944,1.32776,0.940311,C,-0.001,-0.015127
7346.169,0.67702,160.473,2.125,19,0.8038,15.273,1.97986,7.09364,1903.123,5443.045,4044.131,0.200867,0.843501,83.576,102.716,0.25906,0.55051,0.923138,C,0.001,0.014828
12380.36,0.51852,204.648,1.8712,27,0.7878,21.272,1.90894,8.96326,3974.763,8405.597,7437.719,0.07511,0.728195,83.505,103.993,0.32105,0.60077,0.953494,C,0.0,0.006111
11050.797,0.33322,134.676,2.8776,19,0.7042,13.379,2.03259,7.04264,5473.339,5577.458,15750.339,0.058999,0.602318,80.576,99.68,0.49529,1.42527,0.912305,C,0.0,0.021701
11717.959,0.32872,192.22,3.5431,26,0.7541,19.606,1.92697,10.02986,6365.221,5352.737,22552.722,0.019016,0.697001,82.352,103.258,0.5432,1.92463,0.968576,C,0.001,0.023398
11750.907,0.4178,174.773,2.6145,27,0.8407,22.699,1.95467,11.0044,4994.045,6756.862,13057.179,0.021985,0.710349,81.769,102.548,0.42499,1.11116,0.977637,C,0.0,0.0047
11095.914,0.39038,179.464,2.0657,22,0.7561,16.635,1.94692,7.46786,4987.53,6108.384,10302.913,0.065717,0.655475,82.519,102.407,0.44949,0.92853,0.924332,C,0.0,-0.035604
9659.154,0.54372,164.739,1.012,16,0.8419,13.471,1.97208,4.60131,3412.491,6246.663,3453.481,0.304343,0.674487,85.111,101.818,0.35329,0.35753,0.802247,C,0.0,0.014478
8755.86,0.53176,192.784,2.2984,23,0.8752,20.131,1.92612,9.19511,2771.49,5984.37,6370.095,0.064729,0.748051,82.975,103.62,0.31653,0.72752,0.96147,C,0.0,0.006375
8861.111,0.51873,176.972,1.7878,16,0.7637,12.219,1.951,5.23729,3377.055,5484.056,6037.357,0.210235,0.708691,84.335,102.642,0.38111,0.68133,0.845539,C,0.0,0.04782
11967.302,0.61412,120.0,1.252,26,0.7468,19.416,2.06808,7.84328,4407.649,7559.653,5518.395,0.113435,0.90605,80.562,100.744,0.36831,0.46112,0.93197,C,0.0,-0.045761
8192.622,0.34264,176.74,3.5959,21,0.8196,17.211,1.95139,9.00287,4037.707,4154.915,14519.197,0.028148,0.648263,81.923,102.232,0.49285,1.77223,0.959512,C,0.0,-0.011037
9474.756,0.67003,160.477,3.3377,17,0.7878,13.393,1.97985,7.03889,2432.709,7042.047,8119.559,0.218647,0.825967,83.81,102.6,0.25676,0.85697,0.916215,C,0.0,-0.032196
9578.72,0.47121,171.58,2.2699,25,0.7913,19.782,1.96008,9.24168,3966.241,5612.478,9003.112,0.044244,0.77294,81.943,102.807,0.41407,0.93991,0.961121,C,0.001,-0.002461
10370.121,0.32133,169.605,3.4801,25,0.6527,16.317,1.96349,8.5521,5130.145,5239.975,17853.304,0.032919,0.60369,81.718,101.594,0.4947,1.72161,0.949318,C,0.001,0.03123
10799.595,0.33615,151.917,2.0268,19,0.7541,14.329,1.99619,6.63233,5086.099,5713.496,10308.613,0.071731,0.571524,81.517,100.467,0.47095,0.95454,0.899501,C,-0.0,0.052804
8409.069,0.62435,159.511,3.6518,17,0.7437,12.643,1.98164,6.78779,2128.593,6280.477,7773.159,0.218312,0.761961,83.767,102.128,0.25313,0.92438,0.911489,C,-0.001,0.0263
7872.688,0.41945,161.063,1.4207,16,0.8601,13.761,1.97877,5.5118,3336.308,4536.38,4739.832,0.134614,0.62894,82.725,101.33,0.42378,0.60206,0.863997,C,0.0,-0.025621
9974.09,0.48425,167.207,3.1929,27,0.7133,19.259,1.96768,9.92685,3824.435,6149.654,12211.026,0.039095,0.761089,81.707,102.514,0.38344,1.22427,0.969044,C,0.001,0.002783
11775.098,0.34459,168.44,3.8839,23,0.7944,18.271,1.96552,9.81881,5685.738,6089.361,22082.757,0.024184,0.643756,81.558,101.801,0.48286,1.87538,0.966112,C,-0.001,0.014452
11150.705,0.58798,198.904,1.5033,23,0.7235,16.64,1.91711,6.50344,2996.412,8154.293,4504.526,0.232412,0.718636,85.394,103.689,0.26872,0.40397,0.893782,C,0.0,0.020916
10247.868,0.33798,161.039,2.2724,24,0.7789,18.694,1.97881,8.85985,5353.738,4894.13,12165.884,0.029333,0.675604,81.334,101.637,0.52242,1.18716,0.954659,C,0.0,0.039425
9492.699,0.65679,155.576,2.8175,19,0.708,13.451,1.98908,6.82689,2692.038,6800.661,7584.769,0.209106,0.834004,83.484,102.396,0.28359,0.79901,0.909712,C,0.0,0.010002
10378.037,0.34401,151.979,2.1625,20,0.6866,13.731,1.99607,6.48971,4851.705,5526.332,10491.855,0.076778,0.578625,81.586,100.517,0.4675,1.01097,0.895662,C,0.0,-0.029552
9681.123,0.63274,162.276,2.6713,19,0.7558,14.36,1.97654,7.11884,2502.941,7178.182,6686.029,0.200649,0.783399,83.645,102.412,0.25854,0.69063,0.918014,C,0.0,0.040558
11219.237,0.47186,189.945,3.2222,23,0.6782,15.598,1.93041,7.82961,4252.958,6966.279,13703.679,0.083284,0.70909,83.122,103.238,0.37908,1.22144,0.933092,C,-0.0,-0.012959
8867.69,0.45787,160.541,3.5987,17,0.8488,14.43,1.97973,7.71224,3626.872,5240.818,13052.054,0.072732,0.724399,81.887,101.933,0.409,1.47187,0.935031,C,0.0,0.016248
10712.902,0.33897,179.957,1.6536,26,0.787,20.461,1.94611,8.48987,4838.768,5874.135,8001.487,0.039267,0.58584,82.188,101.971,0.45168,0.7469,0.947676,C,-0.001,0.045239
9767.161,0.44174,152.268,2.1558,18,0.6821,12.277,1.9955,5.79451,4413.388,5353.773,9514.277,0.127742,0.700584,82.271,101.338,0.45186,0.97411,0.869331,C,0.0,0.002987
10688.41,0.66701,148.047,3.2741,26,0.8434,21.93,2.00394,11.67712,2420.256,8268.153,7924.251,0.050478,0.847478,81.07,102.075,0.22644,0.74139,0.982864,C,0.001,0.028904
10806.121,0.32039,171.899,1.1526,20,0.8101,16.201,1.95953,5.83554,4566.278,6239.843,5263.028,0.100727,0.481138,82.7,100.897,0.42256,0.48704,0.867151,C,0.0,4.2e-05
13000.0,0.34185,174.563,1.8854,22,0.8003,17.606,1.95502,7.71235,6329.878,6670.122,11934.083,0.051465,0.617424,82.15,101.925,0.48691,0.91801,0.926696,C,0.0,-0.010577
12691.473,0.68047,180.855,1.5017,16,0.8792,14.068,1.94466,5.61634,2863.066,9828.407,4299.417,0.456575,0.745691,87.729,103.068,0.22559,0.33876,0.848636,C,0.0,0.007629
12084.407,0.62365,163.568,2.2693,27,0.7897,21.323,1.97419,10.06668,3522.363,8562.044,7993.123,0.067067,0.852624,81.933,102.935,0.29148,0.66144,0.968654,C,0.0,0.001903
7305.718,0.66966,153.215,3.6905,18,0.7741,13.934,1.99365,7.56431,1863.129,5442.589,6875.808,0.17095,0.840376,82.882,102.312,0.25502,0.94115,0.934898,C,0.0,0.02404
9224.943,0.6628,156.715,1.589,16,0.6504,10.406,1.98691,4.38496,1925.132,7299.811,3059.116,0.668565,0.661283,89.596,101.317,0.20869,0.33161,0.789498,C,0.0,-0.024573
9480.281,0.69045,129.654,2.5895,19,0.7802,14.824,2.04421,7.64643,2050.157,7430.123,5308.906,0.216303,0.821283,82.41,100.814,0.21625,0.55999,0.932252,C,0.001,-0.028801
10633.443,0.44424,140.892,3.1867,22,0.7334,16.134,2.01888,8.62748,5281.916,5351.526,16831.72,0.044491,0.838782,80.673,101.61,0.49673,1.5829,0.950252,C,0.001,0.039312
7322.12,0.62942,150.963,3.3274,21,0.7503,15.757,1.99808,8.38629,1842.788,5479.332,6131.724,0.122177,0.800012,82.142,101.923,0.25167,0.83742,0.951147,C,-0.0,0.011109
11864.194,0.43398,183.093,3.2588,27,0.6609,17.843,1.94108,9.05568,4740.418,7123.776,15448.163,0.048198,0.690687,82.419,102.808,0.39956,1.30208,0.955625,C,0.0,0.044771
11576.538,0.54582,158.393,3.5557,24,0.8263,19.832,1.98373,10.60284,3641.316,7935.222,12947.499,0.04444,0.775892,81.426,102.162,0.31454,1.11843,0.97439,C,0.0,0.01062
8555.005,0.30388,190.492,1.1197,22,0.8221,18.085,1.92958,6.27936,5057.264,3497.741,5662.664,0.054611,0.664295,82.763,102.966,0.59115,0.66191,0.893764,C,-0.0,-0.019182
8543.064,0.41675,157.403,2.3242,23,0.7483,17.211,1.9856,8.2542,3765.477,4777.587,8751.855,0.050303,0.70556,81.463,101.645,0.44076,1.02444,0.946798,C,0.0,0.032849
8721.667,0.42914,170.907,2.4421,22,0.8565,18.843,1.96124,9.00477,4008.013,4713.654,9788.163,0.038418,0.761373,81.84,102.698,0.45955,1.12228,0.95886,C,-0.0,-0.012554
10465.851,0.43454,175.218,3.9716,20,0.7577,15.155,1.95392,8.10949,4310.49,6155.361,17119.46,0.062609,0.694996,82.322,102.468,0.41186,1.63574,0.940658,C,0.0,0.004152
10902.446,0.35762,159.748,2.2557,20,0.7271,14.543,1.9812,6.88886,5269.503,5632.942,11886.57,0.068178,0.62838,81.795,101.259,0.48333,1.09027,0.907855,C,0.001,0.040469
13000.0,0.30568,146.783,2.8293,24,0.739,17.735,2.00651,9.12543,6970.303,6029.697,19721.311,0.025486,0.629592,80.685,100.567,0.53618,1.51702,0.955297,C,0.0,-0.054136
9795.114,0.39093,172.635,2.8882,27,0.8919,24.082,1.95828,12.02214,4272.516,5522.598,12340.028,0.013254,0.683113,81.573,102.266,0.43619,1.25981,0.985212,C,0.0,0.017501
11658.898,0.308,195.721,3.1957,25,0.7732,19.329,1.92176,9.61708,5568.787,6090.11,17796.178,0.023373,0.568256,82.528,102.561,0.47764,1.5264,0.963753,C,0.001,0.039777
10224.49,0.38029,161.569,1.2625,18,0.7914,14.245,1.97783,5.42104,4956.981,5267.509,6258.088,0.118423,0.626714,82.531,101.342,0.48481,0.61207,0.849027,C,0.0,0.029106
12832.665,0.55507,148.111,1.3738,27,0.7984,21.556,2.0038,8.67096,4033.127,8799.538,5540.689,0.092137,0.767249,81.623,101.55,0.31429,0.43176,0.947831,C,0.0,-0.009592
11201.636,0.52849,150.13,2.9325,26,0.6513,16.933,1.99974,8.75091,4267.882,6933.754,12515.388,0.067193,0.81243,81.381,101.959,0.38101,1.11728,0.951559,C,0.0,-0.008948
12025.693,0.57097,168.741,2.9631,22,0.7249,15.948,1.96499,8.05452,4171.865,7853.828,12361.799,0.104161,0.818939,82.625,102.972,0.34691,1.02795,0.936714,C,0.0,-0.041747
8833.558,0.5676,158.383,1.2848,27,0.666,17.981,1.98375,6.92593,2863.946,5969.611,3679.568,0.149617,0.768131,82.814,102.11,0.32421,0.41654,0.914539,C,0.001,-0.010755
9526.362,0.32232,155.918,3.365,26,0.8785,22.842,1.98843,12.10326,5010.509,4515.853,16860.512,0.008738,0.670259,80.853,101.334,0.52596,1.76988,0.985742,C,-0.0,-0.035944
8854.347,0.51358,164.25,2.6835,23,0.8446,19.426,1.97296,9.61689,3553.608,5300.739,9536.035,0.042668,0.829273,81.638,102.815,0.40134,1.07699,0.966656,C,0.0,0.030453
12370.112,0.45768,187.611,1.5666,16,0.7835,12.536,1.93399,5.04674,5134.176,7235.936,8043.032,0.201919,0.639152,84.607,102.672,0.41505,0.6502,0.81689,C,-0.0,0.00221
11148.646,0.45355,165.563,3.5681,17,0.7426,12.625,1.9706,6.68905,4445.307,6703.339,15861.19,0.113214,0.67924,82.621,101.891,0.39873,1.4227,0.900469,C,0.0,0.021424
9508.308,0.43542,159.907,1.3442,23,0.8203,18.868,1.98091,7.39553,4031.027,5477.281,5418.618,0.076033,0.699916,81.905,101.739,0.42395,0.56988,0.925971,C,0.0,-0.020215
9349.065,0.46093,153.017,2.597,26,0.7551,19.633,1.99403,9.78312,4228.87,5120.195,10982.375,0.03255,0.814735,81.046,102.132,0.45233,1.1747,0.968057,C,0.0,0.012739
10683.923,0.62462,167.076,2.0113,24,0.8852,21.244,1.96792,9.60572,3251.638,7432.286,6540.164,0.072605,0.866125,82.144,103.201,0.30435,0.61215,0.964623,C,-0.001,0.018096
8813.721,0.38143,212.755,4.1154,18,0.6815,12.267,1.89785,6.3232,4216.547,4597.174,17352.625,0.084087,0.654147,83.881,103.834,0.47841,1.96882,0.894533,C,0.0,0.033233
9064.339,0.56803,166.004,1.8025,26,0.694,18.044,1.96982,7.86791,2942.062,6122.277,5303.049,0.108329,0.788938,82.574,102.637,0.32458,0.58505,0.9381,C,0.0,0.008876
10560.215,0.47757,121.218,1.4624,25,0.7354,18.385,2.06494,7.91722,4240.348,6319.867,6200.952,0.075701,0.747199,80.127,99.778,0.40154,0.5872,0.93635,C,0.0,0.044991
13000.0,0.5491,160.104,2.1153,22,0.65,14.301,1.98054,6.63563,4151.167,8848.833,8781.083,0.183745,0.720496,83.335,101.885,0.31932,0.67547,0.893146,C,0.0,-0.004962
9623.799,0.44753,178.086,1.5962,25,0.8309,20.774,1.94917,8.52408,3833.547,5790.252,6119.127,0.056228,0.706597,82.343,102.68,0.39834,0.63583,0.949952,C,0.0,0.011393
9212.827,0.64089,152.445,2.4209,22,0.7147,15.724,1.99516,7.68594,2549.772,6663.055,6172.661,0.153464,0.82741,82.618,102.185,0.27676,0.67001,0.933727,C,-0.0,0.032148
8215.013,0.55913,164.105,1.1019,19,0.676,12.844,1.97322,4.57642,2549.331,5665.683,2809.126,0.343686,0.656069,85.606,101.665,0.31033,0.34195,0.809248,C,-0.001,0.011864
8032.193,0.48612,211.118,3.3184,16,0.735,11.76,1.90005,5.80037,3109.456,4922.738,10318.406,0.155165,0.695171,84.768,104.039,0.38712,1.28463,0.876434,C,-0.001,-0.013777
10600.279,0.30414,182.437,1.4521,16,0.6925,11.08,1.94212,4.35521,5869.169,4731.11,8522.602,0.121775,0.530367,83.366,101.719,0.55368,0.804,0.77831,C,0.0,0.026183
11310.292,0.31393,188.907,4.3136,27,0.7438,20.082,1.932,10.73639,6281.36,5028.932,27095.037,0.01371,0.688928,82.168,103.059,0.55537,2.39561,0.975746,C,0.0,-0.049543
9972.051,0.38459,144.248,3.2816,22,0.7978,17.551,2.01176,9.40306,4967.72,5004.331,16302.284,0.028706,0.737878,80.616,101.138,0.49816,1.6348,0.962817,C,0.0,-0.038026
10943.473,0.59126,165.754,2.4799,22,0.7589,16.696,1.97026,8.06893,3189.809,7753.664,7910.369,0.12382,0.783564,82.768,102.589,0.29148,0.72284,0.938959,C,0.0,-0.016283
9925.692,0.41147,168.595,2.917,18,0.8108,14.595,1.96525,7.343,3848.078,6077.614,11224.796,0.081046,0.620684,82.314,101.656,0.38769,1.13088,0.923639,C,0.0,-0.02461
10236.548,0.5938,167.692,3.8183,25,0.6579,16.448,1.96683,8.81694,3416.112,6820.435,13043.626,0.081871,0.850205,82.29,103.126,0.33372,1.27422,0.953988,C,0.001,0.013758
8021.268,0.43018,209.021,2.533,22,0.7287,16.031,1.9029,7.39458,3374.117,4647.152,8546.752,0.072303,0.690022,83.608,103.92,0.42065,1.06551,0.929299,C,-0.001,-0.006831
9372.328,0.54572,198.367,2.913,18,0.84,15.119,1.91789,7.32977,3213.337,6158.99,9360.337,0.120076,0.767788,83.893,103.991,0.34285,0.99872,0.924561,C,0.001,0.023568
10236.312,0.36397,163.848,1.7085,27,0.6739,18.194,1.97368,7.80305,4938.086,5298.226,8436.742,0.049503,0.657064,81.712,101.658,0.48241,0.8242,0.934388,C,0.0,-0.013161
8888.719,0.36116,172.137,2.9789,24,0.6998,16.794,1.95913,8.45563,4438.72,4449.998,13222.368,0.036247,0.68525,81.858,102.256,0.49937,1.48754,0.949882,C,0.001,-0.001659
9195.248,0.69,143.487,1.2471,17,0.6815,11.585,2.01336,4.49943,2121.568,7073.68,2645.851,0.604247,0.715718,88.179,100.948,0.23072,0.28774,0.79795,C,0.0,0.009918
8834.235,0.56856,189.186,2.1792,26,0.7051,18.332,1.93157,8.2722,2605.788,6228.447,5678.455,0.102835,0.763398,83.354,103.563,0.29496,0.64278,0.946649,C,0.0,0.04246
9580.527,0.36356,134.106,1.5689,23,0.8951,20.586,2.03389,8.92594,4365.04,5215.487,6848.186,0.03465,0.638834,80.228,99.886,0.45562,0.7148,0.956576,C,0.0,0.017338
11954.625,0.42095,189.526,2.1145,23,0.793,18.239,1.93105,8.14874,5008.007,6946.618,10589.343,0.061407,0.680157,82.819,103.028,0.41892,0.88579,0.93889,C,0.0,-0.018151
9495.173,0.34687,145.647,2.2523,22,0.8524,18.752,2.00885,9.05863,4775.192,4719.98,10755.15,0.028518,0.668949,80.675,100.762,0.50291,1.1327,0.958654,C,0.001,-0.014168
9654.957,0.38124,207.082,3.9702,19,0.6948,13.201,1.90556,6.79913,4853.904,4801.052,19271.092,0.069478,0.69643,83.509,103.883,0.50274,1.99598,0.90838,C,0.001,0.01962
11155.618,0.6094,193.981,3.1042,22,0.7464,16.42,1.92433,8.12952,3419.607,7736.011,10615.205,0.119539,0.825938,83.739,104.186,0.30654,0.95156,0.93987,C,0.0,-0.008245
11687.784,0.40949,163.247,3.4758,21,0.7757,16.289,1.97477,8.6075,5300.656,6387.128,18424.197,0.046637,0.71062,81.651,101.981,0.45352,1.57636,0.948348,C,0.0,0.003077
12757.511,0.65538,165.919,2.1353,16,0.6728,10.765,1.96997,4.97086,3270.17,9487.341,6982.878,0.485981,0.713767,87.555,102.137,0.25633,0.54735,0.809922,C,0.0,0.026149
7000.0,0.30205,145.101,1.5859,21,0.7229,15.181,2.00999,6.49987,3549.678,3450.322,5629.574,0.055721,0.555462,81.01,99.983,0.5071,0.80422,0.90645,C,0.0,0.035633
11546.593,0.554,153.625,3.7823,17,0.6722,11.427,1.99285,6.23202,3291.593,8254.999,12449.88,0.229598,0.683353,83.673,101.298,0.28507,1.07823,0.881856,C,0.001,-0.008979
9469.643,0.39961,152.324,4.1626,23,0.6648,15.29,1.99539,8.51711,4010.881,5458.762,16695.742,0.047113,0.658612,81.209,101.064,0.42355,1.76308,0.950065,C,0.0,-0.006756
10341.798,0.65535,153.203,2.9228,22,0.7265,15.984,1.99367,8.21717,2639.194,7702.603,7713.764,0.146215,0.829798,82.555,102.241,0.2552,0.74588,0.943063,C,0.001,0.003004
11548.276,0.43887,180.587,2.6888,27,0.6761,18.256,1.94509,8.85318,4464.608,7083.668,12004.323,0.053589,0.681704,82.4,102.633,0.3866,1.03949,0.952793,C,0.0,-0.0268
11374.866,0.42463,158.003,3.9806,21,0.8769,18.414,1.98447,10.08621,4999.37,6375.496,19900.673,0.029476,0.734496,81.213,101.868,0.43951,1.74953,0.969492,C,0.0,-0.028391
11562.353,0.44816,175.938,2.9138,16,0.6754,10.806,1.95272,5.38407,4600.78,6961.573,13405.859,0.179121,0.625963,83.886,102.047,0.39791,1.15944,0.840963,C,0.0,0.000686
10359.343,0.33818,163.983,3.2689,25,0.8852,22.129,1.97344,11.51907,5285.291,5074.052,17277.094,0.011889,0.678056,81.221,101.804,0.5102,1.66778,0.982064,C,0.0,-0.005612
12370.919,0.66268,164.173,1.1387,20,0.8718,17.435,1.9731,6.30862,2800.929,9569.99,3189.351,0.344599,0.755772,85.621,102.326,0.22641,0.25781,0.882263,C,0.0,0.032788
9995.521,0.66957,177.212,2.3501,26,0.8191,21.297,1.95061,9.98206,2419.491,7576.03,5686.127,0.084046,0.856569,82.678,103.629,0.24206,0.56887,0.969617,C,0.0,-0.039986
9860.963,0.58315,169.107,3.3407,26,0.7533,19.586,1.96435,10.17713,3631.423,6229.54,12131.65,0.044756,0.897004,81.855,103.505,0.36826,1.23027,0.971736,C,0.0,-0.029692
11728.07,0.50788,147.633,3.1681,17,0.7379,12.544,2.00478,6.63177,3886.774,7841.297,12313.864,0.158234,0.68119,82.475,100.955,0.33141,1.04995,0.896747,C,-0.001,0.019291
9344.5,0.46078,189.993,4.3362,16,0.7303,11.685,1.93034,6.24499,4364.134,4980.365,18923.577,0.10871,0.769288,83.46,103.637,0.46703,2.0251,0.889816,C,0.001,-0.001327
13000.0,0.49808,144.733,2.3381,21,0.8728,18.33,2.01075,8.96784,4334.861,8665.139,10135.243,0.070559,0.711954,81.19,100.994,0.33345,0.77963,0.952763,C,0.0,-0.003829
11618.467,0.69225,180.787,2.8885,23,0.8108,18.649,1.94477,9.21426,2648.467,8970.0,7650.209,0.126594,0.85927,83.371,103.814,0.22795,0.65845,0.958314,C,0.0,-0.048151
13000.0,0.50492,177.353,1.8203,27,0.8244,22.259,1.95037,9.59719,4384.147,8615.853,7980.505,0.056742,0.732968,82.323,102.82,0.33724,0.61389,0.962101,C,0.0,0.050189
10539.123,0.5911,160.91,2.4679,27,0.7388,19.948,1.97905,9.69027,3224.191,7314.931,7957.132,0.066079,0.822518,81.814,102.6,0.30593,0.75501,0.965801,C,0.001,-0.038128
9291.254,0.4673,161.095,1.9625,24,0.7206,17.295,1.97871,7.81874,3951.352,5339.902,7754.63,0.069682,0.761531,81.869,102.207,0.42528,0.83462,0.936585,C,0.0,-0.036026
10394.725,0.64288,174.202,1.6262,23,0.8749,20.123,1.95563,8.35727,3038.132,7356.593,4940.567,0.119432,0.859058,83.034,103.502,0.29228,0.4753,0.945702,C,0.0,-0.029442
11016.549,0.50536,206.252,1.6236,22,0.7091,15.6,1.90671,6.23043,3719.495,7297.055,6038.917,0.174248,0.674141,84.865,103.702,0.33763,0.54817,0.883587,C,-0.001,-0.035317
9242.247,0.48158,173.828,2.1497,24,0.715,17.161,1.95626,7.85937,3264.902,5977.346,7018.654,0.085102,0.698139,82.567,102.422,0.35326,0.75941,0.937574,C,-0.001,0.013261
10531.295,0.40328,148.222,2.6188,22,0.8237,18.122,2.00358,9.11335,4629.393,5901.902,12123.304,0.038386,0.689498,80.918,101.043,0.43958,1.15117,0.958158,C,0.0,0.007143
9990.264,0.43569,191.455,2.7955,23,0.8577,19.728,1.92812,9.53979,3892.679,6097.584,10881.853,0.039655,0.68852,82.599,103.169,0.38965,1.08925,0.964535,C,0.001,-0.014599
13000.0,0.36979,197.228,1.1489,17,0.8653,14.709,1.91954,5.12823,6520.871,6479.129,7491.76,0.133511,0.607598,84.033,102.885,0.50161,0.57629,0.8189,C,0.0,-0.04383
8872.529,0.49359,163.829,2.3126,26,0.7229,18.796,1.97372,8.92186,3713.931,5158.597,8588.904,0.050175,0.812825,81.721,102.685,0.41859,0.96803,0.957449,C,0.001,0.008495
11629.244,0.6861,190.077,1.5441,26,0.6936,18.033,1.93021,7.19757,2037.668,9591.575,3146.337,0.330731,0.761591,86.393,103.59,0.17522,0.27055,0.915536,C,0.001,0.047137
9186.745,0.6183,203.036,2.009,18,0.7033,12.659,1.91121,5.47456,2502.45,6684.296,5027.38,0.325924,0.727753,86.764,103.923,0.2724,0.54724,0.85641,C,-0.001,0.039453
8480.093,0.56952,120.615,2.9209,23,0.7635,17.561,2.06649,9.49556,2484.316,5995.777,7256.534,0.066847,0.777805,79.979,99.939,0.29296,0.85571,0.965614,C,0.0,-0.031836
8815.818,0.57174,184.962,2.177,18,0.7495,13.491,1.93812,6.11752,2892.953,5922.865,6297.994,0.197484,0.754548,84.456,103.314,0.32815,0.7144,0.886653,C,0.0,-0.042087
8724.605,0.47574,163.816,2.1539,17,0.8192,13.927,1.97374,6.46673,3386.035,5338.57,7293.051,0.122608,0.699717,82.676,101.938,0.3881,0.83592,0.899978,C,0.0,0.000419
10748.577,0.39798,155.411,3.3005,21,0.6618,13.897,1.9894,7.33604,5199.791,5548.786,17161.763,0.064531,0.710453,81.569,101.572,0.48377,1.59665,0.921559,C,-0.0,0.019301
11495.119,0.36494,159.737,2.4175,25,0.7049,17.623,1.98122,8.52362,5545.514,5949.605,13406.377,0.040016,0.667797,81.423,101.518,0.48242,1.16627,0.947102,C,0.0,-0.008931
10248.49,0.62365,160.131,3.5433,18,0.7642,13.755,1.98049,7.33066,3433.707,6814.783,12166.696,0.144138,0.865252,82.813,102.842,0.33505,1.18717,0.922564,C,0.0,0.038509
10844.818,0.63685,142.008,1.0389,25,0.7351,18.376,2.01649,6.56711,3031.168,7813.65,3149.042,0.234584,0.792901,83.233,101.372,0.2795,0.29037,0.897044,C,0.0,0.007931
12772.334,0.54747,152.934,3.9443,23,0.8743,20.108,1.9942,11.07247,4369.99,8402.343,17236.437,0.035958,0.813504,81.088,102.119,0.34215,1.34951,0.977528,C,0.001,-0.006045
10373.014,0.46071,138.119,1.0777,24,0.7953,19.087,2.02491,6.985,3529.48,6843.534,3803.653,0.118772,0.637063,81.527,100.116,0.34026,0.36669,0.912281,C,0.0,-0.014419
10435.533,0.36712,162.077,2.9292,20,0.7603,15.207,1.9769,7.7261,4849.391,5586.142,14204.664,0.053565,0.639321,81.696,101.451,0.4647,1.36118,0.932197,C,0.0,-0.002644
9622.202,0.30834,176.415,2.9282,23,0.8876,20.414,1.95193,10.17764,5181.306,4440.896,15171.707,0.016065,0.649342,81.752,102.224,0.53847,1.57674,0.971945,C,0.0,0.011793
7623.838,0.32117,157.79,3.7921,18,0.6926,12.467,1.98487,6.76353,3518.341,4105.497,13342.077,0.060587,0.544489,81.615,100.603,0.46149,1.75005,0.912943,C,0.0,-0.015632
11172.117,0.5539,166.689,4.0272,26,0.8111,21.087,1.9686,11.44185,3092.352,8079.765,12453.47,0.037765,0.751433,81.669,102.424,0.27679,1.11469,0.981128,C,0.0,0.05088
7651.576,0.45397,202.038,3.7759,27,0.8849,23.892,1.91262,12.24909,2890.414,4761.162,10913.789,0.015353,0.720241,82.632,103.832,0.37775,1.42635,0.987225,C,-0.0,0.025351
11663.319,0.43916,148.595,1.8794,16,0.6668,10.668,2.00282,4.83641,5187.976,6475.344,9750.5,0.190742,0.638191,82.946,100.725,0.44481,0.836,0.806804,C,-0.001,-0.008009
10108.353,0.58325,192.817,1.8209,21,0.8534,17.922,1.92607,7.58304,2991.251,7117.102,5446.86,0.139137,0.769901,83.958,103.765,0.29592,0.53885,0.929407,C,0.0,0.03925
12405.492,0.64522,193.307,2.4247,24,0.6539,15.695,1.92534,7.27942,3500.372,8905.12,8487.269,0.191855,0.82342,84.671,104.14,0.28216,0.68415,0.916099,C,0.0,0.053768
9862.493,0.54133,180.949,2.4204,22,0.7601,16.722,1.94451,7.86929,3483.404,6379.089,8431.114,0.097162,0.783882,82.988,103.324,0.3532,0.85487,0.936606,C,0.0,-0.044207
8859.486,0.60073,191.637,1.2029,21,0.8405,17.651,1.92784,6.32688,2567.07,6292.416,3088.01,0.218688,0.756588,84.968,103.626,0.28975,0.34855,0.894519,C,0.0,0.005184
11078.29,0.55601,138.229,2.4284,27,0.7877,21.268,2.02467,10.62657,3665.656,7412.634,8901.82,0.042069,0.81016,80.519,101.265,0.33089,0.80354,0.974965,C,0.0,0.009979
9273.458,0.49769,200.755,3.5377,16,0.7276,11.642,1.91445,5.89438,3858.212,5415.247,13649.283,0.14869,0.746347,84.35,103.95,0.41605,1.47187,0.875702,C,-0.001,-0.023583
10340.764,0.46962,151.796,3.3476,16,0.8467,13.547,1.99643,7.21144,4386.92,5953.845,14685.692,0.089619,0.749618,81.748,101.636,0.42424,1.42017,0.919043,C,-0.001,-0.031175
10147.178,0.379,197.593,2.1686,22,0.8099,17.818,1.91901,7.94863,5427.559,4719.618,11769.987,0.044064,0.764186,82.864,103.934,0.53488,1.15993,0.937813,C,0.001,-0.045499
9888.356,0.68216,190.236,2.9257,22,0.7315,16.092,1.92997,7.88551,2083.908,7804.447,6096.871,0.204199,0.809785,84.729,103.915,0.21074,0.61657,0.936916,C,0.001,-0.015115
9809.254,0.62265,154.67,3.6822,22,0.8468,18.629,1.99082,10.0874,2618.172,7191.082,9640.598,0.067932,0.824612,81.583,102.286,0.26691,0.98281,0.97088,C,0.0,0.021833
8829.545,0.51529,187.01,4.2889,23,0.8569,19.708,1.93492,10.54893,3640.905,5188.64,15615.613,0.030046,0.855789,82.318,104.075,0.41235,1.76856,0.975956,C,0.0,0.000574
9636.173,0.59598,183.219,1.854,20,0.7813,15.626,1.94088,6.7316,3020.507,6615.666,5600.167,0.178265,0.786694,84.14,103.447,0.31346,0.58116,0.906242,C,0.0,0.010956
7000.0,0.42762,178.917,1.7841,18,0.8742,15.735,1.94781,6.72257,2596.414,4403.586,4632.224,0.099763,0.620923,82.948,102.154,0.37092,0.66175,0.913465,C,0.0,0.02612
9869.382,0.53412,173.539,1.5168,20,0.7592,15.183,1.95675,6.14257,3761.84,6107.543,5705.775,0.162604,0.762944,83.579,102.836,0.38116,0.57813,0.883961,C,-0.001,0.030796
8195.119,0.58023,184.569,2.8534,16,0.8374,13.399,1.93874,6.56851,2822.908,5372.212,8055.019,0.1599,0.801095,83.946,103.604,0.34446,0.9829,0.905073,C,-0.001,0.018736
12255.493,0.36506,142.601,1.589,18,0.704,12.672,2.01523,5.44972,5385.078,6870.415,8556.767,0.131693,0.547972,81.902,99.79,0.4394,0.6982,0.841488,C,0.0,0.018149
11882.242,0.59184,138.158,3.0083,19,0.802,15.239,2.02482,8.06853,2721.415,9160.827,8186.812,0.162078,0.71951,82.1,100.662,0.22903,0.689,0.937279,C,0.0,-0.00203
7000.0,0.35327,195.52,1.5247,24,0.8552,20.524,1.92205,8.09855,3506.949,3493.051,5347.086,0.037697,0.670097,82.711,103.224,0.50099,0.76387,0.946539,C,0.0,0.005548
10703.522,0.43515,151.732,2.8323,16,0.7988,12.781,1.99656,6.53108,4850.531,5852.991,13738.301,0.099702,0.713146,81.878,101.392,0.45317,1.28353,0.896169,C,0.0,-0.007163
9857.91,0.50808,149.083,3.4417,21,0.7818,16.418,2.00184,8.82952,3492.531,6365.379,12020.108,0.064954,0.751214,81.306,101.498,0.35429,1.21934,0.954707,C,0.0,-0.008766
8359.305,0.45588,172.722,1.0243,22,0.833,18.325,1.95813,6.23103,3417.611,4941.695,3500.703,0.119741,0.688352,82.982,102.304,0.40884,0.41878,0.892615,C,-0.001,-0.013832
10738.483,0.38769,164.083,3.0082,16,0.6759,10.814,1.97326,5.51662,4837.392,5901.092,14551.983,0.127581,0.600908,82.752,101.3,0.45047,1.35512,0.851757,C,-0.001,0.029774
9304.025,0.5266,155.764,1.0697,18,0.7421,13.359,1.98872,4.74659,2884.288,6419.737,3085.289,0.315827,0.621291,84.9,101.002,0.31,0.33161,0.814074,C,0.0,0.038718
7606.958,0.30463,171.702,2.8005,21,0.7488,15.725,1.95987,7.79691,4074.695,3532.263,11410.992,0.034466,0.616292,81.818,101.779,0.53565,1.50007,0.939397,C,-0.0,-0.036251
9638.958,0.37202,196.793,1.8158,23,0.7848,18.049,1.92018,7.59381,4552.025,5086.933,8265.66,0.054623,0.656038,82.977,103.186,0.47225,0.85753,0.930659,C,0.0,0.018542
9751.239,0.31629,171.987,1.9996,16,0.7967,12.747,1.95938,5.71572,4716.597,5034.642,9431.079,0.087791,0.530348,82.533,101.226,0.48369,0.96717,0.865742,C,0.0,0.032301
10312.139,0.32881,172.852,1.0576,23,0.8168,18.787,1.95791,6.48803,5359.666,4952.473,5668.554,0.065919,0.613325,82.277,101.815,0.51974,0.5497,0.895805,C,0.0,-0.044901
8023.189,0.50359,217.835,1.5412,19,0.7573,14.388,1.89114,5.56027,3132.321,4890.868,4827.588,0.173312,0.715114,85.215,104.436,0.39041,0.6017,0.86564,C,0.0,0.000752
11014.339,0.49286,181.467,3.5423,19,0.7921,15.049,1.94368,7.79965,4116.732,6897.607,14582.865,0.088629,0.734116,82.894,103.02,0.37376,1.32399,0.932788,C,0.0,0.021619
11153.11,0.56153,173.127,0.9778,26,0.8356,21.726,1.95744,7.21426,4361.312,6791.798,4264.541,0.118941,0.845739,82.987,103.363,0.39104,0.38236,0.917172,C,0.0,-0.021401
8287.204,0.43108,182.022,3.6286,20,0.8431,16.863,1.94279,8.77941,3367.61,4919.593,12219.861,0.046584,0.694278,82.359,102.782,0.40636,1.47455,0.956087,C,0.001,0.005967
8925.283,0.38559,157.994,3.6294,18,0.6876,12.376,1.98448,6.64994,3819.246,5106.037,13861.667,0.08506,0.610386,81.946,101.048,0.42791,1.55308,0.905604,C,0.0,-0.018693
9874.052,0.68847,146.644,3.567,17,0.8017,13.628,2.0068,7.41412,2326.541,7547.512,8298.766,0.217299,0.83371,83.211,101.906,0.23562,0.84046,0.925632,C,-0.001,-0.002682
9554.942,0.38007,157.384,2.6613,19,0.8899,16.909,1.98563,8.43065,4519.862,5035.08,12028.669,0.041461,0.684023,81.346,101.502,0.47304,1.25889,0.948397,C,0.0,0.038281
12630.512,0.62934,162.311,1.4702,19,0.8235,15.646,1.97648,6.34455,2818.756,9811.756,4144.094,0.330253,0.715265,85.357,101.964,0.22317,0.3281,0.882889,C,0.0,-0.021859
10311.103,0.45019,192.67,2.0003,20,0.8607,17.214,1.92629,7.52411,4410.074,5901.029,8821.329,0.076313,0.729596,83.124,103.493,0.4277,0.85552,0.927498,C,0.0,0.042328
8501.002,0.30083,195.161,3.5838,16,0.7562,12.099,1.92258,6.18349,4252.426,4248.576,15239.696,0.065957,0.535912,83.072,102.323,0.50023,1.79269,0.890325,C,0.0,0.016309
8959.405,0.48488,120.368,3.3104,22,0.732,16.105,2.06713,8.98159,3306.123,5653.282,10944.573,0.054903,0.736338,79.808,99.649,0.36901,1.22157,0.958217,C,0.0,-0.006136
10403.391,0.56519,142.549,3.2912,21,0.6551,13.757,2.01534,7.39436,2923.303,7480.088,9621.074,0.153023,0.726273,82.181,100.964,0.281,0.9248,0.923922,C,0.0,-0.025988
13000.0,0.64508,170.047,3.6835,23,0.6822,15.691,1.96272,8.32189,2858.579,10141.421,10529.532,0.173731,0.777934,83.593,102.765,0.21989,0.80996,0.940779,C,0.0,0.060008
9748.883,0.4458,171.551,1.892,16,0.8608,13.772,1.96013,6.06373,4236.264,5512.619,8014.883,0.121934,0.694685,82.967,102.289,0.43454,0.82213,0.881147,C,0.0,-0.026303
10285.527,0.45864,160.795,1.6043,25,0.6512,16.281,1.97926,6.84731,4654.143,5631.384,7466.691,0.093057,0.760775,82.165,102.187,0.45249,0.72594,0.908189,C,0.0,0.037356
10766.815,0.43936,163.683,2.9373,22,0.6831,15.029,1.97398,7.6245,4161.264,6605.552,12222.712,0.080652,0.665338,82.117,101.705,0.38649,1.13522,0.929054,C,-0.001,-0.031182
10479.272,0.46733,192.133,2.4659,18,0.7224,13.003,1.9271,6.06896,4348.859,6130.414,10723.733,0.136545,0.701978,83.901,103.287,0.415,1.02333,0.878745,C,-0.001,0.047473
12902.928,0.44289,166.292,2.288,21,0.761,15.981,1.96931,7.53612,5600.156,7302.772,12812.89,0.079348,0.721676,82.202,102.208,0.43402,0.99302,0.922241,C,0.0,-0.018682
9302.068,0.50461,149.642,2.2842,24,0.6854,16.449,2.00072,7.93406,3324.747,5977.322,7594.233,0.086017,0.737436,81.608,101.438,0.35742,0.8164,0.939073,C,-0.001,0.039344
11152.67,0.4295,169.978,1.7532,19,0.7219,13.717,1.96284,5.89066,4954.923,6197.747,8687.065,0.127253,0.671132,82.977,102.057,0.44428,0.77892,0.868366,C,0.0,0.036609
10616.211,0.43949,188.018,3.8978,25,0.8372,20.931,1.93336,10.98141,4298.361,6317.85,16754.101,0.023679,0.722392,82.269,103.24,0.40489,1.57816,0.978185,C,0.0,-0.026615
11080.69,0.51777,178.775,3.9528,22,0.8096,17.812,1.94804,9.47938,4541.208,6539.482,17950.423,0.04726,0.844505,82.25,103.623,0.40983,1.61997,0.962592,C,0.0,0.006125
8170.186,0.56665,156.82,3.2804,20,0.7073,14.145,1.9867,7.44173,2536.286,5633.9,8320.103,0.127544,0.764323,82.459,102.002,0.31043,1.01835,0.930126,C,0.0,0.028486
13000.0,0.61086,152.064,1.813,21,0.8508,17.868,1.9959,7.95851,3556.476,9443.524,6447.9,0.150167,0.78436,82.559,101.88,0.27358,0.49599,0.932748,C,0.0,-0.007816
9656.316,0.52009,214.141,1.554,27,0.7378,19.92,1.896,7.7538,3470.875,6185.441,5393.616,0.094919,0.758676,84.067,104.579,0.35944,0.55856,0.934401,C,0.0,-0.044232
10094.632,0.63335,162.466,1.7635,23,0.8608,19.798,1.97619,8.60594,2613.477,7481.155,4608.874,0.120676,0.812451,82.597,102.614,0.2589,0.45657,0.950671,C,0.0,-0.020634
8664.02,0.57803,168.128,2.5719,19,0.8626,16.389,1.96606,7.97777,3062.309,5601.712,7876.047,0.096208,0.841435,82.496,103.09,0.35345,0.90905,0.941171,C,-0.001,-0.03168
9349.761,0.54319,159.715,3.1573,27,0.8023,21.663,1.98126,11.24901,3267.653,6082.107,10316.84,0.029722,0.819056,81.286,102.515,0.34949,1.10343,0.980877,C,0.001,-0.010736
10863.109,0.34402,215.401,3.5988,16,0.7031,11.25,1.89433,5.62446,5411.332,5451.777,19474.052,0.098947,0.587277,84.159,103.497,0.49814,1.79268,0.856726,C,0.0,-0.01155
11583.845,0.33156,200.561,2.4591,22,0.8269,18.192,1.91473,8.40078,5854.252,5729.594,14396.431,0.036322,0.633229,82.86,103.196,0.50538,1.2428,0.944637,C,-0.001,-0.043572
11092.44,0.30346,149.698,3.4367,26,0.8604,22.369,2.00061,12.01581,6185.544,4906.897,21258.077,0.008381,0.675427,80.586,101.031,0.55764,1.91645,0.984598,C,-0.001,0.020078
12392.099,0.42391,185.609,1.2794,17,0.695,11.815,1.93711,4.38498,6358.758,6033.34,8135.525,0.190818,0.669584,84.391,102.783,0.51313,0.65651,0.769023,C,0.001,-0.058728
11227.763,0.49513,161.439,1.2145,19,0.8572,16.287,1.97807,6.09285,4468.489,6759.274,5426.907,0.152907,0.721367,82.981,101.96,0.39799,0.48335,0.877093,C,0.0,0.021839
9965.171,0.38717,176.306,1.5541,20,0.7945,15.89,1.95211,6.46716,3971.71,5993.462,6172.245,0.100909,0.576876,82.868,101.74,0.39856,0.61938,0.896124,C,-0.001,-0.050413
11363.8,0.5283,180.094,2.0324,25,0.7537,18.842,1.94589,8.40695,3790.958,7572.842,7704.709,0.086933,0.749245,82.822,103.056,0.3336,0.678,0.945105,C,0.0,0.022184
10955.772,0.33125,171.909,2.0459,20,0.7871,15.742,1.95952,7.11289,5596.372,5359.4,11449.347,0.055333,0.619362,82.101,101.81,0.51081,1.04505,0.914671,C,0.0,0.02672
9796.987,0.49496,205.567,1.5454,23,0.6797,15.634,1.90766,6.13066,3120.782,6676.206,4822.966,0.180663,0.641882,84.928,103.461,0.31855,0.49229,0.88373,C,-0.001,-0.029613
11004.026,0.39687,143.061,2.6373,26,0.8891,23.115,2.01426,11.73639,4572.591,6431.435,12059.152,0.016179,0.667539,80.398,100.606,0.41554,1.09589,0.98306,C,-0.0,-0.04584
11899.632,0.43232,176.268,3.4443,16,0.7049,11.278,1.95217,5.84664,4952.942,6946.69,17059.296,0.141853,0.639421,83.407,102.151,0.41623,1.4336,0.863427,C,0.0,-0.000242
10210.842,0.61846,148.843,3.1453,16,0.7899,12.639,2.00232,6.65849,2850.144,7360.698,8964.509,0.216839,0.773977,83.301,101.635,0.27913,0.87794,0.902135,C,0.0,-0.035987
9383.548,0.30856,182.895,2.4794,18,0.7703,13.866,1.94139,6.55491,4618.16,4765.388,11450.138,0.062054,0.547459,82.594,101.853,0.49216,1.22024,0.901025,C,0.0,-0.042279
11035.453,0.59077,148.513,3.7028,25,0.7898,19.746,2.00299,10.79959,3826.001,7209.452,14166.915,0.040103,0.882999,80.954,102.336,0.3467,1.28376,0.976465,C,-0.0,0.041544
12934.49,0.41898,205.467,1.3285,22,0.7738,17.023,1.9078,6.27356,5410.057,7524.433,7187.188,0.121278,0.633024,84.141,103.399,0.41827,0.55566,0.878928,C,0.0,0.025052
9645.496,0.66749,179.888,3.6211,22,0.8475,18.645,1.94623,9.72858,2939.665,6705.831,10644.723,0.071954,0.92856,82.617,104.23,0.30477,1.1036,0.967146,C,0.0,-0.014964
10397.154,0.44075,131.614,1.0587,20,0.6643,13.285,2.03962,4.86955,3931.536,6465.618,4162.221,0.214536,0.578301,82.483,99.333,0.37814,0.40032,0.815941,C,0.0,0.016263
10460.142,0.58971,170.531,1.163,20,0.8192,16.383,1.96188,5.93647,2741.021,7719.121,3187.918,0.285663,0.697671,85.089,102.259,0.26204,0.30477,0.873062,C,0.0,0.03519
11756.726,0.4188,136.798,2.2306,20,0.8221,16.442,2.02783,8.0261,5174.039,6582.686,11541.335,0.060363,0.70053,80.694,100.456,0.44009,0.98168,0.936567,C,0.001,0.027309
7249.698,0.49925,173.416,1.2267,23,0.8803,20.248,1.95695,7.48887,2663.798,4585.9,3267.55,0.090658,0.736585,82.625,102.656,0.36744,0.45072,0.933278,C,0.0,0.011976
10558.071,0.5084,163.862,1.4099,21,0.8287,17.404,1.97366,6.92269,4090.014,6468.058,5766.666,0.118306,0.755073,82.621,102.306,0.38738,0.54619,0.909855,C,-0.001,-0.005858
11681.927,0.41285,129.291,3.3246,20,0.7178,14.356,2.04507,7.89583,4966.862,6715.065,16512.994,0.064329,0.670632,80.387,99.797,0.42517,1.41355,0.93375,C,0.0,0.032825
8805.681,0.47301,160.974,3.0931,25,0.7434,18.586,1.97893,9.5865,3709.912,5095.769,11475.041,0.037778,0.789867,81.443,102.388,0.42131,1.30314,0.966351,C,0.0,0.042342
12298.164,0.33788,160.939,3.4288,16,0.6538,10.461,1.97899,5.52829,5831.886,6466.278,19996.498,0.110012,0.543402,82.395,100.759,0.47421,1.62597,0.845603,C,0.0,-0.062188
10723.321,0.66949,190.053,2.367,19,0.8615,16.369,1.93025,7.56775,2375.609,8347.712,5622.987,0.218424,0.797856,84.91,103.828,0.22154,0.52437,0.927723,C,0.0,-0.005949
9544.345,0.55992,145.842,1.1265,20,0.7691,15.382,2.00845,5.68256,3038.486,6505.858,3422.785,0.237395,0.710552,83.441,101.048,0.31835,0.35862,0.865024,C,0.001,-0.002145
10854.733,0.50343,190.554,2.1964,23,0.6754,15.534,1.92948,7.01579,3608.537,7246.196,7925.693,0.133292,0.68776,83.804,103.124,0.33244,0.73016,0.911981,C,0.0,-0.034641
7785.271,0.46521,169.125,3.2107,17,0.8492,14.436,1.96432,7.4319,3123.901,4661.37,10029.81,0.080296,0.723166,82.325,102.359,0.40126,1.28831,0.930742,C,0.0,0.00487
9603.88,0.30028,153.675,1.0401,26,0.8414,21.878,1.99275,7.6909,4988.364,4615.516,5188.587,0.038707,0.582988,81.155,100.638,0.51941,0.54026,0.933047,C,0.0,-0.021961
13000.0,0.48406,175.785,2.7229,16,0.8014,12.822,1.95297,6.27702,4188.801,8811.199,11405.54,0.181994,0.627667,83.919,102.051,0.32222,0.87735,0.878857,C,0.0,-0.055492
9021.611,0.37073,154.833,2.3966,22,0.889,19.559,1.99051,9.50005,4363.598,4658.013,10457.882,0.026762,0.692948,81.046,101.426,0.48368,1.1592,0.965084,C,0.0,0.042444
12741.12,0.5028,164.203,1.7542,17,0.7244,12.316,1.97304,5.33058,4148.197,8592.922,7276.579,0.258701,0.620635,84.488,101.436,0.32558,0.57111,0.832484,C,0.001,0.024278
10363.046,0.57948,187.504,2.4496,17,0.7624,12.961,1.93416,6.07151,3590.92,6772.126,8796.331,0.201902,0.779698,84.603,103.595,0.34651,0.84882,0.87927,C,0.0,-0.049132
11541.603,0.38384,192.16,3.4184,17,0.8151,13.857,1.92706,7.03281,5976.206,5565.398,20429.286,0.066164,0.724971,82.973,103.44,0.5178,1.77006,0.910746,C,-0.001,-0.032952
10111.157,0.60081,175.73,2.4694,27,0.8024,21.664,1.95307,10.32195,2391.181,7719.975,5904.809,0.06877,0.765598,82.422,102.958,0.23649,0.58399,0.972931,C,0.001,0.0453
7361.14,0.4783,144.636,1.8987,25,0.7308,18.27,2.01095,8.36021,3168.822,4192.318,6016.492,0.054847,0.798369,80.978,101.559,0.43048,0.81733,0.950637,C,0.0,0.016152
9117.145,0.37528,159.1,3.2601,27,0.8644,23.338,1.98241,12.2216,4032.34,5084.805,13146.03,0.011462,0.663786,81.02,101.459,0.44228,1.4419,0.986491,C,0.0,0.041123
10255.662,0.41205,168.356,3.1602,24,0.796,19.103,1.96566,9.80708,4048.548,6207.115,12794.33,0.03398,0.658643,81.684,101.895,0.39476,1.24754,0.967445,C,-0.001,0.003021
8296.988,0.53313,169.291,1.0857,18,0.7485,13.473,1.96403,4.7339,3033.089,5263.899,3293.02,0.263952,0.68823,84.755,102.136,0.36557,0.39689,0.819009,C,-0.0,0.010096
8350.943,0.53583,165.92,3.032,22,0.7463,16.418,1.96997,8.37094,2967.245,5383.698,8996.593,0.076553,0.788958,82.151,102.633,0.35532,1.07731,0.949236,C,0.0,0.022675
10603.299,0.61337,155.287,2.8696,19,0.8944,16.994,1.98964,8.6698,2635.563,7967.737,7562.925,0.120848,0.776282,82.307,102.0,0.24856,0.71326,0.951027,C,-0.001,0.032176
9392.79,0.53205,139.513,2.9626,16,0.8865,14.184,2.02186,7.46598,3247.687,6145.103,9621.482,0.110748,0.754709,81.485,100.975,0.34576,1.02435,0.928028,C,0.0,-0.00546
7331.558,0.58931,148.633,2.6207,19,0.8061,15.315,2.00275,7.6989,2350.173,4981.385,6159.011,0.114275,0.813433,81.938,101.883,0.32056,0.84007,0.937841,C,0.0,-0.028519
8864.945,0.35634,120.0,1.4716,21,0.7181,15.079,2.06808,6.52386,4198.537,4666.408,6178.657,0.074088,0.610286,80.042,98.792,0.47361,0.69698,0.901529,C,0.0,0.029819
11399.707,0.5478,162.806,3.555,22,0.7598,16.715,1.97557,8.88194,3988.966,7410.741,14180.949,0.072851,0.803447,81.979,102.571,0.34992,1.24397,0.953465,C,0.0,0.021708
9812.084,0.49956,185.782,1.8373,25,0.7193,17.982,1.93684,7.69762,3821.632,5990.452,7021.36,0.086214,0.763249,83.016,103.409,0.38948,0.71558,0.932782,C,0.0,0.040003
11641.022,0.43632,149.663,3.7451,21,0.7978,16.753,2.00068,9.16942,4534.779,7106.242,16983.128,0.04746,0.684463,81.1,101.089,0.38955,1.4589,0.957627,C,0.001,0.03039
12264.761,0.48138,187.463,3.3231,16,0.6981,11.17,1.93422,5.66435,5038.209,7226.552,16742.426,0.172352,0.696822,84.212,103.046,0.41079,1.36508,0.852921,C,0.0,0.044835
10110.733,0.6159,171.057,1.7934,25,0.7855,19.637,1.96098,8.49034,3284.428,6826.306,5890.392,0.097435,0.865359,82.625,103.392,0.32485,0.58259,0.94861,C,-0.001,-0.023121
8191.954,0.44038,142.431,3.4716,23,0.685,15.756,2.01559,8.57381,3554.721,4637.232,12340.455,0.047747,0.741356,80.786,101.057,0.43393,1.50641,0.952953,C,0.001,0.005672
8282.564,0.4766,170.853,3.1365,18,0.7036,12.665,1.96133,6.46918,3220.673,5061.891,10101.797,0.120798,0.702976,82.925,102.31,0.38885,1.21965,0.901442,C,0.0,0.031258
10605.784,0.68217,176.236,2.5359,17,0.7736,13.151,1.95222,6.30939,2762.728,7843.056,7005.967,0.293005,0.81926,85.401,103.337,0.26049,0.66058,0.888114,C,0.0,-0.047505
11313.649,0.49223,168.86,2.3012,20,0.8847,17.693,1.96478,8.32993,4311.273,7002.376,9921.109,0.07274,0.750503,82.215,102.526,0.38107,0.87692,0.943687,C,-0.0,0.011254
10349.493,0.37454,160.262,1.9071,27,0.6951,18.767,1.98025,8.41148,4900.305,5449.189,9345.363,0.042088,0.673508,81.471,101.583,0.47348,0.90298,0.946794,C,-0.001,-0.017314
10903.124,0.54361,173.009,2.934,24,0.6534,15.682,1.95764,7.8567,3409.36,7493.764,10002.961,0.114165,0.738991,82.92,102.652,0.3127,0.91744,0.93433,C,0.0,-0.006499
9324.728,0.52837,161.405,1.278,20,0.771,15.419,1.97814,5.90097,3369.235,5955.493,4305.999,0.181632,0.724538,83.359,101.979,0.36132,0.46178,0.875793,C,-0.0,-0.035345
10822.714,0.38912,179.741,1.2815,18,0.7908,14.235,1.94646,5.325,4946.602,5876.112,6338.846,0.135295,0.602787,83.447,102.073,0.45706,0.5857,0.841082,C,0.0,0.04003
9727.599,0.3046,154.283,2.8969,22,0.8623,18.97,1.99157,9.71497,5536.607,4190.992,16038.759,0.01771,0.683605,80.904,101.335,0.56916,1.64879,0.966907,C,0.0,-0.009741
9529.245,0.34098,169.052,1.1977,20,0.7431,14.863,1.96445,5.46897,4915.606,4613.639,5887.228,0.096103,0.60189,82.531,101.555,0.51584,0.61781,0.854614,C,0.0,-0.025701
8376.984,0.56764,158.141,3.1155,17,0.8003,13.605,1.98421,7.05707,2819.815,5557.169,8785.219,0.135695,0.786814,82.621,102.22,0.33661,1.04873,0.919532,C,0.0,0.018032
8077.205,0.55065,182.243,3.8516,26,0.8219,21.37,1.94243,11.26369,2468.054,5609.151,9505.861,0.032951,0.77844,82.187,103.348,0.30556,1.17688,0.981716,C,0.0,0.000581
9275.114,0.55952,186.592,0.9975,17,0.7494,12.74,1.93557,4.20151,3403.265,5871.849,3394.659,0.342805,0.685124,86.431,102.93,0.36692,0.366,0.775194,C,0.0,0.010853
8077.162,0.50081,148.542,3.3754,20,0.8005,16.01,2.00293,8.5791,2639.892,5437.269,8910.687,0.071695,0.709153,81.372,101.19,0.32683,1.1032,0.953211,C,0.001,0.000821
8564.065,0.57866,159.247,2.0317,18,0.8074,14.532,1.98213,6.66309,2705.252,5858.814,5496.244,0.170202,0.767266,83.121,102.149,0.31588,0.64178,0.907089,C,-0.001,-0.026231
10979.865,0.49494,149.629,3.7349,17,0.7014,11.924,2.00074,6.5232,4250.147,6729.718,15874.045,0.134209,0.722761,82.244,101.34,0.38709,1.44574,0.895037,C,0.0,-0.011307
9749.278,0.35576,170.516,2.1781,27,0.6931,18.712,1.96191,8.64269,4064.223,5685.055,8852.321,0.04113,0.580692,81.861,101.487,0.41687,0.908,0.951805,C,0.0,-0.024309
12966.112,0.32262,185.728,2.414,24,0.676,16.224,1.93692,7.5842,6581.457,6384.655,15887.424,0.048683,0.605004,82.519,102.362,0.50759,1.2253,0.923405,C,-0.0,-0.019831
11289.393,0.55989,199.229,3.1296,21,0.8502,17.855,1.91664,8.80301,3301.613,7987.78,10332.645,0.091294,0.753571,83.542,103.934,0.29245,0.91525,0.952313,C,0.0,0.041427
9509.286,0.66892,162.335,3.4128,22,0.8461,18.615,1.97643,9.8083,2216.471,7292.815,7564.398,0.091313,0.844475,82.204,102.818,0.23308,0.79547,0.968182,C,0.0,-0.040972
11113.28,0.68897,181.216,2.6824,18,0.6938,12.489,1.94408,6.04793,2336.23,8777.05,6266.615,0.40784,0.763798,87.098,103.204,0.21022,0.56389,0.875559,C,0.0,0.015243
11109.7,0.43181,170.56,1.8598,18,0.8354,15.037,1.96183,6.59001,5402.871,5706.829,10048.142,0.091388,0.754095,82.526,102.633,0.48632,0.90445,0.897075,C,0.0,0.030767
8835.571,0.40475,173.828,2.5957,18,0.8517,15.33,1.95626,7.42626,4594.603,4240.967,11926.242,0.055837,0.782763,82.18,102.981,0.52001,1.3498,0.928263,C,0.001,-0.023537
11741.944,0.47841,152.294,1.7517,25,0.8905,22.262,1.99545,9.79082,4947.783,6794.161,8667.24,0.038816,0.798537,81.099,101.986,0.42138,0.73814,0.965811,C,0.0,0.021342
8927.528,0.41079,148.121,3.1855,20,0.8068,16.136,2.00379,8.53586,3814.105,5113.423,12149.906,0.046911,0.682204,81.026,100.989,0.42723,1.36095,0.951211,C,0.0,0.018123
7086.802,0.62401,163.623,3.9063,17,0.7308,12.423,1.97409,6.72702,1777.001,5309.801,6941.51,0.21563,0.760681,83.896,102.331,0.25075,0.9795,0.913353,C,-0.0,-0.004144
11605.645,0.40333,181.734,1.2453,24,0.7799,18.718,1.94325,6.89699,5014.28,6591.365,6244.035,0.087536,0.643559,82.889,102.434,0.43206,0.53802,0.906229,C,0.0,0.042516
9433.5,0.51268,160.976,1.1998,21,0.6974,14.644,1.97892,5.45166,3508.517,5924.983,4209.355,0.201041,0.697223,83.598,101.777,0.37192,0.44621,0.854157,C,0.0,-0.023408
12212.889,0.39005,184.357,2.9015,16,0.7602,12.163,1.93908,5.98999,5688.87,6524.019,16506.208,0.109732,0.634492,83.276,102.495,0.46581,1.35154,0.868956,C,0.0,-0.051592
9606.478,0.68357,156.067,3.4884,16,0.8367,13.388,1.98814,7.1502,2610.195,6996.283,9105.357,0.203547,0.862659,83.431,102.612,0.27171,0.94784,0.919092,C,-0.0,-0.003692
8020.927,0.4256,176.353,1.7183,25,0.7093,17.732,1.95203,7.49728,3887.475,4133.452,6679.926,0.059892,0.769552,82.328,103.014,0.48467,0.83281,0.931796,C,0.0,-0.028375
12309.254,0.52828,178.195,1.8796,16,0.8677,13.883,1.94899,6.04722,4638.175,7671.079,8717.71,0.180567,0.738512,83.989,102.896,0.3768,0.70822,0.871207,C,0.0,0.047463
8368.359,0.50685,168.495,3.0723,24,0.8784,21.083,1.96542,10.74753,3126.446,5241.913,9605.496,0.029993,0.79126,81.636,102.777,0.3736,1.14783,0.977892,C,0.0,0.015184
10396.276,0.37265,164.512,3.6992,26,0.7418,19.286,1.97249,10.31318,5627.205,4769.071,20816.256,0.018853,0.790099,81.334,102.57,0.54127,2.00228,0.972616,C,0.0,0.044328
12201.286,0.60602,171.768,1.0737,25,0.7487,18.718,1.95976,6.52067,3484.654,8716.632,3741.419,0.230858,0.756,84.413,102.705,0.2856,0.30664,0.891205,C,0.0,-0.010703
10278.105,0.40841,184.936,1.2361,18,0.6822,12.28,1.93816,4.49228,4501.036,5777.068,5563.806,0.195192,0.574526,84.424,102.125,0.43792,0.54133,0.7907,C,0.001,0.038874
9669.896,0.32059,173.578,3.4531,24,0.7734,18.562,1.95668,9.66153,4470.778,5199.118,15438.121,0.023339,0.576204,81.742,101.605,0.46234,1.59651,0.966341,C,0.0,-0.024117
10253.639,0.48452,156.914,2.2835,25,0.8801,22.003,1.98653,10.50286,4103.059,6150.58,9369.23,0.030896,0.787125,81.187,102.158,0.40016,0.91375,0.974483,C,0.0,0.049775
11806.585,0.52744,197.533,1.5517,22,0.6956,15.303,1.9191,6.06592,4541.356,7265.23,7046.659,0.172979,0.749,84.564,103.831,0.38465,0.59684,0.873851,C,-0.001,0.048703
8608.954,0.4387,190.405,3.0343,23,0.7001,16.102,1.92971,7.96137,3691.752,4917.202,11202.045,0.060426,0.722706,82.837,103.348,0.42883,1.30121,0.940934,C,0.0,-0.021075
11431.167,0.38258,140.043,2.3709,24,0.6733,16.16,2.02071,7.99557,5494.658,5936.509,13027.431,0.050556,0.689886,80.715,100.578,0.48067,1.13964,0.936481,C,-0.0,0.033493
10833.758,0.6894,158.881,3.2949,17,0.6851,11.646,1.98282,6.11603,2459.236,8374.522,8103.027,0.366034,0.784353,85.691,102.243,0.227,0.74794,0.879476,C,-0.0,0.047321
13000.0,0.40375,181.235,1.7936,18,0.844,15.192,1.94405,6.48424,6048.007,6951.993,10847.658,0.097779,0.669937,83.006,102.585,0.46523,0.83444,0.887332,C,0.0,-0.015411
10043.81,0.3848,179.366,3.1072,20,0.6995,13.989,1.94708,7.05189,4183.374,5860.436,12998.597,0.078392,0.603525,82.683,102.06,0.41651,1.29419,0.915148,C,0.0,-0.004604
8579.944,0.66482,137.468,2.482,19,0.8798,16.716,2.02634,8.41508,1990.387,6589.557,4940.18,0.144287,0.822051,81.833,101.298,0.23198,0.57578,0.949653,C,0.0,-0.02052
11122.016,0.548,164.721,3.0063,23,0.67,15.409,1.97211,7.85251,3893.182,7228.833,11703.894,0.103617,0.787327,82.461,102.562,0.35004,1.05232,0.933813,C,0.001,0.009529
9893.843,0.61501,162.521,3.657,22,0.7524,16.552,1.97609,8.85316,2958.015,6935.828,10817.512,0.092502,0.837846,82.227,102.784,0.29898,1.09336,0.955032,C,0.0,0.034333
10337.345,0.51447,200.948,3.2556,23,0.8758,20.143,1.91417,10.0051,3306.076,7031.269,10763.205,0.04898,0.733337,83.04,103.873,0.31982,1.0412,0.969551,C,-0.0,0.032565
10175.256,0.66595,160.622,3.2061,22,0.7637,16.802,1.97958,8.7458,3024.509,7150.747,9696.76,0.105492,0.903002,82.323,103.116,0.29724,0.95297,0.952914,C,-0.0,0.011387
11773.727,0.67822,172.101,1.5778,21,0.7373,15.483,1.95919,6.37354,3053.556,8720.171,4818.037,0.295937,0.812091,85.285,103.091,0.25935,0.40922,0.886834,C,0.0,-0.055464
9165.195,0.56316,159.455,3.7197,17,0.6819,11.592,1.98175,6.24856,3111.451,6053.744,11573.793,0.18155,0.759297,83.279,102.107,0.33949,1.2628,0.890558,C,0.0,-0.002371
9866.703,0.6453,183.738,1.772,19,0.8221,15.62,1.94005,6.61719,2208.479,7658.224,3913.378,0.283315,0.749694,85.545,103.227,0.22383,0.39662,0.901729,C,0.0,-0.036365
7000.0,0.40889,153.985,2.5309,21,0.7746,16.266,1.99215,8.03586,3277.746,3722.254,8295.67,0.04772,0.726933,81.287,101.605,0.46825,1.1851,0.945353,C,0.0,-0.013306
8652.461,0.47617,175.355,2.529,25,0.8127,20.318,1.95369,9.75153,3683.369,4969.092,9315.246,0.035356,0.802918,81.967,103.187,0.4257,1.0766,0.968391,C,0.0,0.03975
12333.662,0.50753,132.93,2.501,25,0.8381,20.952,2.03657,10.64584,4473.487,7860.175,11188.136,0.036066,0.77586,80.19,100.718,0.36271,0.90712,0.974226,C,0.0,-0.032683
8998.992,0.50788,179.459,1.8922,22,0.6637,14.602,1.94692,6.36483,2863.899,6135.094,5418.995,0.166834,0.667085,83.854,102.484,0.31825,0.60218,0.895459,C,-0.001,-0.01685
8886.678,0.31763,169.934,2.6791,25,0.7786,19.465,1.96292,9.55974,4497.362,4389.316,12048.691,0.021372,0.621181,81.578,101.725,0.50608,1.35581,0.965948,C,0.0,-0.00179
8142.389,0.32913,184.67,2.4607,22,0.8947,19.683,1.93858,9.26457,3716.361,4426.027,9145.008,0.026598,0.583152,82.19,102.17,0.45642,1.12314,0.963115,C,0.001,0.010225
10701.845,0.57703,134.812,3.5521,24,0.669,16.057,2.03228,8.88562,3446.427,7255.418,12242.172,0.081602,0.812372,80.881,101.074,0.32204,1.14393,0.954458,C,0.0,-0.048147
10655.888,0.30975,164.482,1.7741,24,0.7816,18.759,1.97254,8.14947,5655.436,5000.452,10033.195,0.034345,0.62124,81.537,101.454,0.53073,0.94156,0.941154,C,0.0,-0.055442
8573.473,0.44101,186.707,1.0398,27,0.7643,20.636,1.93539,6.94583,3714.041,4859.431,3861.807,0.085699,0.712571,83.042,103.116,0.4332,0.45044,0.915818,C,0.001,0.008121
11680.795,0.68672,170.843,1.6571,24,0.7452,17.884,1.96135,7.51329,2825.254,8855.541,4681.739,0.215038,0.837204,84.169,103.195,0.24187,0.40081,0.924261,C,0.0,0.004225
10368.943,0.33748,156.364,1.1756,21,0.7881,16.55,1.98757,6.14295,5270.519,5098.423,6196.256,0.078191,0.605513,81.788,100.93,0.5083,0.59758,0.88223,C,0.001,0.042327
11049.863,0.56378,162.642,3.0324,19,0.839,15.942,1.97587,8.16417,3513.078,7536.785,10653.197,0.105019,0.777619,82.397,102.393,0.31793,0.9641,0.940777,C,0.0,0.004609
9041.154,0.46724,164.702,3.4084,20,0.6583,13.165,1.97214,6.91256,3965.365,5075.789,13515.588,0.092061,0.760345,82.308,102.383,0.43859,1.4949,0.913584,C,0.0,-0.01746
12587.099,0.32562,167.579,3.5779,16,0.8206,13.129,1.96703,6.94183,5874.845,6712.254,21019.573,0.06621,0.55267,82.079,101.157,0.46674,1.66993,0.905096,C,0.0,-0.023729
10592.117,0.32934,170.718,2.2507,27,0.7173,19.368,1.96156,9.03464,5473.164,5118.953,12318.333,0.027462,0.652097,81.688,101.968,0.51672,1.16297,0.956912,C,0.0,0.049889
9742.632,0.43148,173.788,1.4219,16,0.6582,10.531,1.95632,4.14885,4712.565,5030.067,6700.711,0.207195,0.641617,84.177,102.047,0.48371,0.68777,0.767729,C,0.0,-0.045548
9164.125,0.37403,158.783,3.0911,25,0.6659,16.647,1.983,8.61096,4365.301,4798.824,13493.678,0.037589,0.680069,81.352,101.549,0.47635,1.47245,0.952128,C,0.0,0.038936
10092.991,0.58856,155.334,2.3912,22,0.758,16.676,1.98954,8.08899,3448.498,6644.493,8245.935,0.101821,0.841172,82.058,102.431,0.34167,0.817,0.94089,C,0.0,0.039802
11027.094,0.63297,173.851,2.819,16,0.7675,12.281,1.95622,6.08264,3234.459,7792.635,9117.84,0.26463,0.78585,84.937,103.002,0.29332,0.82686,0.877369,C,-0.0,0.042589
9591.849,0.5655,178.719,2.8283,22,0.8495,18.688,1.94813,9.2073,2968.764,6623.085,8396.65,0.071924,0.78675,82.574,103.239,0.30951,0.87539,0.960635,C,0.0,-0.046896
11576.075,0.52016,168.115,3.6061,22,0.7514,16.53,1.96609,8.7489,3942.379,7633.697,14216.491,0.074842,0.75014,82.214,102.487,0.34056,1.22809,0.950999,C,-0.001,0.014175
10778.198,0.46616,203.066,2.8402,21,0.8103,17.017,1.91116,8.15192,3666.446,7111.752,10413.391,0.080861,0.664795,83.53,103.509,0.34017,0.96615,0.940993,C,0.0,0.035119
12586.494,0.32927,131.127,2.9902,26,0.7809,20.303,2.04075,10.85284,6598.793,5987.701,19731.989,0.015163,0.67544,79.827,99.944,0.52428,1.56771,0.975857,C,0.0,-0.035382
11670.035,0.6893,166.017,1.4874,21,0.6515,13.682,1.96979,5.54638,1986.185,9683.85,2954.286,0.610419,0.705484,89.202,102.087,0.1702,0.25315,0.849282,C,0.0,-0.051169
10000.85,0.59135,171.762,2.935,21,0.8616,18.093,1.95977,9.07958,2749.801,7251.049,8070.552,0.089633,0.781619,82.549,102.873,0.27496,0.80699,0.958324,C,0.0,-0.027934
7081.538,0.37627,144.499,1.625,19,0.8222,15.621,2.01124,6.75718,3507.17,3574.368,5699.031,0.065128,0.681567,81.108,100.781,0.49526,0.80477,0.914277,C,-0.0,-0.015939
10458.788,0.31247,160.829,2.0681,16,0.7294,11.67,1.9792,5.37038,5269.759,5189.028,10898.167,0.095968,0.532347,82.205,100.681,0.50386,1.04201,0.845253,C,0.001,-0.034234
11773.37,0.31032,179.333,3.7014,22,0.8044,17.697,1.94713,9.28406,6008.439,5764.93,22239.795,0.024846,0.607862,81.975,102.087,0.51034,1.88899,0.959139,C,0.001,-0.055377
10475.059,0.53847,194.573,2.5003,18,0.6856,12.341,1.92345,5.76606,3609.806,6865.253,9025.664,0.210631,0.710853,84.962,103.452,0.34461,0.86163,0.865201,C,0.0,-0.017719
10847.791,0.66057,143.992,3.8263,16,0.6761,10.818,2.0123,5.99722,2389.31,8458.48,9142.216,0.376963,0.740681,85.201,101.142,0.22026,0.84277,0.874307,C,0.001,0.00841
9332.017,0.69568,199.436,3.9303,23,0.7333,16.865,1.91634,8.74443,2180.658,7151.359,8570.736,0.136719,0.866129,84.148,104.685,0.23367,0.91842,0.954077,C,0.0,-0.039214
9370.494,0.57011,182.924,3.6838,26,0.7101,18.462,1.94135,9.63253,3250.845,6119.649,11975.394,0.05537,0.843548,82.507,103.809,0.34692,1.27799,0.966307,C,0.0,-0.004628
8962.582,0.36177,192.366,2.6514,27,0.8775,23.693,1.92675,11.28332,4458.772,4503.81,11822.123,0.013577,0.706477,82.285,103.327,0.49749,1.31905,0.981329,C,0.0,0.018365
11929.783,0.55451,182.616,3.648,23,0.8816,20.277,1.94184,10.56147,3620.863,8308.92,13208.898,0.047951,0.775255,82.398,103.344,0.30351,1.10722,0.973754,C,0.0,0.028195
10077.071,0.51781,169.363,1.0883,17,0.8746,14.868,1.96391,5.22971,3953.405,6123.666,4302.666,0.21213,0.715152,84.074,102.317,0.39232,0.42698,0.83928,C,0.0,0.020345
9180.993,0.30434,219.084,1.9184,16,0.7996,12.794,1.88952,5.35141,4036.167,5144.825,7742.84,0.103764,0.461696,84.335,102.813,0.43962,0.84336,0.850112,C,0.001,-0.010546
7956.818,0.63323,148.749,3.8685,23,0.6899,15.867,2.00251,8.75472,1991.877,5964.942,7705.515,0.110872,0.807656,81.898,101.852,0.25034,0.96842,0.956169,C,-0.001,0.031279
10209.887,0.47406,180.782,1.4861,26,0.8725,22.686,1.94478,9.02003,4041.566,6168.32,6006.116,0.051281,0.751068,82.376,103.1,0.39585,0.58826,0.957179,C,0.001,0.015719
12090.627,0.54154,153.847,3.7393,19,0.7217,13.713,1.99242,7.45832,4383.048,7707.579,16389.587,0.11669,0.783137,82.192,101.968,0.36252,1.35556,0.921886,C,0.0,0.009979
10562.962,0.53212,172.231,1.1737,25,0.7767,19.418,1.95897,7.05031,3674.113,6888.848,4312.28,0.131901,0.745576,83.124,102.658,0.34783,0.40825,0.913781,C,0.001,-0.015576
8945.928,0.48377,163.971,3.7773,17,0.888,15.096,1.97346,8.1139,2931.651,6014.277,11073.711,0.083534,0.678867,82.166,101.809,0.32771,1.23785,0.943414,C,0.0,-0.01513
12687.629,0.41531,188.513,3.8477,20,0.7171,14.342,1.9326,7.50041,5679.872,7007.757,21854.347,0.072612,0.693072,82.932,103.068,0.44767,1.72249,0.921731,C,0.0,-0.007825
12998.969,0.34127,214.946,1.2585,24,0.7916,18.998,1.89493,6.76634,6518.115,6480.854,8202.824,0.069471,0.614642,83.756,103.66,0.50143,0.63104,0.897927,C,-0.0,-0.066881
11557.81,0.38492,186.276,1.2684,25,0.7623,19.057,1.93607,7.03967,5403.238,6154.573,6853.238,0.073347,0.658463,82.863,102.74,0.4675,0.59295,0.910919,C,-0.001,-0.037674
11734.567,0.59796,187.184,2.7345,21,0.7308,15.348,1.93465,7.41632,3685.086,8049.481,10076.833,0.149424,0.803304,83.899,103.736,0.31404,0.85873,0.921526,C,0.0,-0.018892
12121.286,0.5362,150.933,2.0554,18,0.7059,12.707,1.99814,5.91707,3174.046,8947.241,6524.088,0.274564,0.629017,84.153,100.793,0.26186,0.53823,0.865915,C,-0.001,-0.011905
11432.002,0.66972,150.408,3.4898,22,0.664,14.609,1.99919,7.86596,2812.525,8619.478,9815.235,0.180941,0.829209,82.894,102.085,0.24602,0.85858,0.933531,C,-0.001,-0.009439
11104.228,0.41044,132.299,2.5116,17,0.8707,14.802,2.03803,7.5378,5090.218,6014.01,12784.721,0.066128,0.701855,80.557,100.191,0.4584,1.15134,0.926144,C,0.0,0.050416
8799.141,0.35924,156.521,2.7749,24,0.8804,21.129,1.98727,10.66651,3887.35,4911.791,10786.953,0.018745,0.628717,81.01,101.092,0.44179,1.22591,0.976947,C,0.0,0.008535
12068.199,0.5958,152.066,1.3552,21,0.802,16.842,1.9959,6.69741,3517.071,8551.129,4766.288,0.208295,0.755184,83.326,101.687,0.29143,0.39495,0.898114,C,-0.001,-0.031142
10250.928,0.68939,185.985,1.4869,24,0.7314,17.553,1.93652,6.93582,2026.488,8224.439,3013.251,0.310079,0.782846,85.978,103.547,0.19769,0.29395,0.911082,C,0.001,0.046708
13000.0,0.548,192.952,3.3813,20,0.7027,14.054,1.92587,7.10858,4510.091,8489.909,15250.193,0.143034,0.763131,84.014,103.727,0.34693,1.17309,0.909448,C,0.0,-0.009101
7000.0,0.43102,159.909,1.1862,21,0.8362,17.56,1.9809,6.51265,2944.413,4055.587,3492.605,0.095432,0.67466,82.161,101.572,0.42063,0.49894,0.906868,C,0.0,0.006453
11157.571,0.59397,165.48,3.0685,18,0.7174,12.913,1.97075,6.607,3133.21,8024.362,9614.186,0.216713,0.741274,83.984,102.297,0.28081,0.86167,0.897543,C,-0.001,0.004191
11439.024,0.48347,145.639,1.2596,20,0.6616,13.232,2.00887,5.14535,4207.839,7231.185,5300.167,0.226434,0.633033,83.288,100.525,0.36785,0.46334,0.827715,C,-0.0,0.048383
9972.482,0.66577,165.254,2.2662,20,0.8582,17.164,1.97116,8.08164,2577.378,7395.104,5840.831,0.15211,0.844796,83.122,102.968,0.25845,0.58569,0.940952,C,0.0,-0.019905
11321.685,0.67054,183.718,2.9426,19,0.8847,16.809,1.94009,8.31434,2600.919,8720.766,7653.338,0.165307,0.821222,83.987,103.698,0.22973,0.67599,0.943365,C,0.0,0.007647
11122.97,0.68248,190.019,1.5284,24,0.7471,17.929,1.9303,7.128,2328.272,8794.698,3558.617,0.278091,0.789534,85.696,103.772,0.20932,0.31993,0.914707,C,-0.0,0.019986
10771.956,0.43236,156.822,2.9172,18,0.7494,13.49,1.9867,6.89636,4685.326,6086.63,13667.829,0.091007,0.695122,81.977,101.546,0.43496,1.26883,0.908447,C,0.0,0.015014
9323.993,0.57998,194.055,2.2269,25,0.7957,19.893,1.92422,8.98543,3240.529,6083.464,7216.446,0.070419,0.851419,83.093,104.357,0.34755,0.77397,0.957802,C,0.0,-0.042187
9917.842,0.46646,182.73,3.3445,21,0.7115,14.941,1.94166,7.63186,4221.046,5696.796,14117.415,0.075626,0.75605,82.768,103.222,0.4256,1.42344,0.930998,C,0.0,-0.006861
11544.86,0.30572,175.645,1.6993,26,0.6652,17.295,1.95321,7.28904,6152.308,5392.552,10454.465,0.046816,0.6011,82.129,101.869,0.5329,0.90555,0.918395,C,0.0,0.005141
11886.951,0.52808,190.435,3.4816,25,0.666,16.649,1.92966,8.50204,4371.979,7514.972,15221.44,0.077388,0.790285,83.062,103.795,0.3678,1.28052,0.946101,C,-0.0,-0.047274
10698.366,0.32713,156.607,1.4508,19,0.6844,13.003,1.98711,5.28571,5067.353,5631.013,7351.576,0.11087,0.521738,82.23,100.39,0.47366,0.68717,0.839469,C,0.0,0.025582
9956.749,0.49979,143.25,2.018,26,0.6546,17.021,2.01386,7.96734,3659.533,6297.216,7385.094,0.083532,0.741687,81.295,101.106,0.36754,0.74172,0.938571,C,0.0,0.032229
10833.972,0.54254,183.14,2.8012,26,0.6533,16.986,1.941,8.30183,3746.884,7087.088,10495.867,0.087979,0.782862,82.945,103.418,0.34585,0.96879,0.943917,C,0.0,0.004176
11933.041,0.65657,199.827,2.0759,20,0.7808,15.616,1.91578,6.85173,2060.743,9872.299,4277.975,0.365601,0.717307,87.182,103.72,0.17269,0.3585,0.903839,C,-0.001,-0.002151
8411.869,0.52539,200.507,2.6757,19,0.8104,15.397,1.9148,7.28089,3180.732,5231.137,8510.717,0.103497,0.781914,83.745,104.175,0.37812,1.01175,0.925513,C,0.0,0.016378
8023.397,0.34654,120.0,3.8679,17,0.8762,14.895,2.06808,8.59962,4177.269,3846.128,16157.154,0.030868,0.689399,79.472,99.314,0.52064,2.01375,0.953625,C,-0.0,-0.03274
10197.845,0.57386,175.606,3.31,24,0.7677,18.425,1.95327,9.4737,2859.209,7338.637,9464.032,0.074749,0.768318,82.496,102.97,0.28037,0.92804,0.963479,C,-0.001,0.005416
8455.622,0.39313,153.163,2.6689,27,0.7407,19.998,1.99375,10.03779,3876.761,4578.861,10346.709,0.024369,0.705344,80.945,101.418,0.45848,1.22365,0.97158,C,0.0,0.013755
9111.318,0.41613,139.532,3.2361,20,0.7881,15.763,2.02182,8.47748,4163.717,4947.601,13474.401,0.045603,0.727951,80.626,100.799,0.45698,1.47886,0.94992,C,0.0,0.003677
10213.324,0.34563,170.69,2.561,19,0.8522,16.192,1.96161,7.8462,5211.428,5001.896,13346.468,0.043746,0.660153,81.902,102.019,0.51026,1.30677,0.935416,C,0.0,0.035395
10776.856,0.44422,168.543,1.9028,17,0.7966,13.543,1.96534,5.99809,3795.129,6981.727,7221.541,0.158177,0.599709,83.33,101.515,0.35216,0.6701,0.874606,C,0.0,-0.011665
8786.169,0.3304,187.14,2.0617,25,0.6818,17.045,1.93472,7.57505,4283.96,4502.209,8832.253,0.046073,0.600936,82.534,102.399,0.48758,1.00525,0.932008,C,0.0,0.035881
11700.784,0.34696,130.383,1.1443,26,0.8444,21.954,2.04249,8.36722,5689.554,6011.23,6510.801,0.040104,0.637399,80.12,99.646,0.48625,0.55644,0.943796,C,0.0,-0.021848
7318.093,0.509,143.771,3.8412,18,0.6894,12.409,2.01276,6.88699,2382.407,4935.686,9151.252,0.12907,0.692383,81.919,100.81,0.32555,1.2505,0.917448,C,0.0,0.026986
11070.224,0.58689,161.417,1.9021,18,0.886,15.948,1.97811,7.13003,3641.617,7428.607,6926.716,0.151831,0.800169,82.966,102.479,0.32896,0.62571,0.914898,C,0.0,-0.047622
7703.259,0.55811,201.419,2.8733,19,0.7093,13.477,1.9135,6.48769,2082.388,5620.871,5983.37,0.198461,0.691347,85.029,103.615,0.27033,0.77673,0.903873,C,0.0,0.020772
8077.188,0.45567,205.931,1.1516,21,0.816,17.136,1.90715,5.92132,3503.327,4573.861,4034.477,0.124615,0.709245,84.2,103.921,0.43373,0.49949,0.881385,C,0.0,-0.022883
11411.441,0.58882,189.465,3.1635,27,0.7919,21.382,1.93114,10.69181,3701.444,7709.996,11709.649,0.044851,0.849965,82.598,104.146,0.32436,1.02613,0.975293,C,0.001,0.044475
9657.552,0.41037,196.068,1.5365,22,0.8662,19.057,1.92124,7.53797,4069.313,5588.239,6252.67,0.068904,0.659023,83.141,103.175,0.42136,0.64744,0.929251,C,0.0,-0.000359
8955.896,0.6465,163.382,4.3427,19,0.8208,15.596,1.97453,8.62441,2607.555,6348.341,11323.737,0.105121,0.868876,82.428,103.033,0.29116,1.26439,0.952659,C,0.0,-0.04316
9481.009,0.5399,174.181,3.9065,19,0.7708,14.645,1.95566,7.82101,3165.591,6315.418,12366.52,0.103058,0.758872,82.817,102.84,0.33389,1.30435,0.936267,C,0.0,-0.036607
10703.12,0.51932,170.296,3.4408,19,0.7003,13.305,1.96229,6.94942,3781.96,6921.16,13013.022,0.131814,0.731071,83.05,102.468,0.35335,1.21582,0.910312,C,0.0,-0.030359
10457.265,0.6845,171.105,2.3478,26,0.763,19.837,1.96089,9.36795,2493.38,7963.886,5853.895,0.109638,0.864477,82.788,103.388,0.23844,0.55979,0.961809,C,-0.001,0.032418
10737.949,0.4129,154.755,3.2771,27,0.7579,20.463,1.99066,10.7941,4790.28,5947.669,15698.112,0.021636,0.728026,80.975,101.653,0.44611,1.46193,0.976624,C,0.0,-0.001027
11593.779,0.68278,192.299,2.4551,16,0.7155,11.448,1.92685,5.33558,3063.695,8530.083,7521.636,0.418332,0.777763,87.626,103.795,0.26425,0.64876,0.838095,C,0.001,-0.024175
8975.459,0.3567,195.636,3.4283,23,0.846,19.457,1.92188,9.84082,3925.783,5049.675,13458.735,0.025237,0.614389,82.55,102.861,0.43739,1.4995,0.969054,C,0.001,0.006466
9766.734,0.62111,136.309,1.3776,27,0.8116,21.912,2.02892,8.98261,2519.512,7247.222,3470.957,0.103077,0.801199,81.235,101.091,0.25797,0.35539,0.957188,C,0.0,0.045397
9346.997,0.31562,170.039,2.4153,23,0.8423,19.373,1.96273,9.23868,4492.475,4854.521,10850.539,0.025378,0.584224,81.635,101.486,0.48063,1.16086,0.961354,C,0.001,-0.038514
12352.743,0.55239,213.509,2.1808,20,0.6755,13.51,1.89684,5.92992,4134.438,8218.305,9016.335,0.221742,0.718736,85.721,104.29,0.3347,0.72991,0.865645,C,0.0,-0.038508
12015.748,0.54189,155.625,3.5239,23,0.656,15.087,1.98899,8.08111,4203.899,7811.849,14814.305,0.097085,0.781253,82.007,102.051,0.34987,1.23291,0.937318,C,0.0,0.047683
12611.486,0.46012,157.306,2.5522,23,0.8656,19.908,1.98578,9.81239,5030.82,7580.667,12839.784,0.040109,0.738861,81.325,101.86,0.39891,1.0181,0.965227,C,-0.001,-0.043421
9787.648,0.69017,145.365,2.1026,16,0.7202,11.522,2.00944,5.44933,2429.984,7357.663,5109.396,0.410149,0.782653,85.7,101.497,0.24827,0.52202,0.85246,C,0.001,-0.011507
9860.257,0.68934,130.182,3.7983,20,0.6819,13.637,2.04297,7.71209,2859.757,7000.5,10862.097,0.159188,0.905918,81.682,101.406,0.29003,1.1016,0.933025,C,0.0,-0.048396
11254.487,0.63934,192.882,3.2915,22,0.7234,15.915,1.92597,8.00063,2879.264,8375.223,9477.176,0.157653,0.804939,84.205,104.0,0.25583,0.84208,0.936915,C,-0.0,-0.024515
9869.704,0.45356,194.974,2.7331,18,0.8735,15.724,1.92286,7.52653,4527.892,5341.813,12375.141,0.070678,0.778102,83.128,103.913,0.45877,1.25385,0.92851,C,-0.001,0.005217
11592.471,0.68945,172.506,1.8348,26,0.6816,17.722,1.9585,7.70998,2985.99,8606.481,5478.757,0.188764,0.863166,83.885,103.448,0.25758,0.47261,0.929478,C,0.0,-0.040064
11729.869,0.3152,214.769,3.5588,27,0.8283,22.363,1.89517,11.16069,5630.953,6098.916,20039.456,0.013893,0.593386,83.016,103.513,0.48005,1.70841,0.97884,C,0.0,0.012509
8973.356,0.54787,133.549,2.2789,26,0.8382,21.792,2.03516,10.76236,3033.364,5939.992,6912.616,0.036325,0.809099,80.223,100.976,0.33804,0.77035,0.977587,C,0.0,0.004017
9779.465,0.47725,176.324,3.1032,24,0.8472,20.333,1.95208,10.2858,4216.754,5562.711,13085.48,0.030042,0.816249,81.933,103.321,0.43118,1.33806,0.972858,C,0.0,0.012657
9949.979,0.52707,178.441,2.3914,23,0.6566,15.101,1.94859,7.10345,3410.509,6539.47,8155.77,0.127782,0.735303,83.301,102.887,0.34277,0.81968,0.9169,C,0.0,0.041861
12660.365,0.54702,158.619,3.8453,20,0.8025,16.05,1.98331,8.72219,4362.188,8298.177,16773.722,0.080964,0.792013,81.918,102.28,0.34455,1.3249,0.949003,C,0.0,0.028613
12916.759,0.68438,173.712,3.372,21,0.8657,18.18,1.95645,9.41034,3231.614,9685.145,10897.051,0.110423,0.875886,82.897,103.59,0.25019,0.84364,0.959633,C,0.0,0.044098
10528.799,0.4625,175.2,3.5714,24,0.7318,17.564,1.95395,9.19164,4222.492,6306.307,15079.997,0.046946,0.740739,82.114,102.769,0.40104,1.43226,0.959292,C,0.0,0.012887
9908.607,0.39912,151.796,3.2284,23,0.7131,16.402,1.99643,8.65781,4043.283,5865.323,13053.209,0.047116,0.64177,81.187,100.924,0.40806,1.31736,0.951828,C,0.001,0.031562
7000.0,0.4492,189.232,1.463,25,0.7233,18.083,1.9315,7.07085,3090.098,3909.902,4520.755,0.077951,0.742613,83.027,103.427,0.44144,0.64582,0.923396,C,0.0,-0.020283
10280.414,0.39459,203.318,1.7897,20,0.8537,17.073,1.91081,7.09232,4267.611,6012.803,7637.645,0.080085,0.617806,83.528,103.209,0.41512,0.74293,0.915747,C,0.0,0.031163
9937.019,0.38487,145.356,1.517,22,0.7905,17.391,2.00946,7.31459,5031.53,4905.489,7632.677,0.058643,0.719489,81.06,101.08,0.50634,0.76811,0.922849,C,0.0,-0.048886
8541.673,0.62758,162.713,3.0238,25,0.7559,18.898,1.97574,9.67035,2236.589,6305.084,6762.942,0.077674,0.822644,82.039,102.693,0.26184,0.79176,0.967592,C,0.0,0.018805
11252.899,0.56704,153.16,2.8064,23,0.8055,18.526,1.99376,9.42498,3970.207,7282.692,11141.83,0.061583,0.842595,81.436,102.324,0.35282,0.99013,0.961682,C,0.0,-0.013274
7590.606,0.66,124.806,2.565,24,0.7673,18.416,2.05593,9.54987,1949.724,5640.882,5001.105,0.084266,0.859,80.425,100.753,0.25686,0.65885,0.967205,C,0.0,-0.013121
9543.223,0.52916,147.012,1.1985,18,0.7063,12.714,2.00604,4.82508,3197.052,6346.171,3831.565,0.287814,0.650743,84.158,100.719,0.33501,0.4015,0.817787,C,0.0,0.009203
10301.204,0.64478,158.881,1.281,21,0.6945,14.585,1.98282,5.60692,3062.153,7239.051,3922.704,0.307548,0.787437,84.919,102.263,0.29726,0.3808,0.858213,C,0.0,-0.045318
8171.034,0.44522,198.261,3.904,22,0.7979,17.554,1.91804,9.1019,3570.437,4600.597,13939.079,0.03982,0.759835,82.83,103.934,0.43696,1.70591,0.960918,C,0.0,0.038335
11274.959,0.50181,155.111,3.4472,26,0.8088,21.028,1.98997,11.21589,4030.153,7244.806,13892.778,0.02876,0.764964,81.084,101.916,0.35744,1.23218,0.979514,C,0.0,-0.035801
11481.989,0.61053,155.864,1.2835,16,0.8897,14.236,1.98853,5.50032,2645.487,8836.502,3395.565,0.403688,0.672457,86.064,101.345,0.2304,0.29573,0.847656,C,-0.0,-0.020237
8329.703,0.4623,190.575,3.8546,20,0.7254,14.508,1.92945,7.57086,3108.348,5221.355,11981.406,0.083158,0.688011,83.142,103.127,0.37316,1.4384,0.932876,C,0.0,-0.011981
8294.85,0.58716,160.241,2.0047,17,0.8073,13.724,1.98028,6.25609,2370.17,5924.68,4751.45,0.218291,0.734728,83.796,101.986,0.28574,0.57282,0.893769,C,0.0,-0.010941
10921.714,0.61888,180.246,1.5184,17,0.8175,13.898,1.94565,5.57727,2902.97,8018.745,4407.834,0.339732,0.719934,86.164,102.869,0.2658,0.40358,0.85409,C,-0.001,0.031393
10199.322,0.41853,147.552,1.6032,27,0.7673,20.718,2.00494,8.87559,4586.805,5612.517,7353.568,0.041904,0.726323,80.936,101.248,0.44972,0.72099,0.954973,C,0.0,0.016575
8537.123,0.66016,120.436,2.5717,21,0.8942,18.777,2.06695,9.81666,2682.755,5854.368,6899.203,0.064673,0.933035,79.941,100.952,0.31425,0.80814,0.969214,C,0.0,0.035059
9759.804,0.55999,142.74,2.085,21,0.7992,16.784,2.01494,7.94727,3241.605,6518.199,6758.901,0.103684,0.786917,81.538,101.375,0.33214,0.69252,0.938504,C,0.0,0.008467
9642.134,0.64154,138.042,1.6067,25,0.8242,20.604,2.02508,8.961,2236.396,7405.738,3593.164,0.118867,0.799381,81.524,101.183,0.23194,0.37265,0.957025,C,0.0,-0.025285
9863.902,0.48503,174.856,1.4519,26,0.6861,17.839,1.95453,7.0791,3778.262,6085.64,5485.6,0.105854,0.720446,82.879,102.619,0.38304,0.55613,0.916405,C,0.0,-0.030754
11247.314,0.32193,168.918,4.0348,17,0.7678,13.052,1.96468,7.0638,5629.791,5617.523,22715.204,0.056305,0.588126,82.0,101.457,0.50055,2.01961,0.912454,C,0.0,0.051082
10442.009,0.55338,228.861,2.7043,23,0.7234,16.639,1.87719,7.64985,3135.874,7306.136,8480.418,0.128343,0.735813,84.949,104.994,0.30031,0.81214,0.93035,C,-0.001,-0.018385
12760.049,0.32321,147.398,3.9278,26,0.7996,20.789,2.00526,11.52924,6484.331,6275.719,25469.081,0.012177,0.64459,80.537,100.7,0.50817,1.996,0.980854,C,-0.001,-0.049972
12798.811,0.51063,163.294,1.6226,21,0.8422,17.686,1.97469,7.44541,5239.437,7559.374,8501.453,0.099835,0.795355,82.355,102.543,0.40937,0.66424,0.919963,C,0.0,-0.00824
10921.366,0.5683,169.857,2.504,19,0.7669,14.57,1.96305,7.02292,3419.013,7502.353,8561.203,0.159696,0.754517,83.401,102.601,0.31306,0.78389,0.91203,C,0.0,-0.043281
11658.915,0.54091,214.998,2.5629,25,0.6786,16.966,1.89487,7.80032,3842.061,7816.853,9846.905,0.112366,0.751538,84.323,104.565,0.32954,0.84458,0.931543,C,0.001,0.044616
11947.449,0.35368,138.337,3.6065,19,0.7902,15.014,2.02443,8.2906,5810.805,6136.644,20956.824,0.042277,0.648539,80.527,100.205,0.48636,1.75408,0.941862,C,0.0,0.057396
11699.353,0.39672,212.945,2.9793,26,0.6639,17.261,1.8976,8.27841,5693.899,6005.455,16963.681,0.047259,0.728047,83.4,104.329,0.48668,1.44997,0.942024,C,-0.001,0.025853
8268.351,0.57353,146.719,4.0165,16,0.732,11.712,2.00665,6.53081,2482.21,5786.141,9969.916,0.184191,0.740558,82.777,101.295,0.30021,1.20579,0.903589,C,0.0,-0.0264
11368.835,0.5255,158.318,1.9538,16,0.8285,13.257,1.98387,6.00697,4294.113,7074.722,8389.926,0.176936,0.737069,83.172,101.901,0.37771,0.73798,0.872825,C,0.0,-0.018655
10120.991,0.37876,194.127,3.6103,26,0.7803,20.288,1.92411,10.3979,4614.977,5506.014,16661.408,0.021902,0.677866,82.455,103.215,0.45598,1.64622,0.973633,C,0.0,0.009639
12579.938,0.61952,140.812,1.2938,22,0.7697,16.934,2.01905,6.71122,3508.587,9071.351,4539.325,0.228481,0.77076,83.098,101.157,0.2789,0.36084,0.897139,C,0.0,0.043227
10549.047,0.30682,148.151,2.5258,17,0.7188,12.22,2.00372,6.08417,5806.693,4742.354,14666.544,0.067368,0.600015,81.298,100.448,0.55045,1.39032,0.87914,C,0.0,-0.010229
10851.23,0.49275,160.043,3.1156,20,0.8854,17.707,1.98065,9.16106,4394.749,6456.481,13692.203,0.050538,0.793754,81.574,102.365,0.405,1.26181,0.958462,C,0.0,-0.015862
10398.884,0.43753,185.129,1.0226,18,0.766,13.787,1.93786,4.61171,4102.875,6296.009,4195.642,0.223396,0.577068,84.804,102.151,0.39455,0.40347,0.798548,C,0.0,0.032531
13000.0,0.46449,150.32,3.0033,27,0.7881,21.279,1.99936,11.06014,5824.29,7175.71,17492.264,0.023547,0.822388,80.813,102.036,0.44802,1.34556,0.977288,C,0.0,0.007648
10684.95,0.57516,178.328,2.2244,27,0.7166,19.349,1.94877,8.90574,2922.669,7762.281,6501.319,0.095041,0.755929,82.865,103.017,0.27353,0.60846,0.9548,C,0.0,0.049144
9533.679,0.55238,153.172,2.6732,22,0.7237,15.92,1.99373,7.99462,3294.883,6238.796,8808.011,0.096014,0.793401,81.891,102.0,0.3456,0.92388,0.939928,C,0.0,-0.008276
10539.53,0.38639,132.599,1.2063,18,0.8245,14.841,2.03734,5.77445,5011.986,5527.544,6046.052,0.109414,0.637528,81.143,99.785,0.47554,0.57365,0.86534,C,0.0,0.023489
9244.254,0.50078,171.931,2.2528,25,0.78,19.5,1.95948,9.08456,3389.496,5854.758,7635.88,0.055532,0.758543,82.105,102.729,0.36666,0.82601,0.959341,C,0.0,0.026329
10725.406,0.35919,206.254,2.3751,24,0.7251,17.402,1.9067,7.90309,4796.827,5928.579,11393.086,0.051623,0.608047,83.247,103.266,0.44724,1.06225,0.935723,C,0.0,-0.022694
10034.364,0.58829,179.227,2.6889,23,0.8698,20.006,1.9473,9.71848,3142.067,6892.297,8448.772,0.062672,0.827914,82.47,103.535,0.31313,0.84198,0.966641,C,0.0,-0.032804
10426.915,0.47665,148.206,3.151,23,0.6974,16.04,2.00361,8.46177,3348.492,7078.423,10551.127,0.077771,0.665342,81.438,100.882,0.32114,1.01191,0.947602,C,0.0,0.001348
12984.19,0.35188,148.549,3.7624,25,0.7543,18.857,2.00292,10.34791,6269.58,6714.61,23588.69,0.021227,0.66061,80.706,100.87,0.48286,1.81672,0.970871,C,0.0,0.05389
9451.289,0.53207,169.194,1.4446,21,0.7372,15.48,1.9642,6.17557,2576.141,6875.148,3721.477,0.221095,0.648599,84.186,101.87,0.27257,0.39375,0.886738,C,0.0,-0.038674
10084.212,0.50871,176.039,2.3378,21,0.6666,13.998,1.95255,6.56045,4021.757,6062.455,9402.197,0.1287,0.760796,83.225,102.941,0.39882,0.93237,0.899101,C,0.0,0.047846
9600.462,0.38615,146.366,3.4967,17,0.7827,13.305,2.00737,7.20965,4706.254,4894.208,16456.296,0.062409,0.697462,81.154,100.991,0.49021,1.71411,0.920773,C,0.0,-0.018305
11515.041,0.41889,199.355,3.3974,22,0.8123,17.872,1.91646,8.9815,5287.259,6227.783,17963.121,0.041136,0.739589,82.884,103.847,0.45916,1.55997,0.954909,C,-0.001,0.039037
8140.444,0.57425,166.216,3.197,20,0.6763,13.525,1.96944,6.98251,2807.176,5333.268,8974.545,0.136517,0.804652,82.954,102.752,0.34484,1.10246,0.91802,C,0.0,-0.002042
9484.159,0.60882,180.688,3.9232,22,0.6842,15.053,1.94493,7.97959,2666.488,6817.671,10461.286,0.130573,0.79587,83.419,103.391,0.28115,1.10303,0.939702,C,0.0,-0.005474
9916.715,0.69353,194.501,2.0447,27,0.7481,20.199,1.92356,8.87396,2437.163,7479.551,4983.147,0.126064,0.878429,83.843,104.555,0.24576,0.5025,0.955327,C,0.001,0.046332
11008.851,0.67792,188.385,2.3474,27,0.8383,22.633,1.9328,10.45918,2715.21,8293.642,6373.801,0.072818,0.876021,82.93,104.27,0.24664,0.57897,0.973508,C,-0.001,-0.00045
9895.234,0.30493,171.211,3.8726,18,0.7907,14.233,1.96071,7.6163,5144.766,4750.468,19923.771,0.040662,0.591135,81.881,101.589,0.51992,2.01347,0.930668,C,0.0,-0.010673
9368.506,0.47449,166.723,3.6303,23,0.773,17.78,1.96854,9.44131,3376.242,5992.264,12256.763,0.04743,0.715112,81.798,102.186,0.36038,1.30829,0.963977,C,-0.0,-0.01264
8643.792,0.35216,154.558,2.6812,23,0.7513,17.279,1.99104,8.66706,3801.496,4842.296,10192.632,0.036985,0.599589,81.17,100.795,0.43979,1.17919,0.953811,C,-0.0,0.012045
10895.287,0.64025,170.957,3.2778,20,0.7628,15.256,1.96115,7.87341,2208.573,8686.714,7239.215,0.20616,0.750615,84.056,102.63,0.20271,0.66444,0.934728,C,0.0,0.010263
11987.881,0.66156,198.673,1.7442,17,0.79,13.431,1.91744,5.55727,3031.06,8956.822,5286.824,0.396419,0.751291,87.551,103.895,0.25284,0.44101,0.848492,C,-0.001,-0.046977
10530.471,0.35885,152.301,3.2505,23,0.8742,20.108,1.99544,10.62345,5039.72,5490.751,16381.817,0.018493,0.671252,80.831,101.146,0.47858,1.55566,0.975336,C,-0.0,-0.017614
10428.673,0.55936,146.4,1.6112,24,0.8737,20.97,2.0073,9.01589,3902.157,6526.516,6287.234,0.064525,0.855224,81.184,102.034,0.37418,0.60288,0.956837,C,0.0,-0.037271
10706.655,0.32963,132.332,3.323,24,0.7114,17.073,2.03795,9.34334,5740.301,4966.353,19075.051,0.023858,0.683045,80.0,100.069,0.53614,1.78161,0.961194,C,0.001,0.040002
9091.279,0.30195,179.709,1.5028,19,0.6622,12.582,1.94652,5.03176,4291.554,4799.725,6449.376,0.106931,0.476329,83.072,101.237,0.47205,0.7094,0.832832,C,0.0,-0.036676
9575.185,0.50528,154.483,2.6154,21,0.8601,18.063,1.99118,8.99932,3104.144,6471.041,8118.619,0.065954,0.716021,81.549,101.559,0.32419,0.84788,0.957684,C,0.0,0.017516
9675.319,0.42965,145.027,3.4403,26,0.7158,18.611,2.01014,10.06784,4095.004,5580.315,14087.909,0.029643,0.72318,80.663,101.085,0.42324,1.45607,0.970798,C,0.0,0.040403
11012.513,0.60904,185.022,3.153,17,0.6537,11.113,1.93803,5.58242,2691.698,8320.815,8486.902,0.363879,0.688348,86.654,102.88,0.24442,0.77066,0.853967,C,0.0,-0.007823
10461.847,0.49238,175.216,2.1521,20,0.8057,16.114,1.95392,7.36944,3989.415,6472.432,8585.568,0.099265,0.734682,82.805,102.73,0.38133,0.82066,0.923123,C,0.0,0.015659
8467.016,0.48483,169.51,1.5909,25,0.704,17.6,1.96365,7.2928,3796.237,4670.778,6039.573,0.08035,0.813569,82.34,102.974,0.44836,0.71331,0.925694,C,0.001,0.035538
11766.862,0.67804,139.935,2.0289,16,0.7967,12.747,2.02095,6.00724,2492.779,9274.083,5057.529,0.411663,0.749636,85.476,100.966,0.21185,0.42981,0.871379,C,-0.0,0.031745
12526.146,0.30346,166.906,3.8568,26,0.8932,23.222,1.96822,12.48674,6441.437,6084.709,24843.326,0.008029,0.616209,81.285,101.543,0.51424,1.98332,0.986395,C,0.0,0.013519
9652.725,0.59411,137.588,3.3126,22,0.8828,19.422,2.02608,10.53366,3315.967,6336.758,10984.352,0.042876,0.882567,80.5,101.705,0.34353,1.13795,0.975209,C,0.0,-0.008449
10491.869,0.69619,150.012,3.154,18,0.8622,15.52,1.99998,8.16807,2580.022,7911.847,8137.475,0.16472,0.869499,82.663,102.33,0.24591,0.7756,0.941818,C,0.0,0.010001
10329.902,0.60842,185.066,0.99,25,0.6877,17.192,1.93796,5.65891,3332.564,6997.338,3299.268,0.262801,0.773024,85.321,103.441,0.32261,0.31939,0.86065,C,0.0,0.007613
11120.704,0.4015,165.351,3.3957,18,0.703,12.654,1.97098,6.63286,5094.019,6026.685,17297.537,0.0889,0.66572,82.292,101.791,0.45807,1.55544,0.898575,C,-0.0,0.019629
7797.408,0.63289,154.015,2.5634,19,0.7965,15.134,1.99209,7.50291,2292.14,5505.268,5875.609,0.145507,0.835819,82.579,102.325,0.29396,0.75353,0.932416,C,0.0,-0.02846
12288.375,0.46273,158.176,3.301,25,0.7828,19.57,1.98414,10.29165,4582.29,7706.085,15125.985,0.036159,0.716378,81.308,101.757,0.3729,1.23092,0.970861,C,0.0,0.03898
9797.87,0.43588,158.28,3.0002,22,0.8581,18.878,1.98395,9.69997,4511.863,5286.007,13536.29,0.031556,0.780997,81.252,102.189,0.46049,1.38155,0.966663,C,0.0,-0.036382
11839.44,0.62474,149.95,2.9872,26,0.8817,22.925,2.0001,11.9057,3490.627,8348.813,10427.193,0.034654,0.87145,80.944,102.339,0.29483,0.88072,0.983646,C,0.0,0.034469
9890.272,0.68578,157.77,3.6182,22,0.8003,17.607,1.98491,9.45724,2372.704,7517.568,8584.82,0.104038,0.869396,82.188,102.746,0.2399,0.86801,0.963605,C,0.0,-0.044196
9519.825,0.61698,147.962,3.6593,24,0.8368,20.084,2.00411,10.96568,2624.526,6895.299,9603.872,0.047504,0.833743,81.027,101.98,0.27569,1.00883,0.978773,C,0.0,-0.041129
9896.76,0.66149,151.746,2.3417,26,0.8421,21.895,1.99653,10.60848,2956.857,6939.903,6924.216,0.053866,0.920372,81.274,102.76,0.29877,0.69964,0.975671,C,0.0,0.041309
11216.143,0.39652,172.67,1.2829,22,0.7194,15.827,1.95822,5.97709,4668.966,6547.178,5990.04,0.121876,0.592382,83.009,101.668,0.41627,0.53406,0.872054,C,-0.001,-0.040276
9131.442,0.62906,135.821,2.496,17,0.6706,11.4,2.03001,5.76282,2868.273,6263.169,7159.239,0.259525,0.798293,83.277,101.042,0.31411,0.78402,0.870411,C,0.0,-0.007616
9443.079,0.56791,139.353,3.524,21,0.651,13.67,2.02221,7.49855,2872.975,6570.104,10124.507,0.133027,0.758073,81.772,100.987,0.30424,1.07216,0.928734,C,0.0,0.0173
9367.88,0.43367,150.802,4.051,27,0.7612,20.552,1.9984,11.41183,4306.952,5060.928,17447.432,0.017048,0.788217,80.748,101.837,0.45976,1.86247,0.981926,C,-0.0,0.034117
7494.604,0.48672,147.951,1.9089,25,0.7424,18.56,2.00413,8.46726,3012.965,4481.64,5751.581,0.057816,0.775068,81.163,101.592,0.40202,0.76743,0.952245,C,-0.001,0.000323
11913.91,0.31416,124.014,1.2402,27,0.8846,23.884,2.0579,9.54252,6318.068,5595.842,7835.927,0.022201,0.643794,79.566,99.281,0.53031,0.65771,0.962524,C,0.0,0.037033
10930.803,0.69256,180.077,2.9041,22,0.7442,16.373,1.94592,8.10837,2668.625,8262.178,7750.02,0.170721,0.861112,83.927,103.793,0.24414,0.70901,0.939818,C,0.0,-0.014025
10525.926,0.63948,205.311,2.2623,24,0.7399,17.759,1.90802,7.95628,2744.828,7781.098,6209.568,0.153812,0.810798,84.565,104.566,0.26077,0.58993,0.937278,C,0.0,0.032978
11784.57,0.66267,209.477,1.2919,26,0.7896,20.528,1.90227,7.44094,3273.016,8511.553,4228.287,0.185895,0.846011,85.122,104.968,0.27774,0.3588,0.922088,C,0.001,-0.023773
8843.505,0.33684,142.343,3.3856,18,0.7443,13.398,2.01578,7.25027,5163.6,3679.905,17481.903,0.044025,0.747715,80.733,101.093,0.58389,1.97681,0.923687,C,-0.0,-0.001433
9837.917,0.30131,166.575,1.8329,25,0.7991,19.978,1.9688,8.75609,5217.865,4620.052,9563.687,0.026385,0.611804,81.514,101.497,0.53038,0.97213,0.953556,C,0.0,0.023109
13000.0,0.67066,155.953,3.0977,23,0.7983,18.361,1.98836,9.5398,3404.861,9595.139,10547.21,0.099013,0.873507,82.046,102.677,0.26191,0.81132,0.961332,C,0.0,0.033415
11658.997,0.58904,154.106,1.8192,19,0.8942,16.99,1.99191,7.55494,4082.449,7576.548,7426.647,0.125489,0.838816,82.319,102.35,0.35015,0.63699,0.925403,C,0.0,-0.016537
7000.0,0.44707,182.092,1.3153,17,0.8106,13.78,1.94268,5.19846,2914.673,4085.327,3833.595,0.158396,0.653024,83.837,102.513,0.41638,0.54766,0.852477,C,0.0,0.000877
7000.0,0.36445,158.552,1.5856,24,0.759,18.215,1.98343,7.64986,2946.901,4053.099,4672.605,0.054152,0.590061,81.561,100.943,0.42099,0.66752,0.937448,C,0.0,-0.006232
8360.701,0.34368,137.015,1.2848,21,0.7351,15.436,2.02735,6.1344,3977.034,4383.666,5109.505,0.080258,0.582667,80.967,99.691,0.47568,0.61113,0.888916,C,0.001,-0.000592
11784.223,0.44799,171.694,3.9559,22,0.697,15.333,1.95988,8.23573,4798.301,6985.922,18981.582,0.064904,0.711114,82.22,102.405,0.40718,1.61076,0.941009,C,0.0,-0.001803
9504.706,0.66791,203.809,1.5814,26,0.7072,18.386,1.91012,7.28936,2464.606,7040.1,3897.506,0.19788,0.832454,85.099,104.646,0.2593,0.41006,0.923176,C,0.0,0.032544
9623.535,0.67842,168.818,3.0488,17,0.7858,13.359,1.96486,6.79445,1913.979,7709.556,5835.252,0.312741,0.7692,85.381,102.647,0.19889,0.60635,0.908317,C,0.0,0.028433
11374.366,0.45561,209.998,1.2899,16,0.6628,10.605,1.90157,3.83922,4737.278,6637.088,6110.758,0.29714,0.568711,86.607,103.159,0.41649,0.53724,0.728372,C,0.0,0.055155
8707.436,0.69592,176.714,3.7289,19,0.8743,16.612,1.95143,8.75763,2143.515,6563.92,7992.889,0.126754,0.881791,83.224,103.772,0.24617,0.91794,0.955163,C,0.001,-0.02582
10733.797,0.68043,185.222,2.5653,25,0.7537,18.842,1.93771,8.96823,2372.261,8361.535,6085.574,0.136343,0.834795,83.658,103.856,0.22101,0.56695,0.955715,C,0.001,-0.011299
11726.785,0.48633,211.569,3.363,18,0.7041,12.674,1.89944,6.26747,5033.471,6693.315,16927.412,0.132892,0.752114,84.488,104.433,0.42923,1.44348,0.88271,C,-0.001,0.043403
10593.583,0.61765,147.608,1.8459,23,0.7205,16.57,2.00483,7.47576,3037.068,7556.515,5606.107,0.160198,0.801501,82.5,101.747,0.28669,0.5292,0.925642,C,0.0,0.039991
10559.263,0.44793,209.729,3.5308,19,0.7648,14.53,1.90193,7.27944,3933.439,6625.824,13888.295,0.095674,0.657042,83.939,103.731,0.37251,1.31527,0.920434,C,0.0,0.03818
9052.142,0.49624,202.638,2.7526,26,0.6766,17.591,1.91177,8.36163,3247.018,5805.125,8937.774,0.072017,0.73352,83.399,103.945,0.3587,0.98737,0.947943,C,-0.001,0.019161
10875.306,0.37222,158.555,2.8708,23,0.6771,15.573,1.98343,7.90959,4814.416,6060.889,13821.258,0.054159,0.624868,81.561,101.173,0.44269,1.27088,0.935587,C,0.001,0.006856
9404.939,0.67001,182.293,2.5458,27,0.796,21.491,1.94235,10.24411,2446.215,6958.724,6227.535,0.070143,0.880884,82.68,104.026,0.2601,0.66216,0.97277,C,0.0,-0.010311
12377.546,0.4764,169.049,1.0775,16,0.7029,11.247,1.96445,3.93877,4449.037,7928.509,4794.019,0.357733,0.542993,85.984,101.166,0.35944,0.38732,0.730092,C,0.0,-0.029326
12904.687,0.58269,174.214,1.9207,16,0.878,14.048,1.95561,6.19613,3990.874,8913.813,7665.183,0.23419,0.738714,84.549,102.709,0.30926,0.59398,0.875705,C,0.0,0.050829
8912.357,0.49141,166.62,2.5077,27,0.6526,17.621,1.96872,8.5334,3470.27,5442.087,8702.318,0.061598,0.765492,81.981,102.514,0.38938,0.97643,0.951192,C,0.0,-0.0144
7338.818,0.54121,153.31,1.9702,17,0.7632,12.974,1.99346,5.93686,2530.755,4808.063,4986.034,0.180795,0.730918,83.016,101.595,0.34485,0.67941,0.884802,C,0.0,-0.005952
9250.11,0.69363,210.597,1.3092,26,0.6614,17.197,1.90075,6.26176,2318.573,6931.537,3035.417,0.302247,0.82454,86.693,104.872,0.25065,0.32815,0.890778,C,0.0,0.042548
10541.568,0.56838,204.853,1.9929,26,0.7315,19.018,1.90865,8.18584,3618.24,6923.328,7210.871,0.095889,0.815306,83.786,104.576,0.34324,0.68404,0.942094,C,0.0,0.036146
12075.399,0.52389,176.87,1.7239,16,0.7341,11.746,1.95117,4.96877,4289.313,7786.086,7394.276,0.275243,0.660866,85.19,102.321,0.35521,0.61234,0.813378,C,-0.0,0.017894
11651.728,0.34208,194.776,3.3403,26,0.8509,22.123,1.92315,11.13435,6046.618,5605.11,20197.579,0.014046,0.695956,82.373,103.363,0.51895,1.73344,0.978692,C,0.0,-0.017617
8866.148,0.66232,191.626,3.5073,19,0.6923,13.154,1.92786,6.71875,2289.639,6576.509,8030.529,0.235902,0.810774,85.195,103.983,0.25825,0.90575,0.908019,C,-0.0,0.034216
9155.871,0.44767,170.827,3.5894,24,0.7292,17.501,1.96137,9.22047,3704.86,5451.011,13298.163,0.042777,0.722863,81.895,102.44,0.40464,1.45242,0.961335,C,-0.0,-0.00819
11868.603,0.68072,193.004,3.7208,20,0.6847,13.694,1.92579,7.073,2574.927,9293.676,9580.732,0.278723,0.792097,85.807,103.92,0.21695,0.80723,0.911168,C,0.0,0.011177
8499.029,0.51801,187.429,1.0272,22,0.756,16.632,1.93428,5.55985,3247.848,5251.181,3336.15,0.184923,0.724031,84.377,103.224,0.38214,0.39253,0.863581,C,0.0,-0.037614
11574.592,0.30164,142.901,4.2881,18,0.7405,13.329,2.0146,7.57056,5797.086,5777.506,24858.471,0.044574,0.559581,80.765,99.884,0.50085,2.14768,0.925989,C,0.0,-0.021965
9744.574,0.49985,120.0,3.747,20,0.6643,13.285,2.06808,7.6198,3933.596,5810.977,14739.231,0.085357,0.780432,80.191,99.915,0.40367,1.51256,0.931067,C,0.001,-0.007042
11035.477,0.53975,159.406,3.9056,27,0.7107,19.189,1.98184,10.45015,2974.705,8060.773,11617.91,0.053256,0.71928,81.584,101.841,0.26956,1.05278,0.973403,C,-0.001,0.025018
11699.2,0.64919,175.727,1.3701,18,0.7649,13.769,1.95307,5.32809,2550.772,9148.429,3494.695,0.484798,0.695021,87.913,102.492,0.21803,0.29871,0.83718,C,-0.001,0.044212
11147.145,0.60425,168.177,2.2111,21,0.6523,13.697,1.96598,6.37577,2754.61,8392.535,6090.608,0.271569,0.713448,84.813,102.248,0.24711,0.54638,0.88894,C,0.0,-0.041628
11255.337,0.48382,164.688,4.0904,21,0.8652,18.169,1.97217,9.91514,4321.333,6934.004,17676.117,0.040677,0.759986,81.629,102.38,0.38394,1.57047,0.967721,C,0.0,0.032321
8922.839,0.58742,154.178,1.5069,24,0.7257,17.417,1.99177,7.21365,2802.863,6119.976,4223.675,0.144906,0.790087,82.578,102.032,0.31412,0.47336,0.922512,C,0.0,-0.011058
10484.96,0.43021,161.675,1.2657,17,0.8994,15.29,1.97764,5.82467,4052.659,6432.301,5129.635,0.147032,0.608626,82.913,101.228,0.38652,0.48924,0.867899,C,-0.0,-0.001545
10136.727,0.36337,191.668,3.1999,18,0.7232,13.017,1.9278,6.50979,4773.109,5363.618,15273.679,0.079382,0.616099,83.13,102.7,0.47087,1.50677,0.897134,C,0.0,-0.036135
10982.196,0.59713,187.569,3.8849,21,0.7146,15.007,1.93406,7.87231,3120.517,7861.679,12122.847,0.137573,0.779547,83.756,103.597,0.28414,1.10386,0.934537,C,0.0,-0.048467
11708.988,0.63915,158.517,3.7282,26,0.8178,21.262,1.9835,11.4819,2846.596,8862.392,10612.556,0.049685,0.82848,81.501,102.515,0.24311,0.90636,0.981101,C,0.0,0.052034
9518.07,0.44,158.678,1.3888,25,0.8306,20.764,1.9832,8.26578,4030.05,5488.02,5596.804,0.056746,0.72143,81.6,101.817,0.42341,0.58802,0.945393,C,0.0,0.039314
8811.42,0.46644,185.112,4.0569,21,0.7825,16.433,1.93789,8.7219,3695.514,5115.906,14992.374,0.050657,0.766777,82.523,103.402,0.4194,1.70147,0.954451,C,0.0,0.036037
8904.733,0.31574,153.016,1.521,18,0.6729,12.113,1.99404,5.04379,4525.144,4379.589,6882.81,0.102835,0.535729,81.974,100.29,0.50817,0.77294,0.834492,C,0.0,-0.035621
9453.257,0.58653,179.168,2.2101,21,0.8978,18.854,1.9474,8.65179,2670.092,6783.166,5901.224,0.09887,0.778489,82.946,103.206,0.28245,0.62425,0.952388,C,-0.001,0.006716
11613.416,0.63098,177.722,3.0425,22,0.8877,19.53,1.94977,9.8145,3078.16,8535.256,9365.442,0.080423,0.829532,82.649,103.475,0.26505,0.80643,0.966217,C,0.0,0.010386
8797.484,0.65565,146.96,2.5105,26,0.811,21.085,2.00615,10.49816,2103.707,6693.777,5281.346,0.067041,0.840642,81.242,101.97,0.23913,0.60032,0.975549,C,0.0,-0.034321
11814.784,0.48327,164.425,3.7458,21,0.654,13.734,1.97264,7.36452,4300.233,7514.551,16107.719,0.106346,0.698972,82.486,101.964,0.36397,1.36335,0.919907,C,0.0,-0.042657
10495.475,0.60998,167.948,2.35,22,0.6868,15.11,1.96638,7.16716,2819.351,7676.124,6625.599,0.187562,0.765127,83.695,102.577,0.26863,0.63128,0.917401,C,0.0,0.017
9575.662,0.42434,145.458,1.9791,23,0.6729,15.478,2.00925,7.17461,4820.879,4754.784,9541.097,0.067551,0.786095,81.182,101.525,0.50345,0.99639,0.919856,C,-0.001,-0.030713
7969.775,0.40942,130.648,2.0489,24,0.8864,21.273,2.04187,10.20525,3464.96,4504.815,7099.523,0.024854,0.705219,79.932,100.111,0.43476,0.89081,0.973608,C,0.0,-0.013965
10374.247,0.65601,158.185,2.1488,19,0.6694,12.718,1.98413,5.94674,2727.118,7647.129,5859.919,0.31484,0.777679,84.987,102.162,0.26287,0.56485,0.873839,C,0.0,-0.00769
10907.46,0.5386,154.621,1.9038,21,0.8724,18.321,1.99092,8.27138,4140.347,6767.114,7882.349,0.080602,0.818823,81.748,102.245,0.37959,0.72266,0.943195,C,-0.001,-0.03088
7353.667,0.48782,180.334,1.4422,17,0.7458,12.678,1.9455,4.98264,2949.441,4404.226,4253.795,0.19576,0.683411,84.267,102.632,0.40108,0.57846,0.839047,C,0.0,-0.013229
11665.204,0.30497,168.948,2.1983,17,0.6677,11.351,1.96463,5.26861,6185.495,5479.709,13597.668,0.095522,0.541399,82.519,101.15,0.53025,1.16566,0.833917,C,0.0,-0.022562
12567.94,0.32014,178.165,4.101,21,0.8542,17.938,1.94904,9.62396,6086.43,6481.51,24960.41,0.024524,0.597732,81.928,101.966,0.48428,1.98604,0.962901,C,0.0,0.030767
10578.645,0.49852,121.354,3.2816,20,0.7525,15.049,2.0646,8.36173,3967.153,6611.492,13018.548,0.07246,0.754173,80.092,99.833,0.37502,1.23064,0.945491,C,0.0,-0.002557
10702.976,0.69195,135.947,3.263,23,0.8192,18.841,2.02973,10.20895,2373.494,8329.481,7744.765,0.089425,0.863636,81.038,101.481,0.22176,0.72361,0.97134,C,0.001,0.034889
13000.0,0.30473,178.232,2.8332,24,0.7739,18.573,1.94893,9.16024,7479.13,5520.87,21189.933,0.023391,0.685858,81.915,102.55,0.57532,1.62999,0.955839,C,0.0,0.012814
11810.649,0.60727,180.125,2.9789,20,0.8712,17.424,1.94584,8.68388,3283.853,8526.797,9782.116,0.110221,0.798687,83.13,103.384,0.27804,0.82825,0.949534,C,-0.001,0.061341
8685.236,0.69882,131.795,1.9915,24,0.6938,16.652,2.03919,7.89896,2233.762,6451.474,4448.501,0.164424,0.883845,81.83,101.361,0.25719,0.51219,0.939486,C,0.0,0.029501
10079.602,0.32528,162.938,1.9239,26,0.8672,22.546,1.97533,10.099,5158.673,4920.929,9924.88,0.018583,0.646803,81.268,101.544,0.51179,0.98465,0.970761,C,0.0,-0.042322
10355.283,0.43329,196.213,3.3584,26,0.8038,20.899,1.92103,10.51368,4226.835,6128.448,14195.59,0.027066,0.713473,82.594,103.54,0.40818,1.37085,0.974503,C,0.0,-0.045125
10087.457,0.37587,145.679,3.4575,17,0.81,13.77,2.00879,7.45,4848.194,5239.263,16762.862,0.057803,0.670193,81.063,100.772,0.48062,1.66175,0.926088,C,0.0,0.014917
7322.846,0.66994,133.187,3.2799,25,0.7722,19.306,2.03598,10.519,1431.207,5891.639,4694.282,0.079383,0.813393,80.774,100.982,0.19544,0.64105,0.976841,C,-0.0,0.036023
11161.131,0.32981,167.423,3.307,24,0.7,16.8,1.9673,8.72878,5388.007,5773.124,17818.293,0.033312,0.60652,81.639,101.504,0.48275,1.59646,0.951239,C,0.0,0.052157
9179.436,0.3535,200.914,4.1264,18,0.7061,12.71,1.91422,6.64286,4473.677,4705.759,18460.331,0.06918,0.623798,83.305,103.148,0.48736,2.01105,0.904624,C,0.0,-0.001402
10434.858,0.31735,171.577,4.1863,16,0.6781,10.85,1.96009,5.89405,5650.876,4783.981,23656.406,0.075443,0.603086,82.354,101.686,0.54154,2.26706,0.871259,C,0.001,0.031183
10373.734,0.68032,178.854,2.8858,19,0.727,13.813,1.94791,6.83994,2657.016,7716.717,7667.667,0.245135,0.830164,84.865,103.532,0.25613,0.73914,0.907711,C,0.001,-0.009554
11370.843,0.53587,190.449,2.772,22,0.817,17.974,1.92964,8.6825,3782.862,7587.981,10486.141,0.08031,0.762979,83.101,103.616,0.33268,0.9222,0.950142,C,0.0,0.021836
9572.373,0.37679,155.049,3.8894,17,0.6969,11.848,1.99009,6.48593,4530.291,5042.082,17620.286,0.081191,0.642391,81.774,101.104,0.47327,1.84074,0.898021,C,0.0,-0.032532
8887.409,0.5373,169.655,3.563,22,0.6697,14.734,1.9634,7.76196,2502.625,6384.783,8916.824,0.121903,0.700125,82.894,102.233,0.28159,1.00331,0.936113,C,0.001,-0.018838
10827.836,0.63957,147.864,1.8466,26,0.7811,20.307,2.00431,9.15941,3077.927,7749.909,5683.584,0.093447,0.856465,81.63,102.125,0.28426,0.5249,0.958467,C,0.0,0.010214
12166.368,0.63756,166.222,2.7716,21,0.8793,18.465,1.96943,9.1966,3255.722,8910.646,9023.521,0.101502,0.833427,82.492,102.942,0.2676,0.74168,0.957397,C,0.0,-0.045676
9501.987,0.63864,171.371,2.3006,26,0.7822,20.338,1.96044,9.54307,2788.417,6713.569,6415.026,0.075963,0.872347,82.353,103.453,0.29346,0.67512,0.965095,C,0.001,-0.029319
12050.693,0.34048,173.396,3.8375,24,0.6875,16.501,1.95699,8.78853,5971.152,6079.541,22914.173,0.033658,0.641835,81.871,102.03,0.4955,1.90148,0.951017,C,0.0,-0.019279
10335.745,0.55585,160.766,1.5243,17,0.8936,15.191,1.97931,6.26312,3752.309,6583.435,5719.794,0.17272,0.774224,83.216,102.274,0.36304,0.5534,0.887192,C,0.001,-0.028332
9634.564,0.69992,182.034,3.3908,27,0.8307,22.429,1.94277,11.50276,2484.957,7149.608,8425.964,0.047898,0.92654,82.377,104.316,0.25792,0.87456,0.982349,C,-0.001,0.001768
12146.097,0.50776,154.382,2.0911,27,0.8955,24.179,1.99138,11.26727,4325.978,7820.118,9045.979,0.029407,0.772375,81.062,101.926,0.35616,0.74476,0.979373,C,0.001,0.024537
9252.862,0.40732,179.543,2.2594,22,0.7586,16.69,1.94679,7.70718,4705.618,4547.244,10631.983,0.052752,0.774244,82.351,103.195,0.50856,1.14905,0.934137,C,-0.0,-0.031394
11385.381,0.68478,198.655,1.8104,19,0.8602,16.345,1.91747,6.85439,2614.869,8770.511,4734.01,0.281999,0.804872,86.04,104.248,0.22967,0.4158,0.905421,C,0.001,-0.047972
9361.764,0.5867,162.763,3.3636,22,0.7496,16.492,1.97565,8.65599,2819.735,6542.029,9484.389,0.092349,0.799776,82.235,102.545,0.3012,1.0131,0.95259,C,-0.0,-0.010554
11128.132,0.62186,174.716,3.4005,24,0.6733,16.159,1.95476,8.36935,3078.686,8049.446,10469.099,0.124176,0.812207,83.116,103.218,0.27666,0.94078,0.944756,C,0.0,0.024865
8029.574,0.62767,149.614,3.6199,27,0.8569,23.136,2.00077,12.5727,2385.376,5644.198,8634.886,0.024396,0.882627,80.794,102.394,0.29707,1.07539,0.988454,C,-0.0,0.007532
8696.192,0.52439,163.05,1.4236,18,0.7872,14.17,1.97513,5.6651,3354.223,5341.969,4775.158,0.179867,0.740719,83.402,102.17,0.38571,0.54911,0.8677,C,0.0,-0.015841
11654.281,0.60501,181.247,1.136,18,0.8435,15.184,1.94403,5.36811,3013.584,8640.697,3423.426,0.375171,0.685167,86.668,102.686,0.25858,0.29375,0.839651,C,0.0,0.026784
10183.762,0.58934,141.688,2.8323,16,0.7986,12.777,2.01718,6.6263,2891.788,7291.974,8190.38,0.205248,0.741663,82.831,101.016,0.28396,0.80426,0.901106,C,0.0,-0.022719
10035.207,0.3569,155.102,3.4118,21,0.8421,17.684,1.98999,9.41067,4723.587,5311.62,16115.848,0.028171,0.649231,81.076,101.152,0.4707,1.60593,0.962846,C,0.0,0.028845
9313.908,0.36425,133.216,3.7871,21,0.7178,15.073,2.03592,8.47762,4282.348,5031.561,16217.877,0.03992,0.640286,80.255,99.841,0.45978,1.74125,0.94961,C,-0.001,0.00159
10618.163,0.41064,150.819,1.7102,19,0.6594,12.529,1.99837,5.47348,4905.669,5712.494,8389.638,0.133293,0.648817,82.283,100.917,0.46201,0.79012,0.850034,C,0.0,-0.012103
7987.977,0.61065,183.234,2.3637,25,0.8924,22.31,1.94085,10.39608,2034.385,5953.592,4808.76,0.059228,0.799078,82.569,103.53,0.25468,0.602,0.975298,C,0.0,-0.018788
8311.693,0.58299,191.118,2.222,17,0.7497,12.745,1.92863,5.77309,2524.384,5787.31,5609.271,0.241601,0.731908,85.253,103.44,0.30371,0.67487,0.874136,C,-0.001,-0.038284
9800.206,0.37559,185.593,2.779,16,0.8472,13.556,1.93713,6.59129,4303.323,5496.884,11959.006,0.084652,0.603355,82.989,102.345,0.43911,1.22028,0.901032,C,-0.001,0.002027
9161.364,0.40573,146.273,3.0527,19,0.8324,15.816,2.00756,8.30287,4148.83,5012.535,12664.941,0.047769,0.702019,80.957,101.016,0.45286,1.38243,0.946682,C,-0.001,-0.040053
8996.054,0.36407,165.054,2.601,23,0.8301,19.093,1.97151,9.36128,4085.935,4910.119,10627.61,0.029358,0.642602,81.494,101.624,0.45419,1.18136,0.963375,C,0.0,-0.01379
10595.658,0.37783,188.46,2.8355,18,0.8345,15.02,1.93268,7.31655,4832.074,5763.584,13701.226,0.065139,0.639981,82.831,102.716,0.45604,1.2931,0.921376,C,0.0,0.016742
9950.894,0.65497,180.177,1.6405,26,0.7448,19.365,1.94576,8.00841,2755.301,7195.593,4519.938,0.143208,0.850927,83.568,103.731,0.27689,0.45422,0.939458,C,0.0,0.031533
9712.096,0.59984,166.024,1.2497,26,0.8938,23.238,1.96978,8.75115,1785.371,7926.725,2231.242,0.151235,0.700886,83.141,102.057,0.18383,0.22974,0.953652,C,-0.0,-0.037497
12495.986,0.55632,180.479,3.8924,18,0.7285,13.113,1.94527,6.94187,4115.571,8380.415,16019.458,0.159896,0.750999,83.799,103.085,0.32935,1.28197,0.905338,C,0.0,0.020306
12095.573,0.59848,147.995,1.5994,18,0.7146,12.864,2.00404,5.50221,3307.354,8788.219,5289.842,0.339095,0.696097,84.878,101.073,0.27344,0.43734,0.845073,C,0.0,-0.001557
11847.448,0.52519,178.532,3.7625,16,0.8565,13.704,1.94844,7.22148,4128.806,7718.642,15534.693,0.127015,0.73818,83.294,102.91,0.3485,1.31123,0.915717,C,0.0,-0.006231
9855.089,0.55022,171.743,2.0995,25,0.7661,19.152,1.9598,8.72862,3139.499,6715.59,6591.458,0.081034,0.769567,82.434,102.793,0.31857,0.66884,0.953083,C,0.0,-0.035542
9242.28,0.48434,144.1,1.6803,21,0.6615,13.891,2.01207,6.08867,3586.803,5655.477,6026.798,0.144791,0.699693,82.142,100.877,0.38809,0.65209,0.883984,C,0.0,-0.028567
8193.789,0.63937,159.718,1.1923,18,0.7314,13.166,1.98126,4.89566,2142.029,6051.76,2553.845,0.416929,0.718103,86.397,101.849,0.26142,0.31168,0.829529,C,0.0,0.001853
9537.543,0.41026,196.36,2.2259,27,0.8973,24.228,1.92082,10.9125,4684.267,4853.276,10426.872,0.018074,0.788796,82.48,104.044,0.49114,1.09325,0.978363,C,0.0,-0.035746
7150.291,0.6737,178.344,2.4308,23,0.7685,17.675,1.94874,8.35522,1776.591,5373.7,4318.467,0.13316,0.852413,83.368,103.655,0.24846,0.60396,0.95089,C,0.0,-0.031549
9069.236,0.64446,147.196,2.4339,26,0.807,20.982,2.00567,10.3504,1927.607,7141.629,4691.508,0.078733,0.797159,81.406,101.696,0.21254,0.5173,0.974034,C,0.0,-0.020281
11277.94,0.39523,164.475,2.0068,16,0.7065,11.303,1.97255,5.12497,5286.693,5991.248,10609.316,0.145622,0.615491,83.006,101.416,0.46876,0.94071,0.827286,C,-0.001,-0.037805
13000.0,0.64025,166.871,1.7224,26,0.8897,23.131,1.96828,9.91008,2777.782,10222.218,4784.499,0.101779,0.786573,82.521,102.665,0.21368,0.36804,0.966033,C,0.0,0.009447
11492.74,0.42153,162.231,2.9058,22,0.812,17.865,1.97662,9.05637,4706.789,6785.95,13677.12,0.045181,0.682569,81.591,101.744,0.40954,1.19007,0.956104,C,0.001,-0.001847
8861.854,0.45138,186.982,2.8168,17,0.7496,12.744,1.93497,6.20813,3726.617,5135.237,10497.294,0.118035,0.69329,83.478,103.001,0.42052,1.18455,0.890034,C,0.0,-0.016039
10816.884,0.59951,184.027,3.1636,20,0.8943,17.886,1.9396,9.00328,2943.272,7873.612,9311.344,0.096618,0.787503,83.091,103.489,0.2721,0.86082,0.956148,C,0.0,-0.035998
8871.317,0.33506,185.102,3.6695,21,0.7181,15.08,1.9379,7.84036,4585.191,4286.126,16825.283,0.040275,0.650417,82.385,102.633,0.51686,1.89659,0.937873,C,0.0,-0.014308
11434.922,0.45489,143.037,1.5019,19,0.8525,16.197,2.01431,6.80904,4884.537,6550.386,7335.955,0.102477,0.717679,81.536,100.935,0.42716,0.64154,0.90377,C,-0.001,0.004496
9847.909,0.61101,179.376,1.832,22,0.752,16.544,1.94706,7.13087,2912.565,6935.344,5335.716,0.169518,0.796418,83.886,103.334,0.29575,0.54181,0.917946,C,0.0,0.005887
11296.417,0.67199,152.101,2.6905,18,0.7282,13.108,1.99583,6.60387,2055.777,9240.64,5530.987,0.380266,0.736885,85.598,101.569,0.18198,0.48962,0.897018,C,0.0,0.048157
13000.0,0.44523,177.9,1.4738,23,0.8443,19.42,1.94947,7.7234,5596.188,7403.812,8247.593,0.075524,0.724674,82.591,102.791,0.43048,0.63443,0.926979,C,0.0,-0.00656
11526.138,0.42731,186.306,3.2919,26,0.7932,20.622,1.93602,10.44934,5227.182,6298.956,17207.48,0.025425,0.760814,82.232,103.417,0.45351,1.49291,0.973016,C,0.0,-0.000984
12998.603,0.59789,193.081,2.8208,24,0.8344,20.027,1.92567,9.68832,3854.341,9144.262,10872.164,0.074016,0.818709,83.108,104.099,0.29652,0.83641,0.963292,C,-0.0,-0.037754
10180.086,0.63602,187.641,3.3772,26,0.7369,19.16,1.93395,9.75025,2801.949,7378.137,9462.839,0.076566,0.848485,82.954,104.055,0.27524,0.92954,0.966866,C,0.0,-0.034302
9550.827,0.59557,162.489,2.0503,18,0.7146,12.863,1.97615,5.88903,2714.41,6836.417,5565.288,0.263182,0.727546,84.479,102.054,0.28421,0.5827,0.874409,C,-0.0,-0.005659
11995.046,0.6395,171.658,2.7843,25,0.8827,22.068,1.95995,10.92583,3290.921,8704.125,9162.973,0.053953,0.860895,82.074,103.392,0.27436,0.7639,0.976854,C,0.0,-0.060836
12572.075,0.68356,188.848,3.9431,26,0.7825,20.345,1.93209,10.68872,2987.151,9584.924,11778.506,0.073535,0.873678,82.956,104.275,0.2376,0.93688,0.97444,C,0.0,-0.029792
9151.906,0.33182,131.164,3.7383,20,0.7123,14.246,2.04066,8.0168,4526.454,4625.452,16921.446,0.039526,0.61785,80.151,99.566,0.49459,1.84895,0.941084,C,0.0,0.03731
9977.575,0.36265,148.752,2.8772,16,0.7988,12.781,2.00251,6.58616,4254.537,5723.038,12241.248,0.084773,0.569231,81.554,100.278,0.42641,1.22688,0.900324,C,0.0,-0.032935
7876.962,0.50723,166.657,1.8558,23,0.7537,17.334,1.96866,7.62992,3099.536,4777.426,5751.973,0.083544,0.782115,82.272,102.625,0.39349,0.73023,0.935189,C,0.0,-0.012736
9641.927,0.52257,183.034,1.5113,25,0.6512,16.281,1.94117,6.49889,3370.762,6271.165,5094.172,0.152067,0.721709,83.788,103.01,0.34959,0.52834,0.898268,C,0.0,0.043906
11374.054,0.30112,182.439,2.4818,26,0.6941,18.046,1.94212,8.53833,5911.941,5462.112,14672.142,0.030382,0.594157,82.16,102.141,0.51977,1.28997,0.947557,C,0.001,-0.013531
9605.534,0.39651,147.066,2.8685,23,0.7102,16.335,2.00594,8.43177,4132.886,5472.648,11855.181,0.04761,0.660001,80.99,100.783,0.43026,1.2342,0.948338,C,0.0,-0.029569
9611.371,0.52792,195.051,1.4378,23,0.6836,15.722,1.92274,6.06207,3089.887,6521.484,4442.695,0.194474,0.685901,84.764,103.308,0.32148,0.46223,0.881572,C,-0.0,0.039897
7967.151,0.44982,172.9,2.8241,26,0.6959,18.093,1.95783,8.97669,3204.637,4762.514,9050.26,0.045368,0.721976,82.007,102.535,0.40223,1.13595,0.959432,C,0.0,-0.024916
10552.974,0.36043,180.397,2.6123,20,0.7979,15.959,1.9454,7.67997,5584.678,4968.296,14588.696,0.047094,0.712637,82.307,102.828,0.5292,1.38243,0.930854,C,0.0,0.012037
11437.531,0.30401,181.108,3.2271,16,0.7015,11.224,1.94425,5.69695,5837.065,5600.466,18836.568,0.084606,0.532673,82.828,101.673,0.51034,1.64691,0.857969,C,0.0,0.056052
10960.59,0.61592,159.556,3.7577,20,0.7298,14.595,1.98156,7.88356,2551.495,8409.095,9587.648,0.172416,0.75049,83.163,102.055,0.23279,0.87474,0.934835,C,0.0,-0.013676
10835.241,0.37851,152.177,1.6184,21,0.8527,17.906,1.99568,7.64755,4506.499,6328.742,7293.484,0.064176,0.602334,81.428,100.685,0.41591,0.67313,0.929483,C,0.0,0.021507
8071.895,0.34344,203.703,1.9972,18,0.7645,13.762,1.91027,5.93534,3814.151,4257.744,7617.538,0.085775,0.574258,83.615,102.938,0.47252,0.94371,0.881986,C,0.0,0.009263
13000.0,0.62406,171.638,2.9805,25,0.8961,22.402,1.95998,11.28784,3918.992,9081.008,11680.737,0.043415,0.874644,81.934,103.481,0.30146,0.89852,0.979028,C,0.0,-0.012199
9946.976,0.50541,206.741,2.3322,18,0.7807,14.053,1.90603,6.34407,3842.789,6104.186,8962.068,0.141802,0.734321,84.453,104.12,0.38633,0.90098,0.89161,C,0.001,-0.045993
9707.592,0.4289,136.774,3.3023,22,0.8774,19.303,2.02788,10.47506,4322.755,5384.837,14275.248,0.024414,0.753607,80.218,100.805,0.4453,1.47052,0.974653,C,0.0,-0.000389
11229.75,0.50124,156.301,3.8743,21,0.8077,16.962,1.98769,9.26179,4226.033,7003.717,16373.108,0.054001,0.77111,81.467,102.02,0.37632,1.45801,0.959457,C,0.0,-0.046334
7000.0,0.50504,146.538,1.0746,19,0.8516,16.18,2.00702,5.83869,2521.342,4478.658,2709.525,0.165323,0.696286,82.52,100.993,0.36019,0.38708,0.882092,C,0.0,0.017312
9860.139,0.31615,190.389,2.7315,22,0.7246,15.942,1.92973,7.67149,5221.497,4638.641,14262.293,0.040557,0.626369,82.574,102.711,0.52956,1.44646,0.932067,C,0.001,0.013766
9825.37,0.45323,172.008,3.2062,19,0.6948,13.202,1.95935,6.76868,3695.682,6129.688,11848.987,0.112158,0.658864,82.855,102.075,0.37614,1.20596,0.90692,C,0.0,0.021389
10728.507,0.55913,143.58,2.6528,18,0.7412,13.342,2.01317,6.77965,3464.67,7263.837,9191.013,0.164912,0.747162,82.384,101.161,0.32294,0.85669,0.904751,C,-0.0,0.001479
12442.057,0.64923,188.07,1.7972,17,0.8097,13.765,1.93328,5.83018,3157.071,9284.986,5673.786,0.356868,0.74864,86.669,103.415,0.25374,0.45602,0.860524,C,0.0,-0.012867
11287.527,0.34586,153.396,3.0119,19,0.8446,16.047,1.9933,8.30972,5310.835,5976.693,15995.509,0.041657,0.616165,81.183,100.842,0.4705,1.4171,0.94333,C,-0.001,0.041592
7263.492,0.32716,137.679,1.0732,27,0.8539,23.056,2.02588,8.42622,3490.062,3773.43,3745.547,0.032738,0.599467,80.371,99.842,0.48049,0.51567,0.951918,C,0.0,0.019631
9531.024,0.69548,152.242,2.5221,16,0.6877,11.004,1.99555,5.44411,1494.248,8036.776,3768.616,0.650623,0.703825,89.172,101.358,0.15678,0.39541,0.853335,C,0.0,-0.039413
10058.321,0.6162,141.133,1.5556,27,0.7337,19.809,2.01836,8.46817,2761.606,7296.714,4295.943,0.116053,0.805491,81.629,101.405,0.27456,0.4271,0.94829,C,0.001,0.007283
10249.494,0.38281,141.387,2.4966,23,0.8631,19.852,2.01782,9.95091,4852.619,5396.876,12114.904,0.025025,0.70451,80.439,100.753,0.47345,1.182,0.969049,C,-0.001,0.018897
8048.018,0.69612,151.029,4.0409,18,0.8954,16.117,1.99795,8.94228,1775.897,6272.121,7176.197,0.129866,0.856451,82.247,102.299,0.22066,0.89167,0.958834,C,0.0,-0.006652
7863.052,0.33286,138.45,2.4632,27,0.7332,19.797,2.02418,9.92902,4641.357,3221.695,11432.641,0.016338,0.788871,80.19,101.137,0.59027,1.45397,0.971028,C,0.0,-0.036758
10713.526,0.66395,167.492,1.8344,23,0.764,17.573,1.96718,7.69497,2854.044,7859.482,5235.417,0.172246,0.84251,83.475,103.065,0.2664,0.48867,0.93089,C,0.0,-0.044255
10240.939,0.38107,153.64,4.0487,19,0.78,14.819,1.99282,8.19461,4370.999,5869.94,17696.727,0.051084,0.626786,81.317,100.925,0.42682,1.72804,0.942783,C,0.0,0.030299
9977.13,0.52876,164.553,2.6312,19,0.8044,15.284,1.97241,7.52256,3917.329,6059.802,10307.083,0.096722,0.808048,82.364,102.691,0.39263,1.03307,0.928179,C,-0.001,0.004477
7864.374,0.36351,177.56,2.321,18,0.8929,16.072,1.95003,7.50168,3635.529,4228.845,8438.207,0.053282,0.630218,82.285,102.152,0.46228,1.07297,0.932241,C,0.0,-0.023902
13000.0,0.39224,167.059,1.1231,24,0.6613,15.871,1.96795,5.68385,6218.967,6781.033,6984.807,0.122246,0.639845,82.799,101.706,0.47838,0.53729,0.850905,C,0.0,0.0661
7000.0,0.40935,154.539,1.1159,24,0.8797,21.114,1.99108,7.66859,3019.827,3980.173,3369.903,0.058966,0.675188,81.459,101.293,0.4314,0.48141,0.937857,C,0.0,0.017834
9955.735,0.52145,164.171,2.7138,25,0.8801,22.002,1.9731,10.92627,3406.618,6549.117,9244.756,0.033232,0.775405,81.51,102.456,0.34218,0.92859,0.978193,C,0.0,-0.008781
13000.0,0.55515,154.138,1.927,21,0.6639,13.941,1.99185,6.3245,4327.419,8672.581,8338.838,0.198704,0.733007,83.287,101.653,0.33288,0.64145,0.880853,C,0.0,0.011954
9892.113,0.56868,165.124,2.4954,24,0.6794,16.306,1.97139,7.90123,3680.304,6211.81,9183.925,0.095908,0.848786,82.375,102.988,0.37204,0.92841,0.937255,C,-0.001,-0.021138
10769.374,0.4285,188.89,2.7866,24,0.7049,16.917,1.93202,8.19868,4692.669,6076.705,13076.694,0.057069,0.715327,82.74,103.232,0.43574,1.21425,0.941966,C,0.0,0.039674
8271.033,0.55875,196.214,2.7115,17,0.8246,14.018,1.92103,6.68596,2744.388,5526.645,7441.331,0.153785,0.759846,84.266,103.846,0.33181,0.89969,0.908677,C,0.0,-0.005117
11980.096,0.38879,185.874,1.8793,24,0.8414,20.194,1.93669,8.71182,5842.172,6137.923,10979.053,0.040035,0.72075,82.41,103.133,0.48766,0.91644,0.949785,C,0.001,-0.057834
7950.059,0.39837,163.574,1.3524,23,0.6787,15.609,1.97418,6.10337,3798.882,4151.177,5137.42,0.092407,0.678365,82.268,101.785,0.47784,0.64621,0.889158,C,0.0,0.008529
10352.929,0.69305,181.362,1.5698,24,0.6515,15.636,1.94384,6.34836,2428.431,7924.498,3812.1,0.323671,0.806239,85.993,103.491,0.23456,0.36821,0.890452,C,0.0,0.04541
10651.658,0.36961,138.401,4.0036,20,0.6984,13.967,2.02429,7.88126,5451.977,5199.681,21827.371,0.04667,0.708212,80.588,100.602,0.51184,2.0492,0.93537,C,0.0,0.039066
8546.152,0.58753,198.737,1.9239,17,0.8434,14.338,1.91735,6.14111,2250.725,6295.427,4330.245,0.248681,0.708673,85.603,103.616,0.26336,0.50669,0.888528,C,0.0,0.009002
11253.173,0.39785,190.298,3.6591,21,0.7076,14.859,1.92987,7.67213,4873.804,6379.369,17833.51,0.065008,0.652142,82.893,102.878,0.4331,1.58475,0.929231,C,0.0,-0.015831
7859.088,0.69064,153.048,3.3821,19,0.7491,14.232,1.99398,7.58076,2013.833,5845.256,6811.072,0.177612,0.867394,82.962,102.481,0.25624,0.86665,0.934102,C,-0.001,-0.020353
8851.048,0.45019,171.739,1.2911,25,0.6968,17.421,1.95981,6.60522,3735.201,5115.847,4822.369,0.102055,0.70438,82.712,102.362,0.42201,0.54484,0.904335,C,0.0,-0.042949
10582.612,0.66823,173.277,2.3166,19,0.7835,14.886,1.95719,6.98238,2844.469,7738.143,6589.626,0.219634,0.83313,84.322,103.287,0.26879,0.62268,0.911655,C,-0.0,-0.002365
9419.619,0.49672,163.701,3.5543,24,0.6684,16.042,1.97395,8.51359,3999.415,5420.204,14214.95,0.058402,0.820144,81.824,102.727,0.42458,1.50908,0.950079,C,0.0,-0.008475
11182.36,0.45576,157.06,3.9771,23,0.7837,18.026,1.98625,9.88457,4814.074,6368.286,19145.859,0.034468,0.774235,81.24,102.081,0.43051,1.71215,0.967442,C,0.0,-0.00902
11349.064,0.3976,148.227,1.2509,26,0.7308,19.001,2.00357,7.33812,5434.739,5914.325,6798.12,0.066228,0.7021,81.286,101.126,0.47887,0.599,0.920235,C,0.0,0.008369
9576.029,0.3634,167.262,3.2036,16,0.8009,12.815,1.96759,6.61007,4526.976,5049.052,14502.503,0.075067,0.621914,82.184,101.598,0.47274,1.51446,0.902346,C,0.001,0.026306
9166.028,0.65252,154.355,1.9229,16,0.7133,11.414,1.99143,5.17238,2711.19,6454.838,5213.336,0.351877,0.778791,85.318,101.967,0.29579,0.56877,0.840493,C,0.0,0.041446
9734.487,0.38061,147.36,2.5096,20,0.7087,14.174,2.00534,7.0525,4932.528,4801.958,12378.509,0.063132,0.706719,81.207,101.108,0.50671,1.27161,0.915952,C,0.001,0.007784
9648.853,0.64972,171.983,1.0395,20,0.8591,17.183,1.95939,5.89079,2894.934,6753.919,3009.368,0.272611,0.811355,84.972,103.08,0.30003,0.31189,0.874113,C,0.0,0.035968
11426.445,0.64703,178.657,3.7597,26,0.7229,18.795,1.94823,9.90143,2872.473,8553.971,10799.581,0.083894,0.836137,82.729,103.562,0.25139,0.94514,0.967405,C,0.001,-0.022192
9593.094,0.47161,174.4,2.5208,24,0.7014,16.834,1.95529,8.08172,3605.895,5987.2,9089.762,0.073239,0.711528,82.431,102.538,0.37588,0.94753,0.941626,C,-0.001,0.046476
10834.718,0.30435,180.298,2.9369,26,0.689,17.914,1.94556,8.89408,5833.349,5001.369,17131.754,0.025768,0.629268,82.022,102.273,0.53839,1.58119,0.954416,C,0.0,0.031218
9922.011,0.60202,206.964,3.8063,19,0.7535,14.317,1.90572,7.31152,2846.686,7075.325,10835.254,0.161988,0.779068,84.726,104.424,0.28691,1.09204,0.922801,C,0.0,-0.039207
8945.111,0.61481,181.651,4.4219,23,0.7774,17.881,1.94338,9.68931,2921.437,6023.674,12918.425,0.061371,0.883231,82.541,104.012,0.3266,1.44419,0.967399,C,0.0,-0.043427
11845.294,0.40947,167.966,2.6931,26,0.7992,20.78,1.96635,10.24636,5344.29,6501.004,14392.495,0.026534,0.724267,81.57,102.308,0.45117,1.21504,0.970764,C,0.0,0.024479
8986.562,0.69329,157.314,1.3287,24,0.8938,21.45,1.98577,8.39602,1884.234,7102.328,2503.631,0.169725,0.832193,83.036,102.476,0.20967,0.2786,0.94867,C,0.0,-0.015692
10047.262,0.57702,173.0,4.2052,24,0.7646,18.351,1.95766,9.95913,3086.29,6960.972,12978.573,0.057623,0.8073,82.173,103.103,0.30718,1.29175,0.969324,C,0.0,0.037135
12691.878,0.58118,189.579,3.4231,21,0.8839,18.562,1.93097,9.45285,4238.424,8453.455,14508.689,0.068786,0.83809,82.918,104.073,0.33395,1.14315,0.960476,C,-0.001,-0.034678
8347.827,0.52214,153.532,2.2034,27,0.874,23.598,1.99303,11.194,3369.595,4978.232,7424.58,0.024444,0.85901,80.961,102.452,0.40365,0.8894,0.981103,C,0.0,0.016939
10247.652,0.44103,179.624,2.9238,26,0.7539,19.601,1.94665,9.72904,3943.973,6303.679,11531.305,0.03833,0.692991,82.163,102.663,0.38487,1.12526,0.966552,C,0.0,-0.043337
7606.855,0.30686,150.36,1.4329,27,0.7075,19.104,1.99928,7.79483,4201.737,3405.118,6020.506,0.033692,0.643946,80.949,100.86,0.55236,0.79146,0.939353,C,0.0,-0.037513
9314.359,0.43431,140.546,1.7277,24,0.8517,20.44,2.01963,9.10049,3929.842,5384.518,6789.783,0.041711,0.720847,80.621,100.812,0.42191,0.72896,0.95948,C,-0.001,-0.012029
7790.154,0.66605,151.206,1.9306,23,0.6554,15.074,1.9976,6.87119,2133.196,5656.958,4118.361,0.205019,0.839908,83.246,102.2,0.27383,0.52866,0.915712,C,0.0,-0.037919
10018.446,0.58574,197.69,2.592,22,0.72,15.839,1.91887,7.44902,3069.143,6949.303,7955.316,0.141077,0.782129,84.148,104.057,0.30635,0.79407,0.926215,C,0.0,-0.032333
9147.276,0.45242,163.17,1.9664,21,0.7245,15.215,1.97491,6.86376,3894.836,5252.44,7658.636,0.093708,0.718411,82.269,102.029,0.42579,0.83726,0.911807,C,0.0,0.022643
10316.841,0.69736,139.77,2.1945,21,0.7148,15.011,2.0213,7.25704,2088.665,8228.176,4583.579,0.274253,0.804765,83.655,101.32,0.20245,0.44428,0.920381,C,0.0,-0.018461
12284.896,0.60704,176.992,2.1821,23,0.7428,17.084,1.95097,7.82968,4306.897,7977.999,9397.884,0.119422,0.870284,83.137,103.709,0.35058,0.76499,0.93103,C,0.0,-0.039867
10464.018,0.37529,172.655,3.8495,20,0.8847,17.693,1.95824,9.43871,5308.379,5155.639,20434.395,0.027567,0.733315,81.763,102.598,0.5073,1.95282,0.962736,C,0.0,-0.002182
11130.488,0.30261,177.663,1.6705,27,0.8512,22.981,1.94986,9.59952,6300.602,4829.887,10525.399,0.019202,0.672325,81.839,102.434,0.56607,0.94564,0.964081,C,-0.001,-0.040963
10334.681,0.52975,144.271,1.2845,22,0.7393,16.264,2.01172,6.3919,3713.323,6621.358,4769.639,0.158985,0.737682,82.337,101.138,0.35931,0.46152,0.892167,C,0.0,-0.02201
9657.99,0.40539,186.222,2.7424,20,0.665,13.301,1.93615,6.43962,3878.213,5779.777,10635.777,0.104908,0.607016,83.278,102.398,0.40155,1.10124,0.896085,C,0.0,-0.020119
9200.945,0.49472,156.598,2.2438,16,0.6528,10.445,1.98713,4.96144,3007.239,6193.706,6747.504,0.260216,0.608583,84.201,100.963,0.32684,0.73335,0.828087,C,0.0,-0.024372
7793.141,0.36064,207.073,2.9148,17,0.7407,12.592,1.90557,6.04516,3796.536,3996.606,11066.077,0.083323,0.624067,83.691,103.405,0.48716,1.41998,0.887444,C,-0.001,0.029685
10521.567,0.36326,137.935,1.2956,18,0.7077,12.738,2.02532,5.0737,4792.317,5729.249,6208.963,0.137176,0.552372,81.761,99.546,0.45548,0.59012,0.828002,C,0.001,-0.003177
12284.1,0.36921,145.502,1.5442,20,0.8939,17.878,2.00915,7.57075,6343.212,5940.889,9795.019,0.053991,0.705785,81.005,100.997,0.51638,0.79737,0.924489,C,-0.001,-0.054141
11127.348,0.52508,163.544,2.7236,25,0.8727,21.817,1.97423,10.8543,4256.137,6871.211,11591.889,0.03178,0.830631,81.466,102.789,0.38249,1.04175,0.97685,C,0.0,0.04699
9180.346,0.32333,137.014,2.5579,17,0.7395,12.572,2.02735,6.3877,4658.058,4522.288,11914.721,0.066456,0.587915,80.785,99.726,0.50739,1.29785,0.895711,C,0.0,0.00442
12499.513,0.58639,155.735,1.4666,26,0.7553,19.638,1.98877,8.0279,3945.851,8553.662,5787.133,0.120247,0.801418,82.318,102.19,0.31568,0.46299,0.935265,C,0.0,0.05399
9343.519,0.55001,141.244,1.3182,16,0.8634,13.814,2.01813,5.51549,3412.567,5930.952,4498.3,0.214184,0.743233,82.929,101.0,0.36523,0.48144,0.857771,C,0.0,0.032387
9049.692,0.58079,146.85,1.8238,17,0.7797,13.254,2.00638,5.96095,2423.013,6626.679,4419.165,0.261609,0.697498,83.805,101.019,0.26775,0.48832,0.879398,C,0.0,-0.00674
8087.977,0.59848,176.954,2.8592,24,0.7361,17.666,1.95103,8.74785,2490.549,5597.429,7120.879,0.085752,0.82662,82.691,103.419,0.30793,0.88043,0.955879,C,-0.001,-0.023843
8557.175,0.46602,131.202,3.1517,21,0.7379,15.496,2.04058,8.39009,3001.311,5555.865,9459.182,0.067435,0.681334,80.521,99.988,0.35074,1.10541,0.949247,C,-0.001,0.021562
9577.18,0.6038,177.112,2.254,23,0.8228,18.924,1.95077,8.75913,2963.986,6613.194,6680.77,0.089804,0.834167,82.751,103.476,0.30948,0.69757,0.95397,C,0.0,0.015286
12928.521,0.47056,156.722,2.0343,19,0.6655,12.644,1.98689,5.8199,5348.963,7579.558,10881.494,0.16137,0.688755,82.901,101.499,0.41373,0.84167,0.858117,C,0.0,0.024212
9508.091,0.32005,134.763,2.3034,21,0.7851,16.487,2.03239,8.1531,4442.472,5065.618,10232.978,0.038899,0.566618,80.315,99.449,0.46723,1.07624,0.943213,C,0.001,-0.013534
8366.596,0.37732,173.591,1.979,24,0.8427,20.225,1.95666,9.0186,3370.262,4996.335,6669.866,0.037924,0.606253,81.935,101.804,0.40282,0.7972,0.959512,C,-0.001,0.027104
9118.881,0.35198,197.033,3.0525,27,0.8699,23.486,1.91983,11.53865,3776.863,5342.018,11529.033,0.014581,0.590525,82.456,102.764,0.41418,1.2643,0.982842,C,0.0,-0.001884
9769.586,0.45447,153.87,1.2564,24,0.7155,17.172,1.99237,6.59128,3946.322,5823.265,4958.173,0.111245,0.687067,82.121,101.335,0.40394,0.50751,0.901124,C,-0.001,0.001945
7493.944,0.40616,200.973,1.8858,18,0.8867,15.96,1.91414,6.77163,3066.449,4427.495,5782.659,0.085806,0.628034,83.527,103.179,0.40919,0.77164,0.913553,C,0.0,0.003177
10722.3,0.6915,176.088,2.839,21,0.6592,13.842,1.95247,6.84922,2808.346,7913.953,7972.783,0.24538,0.849815,84.767,103.531,0.26192,0.74357,0.907059,C,0.001,-0.03746
10940.176,0.51891,173.147,2.5735,27,0.7718,20.838,1.95741,10.07879,4223.014,6717.162,10867.803,0.040604,0.819623,81.954,103.191,0.38601,0.99338,0.969795,C,0.0,-0.045002
10475.076,0.30529,189.96,2.2946,23,0.7629,17.546,1.93039,8.03752,5614.215,4860.861,12882.192,0.034674,0.617851,82.481,102.636,0.53596,1.22979,0.939128,C,-0.0,-0.019169
11001.147,0.65622,151.781,4.3384,26,0.8616,22.401,1.99646,12.5866,3130.212,7870.935,13580.099,0.029011,0.905654,80.947,102.665,0.28454,1.23443,0.987421,C,0.0,0.018338
8133.99,0.38374,174.577,1.4972,20,0.8777,17.554,1.95499,7.05571,3909.801,4224.19,5853.855,0.063779,0.679885,82.313,102.338,0.48067,0.71968,0.92011,C,-0.001,0.010706
7549.899,0.37721,162.778,2.0546,22,0.8087,17.792,1.97562,8.14846,3512.815,4037.084,7217.433,0.043363,0.6677,81.589,101.674,0.46528,0.95596,0.946512,C,0.0,0.010218
11886.662,0.42324,162.926,2.9149,27,0.8831,23.843,1.97536,12.08525,4594.234,7292.428,13391.784,0.01684,0.679265,81.245,101.758,0.3865,1.12662,0.984621,C,0.0,0.052819
11724.16,0.30285,163.571,3.1148,20,0.7166,14.331,1.97418,7.37863,6329.516,5394.644,19714.999,0.044593,0.605869,81.637,101.306,0.53987,1.68157,0.920507,C,0.0,-0.037817
7761.393,0.6812,144.105,1.9414,20,0.6592,13.183,2.01206,6.08365,2131.784,5629.61,4138.593,0.275135,0.834966,83.862,101.771,0.27467,0.53323,0.889063,C,-0.001,-0.000422
10468.403,0.56785,170.434,2.7068,23,0.7218,16.601,1.96205,8.17028,3320.323,7148.08,8987.569,0.104012,0.783299,82.688,102.82,0.31718,0.85854,0.941903,C,0.0,0.045292
10063.345,0.41308,144.555,3.0714,24,0.7864,18.874,2.01112,9.94838,4627.191,5436.154,14212.163,0.027676,0.741131,80.616,101.177,0.45981,1.41227,0.969194,C,-0.0,0.002164
11355.073,0.45757,172.824,2.6758,25,0.7335,18.337,1.95796,8.96883,5133.281,6221.792,13735.71,0.045632,0.797436,82.008,103.029,0.45207,1.20965,0.954917,C,0.0,0.017949
10297.123,0.36346,173.727,3.609,20,0.6919,13.838,1.95643,7.27185,4923.213,5373.91,17767.956,0.060178,0.641308,82.234,102.042,0.47812,1.72553,0.920839,C,0.0,-0.008261
9623.232,0.47138,144.808,3.0374,26,0.7714,20.057,2.0106,10.53893,3298.803,6324.429,10019.739,0.033998,0.699521,80.711,100.917,0.3428,1.0412,0.975276,C,0.0,-0.024503
10254.807,0.37641,150.232,1.2857,26,0.8799,22.877,1.99954,8.91654,4810.837,5443.969,6185.397,0.035672,0.67752,80.969,101.075,0.46913,0.60317,0.95554,C,0.001,0.001849
10631.414,0.69572,201.915,2.3784,18,0.7318,13.172,1.9128,6.01439,2758.426,7872.988,6560.538,0.332895,0.822839,86.819,104.504,0.25946,0.61709,0.875851,C,0.0,0.019552
9977.67,0.53123,191.341,1.4426,21,0.6862,14.41,1.92829,5.58828,3557.558,6420.111,5132.255,0.210586,0.708902,84.851,103.298,0.35655,0.51437,0.858658,C,0.001,0.036197
7296.83,0.45561,160.493,1.5211,21,0.6581,13.821,1.97982,5.6954,2991.976,4304.854,4551.13,0.139098,0.675593,82.761,101.609,0.41004,0.62371,0.874815,C,0.0,0.00161
7000.0,0.49736,167.347,3.299,22,0.7295,16.049,1.96744,8.33473,2483.095,4516.905,8191.634,0.06901,0.732836,82.107,102.334,0.35473,1.17023,0.950781,C,0.0,0.011021
8780.613,0.31567,167.812,2.2539,22,0.8082,17.78,1.96662,8.32942,4193.452,4587.161,9451.507,0.034506,0.572695,81.67,101.301,0.47758,1.07641,0.947794,C,-0.0,0.032682
7549.696,0.60756,139.912,1.9013,22,0.8615,18.953,2.021,8.73901,2150.009,5399.688,4087.845,0.092803,0.812522,81.266,101.38,0.28478,0.54146,0.9565,C,-0.001,0.000723
10467.46,0.66293,191.029,2.8218,17,0.8806,14.971,1.92876,7.26074,2554.446,7913.014,7208.091,0.216974,0.806895,84.924,103.931,0.24404,0.68862,0.920128,C,0.0,-0.02654
11118.415,0.62367,172.305,2.8152,20,0.6954,13.908,1.95884,6.90034,3602.999,7515.416,10143.34,0.177745,0.83746,83.732,103.268,0.32406,0.9123,0.907645,C,0.0,-0.053458
10962.748,0.45487,169.502,3.09,23,0.6925,15.928,1.96367,8.12052,4661.185,6301.564,14402.929,0.06417,0.74386,82.126,102.514,0.42518,1.31381,0.940018,C,-0.001,0.035544
9407.512,0.59444,192.637,1.6732,20,0.6836,13.671,1.92634,5.6101,3121.092,6286.42,5222.24,0.247023,0.766933,85.376,103.738,0.33177,0.55511,0.862134,C,0.0,-0.043026
10098.069,0.43525,173.873,3.4322,25,0.7375,18.438,1.95618,9.58049,4522.889,5575.18,15523.634,0.034086,0.760705,81.895,102.837,0.4479,1.53729,0.964924,C,0.0,-0.049964
11947.347,0.3539,139.521,3.9151,20,0.8166,16.332,2.02184,9.15855,5927.483,6019.864,23206.431,0.030606,0.672232,80.427,100.431,0.49613,1.94239,0.957093,C,0.0,0.004342
8855.026,0.5829,157.611,3.8153,23,0.7078,16.279,1.98521,8.84444,2531.059,6323.966,9656.766,0.089108,0.780527,81.984,102.151,0.28583,1.09054,0.956304,C,0.001,0.03084
11331.455,0.62077,156.769,2.4763,27,0.7311,19.74,1.9868,9.65362,3387.286,7944.169,8388.088,0.07362,0.854069,81.745,102.592,0.29893,0.74025,0.964549,C,0.0,-0.013149
11712.647,0.61872,150.939,3.8505,21,0.6508,13.668,1.99813,7.51042,4068.757,7643.89,15666.823,0.135158,0.876118,82.313,102.424,0.34738,1.3376,0.924115,C,0.0,-0.025726
10278.472,0.60282,147.379,3.6205,22,0.706,15.531,2.0053,8.46765,3093.522,7184.95,11200.119,0.104272,0.817475,81.751,101.84,0.30097,1.08967,0.94794,C,0.0,-0.016236
12280.597,0.38043,154.538,3.4311,24,0.6704,16.09,1.99108,8.5802,5467.565,6813.033,18759.759,0.045313,0.649362,81.279,101.122,0.44522,1.52759,0.94697,C,-0.001,0.031009
9061.733,0.42934,153.159,1.3559,20,0.8375,16.749,1.99376,6.65167,3893.274,5168.459,5278.972,0.094673,0.681441,81.872,101.26,0.42964,0.58256,0.905262,C,0.0,-0.023353
11485.669,0.58812,199.931,3.5297,22,0.8725,19.196,1.91563,9.72348,3712.575,7773.094,13104.145,0.063225,0.838822,83.195,104.526,0.32324,1.14091,0.965251,C,0.0,-0.018157
8755.412,0.39629,174.756,1.4488,22,0.6772,14.897,1.95469,5.90729,3894.694,4860.718,5642.52,0.108482,0.626892,82.91,101.996,0.44483,0.64446,0.878228,C,0.0,0.032799
8868.909,0.65511,185.842,2.4966,20,0.8514,17.029,1.93674,8.03695,2281.014,6587.895,5694.875,0.147714,0.830791,83.83,103.857,0.25719,0.64212,0.942008,C,0.0,0.009398
8484.887,0.37879,183.001,1.1766,21,0.8824,18.53,1.94122,6.6443,3580.339,4904.547,4212.607,0.083746,0.594177,82.885,102.167,0.42197,0.49648,0.906708,C,0.001,-0.017746
10470.277,0.50759,202.164,3.4427,22,0.781,17.183,1.91244,8.63325,3786.399,6683.877,13035.54,0.069351,0.755856,83.349,104.072,0.36163,1.245,0.950591,C,0.001,-0.031188
8500.788,0.57,165.785,1.535,27,0.7155,19.318,1.97021,7.9328,2413.292,6087.495,3704.499,0.11938,0.748646,82.711,102.361,0.28389,0.43578,0.940543,C,0.001,-0.028421
10695.522,0.63627,173.061,2.1712,18,0.7302,13.144,1.95755,6.04473,3168.401,7527.121,6879.099,0.264334,0.792826,84.904,103.01,0.29624,0.64318,0.87693,C,0.0,0.026439
8135.174,0.51631,177.425,1.1417,24,0.7084,17.002,1.95026,6.05406,3328.388,4806.785,3799.885,0.143153,0.774689,83.466,103.099,0.40914,0.46709,0.886561,C,0.001,0.039496
11603.01,0.31062,144.696,3.2023,16,0.812,12.992,2.01083,6.91603,5893.931,5709.079,18873.985,0.056955,0.572491,81.009,100.072,0.50797,1.62665,0.906859,C,0.0,0.04178
12770.683,0.44095,159.518,3.5133,26,0.752,19.552,1.98163,10.40926,5327.142,7443.542,18715.9,0.029961,0.735088,81.281,101.951,0.41714,1.46554,0.971658,C,-0.001,-0.032234
10302.788,0.4619,188.865,1.7723,20,0.7622,15.243,1.93206,6.4178,3619.09,6683.699,6414.268,0.140379,0.635992,83.839,102.707,0.35127,0.62258,0.893242,C,-0.001,0.034448
12739.888,0.46202,177.151,2.9707,16,0.8137,13.019,1.95071,6.50843,5977.648,6762.24,17757.878,0.109221,0.773895,83.009,103.081,0.46921,1.39388,0.889081,C,0.0,-0.065363
10691.63,0.46976,167.304,3.0225,24,0.7751,18.603,1.96751,9.46005,3835.058,6856.572,11591.349,0.048765,0.705233,81.838,102.15,0.3587,1.08415,0.962764,C,-0.0,0.002664
12877.794,0.58799,158.473,2.929,26,0.7349,19.108,1.98358,9.75622,4291.024,8586.771,12568.294,0.063044,0.850325,81.675,102.657,0.33321,0.97597,0.964274,C,-0.001,-0.055274
10044.019,0.67412,180.113,3.2672,26,0.8419,21.889,1.94586,11.15659,2517.605,7526.414,8225.472,0.054249,0.881467,82.391,103.929,0.25066,0.81894,0.979829,C,0.0,0.010965
7672.204,0.46101,132.859,3.9885,22,0.7922,17.429,2.03674,9.91249,3110.291,4561.913,12405.361,0.032935,0.752871,80.146,100.562,0.4054,1.61692,0.971038,C,0.0,-0.00667
12324.226,0.35023,142.011,3.3611,20,0.7576,15.153,2.01649,8.19072,5532.733,6791.492,18596.197,0.047471,0.596875,80.763,100.079,0.44893,1.50891,0.93915,C,0.001,-0.002484
9662.499,0.53001,204.85,3.4803,18,0.8883,15.989,1.90866,8.02856,3346.124,6316.375,11645.571,0.09121,0.76246,83.724,104.227,0.3463,1.20523,0.940404,C,0.0,0.037842
8352.124,0.32917,176.581,1.7131,25,0.6659,16.647,1.95165,7.02839,4101.199,4250.925,7025.56,0.054444,0.59422,82.264,101.868,0.49104,0.84117,0.918783,C,0.0,-0.001675
9030.941,0.3414,165.096,1.949,25,0.765,19.126,1.97144,8.57977,4385.375,4645.566,8547.101,0.033887,0.631693,81.556,101.554,0.48559,0.94642,0.951801,C,0.0,-0.015468
7861.627,0.31023,155.541,1.7114,22,0.7018,15.439,1.98915,6.70151,3915.341,3946.286,6700.787,0.055844,0.562616,81.459,100.603,0.49803,0.85234,0.910349,C,0.0,0.020597
9732.239,0.4346,166.942,2.4655,23,0.8343,19.188,1.96815,9.24328,3942.682,5789.556,9720.678,0.04188,0.702047,81.733,102.111,0.40512,0.99881,0.960962,C,0.001,-0.028874
8209.687,0.64414,152.361,3.6787,27,0.6627,17.893,1.99532,9.71849,2362.399,5847.288,8690.62,0.070589,0.87586,81.521,102.5,0.28776,1.05858,0.968466,C,0.0,0.022733
12341.705,0.38706,176.614,2.9417,16,0.795,12.72,1.9516,6.34746,6018.33,6323.375,17703.842,0.092114,0.667772,82.763,102.355,0.48764,1.43447,0.883948,C,0.0,0.035117
11150.919,0.61524,176.631,3.0381,27,0.7924,21.396,1.95157,10.76335,2988.257,8162.663,9078.543,0.054906,0.820371,82.272,103.363,0.26798,0.81415,0.976084,C,-0.001,0.006159
7893.018,0.69762,169.216,2.2601,21,0.762,16.002,1.96416,7.48893,1481.49,6411.528,3348.292,0.253203,0.800316,84.611,102.872,0.1877,0.42421,0.931876,C,0.0,-0.038938
7790.957,0.59762,200.431,3.2222,20,0.883,17.661,1.91491,8.75624,2539.552,5251.405,8182.825,0.079892,0.847992,83.431,104.608,0.32596,1.0503,0.956424,C,0.0,-0.007595
9056.843,0.68513,175.332,1.5718,24,0.8149,19.557,1.95373,8.00498,2261.828,6795.016,3555.128,0.161825,0.859327,83.636,103.558,0.24974,0.39254,0.941013,C,-0.001,-0.046186
7499.636,0.49306,143.409,1.6187,20,0.8334,16.667,2.01352,7.21059,2745.408,4754.228,4443.909,0.099871,0.720113,81.518,100.973,0.36607,0.59255,0.925851,C,0.0,0.002496
10477.667,0.6032,180.562,1.5055,22,0.8591,18.899,1.94513,7.55558,3777.811,6699.856,5687.312,0.120558,0.875352,83.283,103.91,0.36056,0.5428,0.927938,C,0.0,-0.048953
10224.468,0.48444,207.558,1.6648,21,0.7529,15.811,1.9049,6.36554,4000.058,6224.41,6659.172,0.134322,0.709436,84.38,103.989,0.39122,0.6513,0.891524,C,0.0,0.024954
8823.448,0.52449,159.822,3.0932,24,0.8703,20.887,1.98106,10.79072,2637.674,6185.774,8158.8,0.038755,0.731608,81.409,101.944,0.29894,0.92467,0.977911,C,0.0,0.025441
9260.089,0.4901,192.989,3.9561,27,0.6572,17.744,1.92581,9.28224,3958.404,5301.685,15659.654,0.043521,0.823531,82.702,104.127,0.42747,1.69109,0.96204,C,0.0,-0.006031
11309.515,0.52316,178.792,3.7821,27,0.8961,24.194,1.94801,12.75909,3906.595,7402.921,14775.097,0.018096,0.789683,81.866,103.262,0.34543,1.30643,0.988051,C,-0.001,0.03126
12216.307,0.44658,149.819,3.7147,22,0.8056,17.723,2.00036,9.68175,5357.959,6858.348,19903.087,0.036656,0.76683,80.964,101.641,0.43859,1.62922,0.964,C,0.0,-0.029962
12105.24,0.53697,159.906,2.368,24,0.8011,19.227,1.98091,9.24066,4224.804,7880.435,10004.524,0.064432,0.790298,81.752,102.335,0.34901,0.82646,0.958122,C,0.001,0.046132
10135.428,0.59116,163.108,1.9502,20,0.7896,15.793,1.97502,7.10497,3438.613,6696.815,6706.05,0.145528,0.819978,82.951,102.696,0.33927,0.66164,0.916481,C,0.0,0.004174
11534.276,0.66068,136.843,3.0667,19,0.7929,15.065,2.02773,8.03077,2486.661,9047.615,7625.722,0.192844,0.789261,82.445,101.044,0.21559,0.66114,0.937072,C,0.0,-0.001849
8949.364,0.68833,167.088,2.7638,26,0.6525,16.966,1.96789,8.43396,1772.432,7176.932,4898.61,0.175842,0.814895,83.507,102.863,0.19805,0.54737,0.949406,C,0.0,0.001732
10618.2,0.42539,146.112,1.7205,24,0.7865,18.876,2.00789,8.32155,4508.491,6109.709,7757.061,0.055448,0.698383,81.051,100.983,0.4246,0.73054,0.944655,C,0.0,-0.027612
8579.626,0.39974,204.08,1.0798,20,0.6944,13.887,1.90974,4.6646,4029.876,4549.75,4351.295,0.159226,0.612778,84.597,103.208,0.4697,0.50717,0.812908,C,0.0,-0.028044
11778.854,0.37839,172.043,1.2293,18,0.6645,11.961,1.95929,4.43605,5548.778,6230.076,6821.274,0.179115,0.555874,83.74,101.397,0.47108,0.57911,0.777009,C,0.0,-0.006073
8218.463,0.66882,141.655,1.4891,16,0.8837,14.139,2.01725,5.93554,2223.717,5994.746,3311.344,0.293052,0.808208,83.989,101.453,0.27058,0.40292,0.881444,C,0.0,0.006034
8517.539,0.37323,145.299,1.4329,19,0.6664,12.661,2.00958,5.20419,4179.003,4338.536,5987.919,0.117601,0.619468,81.836,100.416,0.49064,0.70301,0.845407,C,0.0,-0.03807
9904.392,0.60538,200.941,2.2157,22,0.6794,14.948,1.91418,6.6873,3083.751,6820.641,6832.685,0.186654,0.794689,84.857,104.277,0.31135,0.68986,0.904002,C,0.0,0.037994
10814.002,0.41913,169.326,2.326,16,0.7397,11.835,1.96397,5.58663,5520.249,5293.754,12840.287,0.119033,0.732064,82.844,102.427,0.51047,1.18738,0.855025,C,-0.001,0.014131
8266.702,0.39575,143.485,1.5245,21,0.6615,13.89,2.01337,5.8702,3929.409,4337.293,5990.536,0.101147,0.662657,81.538,100.598,0.47533,0.72466,0.878516,C,0.0,-0.038183
9286.423,0.67648,158.317,1.3152,26,0.7768,20.196,1.98388,7.85967,2473.948,6812.475,3253.772,0.158717,0.864509,82.932,102.742,0.2664,0.35038,0.937496,C,0.0,-0.024123
10658.991,0.60485,172.059,2.9779,20,0.7523,15.046,1.95926,7.57541,3194.275,7464.716,9512.324,0.145214,0.801537,83.294,103.019,0.29968,0.89242,0.928052,C,0.0,-0.008812
10232.76,0.63436,163.293,2.1919,22,0.8927,19.64,1.97469,9.17655,2840.231,7392.529,6225.565,0.092711,0.842462,82.261,102.854,0.27756,0.6084,0.959434,C,0.0,0.008211
8734.071,0.49623,212.263,2.255,19,0.6799,12.918,1.89851,5.73734,3358.418,5375.653,7573.268,0.16667,0.702123,84.955,104.131,0.38452,0.86709,0.870851,C,0.0,-0.009087
10266.656,0.5888,180.761,1.8234,19,0.6783,12.888,1.94481,5.53651,3519.96,6746.697,6418.243,0.249318,0.765917,84.99,103.197,0.34285,0.62515,0.854824,C,-0.001,0.007739
9489.471,0.35128,158.953,1.911,19,0.8277,15.725,1.98268,7.06582,4493.235,4996.236,8586.506,0.061603,0.611788,81.676,101.108,0.4735,0.90485,0.916963,C,0.0,0.027387
12108.033,0.36064,125.543,2.8241,25,0.839,20.974,2.05411,11.15008,5267.975,6840.058,14877.043,0.017795,0.624685,79.585,99.254,0.43508,1.22869,0.978532,C,0.0,0.015774
10927.867,0.41357,183.38,1.6514,26,0.7742,20.129,1.94062,8.31233,5096.004,5831.863,8415.678,0.049692,0.731542,82.449,103.09,0.46633,0.77011,0.94397,C,0.0,-0.045398
8633.424,0.50062,178.574,1.3113,24,0.6579,15.789,1.94837,5.97474,3297.815,5335.609,4324.512,0.155277,0.714072,83.669,102.753,0.38198,0.5009,0.881521,C,0.0,-0.019087
7402.49,0.52146,169.23,3.4749,25,0.7957,19.891,1.96414,10.42714,2733.997,4668.493,9500.464,0.033854,0.807014,81.716,102.917,0.36933,1.28341,0.976022,C,0.0,0.006491
9871.474,0.49741,180.819,1.2086,21,0.701,14.722,1.94472,5.35834,3722.591,6148.883,4499.11,0.201414,0.676609,84.359,102.61,0.37711,0.45577,0.8473,C,0.0,-0.001639
11756.56,0.46471,172.935,4.0827,26,0.7604,19.771,1.95777,10.66905,5155.796,6600.764,21049.486,0.026653,0.806878,81.762,103.097,0.43855,1.79045,0.974848,C,-0.0,-0.037688
10256.677,0.3302,169.101,2.1289,23,0.7411,17.046,1.96436,7.83087,5078.935,5177.741,10812.72,0.043354,0.611577,81.836,101.621,0.49518,1.05421,0.934985,C,0.001,-0.02471
11398.469,0.42813,215.047,2.1237,26,0.8243,21.432,1.8948,9.3124,5659.297,5739.172,12018.565,0.034514,0.816272,83.297,104.995,0.4965,1.0544,0.959975,C,0.0,-0.02385
9814.019,0.57082,146.625,1.1228,23,0.8151,18.748,2.00684,6.90714,3026.185,6787.834,3397.65,0.164103,0.75215,82.508,101.367,0.30835,0.3462,0.911353,C,0.0,-0.037055
8031.726,0.46149,192.425,1.2603,25,0.6877,17.192,1.92666,6.28649,3031.609,5000.117,3820.767,0.127438,0.664027,83.79,103.05,0.37745,0.47571,0.895768,C,-0.0,0.006353
10970.736,0.41248,193.985,1.032,21,0.8466,17.778,1.92433,5.91037,4647.9,6322.836,4796.728,0.126607,0.62263,83.833,102.844,0.42366,0.43723,0.869961,C,0.0,-0.034869
10240.971,0.49641,149.949,1.1796,23,0.8752,20.129,2.0001,7.55136,4716.709,5524.262,5563.662,0.07724,0.854313,81.506,102.226,0.46057,0.54327,0.928336,C,0.0,-0.047031
11151.258,0.6493,213.54,1.6627,26,0.8867,23.054,1.8968,9.21607,3456.442,7694.816,5747.173,0.086102,0.902283,83.932,105.503,0.30996,0.51538,0.958897,C,0.0,0.003585
8475.44,0.46526,139.156,1.427,22,0.8538,18.783,2.02264,7.77918,3894.692,4580.748,5557.666,0.063473,0.806867,80.844,101.298,0.45953,0.65574,0.937308,C,0.0,0.021033
10339.239,0.62902,180.039,3.9205,21,0.7292,15.312,1.94598,8.12254,3073.646,7265.593,12050.198,0.124521,0.842438,83.316,103.668,0.29728,1.16548,0.94115,C,0.0,0.043006
8956.691,0.51013,150.547,1.2791,19,0.7619,14.476,1.99891,5.62713,3198.434,5758.257,4091.098,0.193079,0.686229,83.06,101.149,0.3571,0.45676,0.86484,C,0.0,0.043399
11324.213,0.5758,147.635,3.989,22,0.7347,16.164,2.00477,8.98911,3355.566,7968.647,13385.263,0.086908,0.781672,81.533,101.618,0.29632,1.182,0.955275,C,0.0,-0.011922
9264.768,0.54545,161.883,2.7312,26,0.7747,20.143,1.97726,10.05152,3574.056,5690.712,9761.469,0.041009,0.862261,81.522,102.912,0.38577,1.05361,0.970996,C,0.0,0.020223
8982.571,0.37174,153.299,2.7375,25,0.8285,20.712,1.99348,10.46581,3817.238,5165.333,10449.593,0.021757,0.630387,80.916,100.931,0.42496,1.16332,0.975129,C,0.0,-0.029477
9126.146,0.37596,180.559,1.2883,21,0.8604,18.069,1.94514,6.76818,4501.026,4625.119,5798.544,0.06947,0.674232,82.608,102.582,0.4932,0.63538,0.908866,C,0.001,-0.02366
11753.082,0.35779,161.891,2.4775,27,0.8289,22.381,1.97724,10.86983,6178.344,5574.739,15306.703,0.015956,0.736646,81.192,102.084,0.52568,1.30236,0.976557,C,-0.001,-0.055633
10723.663,0.40019,160.581,1.5847,17,0.8145,13.847,1.97965,5.79775,4509.396,6214.267,7145.991,0.127804,0.59785,82.615,101.1,0.42051,0.66638,0.865707,C,0.0,-0.015676
8969.917,0.35211,156.763,2.4357,27,0.8168,22.053,1.98681,10.73344,4713.598,4256.318,11480.867,0.015169,0.725241,80.973,101.742,0.52549,1.27993,0.977361,C,0.001,0.040584
8467.57,0.65625,155.288,4.4255,24,0.8469,20.325,1.98963,11.40528,2348.944,6118.625,10395.349,0.041675,0.892183,81.262,102.765,0.2774,1.22767,0.982383,C,0.001,0.017363
8195.43,0.39385,175.344,3.224,17,0.8012,13.62,1.95371,6.9624,4125.391,4070.039,13300.38,0.064709,0.727475,82.354,102.688,0.50338,1.6229,0.917297,C,0.0,-0.031442
12846.673,0.58722,192.515,3.6517,22,0.67,14.741,1.92652,7.58778,4136.176,8710.496,15104.149,0.139065,0.800029,83.947,103.951,0.32196,1.17572,0.923753,C,0.001,-0.023401
7230.56,0.69615,163.581,1.3615,17,0.7937,13.493,1.97417,5.29096,1376.255,5854.305,1873.786,0.526338,0.736073,87.996,102.166,0.19034,0.25915,0.856091,C,0.0,-0.016804
8731.833,0.39764,156.061,2.0891,19,0.694,13.187,1.98815,6.12835,3734.013,4997.819,7800.724,0.104724,0.616488,82.126,100.987,0.42763,0.89337,0.887377,C,0.001,-0.010143
11580.953,0.69595,173.125,3.8709,23,0.8245,18.965,1.95745,10.12237,2018.32,9562.633,7812.637,0.121011,0.817296,83.014,103.175,0.17428,0.67461,0.969696,C,0.0,0.023618
12178.493,0.65755,136.862,3.9774,26,0.8804,22.89,2.02769,12.92993,2445.277,9733.216,9725.868,0.037783,0.813251,80.399,101.204,0.20079,0.79861,0.988463,C,0.0,0.030526
9957.78,0.69696,126.954,1.7832,23,0.7186,16.528,2.05067,7.60522,1833.833,8123.947,3270.119,0.263904,0.794717,82.905,100.467,0.18416,0.3284,0.930268,C,0.0,-0.020303
11679.129,0.50262,162.306,1.2051,25,0.7755,19.386,1.97649,7.21856,3689.737,7989.392,4446.652,0.133585,0.673056,82.761,101.685,0.31593,0.38073,0.916034,C,0.0,-0.037921
11202.23,0.39443,181.121,3.0185,18,0.7451,13.411,1.94423,6.69773,5016.474,6185.756,15142.074,0.087537,0.643317,82.867,102.404,0.44781,1.3517,0.900617,C,0.0,-0.033498
11927.007,0.55262,198.007,2.9249,25,0.6976,17.439,1.91841,8.4667,3992.027,7934.98,11676.262,0.090201,0.785264,83.487,104.091,0.3347,0.97898,0.945368,C,0.0,-0.036354
10129.762,0.67976,190.288,1.4951,25,0.896,22.401,1.92989,8.82517,2179.503,7950.259,3258.658,0.144488,0.826498,83.942,104.028,0.21516,0.32169,0.954266,C,0.0,0.021825
12985.142,0.3091,173.138,1.5832,17,0.7643,12.993,1.95742,5.34831,6996.809,5988.334,11077.266,0.096147,0.557915,82.687,101.464,0.53883,0.85307,0.832394,C,-0.001,0.003834
10021.953,0.66375,150.997,3.432,23,0.7871,18.103,1.99801,9.70275,2375.638,7646.315,8153.123,0.093889,0.840796,81.77,102.194,0.23704,0.81353,0.96647,C,0.0,0.033961
13000.0,0.47191,168.48,3.9365,16,0.8716,13.945,1.96545,7.51418,5339.566,7660.434,21019.464,0.09027,0.737919,82.432,102.424,0.41074,1.61688,0.921432,C,0.0,0.04758
8396.786,0.55455,158.501,1.7656,23,0.798,18.354,1.98353,8.02516,3036.264,5360.523,5360.69,0.087995,0.818815,82.006,102.45,0.3616,0.63842,0.942622,C,-0.001,-0.015015
11432.547,0.48467,169.296,1.928,27,0.8428,22.755,1.96402,10.11354,4429.705,7002.842,8540.426,0.037862,0.767306,81.771,102.658,0.38746,0.74703,0.969732,C,0.0,-0.02762
8068.969,0.41544,176.882,2.4128,23,0.8584,19.742,1.95115,9.32948,3612.057,4456.912,8715.291,0.033384,0.725069,81.998,102.746,0.44765,1.0801,0.964027,C,0.0,0.018844
7646.435,0.46057,156.261,2.9899,16,0.8336,13.337,1.98777,6.86638,3192.442,4453.993,9545.145,0.092708,0.724232,81.976,101.708,0.41751,1.24831,0.91596,C,0.0,0.029397
10673.464,0.45776,136.411,1.5226,23,0.7093,16.313,2.02869,6.96521,4174.196,6499.268,6355.447,0.10431,0.68477,81.256,100.329,0.39108,0.59544,0.910884,C,0.0,-0.029252
8865.007,0.66078,197.936,4.0746,27,0.8623,23.281,1.91851,12.17954,2075.019,6789.987,8454.966,0.038401,0.850983,82.801,104.522,0.23407,0.95375,0.986397,C,0.001,-0.026986
10786.633,0.69907,207.047,2.6919,19,0.6975,13.252,1.90561,6.23054,2497.472,8289.161,6722.838,0.349118,0.804503,87.199,104.595,0.23153,0.62326,0.88437,C,0.0,0.04421
8455.032,0.62076,152.826,2.4758,25,0.8436,21.091,1.99441,10.3711,2394.735,6060.297,5928.835,0.055429,0.844155,81.34,102.316,0.28323,0.70122,0.97471,C,0.0,-0.022116
12874.873,0.6316,150.084,3.1281,27,0.8334,22.502,1.99983,11.81763,3808.128,9066.745,11912.281,0.037075,0.881304,80.981,102.411,0.29578,0.92523,0.982637,C,-0.0,0.024806
9975.983,0.41701,184.257,2.8757,20,0.8535,17.07,1.93923,8.38827,4053.287,5922.696,11656.056,0.054442,0.665133,82.542,102.692,0.4063,1.16841,0.946955,C,0.0,0.035061
8221.241,0.51793,135.284,3.8536,24,0.7362,17.668,2.03122,9.94071,2986.711,5234.53,11509.635,0.041608,0.789707,80.375,100.953,0.36329,1.39999,0.970815,C,0.0,0.011297
10290.708,0.38971,151.672,3.303,19,0.8135,15.456,1.99668,8.20382,4624.599,5666.109,15275.268,0.049531,0.667364,81.214,101.086,0.4494,1.48437,0.942883,C,0.0,-0.026365
11381.121,0.69959,180.663,3.3298,21,0.8372,17.581,1.94497,8.99441,2023.138,9357.983,6736.743,0.175977,0.81279,84.018,103.502,0.17776,0.59192,0.955285,C,0.0,0.017682
8820.579,0.68738,217.866,1.3355,18,0.8609,15.496,1.8911,5.6461,2392.881,6427.698,3195.78,0.33877,0.817162,87.4,105.111,0.27128,0.36231,0.8663,C,0.0,-0.017256
10753.806,0.50348,191.773,1.2059,27,0.7042,19.014,1.92764,6.82171,3166.686,7587.12,3818.684,0.160593,0.646587,84.206,102.906,0.29447,0.3551,0.906073,C,0.0,0.045481
13000.0,0.49412,145.111,3.2689,19,0.6831,12.978,2.00997,6.93784,4977.222,8022.778,16270.19,0.124063,0.723697,81.913,101.093,0.38286,1.25155,0.903871,C,0.0,0.010537
11080.246,0.63941,215.605,1.3411,20,0.7189,14.377,1.89406,5.26049,2681.931,8398.315,3596.776,0.432637,0.705443,88.57,104.285,0.24205,0.32461,0.836227,C,-0.0,-0.015016
10628.56,0.31172,151.68,3.3523,19,0.6776,12.875,1.99666,6.85727,5752.944,4875.616,19285.504,0.053227,0.61672,81.263,100.753,0.54127,1.8145,0.907575,C,-0.0,0.032873
9287.996,0.65168,175.755,3.2052,22,0.8014,17.63,1.95302,8.99501,2202.123,7085.873,7058.345,0.11547,0.818325,83.039,103.308,0.23709,0.75994,0.95799,C,0.0,-0.024932
11014.597,0.34938,133.792,2.8028,26,0.6533,16.987,2.0346,8.89275,5247.414,5767.183,14707.275,0.033622,0.636684,80.199,99.853,0.47641,1.33525,0.954154,C,0.0,-0.021795
7717.011,0.69175,183.188,4.0548,16,0.7902,12.644,1.94093,6.7262,2083.646,5633.365,8448.665,0.226651,0.863777,84.778,103.954,0.27001,1.09481,0.911532,C,0.0,0.01079
7247.819,0.35322,177.742,1.1696,16,0.8974,14.358,1.94973,5.16829,3451.92,3795.899,4037.499,0.111473,0.573059,83.06,101.783,0.47627,0.55706,0.849693,C,0.0,0.004664
9003.016,0.47747,141.987,2.2485,23,0.8971,20.633,2.01654,10.01649,3637.132,5365.884,8177.998,0.034423,0.777786,80.59,101.271,0.40399,0.90836,0.970874,C,0.0,-0.040398
8410.22,0.56568,144.86,2.2631,25,0.6649,16.622,2.01049,8.05073,2737.194,5673.026,6194.614,0.098882,0.79091,81.569,101.523,0.32546,0.73656,0.943109,C,0.0,-0.018961
12712.534,0.57445,180.399,1.8769,26,0.8669,22.541,1.9454,9.78614,4476.951,8235.583,8402.856,0.057406,0.855528,82.443,103.771,0.35217,0.66099,0.964807,C,0.0,-0.060546
10228.538,0.49734,186.523,1.2749,21,0.8433,17.709,1.93568,6.55484,3530.941,6697.597,4501.722,0.146282,0.682417,83.835,102.909,0.3452,0.44011,0.898466,C,0.0,-0.006074
8443.615,0.61624,152.615,2.4265,25,0.8132,20.329,1.99482,9.94126,2680.395,5763.22,6503.914,0.057044,0.876309,81.353,102.517,0.31745,0.77028,0.970615,C,0.0,0.0313
8697.246,0.4419,170.136,3.4719,22,0.8794,19.346,1.96257,10.1272,3775.708,4921.538,13108.741,0.028251,0.759246,81.676,102.646,0.43413,1.50723,0.972246,C,0.0,-0.01256
11387.456,0.55718,177.423,2.7323,16,0.8101,12.962,1.95026,6.3382,4211.558,7175.898,11507.28,0.170711,0.783993,83.83,103.16,0.36984,1.01052,0.886686,C,0.0,0.049656
9262.914,0.62066,151.103,3.3504,19,0.6636,12.609,1.9978,6.72008,2214.164,7048.751,7418.316,0.241662,0.739712,83.726,101.533,0.23904,0.80086,0.906929,C,-0.001,-0.004797
9747.591,0.42542,137.902,1.201,25,0.6852,17.131,2.02539,6.59713,3868.59,5879.001,4646.207,0.1057,0.635802,81.344,100.095,0.39688,0.47665,0.901391,C,0.0,0.029606
10005.814,0.49134,170.856,3.2417,17,0.7507,12.762,1.96132,6.56984,3504.472,6501.343,11360.609,0.14075,0.680315,83.189,102.161,0.35024,1.1354,0.899668,C,-0.001,0.041054
10122.65,0.61902,164.362,3.3489,16,0.7222,11.555,1.97276,6.04537,3088.442,7034.207,10343.022,0.245438,0.783048,84.319,102.516,0.3051,1.02177,0.879029,C,0.001,-0.019948
10783.436,0.60167,179.515,1.4618,27,0.7313,19.746,1.94683,7.81136,3063.999,7719.437,4479.069,0.140787,0.7846,83.512,103.262,0.28414,0.41537,0.933513,C,0.0,0.028441
10903.943,0.54095,155.401,3.8678,20,0.7963,15.926,1.98942,8.7042,4357.982,6545.961,16855.867,0.066071,0.857097,81.589,102.539,0.39967,1.54585,0.951185,C,0.0,0.028202
11987.301,0.31994,151.955,2.2677,24,0.7798,18.714,1.99612,8.97688,6066.766,5920.535,13757.377,0.028938,0.618134,80.954,100.777,0.5061,1.14766,0.954224,C,0.0,-0.026974
13000.0,0.39054,154.774,2.003,18,0.8976,16.157,1.99062,7.41914,6222.031,6777.969,12462.432,0.066279,0.68821,81.565,101.391,0.47862,0.95865,0.918774,C,0.0,-0.036038
7569.849,0.38958,161.886,2.9129,23,0.771,17.734,1.97725,8.99961,3326.468,4243.381,9689.631,0.035226,0.66737,81.446,101.626,0.43944,1.28003,0.960267,C,0.0,-0.021566
12817.638,0.61194,193.553,1.6449,16,0.7585,12.136,1.92497,4.94305,3709.938,9107.7,6102.618,0.406472,0.695631,87.512,103.307,0.28944,0.47611,0.807743,C,0.0,0.04102
10429.978,0.46213,174.836,4.1153,16,0.6968,11.149,1.95456,6.01113,4738.775,5691.202,19501.414,0.125672,0.742283,83.14,102.762,0.45434,1.86975,0.876446,C,0.001,-0.008093
11938.618,0.38816,152.419,2.1176,17,0.8122,13.807,1.99521,6.47822,5367.266,6571.352,11365.815,0.094636,0.627902,81.841,100.867,0.44957,0.95202,0.890392,C,0.0,-0.007686
8918.862,0.54501,188.782,2.1233,23,0.8548,19.66,1.93219,8.80318,2533.791,6385.071,5380.111,0.085215,0.727478,83.108,103.308,0.28409,0.60323,0.955581,C,-0.0,-0.046702
10380.549,0.55182,157.412,3.1579,27,0.8382,22.632,1.98558,11.7899,3880.596,6499.952,12254.543,0.024096,0.866874,81.118,102.711,0.37383,1.18053,0.983676,C,0.001,0.048318
10466.76,0.68994,176.832,1.7448,22,0.7315,16.094,1.95124,6.83865,1743.976,8722.783,3042.933,0.383378,0.751232,86.616,102.916,0.16662,0.29072,0.907414,C,0.001,0.000645
10365.638,0.37007,203.025,3.4025,16,0.6596,10.554,1.91122,5.28329,4866.563,5499.075,16558.45,0.125406,0.586589,84.117,102.991,0.46949,1.59744,0.840903,C,0.0,0.01855
11304.593,0.52144,207.257,1.2582,27,0.6887,18.594,1.90532,6.67865,4338.413,6966.181,5458.599,0.13634,0.761268,84.397,104.319,0.38377,0.48287,0.899654,C,-0.001,0.037068
11158.565,0.50573,156.709,2.3171,25,0.7069,17.673,1.98692,8.47613,3781.55,7377.015,8762.102,0.079487,0.724226,81.82,101.732,0.33889,0.78524,0.946735,C,0.0,0.010947
9139.778,0.54108,151.722,3.6178,17,0.6606,11.229,1.99658,6.08303,3563.296,5576.482,12891.373,0.160823,0.784055,82.685,101.859,0.38987,1.41047,0.884121,C,0.0,0.022533
10106.733,0.58608,150.418,2.7395,24,0.827,19.848,1.99916,10.07252,3243.974,6862.759,8887.019,0.053929,0.837622,81.218,102.142,0.32097,0.87932,0.970465,C,0.0,0.011884
10995.209,0.43645,174.168,4.0056,22,0.8117,17.857,1.95568,9.58449,4559.897,6435.312,18265.235,0.037852,0.718882,81.956,102.575,0.41472,1.6612,0.964033,C,0.0,0.027786
10988.467,0.46441,190.07,1.6316,16,0.8039,12.862,1.93022,5.24421,4861.421,6127.046,7932.074,0.172436,0.696066,84.304,103.157,0.44241,0.72185,0.835731,C,0.0,0.041567
9705.717,0.44313,137.138,3.6767,16,0.7535,12.056,2.02708,6.69705,4159.72,5545.997,15294.197,0.098326,0.701741,81.211,100.484,0.42858,1.57579,0.904901,C,0.0,0.032265
9635.307,0.66657,162.642,1.746,27,0.8264,22.312,1.97587,9.66126,2849.442,6785.866,4975.071,0.075793,0.914638,82.012,103.297,0.29573,0.51634,0.966373,C,-0.001,0.027923
9816.266,0.33007,165.202,2.3571,24,0.8138,19.53,1.97125,9.3063,4625.217,5191.048,10902.302,0.026819,0.600272,81.466,101.352,0.47118,1.11064,0.961716,C,0.001,-0.029541
8603.021,0.66738,158.936,2.6937,17,0.8956,15.226,1.98271,7.60015,2364.317,6238.703,6368.717,0.162734,0.858629,83.01,102.736,0.27482,0.74029,0.932987,C,0.001,-0.001926
7948.713,0.64857,176.294,2.626,16,0.8611,13.778,1.95213,6.67461,1841.813,6106.899,4836.576,0.254016,0.767562,84.888,102.998,0.23171,0.60847,0.909248,C,0.001,0.023209
12409.553,0.50101,195.658,3.6402,20,0.6674,13.349,1.92185,6.84126,4162.992,8246.561,15154.059,0.146087,0.680174,84.146,103.297,0.33547,1.22116,0.902182,C,0.0,0.054755
9622.45,0.30429,162.899,2.3179,17,0.7103,12.075,1.9754,5.74292,5182.632,4439.818,12012.949,0.074841,0.572133,82.009,101.05,0.5386,1.24843,0.867532,C,0.0,-0.024443
10130.443,0.34441,156.283,3.8536,22,0.6529,14.364,1.98773,7.83509,4331.359,5799.084,16691.274,0.052098,0.562745,81.441,100.644,0.42756,1.64764,0.935325,C,0.0,-0.034793
9481.485,0.31227,152.578,1.203,19,0.7281,13.834,1.99489,5.217,5589.147,3892.338,6724.01,0.083995,0.640058,81.707,100.955,0.58948,0.70917,0.841441,C,0.0,0.000843
12055.05,0.30241,164.247,2.6046,21,0.7829,16.441,1.97296,8.07287,6059.749,5995.301,15783.201,0.037861,0.569804,81.575,101.103,0.50267,1.30926,0.937067,C,0.0,-0.006977
12779.533,0.58379,176.342,3.0019,17,0.7944,13.505,1.95205,6.77584,4064.884,8714.649,12202.527,0.185592,0.769531,83.987,103.013,0.31808,0.95485,0.898881,C,0.0,-0.038941
9769.883,0.66525,150.548,3.1834,24,0.6529,15.669,1.99891,8.25808,2197.168,7572.715,6994.56,0.163212,0.810917,82.666,101.972,0.22489,0.71593,0.944826,C,0.0,-0.032848
11130.574,0.57338,192.871,4.0432,19,0.8039,15.275,1.92599,8.02657,3347.261,7783.314,13533.687,0.118766,0.768891,83.691,103.761,0.30073,1.2159,0.937709,C,-0.001,-0.012365
9009.152,0.31549,164.043,1.5905,17,0.6558,11.149,1.97333,4.65305,4304.249,4704.904,6846.055,0.125716,0.489107,82.726,100.56,0.47776,0.7599,0.809622,C,-0.001,-0.017084
13000.0,0.68403,148.277,2.1274,27,0.6804,18.372,2.00347,8.68424,3338.19,9661.81,7101.59,0.138965,0.872356,82.248,102.252,0.25678,0.54628,0.947833,C,0.0,-0.039498
12066.297,0.48679,167.035,3.9648,25,0.6817,17.043,1.96799,9.21414,5073.862,6992.435,20116.972,0.048878,0.80454,81.829,102.792,0.4205,1.6672,0.957778,C,0.0,0.058835
8888.653,0.69678,169.33,3.209,21,0.666,13.986,1.96397,7.19719,1801.001,7087.652,5779.397,0.267729,0.805801,84.807,102.914,0.20262,0.6502,0.922146,C,0.0,0.018371
11961.01,0.56683,169.161,1.4984,27,0.663,17.902,1.96426,7.24852,3253.62,8707.39,4875.14,0.174536,0.713421,83.57,102.296,0.27202,0.40759,0.916241,C,0.0,-0.049403
10635.613,0.65105,148.129,4.113,17,0.8889,15.111,2.00377,8.44825,2982.162,7653.451,12265.524,0.122995,0.856807,82.031,102.142,0.28039,1.15325,0.947028,C,0.0,-0.005562
11245.028,0.37434,178.0,2.6486,24,0.7789,18.693,1.94931,9.05752,5303.554,5941.474,14046.987,0.034579,0.677627,82.054,102.485,0.47164,1.24917,0.956433,C,0.0,-0.031014
10531.161,0.42015,151.021,2.2461,27,0.784,21.168,1.99797,10.13773,4596.039,5935.122,10323.068,0.028145,0.723707,80.904,101.423,0.43642,0.98024,0.970765,C,0.0,0.022439
9548.48,0.46131,157.424,3.1743,16,0.6881,11.009,1.98556,5.74224,4053.047,5495.432,12865.676,0.143675,0.695571,82.697,101.581,0.42447,1.34741,0.867798,C,0.001,0.024649
9769.551,0.38907,182.054,3.2808,21,0.7498,15.746,1.94273,8.01433,4437.775,5331.775,14559.285,0.051466,0.670066,82.424,102.624,0.45425,1.49027,0.939913,C,0.001,0.003532
11223.483,0.35092,185.182,3.3471,20,0.8883,17.766,1.93778,9.04935,5247.813,5975.67,17565.214,0.03277,0.630313,82.289,102.504,0.46757,1.56504,0.956336,C,0.0,0.031338
10566.548,0.67662,175.727,1.829,23,0.7139,16.42,1.95307,7.10621,2687.187,7879.361,4914.887,0.224976,0.830653,84.484,103.388,0.25431,0.46514,0.915442,C,0.0,-0.029727
8490.955,0.40031,146.914,1.1091,19,0.8223,15.624,2.00625,5.72075,3957.802,4533.154,4389.567,0.110715,0.653144,81.816,100.73,0.46612,0.51697,0.871083,C,-0.001,0.023811
13000.0,0.6646,200.329,3.3914,24,0.7026,16.862,1.91506,8.46111,3275.725,9724.275,11109.276,0.148767,0.83836,84.337,104.54,0.25198,0.85456,0.943596,C,0.0,0.03703
9682.718,0.33718,151.069,3.6553,19,0.7774,14.771,1.99787,8.02659,4892.73,4789.988,17884.595,0.039819,0.64092,81.06,100.879,0.50531,1.84706,0.940327,C,0.0,-0.00387
9337.408,0.36782,225.326,2.5635,23,0.8437,19.404,1.88158,8.82348,5121.837,4215.571,13129.742,0.029958,0.778313,83.547,105.142,0.54853,1.40614,0.955323,C,0.0,0.011706
9111.971,0.45012,155.755,2.6682,24,0.844,20.256,1.98874,10.12943,3914.212,5197.758,10443.974,0.029435,0.766926,81.12,101.963,0.42957,1.14618,0.971909,C,0.001,-0.030196
11099.653,0.49693,150.769,1.3442,22,0.8723,19.19,1.99847,7.61894,3931.16,7168.494,5284.203,0.100712,0.714221,81.851,101.346,0.35417,0.47607,0.928222,C,-0.001,-0.053374
12034.201,0.43345,164.382,2.8358,21,0.8765,18.406,1.97272,9.24491,5262.622,6771.579,14923.665,0.041364,0.738166,81.626,102.221,0.43731,1.2401,0.958268,C,-0.0,-0.008057
10624.05,0.39425,187.011,3.7005,24,0.6541,15.698,1.93492,8.15723,4193.626,6430.424,15518.632,0.05856,0.613174,82.694,102.474,0.39473,1.46071,0.941369,C,0.0,-0.015832
11390.498,0.55194,145.939,2.2417,22,0.7392,16.263,2.00825,7.84175,3934.541,7455.957,8820.211,0.106985,0.78675,81.724,101.556,0.34542,0.77435,0.933046,C,0.0,-0.039573
7793.184,0.56636,166.6,3.0046,17,0.7731,13.142,1.96876,6.67946,2540.385,5252.798,7632.791,0.156626,0.764523,83.235,102.506,0.32598,0.97942,0.909853,C,0.001,-0.027536
9364.853,0.30383,150.02,2.9658,20,0.8325,16.65,1.99996,8.63053,4790.948,4573.905,14209.043,0.028411,0.592322,80.864,100.501,0.51159,1.51727,0.952161,C,0.0,-0.016894
9514.036,0.53721,167.54,2.6707,25,0.6824,17.061,1.9671,8.39831,2910.059,6603.977,7771.976,0.091551,0.733595,82.412,102.349,0.30587,0.8169,0.947874,C,0.0,-0.028039
10080.131,0.39737,187.701,1.8512,27,0.7527,20.323,1.93385,8.70253,4557.722,5522.409,8437.425,0.041893,0.69075,82.498,103.017,0.45215,0.83704,0.952331,C,0.0,0.000991
11319.134,0.46746,191.181,2.445,21,0.717,15.056,1.92853,7.01806,4586.794,6732.34,11214.522,0.102833,0.715876,83.423,103.337,0.40522,0.99076,0.910857,C,0.0,0.047962
7192.942,0.36003,150.29,3.669,19,0.7722,14.672,1.99942,7.98857,3854.896,3338.046,14143.606,0.037561,0.73242,80.997,101.44,0.53593,1.96632,0.944088,C,0.0,0.029508
13000.0,0.32961,174.607,1.8097,23,0.8185,18.826,1.95494,8.12847,6694.97,6305.03,12115.826,0.040557,0.636532,82.008,102.053,0.515,0.93199,0.936631,C,0.0,0.048746
9152.108,0.41205,180.62,2.3748,20,0.8123,16.247,1.94504,7.60588,4335.105,4817.003,10294.986,0.059178,0.729614,82.475,102.951,0.47367,1.12488,0.931971,C,0.0,0.030431
10518.495,0.64307,152.003,1.2947,25,0.772,19.301,1.99602,7.52649,2862.759,7655.737,3706.323,0.17222,0.819142,82.847,102.106,0.27216,0.35236,0.927112,C,-0.001,-0.031493
11300.546,0.57037,152.549,2.5699,26,0.6896,17.93,1.99495,8.91416,3770.566,7529.98,9689.868,0.078432,0.81671,81.632,102.12,0.33366,0.85747,0.954118,C,0.0,-0.050576
11115.659,0.497,160.803,3.2013,25,0.7764,19.409,1.97924,10.09686,4155.426,6960.234,13302.732,0.040107,0.76977,81.467,102.246,0.37384,1.19676,0.969832,C,-0.001,0.041526
10852.932,0.60121,174.786,3.7706,26,0.8327,21.651,1.95464,11.46927,3214.261,7638.671,12119.799,0.037592,0.838375,81.975,103.394,0.29617,1.11673,0.981481,C,0.0,-0.010051
7006.954,0.68301,171.572,2.1114,25,0.7721,19.302,1.96009,8.81496,1524.376,5482.578,3218.519,0.130649,0.836589,83.083,103.227,0.21755,0.45933,0.958386,C,-0.0,-0.002995
8380.144,0.66333,230.0,3.48,20,0.6624,13.248,1.87579,6.47322,1859.466,6520.678,6471.016,0.295128,0.768331,87.184,105.251,0.22189,0.77218,0.901278,C,0.0,-0.018611
12054.544,0.47399,158.912,3.7566,21,0.8261,17.348,1.98276,9.37826,4767.969,7286.574,17911.144,0.047757,0.75289,81.491,102.037,0.39553,1.48584,0.960148,C,0.001,0.040716
8667.538,0.51242,167.348,3.1659,24,0.6741,16.177,1.96744,8.31981,3280.488,5387.05,10385.775,0.070669,0.781428,82.129,102.655,0.37848,1.19824,0.947803,C,0.0,-0.000692
8952.076,0.31203,191.137,1.8469,22,0.6953,15.296,1.9286,6.5173,4533.914,4418.162,8373.477,0.060971,0.569665,82.869,102.37,0.50647,0.93537,0.901036,C,-0.0,0.006748
7108.829,0.52637,181.969,2.4384,26,0.8836,22.973,1.94287,10.82034,2378.129,4730.7,5798.724,0.032563,0.774611,82.172,103.31,0.33453,0.81571,0.979305,C,0.0,-0.016952
11718.39,0.43572,120.0,3.7808,20,0.7673,15.346,2.06808,8.81841,4815.823,6902.567,18207.755,0.050911,0.704194,79.736,99.412,0.41096,1.55378,0.951982,C,0.0,0.01226
10731.476,0.42176,160.118,1.7971,22,0.852,18.744,1.98051,8.22965,5106.358,5625.118,9176.764,0.050828,0.758475,81.581,102.136,0.47583,0.85513,0.942655,C,0.0,0.049978
8872.351,0.43303,180.689,1.0339,18,0.7793,14.027,1.94493,4.74319,4073.987,4798.364,4211.96,0.173225,0.653611,83.983,102.452,0.45918,0.47473,0.816315,C,0.0,0.014263
9996.666,0.65792,170.142,3.6005,18,0.8619,15.514,1.96256,8.18651,2042.681,7953.985,7354.739,0.183404,0.779779,83.725,102.782,0.20434,0.73572,0.943038,C,0.0,0.020159
10242.919,0.33649,158.455,3.802,19,0.7581,14.403,1.98362,7.81061,5411.474,4831.446,20574.348,0.041687,0.66669,81.392,101.444,0.52831,2.00864,0.934549,C,-0.001,-0.025036
8777.625,0.65603,172.88,3.0315,20,0.6832,13.664,1.95786,6.90329,2468.92,6308.705,7484.448,0.200561,0.834276,84.055,103.275,0.28127,0.85267,0.914009,C,0.0,0.015092
10000.379,0.58894,197.184,1.1258,16,0.6871,10.994,1.91961,3.79666,3174.275,6826.104,3573.514,0.491296,0.634343,88.754,103.06,0.31742,0.35734,0.73521,C,0.0,0.023308
10401.934,0.56142,179.809,3.523,26,0.8039,20.902,1.94636,10.84215,3468.61,6933.324,12219.888,0.038319,0.823116,82.17,103.53,0.33346,1.17477,0.97724,C,0.0,0.010202
10814.201,0.42831,156.399,3.0107,21,0.8942,18.777,1.98751,9.68199,4132.571,6681.63,12441.807,0.038754,0.669243,81.269,101.353,0.38214,1.15051,0.965423,C,-0.0,0.042668
12598.666,0.54435,150.014,2.6851,18,0.6889,12.4,1.99997,6.26253,3937.563,8661.103,10572.699,0.209728,0.696482,83.257,101.188,0.31254,0.83919,0.879586,C,0.0,-0.035715
10100.931,0.30532,139.596,3.1884,21,0.6711,14.094,2.02168,7.55228,5359.303,4741.628,17087.571,0.041053,0.604003,80.569,99.985,0.53058,1.69168,0.928658,C,0.0,0.04325
9420.884,0.30087,175.355,3.3291,16,0.7344,11.75,1.95369,6.05168,4836.44,4584.444,16100.779,0.069255,0.545207,82.414,101.486,0.51337,1.70905,0.881828,C,0.0,0.042757
11127.133,0.33131,195.628,3.702,21,0.8328,17.489,1.92189,8.99575,5866.199,5260.935,21716.421,0.027882,0.669646,82.585,103.226,0.5272,1.95166,0.955633,C,-0.001,0.004995
8937.121,0.54962,182.328,3.4631,27,0.8707,23.509,1.9423,12.10988,2798.264,6138.857,9690.616,0.024522,0.788979,82.079,103.421,0.31311,1.08431,0.98603,C,0.0,-0.027843
8097.637,0.44818,190.677,3.6762,27,0.8316,22.452,1.9293,11.59931,3598.238,4499.399,13227.694,0.016408,0.793469,82.265,103.827,0.44436,1.63353,0.983731,C,-0.0,0.025436
12455.073,0.37987,160.345,1.495,23,0.6727,15.473,1.98009,6.3338,5494.069,6961.004,8213.7,0.100738,0.600179,82.249,101.103,0.44111,0.65947,0.883021,C,0.0,-0.001362
9938.735,0.6478,209.981,2.8885,26,0.883,22.957,1.90159,10.95977,2143.714,7795.021,6192.015,0.064697,0.808157,83.538,104.739,0.21569,0.62302,0.978458,C,0.0,0.019882
10547.935,0.30842,143.759,2.4128,16,0.6886,11.017,2.01279,5.44836,5942.235,4605.7,14337.237,0.082657,0.599707,81.306,100.198,0.56336,1.35925,0.849022,C,0.0,-0.043736
11549.346,0.62422,192.92,1.5855,27,0.8393,22.662,1.92592,9.10813,3304.683,8244.663,5239.639,0.094196,0.836666,83.369,104.211,0.28614,0.45367,0.956822,C,-0.0,0.015627
8275.803,0.51594,168.599,2.5906,20,0.8491,16.982,1.96524,8.27776,2679.728,5596.076,6942.055,0.08337,0.723084,82.345,102.332,0.3238,0.83884,0.947677,C,-0.001,-0.024142
10913.788,0.45554,158.429,2.6744,25,0.8291,20.726,1.98367,10.33282,5025.778,5888.011,13441.087,0.027317,0.821063,81.202,102.462,0.4605,1.23157,0.972386,C,-0.001,-0.050168
10702.877,0.44502,150.5,1.0707,16,0.7431,11.889,1.999,4.25815,4724.373,5978.504,5058.312,0.231922,0.613409,83.571,100.666,0.44141,0.47261,0.769956,C,0.0,0.040127
9937.264,0.62589,160.713,1.7747,24,0.8542,20.501,1.97941,8.9533,2838.183,7099.081,5036.804,0.095275,0.83803,82.191,102.692,0.28561,0.50686,0.956524,C,0.0,-0.016571
10509.689,0.39407,185.308,2.7166,26,0.8998,23.395,1.93758,11.31071,4054.855,6454.834,11015.377,0.019793,0.629194,82.122,102.503,0.38582,1.04812,0.980621,C,0.0,-0.047425
8867.392,0.3463,147.498,2.0077,17,0.7468,12.695,2.00505,5.89545,4576.038,4291.354,9187.449,0.082343,0.627778,81.467,100.595,0.51605,1.03609,0.877296,C,0.0,-0.044479
7000.0,0.54067,181.274,3.7339,25,0.6747,16.867,1.94399,8.8436,2241.454,4758.546,8369.29,0.069548,0.762585,82.635,103.199,0.32021,1.19561,0.95881,C,0.0,0.005556
9572.752,0.52128,147.519,2.4627,22,0.8858,19.489,2.00501,9.64204,3504.346,6068.407,8630.229,0.048115,0.794516,81.016,101.696,0.36608,0.90154,0.966211,C,-0.001,0.026099
8771.045,0.393,134.316,2.4013,26,0.8687,22.587,2.03341,11.31704,3925.133,4845.912,9425.3,0.016108,0.698285,79.993,100.291,0.44751,1.07459,0.981657,C,0.0,-0.033018
11184.363,0.69057,174.611,1.3622,21,0.7679,16.125,1.95494,6.23361,2680.993,8503.371,3651.999,0.336632,0.802156,85.916,103.146,0.23971,0.32653,0.883148,C,-0.001,0.047453
10861.524,0.49985,159.816,3.8599,22,0.7551,16.613,1.98107,9.02049,4228.845,6632.68,16322.878,0.056034,0.782815,81.637,102.281,0.38934,1.50282,0.956354,C,-0.001,0.012276
9065.867,0.39998,160.177,2.6687,16,0.79,12.64,1.9804,6.28269,4127.707,4938.16,11015.431,0.094712,0.655144,82.162,101.457,0.4553,1.21504,0.892188,C,0.0,0.016202
10067.695,0.39071,191.483,2.6012,22,0.7715,16.972,1.92808,8.0485,4007.374,6060.321,10424.091,0.058805,0.610184,82.852,102.653,0.39804,1.0354,0.940092,C,0.0,-0.015424
12131.245,0.53031,192.696,3.2973,16,0.8083,12.932,1.92625,6.50509,4065.698,8065.547,13405.675,0.172753,0.710554,84.398,103.368,0.33514,1.10505,0.890825,C,0.0,-0.047674
12402.962,0.47392,152.236,3.3497,18,0.815,14.671,1.99557,7.80608,4708.357,7694.605,15771.788,0.087106,0.71062,81.734,101.403,0.37962,1.27161,0.930228,C,0.0,-0.054599
10480.493,0.34101,170.251,1.9658,23,0.8409,19.342,1.96237,8.64264,5243.624,5236.869,10307.891,0.033576,0.648841,81.751,101.923,0.50032,0.98353,0.950739,C,0.0,-0.00232
11108.669,0.37877,190.391,1.2913,17,0.7951,13.516,1.92973,5.00737,4784.257,6324.412,6177.758,0.157507,0.546155,84.118,102.182,0.43068,0.55612,0.820909,C,0.0,-0.032646
9591.793,0.61193,159.325,1.4759,22,0.7534,16.574,1.98199,6.75901,2639.959,6951.834,3896.317,0.206187,0.766009,83.599,102.145,0.27523,0.40621,0.907262,C,0.0,0.013254
10003.617,0.38371,134.461,2.0086,26,0.7152,18.596,2.03308,8.80933,4567.394,5436.223,9174.203,0.038503,0.673749,80.296,100.138,0.45657,0.91709,0.954186,C,0.0,-0.020302
10880.45,0.35569,195.48,3.4283,22,0.7668,16.869,1.92211,8.53364,5576.783,5303.667,19118.884,0.035935,0.691918,82.686,103.366,0.51255,1.75718,0.948217,C,0.0,-0.0371
9816.082,0.65299,200.523,1.5714,26,0.7996,20.789,1.91478,8.25251,2761.446,7054.635,4339.248,0.128499,0.858297,84.076,104.679,0.28132,0.44206,0.944641,C,0.001,-0.011721
10615.195,0.37478,176.716,2.8842,26,0.6706,17.436,1.95143,8.65607,4785.192,5830.003,13801.262,0.040926,0.648807,82.091,102.234,0.45079,1.30014,0.950774,C,0.0,-0.022742
8280.119,0.32557,159.309,3.4792,25,0.8572,21.431,1.98202,11.38809,4546.566,3733.553,15818.59,0.010447,0.709325,81.015,101.77,0.54909,1.91043,0.982382,C,0.0,-0.042114
7586.277,0.64041,148.326,1.9931,24,0.8405,20.171,2.00337,9.33289,2691.926,4894.351,5365.263,0.063849,0.957528,81.259,102.817,0.35484,0.70723,0.964622,C,0.0,-0.027254
7372.717,0.31513,149.459,3.6351,22,0.67,14.74,2.00108,8.01909,3804.524,3568.193,13829.749,0.033981,0.6149,80.914,100.619,0.51603,1.8758,0.944356,C,-0.0,0.000902
9358.023,0.3987,163.109,1.4383,23,0.8683,19.971,1.97502,8.0175,4407.004,4951.018,6338.58,0.050183,0.708917,81.692,101.963,0.47093,0.67734,0.940725,C,0.001,0.026261
11965.931,0.32081,156.796,3.0423,20,0.8386,16.771,1.98675,8.66532,6447.978,5517.953,19616.575,0.030374,0.660194,81.175,101.314,0.53886,1.63937,0.948981,C,0.0,0.019977
11985.148,0.54384,150.692,1.6481,23,0.7103,16.336,1.99862,7.04048,3692.402,8292.746,6085.575,0.159131,0.715137,82.619,101.348,0.30808,0.50776,0.909854,C,0.0,-0.022231
8516.387,0.64651,155.393,3.9155,21,0.8922,18.736,1.98943,10.26558,2143.056,6373.331,8391.123,0.067549,0.841182,81.608,102.434,0.25164,0.98529,0.973708,C,0.0,0.036752
7781.519,0.45338,187.016,3.1035,17,0.8217,13.968,1.93491,6.97314,3533.218,4248.301,10965.239,0.08119,0.762915,82.993,103.462,0.45405,1.40914,0.918689,C,0.0,0.030557
11332.153,0.32942,164.963,3.0921,20,0.8124,16.247,1.97168,8.33452,5579.598,5752.555,17252.712,0.037636,0.612433,81.6,101.42,0.49237,1.52246,0.943747,C,0.0,-0.010425
10826.26,0.56374,169.782,3.0058,18,0.6719,12.094,1.96318,6.12153,3389.604,7436.655,10188.338,0.216546,0.72199,84.148,102.383,0.31309,0.94108,0.879734,C,0.001,8.1e-05
7950.731,0.52004,168.758,1.5749,27,0.8608,23.242,1.96496,9.60219,3026.649,4924.083,4766.602,0.0445,0.812333,81.838,102.929,0.38068,0.59952,0.967425,C,-0.001,0.017153
11731.409,0.39525,200.464,1.9525,21,0.7465,15.676,1.91487,6.73476,5559.453,6171.957,10854.616,0.083076,0.676437,83.474,103.477,0.47389,0.92526,0.900393,C,-0.001,0.042213
10264.628,0.4498,196.049,3.863,19,0.8792,16.704,1.92127,8.66456,4199.989,6064.64,16224.435,0.053396,0.724323,82.936,103.605,0.40917,1.58062,0.951427,C,-0.001,0.008823
11875.229,0.4829,173.996,1.8854,22,0.78,17.159,1.95597,7.52211,4790.322,7084.908,9031.494,0.090892,0.747955,82.649,102.759,0.40339,0.76053,0.924075,C,-0.001,-0.046226
10514.505,0.46969,131.4,1.4864,22,0.8747,19.243,2.04011,8.20223,4248.604,6265.901,6314.984,0.066871,0.742818,80.523,100.406,0.40407,0.6006,0.942471,C,-0.0,0.025406
11411.819,0.33584,199.556,2.6607,21,0.8207,17.235,1.91617,8.14645,4897.734,6514.085,13031.36,0.047121,0.552911,82.97,102.623,0.42918,1.14192,0.939781,C,0.0,0.049918
10392.119,0.39316,181.334,3.8677,24,0.808,19.392,1.94389,10.24159,5033.481,5358.638,19467.802,0.02279,0.741066,82.02,103.059,0.48436,1.87332,0.971925,C,0.0,-0.051954
8537.247,0.49432,162.247,2.8997,16,0.7777,12.443,1.97659,6.30432,3822.387,4714.86,11083.961,0.116206,0.800865,82.529,102.526,0.44773,1.29831,0.894747,C,0.0,-0.018721
9499.812,0.41613,187.306,1.566,20,0.8214,16.428,1.93447,6.61543,4391.409,5108.403,6876.944,0.087541,0.698603,83.087,103.051,0.46226,0.7239,0.902755,C,0.0,-0.017229
9494.702,0.52963,174.214,1.8273,24,0.8705,20.891,1.95561,9.05582,2881.385,6613.317,5265.084,0.072229,0.728923,82.411,102.644,0.30347,0.55453,0.958614,C,-0.0,-0.039404
11958.886,0.49057,164.926,3.4702,22,0.8213,18.068,1.97174,9.52261,4895.43,7063.456,16987.88,0.045283,0.799187,81.699,102.651,0.40936,1.42052,0.962214,C,0.0,-0.031262
8412.026,0.55974,213.969,3.7337,21,0.8576,18.009,1.89623,9.08892,3045.191,5366.835,11369.929,0.061169,0.842632,83.616,105.126,0.362,1.35163,0.96044,C,0.0,0.009235
8045.276,0.39077,204.98,1.4068,26,0.674,17.524,1.90848,6.6203,3442.908,4602.368,4843.641,0.084719,0.619711,83.643,103.291,0.42794,0.60205,0.907221,C,0.0,0.034704
11184.447,0.63179,120.0,2.8892,25,0.8575,21.437,2.06808,11.57158,3444.754,7739.693,9952.629,0.037007,0.896517,79.553,100.681,0.308,0.88986,0.98196,C,0.0,-0.02459
11538.281,0.52919,203.283,3.0367,25,0.8356,20.89,1.91086,10.17615,4019.852,7518.429,12207.003,0.045116,0.788009,83.065,104.331,0.34839,1.05796,0.970298,C,0.0,-0.006438
12166.306,0.45726,158.262,1.5785,22,0.6505,14.311,1.98398,6.00199,5199.269,6967.037,8207.119,0.139444,0.69443,82.675,101.617,0.42735,0.67458,0.869676,C,0.0,0.038711
11663.74,0.3364,197.863,3.5153,20,0.8307,16.614,1.91862,8.42841,5820.554,5843.186,20461.085,0.037046,0.634595,82.78,103.09,0.49903,1.75425,0.945045,C,0.0,-0.002727
7764.202,0.5629,144.465,2.1426,27,0.8166,22.049,2.01131,10.50469,2805.637,4958.565,6011.3,0.036779,0.860582,80.732,101.96,0.36136,0.77423,0.97639,C,0.0,0.028998
9048.695,0.54014,179.23,2.8863,25,0.8246,20.616,1.9473,10.20398,3217.606,5831.089,9286.928,0.041491,0.815303,82.191,103.451,0.35559,1.02633,0.972686,C,0.0,-0.043928
9629.461,0.33879,160.481,3.2768,23,0.8701,20.012,1.97984,10.47265,4568.348,5061.113,14969.695,0.018074,0.628279,81.163,101.296,0.47441,1.55457,0.974691,C,0.0,0.005756
9870.929,0.53494,160.078,1.9396,21,0.7674,16.116,1.98059,7.26676,3157.981,6712.948,6125.064,0.130917,0.725001,82.636,101.913,0.31993,0.62052,0.921703,C,0.0,0.027348
7043.844,0.31503,163.477,2.1702,21,0.685,14.385,1.97435,6.69843,3068.03,3975.814,6658.118,0.063211,0.509355,81.879,100.665,0.43556,0.94524,0.912605,C,0.0,-0.011809
9703.404,0.63358,180.475,1.4923,26,0.7683,19.977,1.94528,7.95917,2570.25,7133.154,3835.552,0.146236,0.809188,83.619,103.469,0.26488,0.39528,0.938864,C,0.0,-0.042992
10300.167,0.37622,149.761,3.7216,22,0.8443,18.574,2.00048,10.151,4340.786,5959.381,16154.592,0.0258,0.631456,80.819,100.745,0.42143,1.56838,0.971099,C,-0.0,0.049661
8568.937,0.30473,156.887,2.4315,27,0.7588,20.489,1.98658,9.96523,4403.25,4165.687,10706.333,0.017349,0.60851,81.007,100.978,0.51386,1.24944,0.970745,C,0.0,-0.042009
9889.383,0.57402,174.987,1.6871,23,0.7953,18.293,1.95431,7.69541,3493.0,6396.383,5893.016,0.109578,0.82764,82.933,103.332,0.35321,0.59589,0.932574,C,0.0,0.04525
11614.364,0.60042,141.214,3.3613,27,0.7486,20.211,2.01819,10.93822,3933.602,7680.762,13221.85,0.040416,0.887218,80.634,101.949,0.33868,1.1384,0.977202,C,0.0,0.005674
10527.786,0.50531,174.342,2.0227,26,0.725,18.849,1.95539,8.45829,3788.891,6738.895,7663.879,0.073879,0.747884,82.438,102.775,0.35989,0.72797,0.947382,C,0.0,-0.035683
11578.227,0.56043,139.211,3.1493,19,0.7978,15.158,2.02252,8.10341,3814.518,7763.708,12013.105,0.10449,0.784449,81.388,101.153,0.32946,1.03756,0.938575,C,0.001,-0.026205
11460.781,0.60251,169.063,2.9457,19,0.8622,16.381,1.96443,8.2573,3647.886,7812.896,10745.404,0.109806,0.832549,82.712,103.077,0.31829,0.93758,0.941991,C,-0.001,0.056638
11233.661,0.35543,142.933,2.8646,24,0.783,18.792,2.01453,9.75574,4996.228,6237.434,14312.188,0.027259,0.618294,80.538,100.273,0.44476,1.27404,0.96589,C,-0.001,0.019933
11019.767,0.51512,135.292,1.0377,20,0.8614,17.229,2.0312,6.21727,3368.034,7651.733,3494.908,0.197126,0.655084,82.429,100.065,0.30564,0.31715,0.883038,C,0.0,0.047446
9505.383,0.53081,156.829,2.2581,25,0.8439,21.098,1.98669,10.03787,3657.201,5848.182,8258.21,0.040503,0.837429,81.31,102.485,0.38475,0.86879,0.970642,C,0.0,-0.012466
11834.24,0.62827,197.731,3.5945,25,0.7255,18.137,1.91881,9.24736,3733.122,8101.118,13418.595,0.082575,0.879732,83.377,104.703,0.31545,1.13388,0.958539,C,0.0,0.022675
9375.156,0.47065,185.331,1.8683,21,0.6922,14.536,1.93754,6.26266,4073.767,5301.388,7611.183,0.118718,0.74108,83.429,103.242,0.43453,0.81185,0.890393,C,0.001,0.035082
8859.852,0.69037,195.561,2.5716,26,0.6775,17.615,1.92199,8.28659,1992.074,6867.778,5122.915,0.163118,0.843305,84.368,104.369,0.22484,0.57822,0.946875,C,0.0,0.001372
11152.679,0.33216,176.693,2.1968,25,0.6596,16.49,1.95146,7.5763,5365.502,5787.177,11786.967,0.05038,0.59341,82.215,101.868,0.4811,1.05687,0.92703,C,0.0,-0.008838
8972.424,0.46456,169.482,2.242,17,0.8436,14.34,1.9637,6.69237,3046.012,5926.412,6829.227,0.127457,0.637828,82.961,101.813,0.33949,0.76114,0.906859,C,0.0,-0.037771
11107.496,0.32291,182.611,2.5279,26,0.6535,16.992,1.94185,8.08021,5804.765,5302.73,14674.054,0.037748,0.635071,82.263,102.419,0.5226,1.32109,0.938909,C,0.001,-0.00678
11425.039,0.47444,143.202,1.836,22,0.6856,15.083,2.01396,6.83639,4239.065,7185.974,7783.026,0.121842,0.682439,81.799,100.712,0.37103,0.68123,0.904714,C,0.0,0.010435
10118.4,0.39415,169.576,3.1476,25,0.8148,20.37,1.96354,10.43054,4699.783,5418.618,14792.905,0.022119,0.716821,81.574,102.339,0.46448,1.46198,0.973935,C,-0.001,0.033686
10161.427,0.34057,143.643,1.0697,26,0.7063,18.364,2.01303,6.64045,5320.11,4841.317,5690.678,0.063968,0.64452,81.054,100.487,0.52356,0.56003,0.90166,C,0.0,0.034764
11376.302,0.49823,195.179,2.3414,25,0.8249,20.623,1.92256,9.44576,3725.361,7650.941,8722.499,0.058083,0.712547,82.968,103.49,0.32747,0.76673,0.961824,C,0.0,-0.020254
11014.48,0.38469,167.028,1.6698,21,0.6966,14.628,1.968,6.19404,5212.183,5802.297,8703.431,0.095843,0.64416,82.449,101.733,0.47321,0.79018,0.882102,C,0.0,0.00142
8118.107,0.64582,159.354,3.4861,22,0.8654,19.039,1.98193,10.12073,2449.667,5668.44,8539.903,0.058457,0.899653,81.65,103.029,0.30175,1.05196,0.972686,C,0.0,0.006628
8015.817,0.64436,171.609,3.2289,23,0.6755,15.537,1.96003,7.98318,2273.477,5742.34,7340.895,0.130697,0.84773,83.085,103.302,0.28362,0.9158,0.942472,C,0.0,-0.01867
11924.784,0.47152,178.189,1.0854,24,0.7165,17.197,1.949,5.97277,4652.637,7272.147,5049.843,0.158035,0.672084,83.691,102.457,0.39017,0.42347,0.869232,C,0.0,0.001019
10556.272,0.36432,168.956,2.4174,25,0.656,16.399,1.96462,7.83383,4840.393,5715.878,11701.344,0.052064,0.628749,81.946,101.727,0.45853,1.10847,0.934473,C,0.001,-0.001783
7000.0,0.3428,174.308,3.9961,18,0.658,11.844,1.95545,6.35305,3351.85,3648.15,13394.383,0.070503,0.592976,82.392,101.751,0.47884,1.91348,0.901518,C,0.0,0.019125
8373.691,0.48126,183.515,3.585,16,0.7809,12.494,1.94041,6.47601,3225.015,5148.676,11561.569,0.123217,0.705537,83.424,102.925,0.38514,1.3807,0.901394,C,0.0,-0.035562
10098.218,0.48122,168.06,2.6073,25,0.6949,17.373,1.96618,8.48948,3914.618,6183.601,10206.395,0.06379,0.745488,82.066,102.453,0.38765,1.01071,0.948613,C,-0.001,-0.049359
8516.654,0.3294,210.088,2.7948,25,0.895,22.376,1.90144,10.58978,4093.51,4423.144,11440.354,0.016086,0.61936,82.899,103.497,0.48065,1.34329,0.976528,C,0.0,0.019158
10786.933,0.32461,176.461,3.8303,16,0.7995,12.792,1.95185,6.78371,5354.073,5432.859,20507.461,0.062312,0.58311,82.364,101.789,0.49635,1.90114,0.904723,C,0.001,-0.031087
10748.691,0.40218,154.809,2.1119,27,0.7985,21.56,1.99056,10.07266,5312.766,5435.925,11219.771,0.024492,0.771308,81.015,101.942,0.49427,1.04383,0.9699,C,0.0,0.015842
11246.217,0.38577,155.393,2.2556,24,0.7184,17.241,1.98943,8.21636,5366.518,5879.699,12104.722,0.047279,0.694713,81.34,101.467,0.47718,1.07634,0.941517,C,0.0,0.026196
8754.692,0.59604,217.796,3.8086,19,0.7647,14.53,1.89119,7.33316,2762.589,5992.102,10521.483,0.139637,0.806458,84.769,105.038,0.31556,1.20181,0.926073,C,0.001,0.008385
11205.847,0.49363,174.158,2.3961,17,0.692,11.764,1.9557,5.56722,4409.387,6796.46,10565.203,0.185212,0.69373,83.9,102.409,0.39349,0.94283,0.852362,C,0.0,-0.037326
13000.0,0.49649,148.521,1.5944,17,0.8125,13.813,2.00297,5.89655,5184.75,7815.25,8266.427,0.17229,0.711572,82.699,101.205,0.39883,0.63588,0.861601,C,0.0,-0.02365
8765.064,0.41184,134.95,1.9749,26,0.8943,23.251,2.03197,10.94353,3547.051,5218.012,7005.161,0.02127,0.677346,80.091,100.192,0.40468,0.79921,0.9791,C,0.001,-0.041373
12121.912,0.4768,174.153,2.5096,18,0.694,12.492,1.95571,5.99168,4416.224,7705.687,11083.169,0.170964,0.65208,83.712,102.134,0.36432,0.91431,0.869368,C,0.001,-0.012057
11405.457,0.44674,218.663,2.7709,22,0.877,19.294,1.89007,9.02544,4553.886,6851.572,12618.212,0.049526,0.710752,83.606,104.44,0.39927,1.10633,0.955737,C,-0.001,-0.0304
10915.85,0.42418,173.045,3.3413,17,0.8869,15.077,1.95758,7.79468,4627.679,6288.171,15462.311,0.067175,0.68692,82.301,102.31,0.42394,1.4165,0.932864,C,0.0,-0.049507
10102.561,0.56286,158.236,2.5847,17,0.6626,11.264,1.98403,5.56446,3270.533,6832.028,8453.501,0.248733,0.713234,84.117,101.74,0.32373,0.83677,0.856939,C,0.0,0.003341
8246.222,0.40018,194.154,4.3072,18,0.7361,13.249,1.92407,7.03703,3552.807,4693.415,15302.819,0.074958,0.646371,83.156,103.008,0.43084,1.85574,0.919299,C,0.0,-0.025534
8640.754,0.65227,168.854,3.5723,22,0.7019,15.442,1.96479,8.14833,2072.312,6568.442,7402.846,0.150616,0.810536,83.242,102.922,0.23983,0.85674,0.944621,C,0.0,0.022562
11079.046,0.49494,156.114,3.6428,25,0.6642,16.606,1.98805,8.95303,4275.509,6803.538,15574.973,0.057679,0.769728,81.507,102.001,0.38591,1.4058,0.955027,C,-0.001,-0.017754
11610.324,0.33691,157.3,3.2533,18,0.8663,15.593,1.9858,8.18206,5689.403,5920.921,18509.122,0.041123,0.62113,81.338,101.083,0.49003,1.5942,0.940188,C,0.0,0.007279
11929.167,0.54109,151.312,1.5354,17,0.7925,13.472,1.99739,5.6444,3780.144,8149.023,5804.054,0.250517,0.675876,83.851,101.123,0.31688,0.48654,0.853287,C,0.0,0.033568
11418.637,0.42314,141.449,3.0086,17,0.7783,13.232,2.01769,6.97094,5720.568,5698.07,17211.042,0.076763,0.770875,81.125,101.195,0.50099,1.50728,0.909114,C,-0.001,0.054388
11579.962,0.59769,173.615,2.5019,21,0.7202,15.123,1.95662,7.25229,3923.504,7656.458,9816.068,0.145964,0.829167,83.362,103.277,0.33882,0.84768,0.917255,C,0.0,0.054839
9386.529,0.33189,217.189,4.3906,22,0.8038,17.684,1.89199,9.18412,4899.098,4487.431,21510.135,0.025078,0.666844,83.238,104.093,0.52193,2.2916,0.960562,C,0.0,0.019092
8206.046,0.57834,142.197,3.5431,25,0.8568,21.421,2.01609,11.71346,2295.939,5910.107,8134.706,0.032423,0.790412,80.573,101.367,0.27979,0.99131,0.984315,C,0.0,0.023919
10357.43,0.43723,139.917,3.3136,26,0.8858,23.03,2.02099,12.44735,3733.408,6624.022,12371.032,0.01572,0.6748,80.249,100.471,0.36046,1.19441,0.98704,C,0.0,-0.0001
10591.752,0.39058,172.598,1.3099,19,0.768,14.592,1.95834,5.56146,5240.351,5351.4,6864.222,0.114711,0.660733,82.911,102.116,0.49476,0.64807,0.854694,C,0.001,-0.045984
10096.135,0.43187,167.243,2.4442,25,0.8319,20.797,1.96762,9.98895,4656.317,5439.818,11380.984,0.028468,0.777162,81.568,102.622,0.4612,1.12726,0.969598,C,0.0,0.041954
8074.235,0.63315,169.177,2.1613,16,0.7054,11.287,1.96423,5.20941,1847.747,6226.488,3993.512,0.420992,0.696108,86.824,102.183,0.22884,0.4946,0.847837,C,-0.0,0.007077
9282.735,0.59897,172.185,3.2763,24,0.652,15.648,1.95904,8.06177,2593.298,6689.437,8496.542,0.124843,0.782771,83.029,102.902,0.27937,0.91531,0.941771,C,0.0,0.027391
8148.618,0.54275,183.067,1.0223,27,0.8899,24.026,1.94112,8.05569,2672.902,5475.716,2732.51,0.093196,0.762199,83.012,103.279,0.32802,0.33533,0.943676,C,0.0,-0.026615
10313.657,0.31272,175.106,2.7256,17,0.7851,13.347,1.95411,6.54165,4740.837,5572.82,12921.442,0.069571,0.519565,82.409,101.305,0.45967,1.25285,0.897737,C,0.0,0.019823
8504.719,0.56488,172.148,3.9035,16,0.8666,13.866,1.95911,7.42315,2721.45,5783.27,10623.204,0.125471,0.77166,83.036,102.826,0.31999,1.2491,0.928924,C,-0.001,-0.035512
9733.594,0.68878,188.51,2.0136,19,0.7421,14.1,1.93261,6.20734,2182.631,7550.963,4394.992,0.347022,0.787572,86.554,103.692,0.22424,0.45153,0.887026,C,0.0,-0.043131
10477.591,0.66124,159.574,3.9002,20,0.7543,15.086,1.98152,8.21132,2185.734,8291.857,8524.707,0.181574,0.787677,83.285,102.301,0.20861,0.81361,0.942716,C,0.0,0.024761
10102.746,0.40793,187.917,3.5839,24,0.8206,19.694,1.93352,10.15232,5042.058,5060.688,18070.378,0.023473,0.790966,82.263,103.688,0.49908,1.78866,0.971282,C,0.0,0.028804
12148.252,0.66321,169.863,3.1807,26,0.6811,17.708,1.96304,9.08721,3536.054,8612.199,11247.25,0.100806,0.894121,82.624,103.523,0.29108,0.92583,0.955757,C,-0.001,0.038767
8308.808,0.47985,148.383,1.2578,23,0.8379,19.272,2.00325,7.45927,3685.809,4622.999,4635.93,0.075451,0.802267,81.415,101.796,0.4436,0.55795,0.930248,C,0.0,0.004005
7000.0,0.69395,190.654,3.1362,18,0.8989,16.18,1.92933,8.06233,1487.025,5512.975,4663.536,0.176868,0.833419,84.382,104.09,0.21243,0.66622,0.945857,C,0.0,0.024751
11456.899,0.53516,148.67,2.8094,23,0.8599,19.779,2.00267,10.13007,3961.234,7495.664,11128.605,0.046612,0.79335,81.046,101.753,0.34575,0.97135,0.969885,C,0.001,-0.052005
12188.601,0.6055,178.327,3.9775,23,0.8151,18.746,1.94877,9.99471,4273.915,7914.686,16999.393,0.055672,0.902408,82.345,103.984,0.35065,1.3947,0.96776,C,0.0,-0.015454
12213.823,0.41,160.574,3.586,18,0.8252,14.854,1.97967,7.93236,5536.019,6677.804,19852.196,0.060064,0.700097,81.721,101.775,0.45326,1.62539,0.933598,C,0.0,0.041438
10349.694,0.53253,195.426,3.6009,24,0.7704,18.49,1.92219,9.45658,3672.186,6677.509,13223.154,0.055393,0.794927,82.941,104.044,0.35481,1.27764,0.963093,C,-0.001,-0.02305
10807.299,0.50048,132.751,1.338,26,0.7163,18.624,2.03699,7.58305,4041.363,6765.936,5407.309,0.096455,0.741812,80.979,100.483,0.37395,0.50034,0.927931,C,0.0,-0.025181
10273.54,0.42271,161.938,1.581,25,0.8144,20.359,1.97716,8.50103,4984.712,5288.828,7880.672,0.044822,0.778871,81.575,102.365,0.4852,0.76708,0.948552,C,0.0,-0.011421
8433.792,0.56665,163.717,3.967,20,0.6969,13.939,1.97392,7.57043,2605.633,5828.159,10336.515,0.123536,0.764753,82.684,102.363,0.30895,1.22561,0.932645,C,0.0,0.016679
9651.964,0.69322,158.067,2.6954,22,0.7761,17.074,1.98435,8.53456,2081.763,7570.201,5611.223,0.160406,0.839745,82.944,102.566,0.21568,0.58136,0.950093,C,0.0,-0.03123
10656.534,0.58336,215.702,2.329,19,0.6731,12.789,1.89394,5.71436,3106.359,7550.175,7234.839,0.276167,0.70975,86.507,104.317,0.2915,0.67891,0.862003,C,0.0,-0.014878
9295.307,0.34395,132.724,1.0849,19,0.7786,14.794,2.03705,5.47726,4250.726,5044.581,4611.668,0.108256,0.542549,81.133,99.166,0.4573,0.49613,0.856067,C,0.0,0.021872
12761.204,0.38458,145.062,3.4516,24,0.8295,19.907,2.01007,10.77646,5715.182,7046.022,19726.693,0.021397,0.679162,80.556,100.797,0.44786,1.54583,0.975082,C,0.0,0.025692
8143.938,0.30542,163.148,1.1069,21,0.8575,18.009,1.97495,6.43867,4250.21,3893.728,4704.501,0.058042,0.575447,81.797,101.084,0.52189,0.57767,0.900821,C,0.0,-0.003241
9403.191,0.45792,199.405,1.7137,21,0.7742,16.257,1.91639,6.67783,3910.481,5492.71,6701.52,0.104458,0.709569,83.721,103.651,0.41587,0.71269,0.905135,C,0.0,-0.028544
11730.805,0.63995,169.927,1.4459,22,0.7535,16.576,1.96293,6.60895,3109.06,8621.744,4495.395,0.251332,0.780087,84.613,102.774,0.26503,0.38321,0.895911,C,0.001,0.01198
9524.453,0.39928,152.246,1.9302,22,0.7885,17.347,1.99555,7.89527,4127.184,5397.269,7966.352,0.057296,0.660794,81.34,101.074,0.43333,0.83641,0.937819,C,-0.0,-0.030512
8894.936,0.43104,174.201,1.0666,18,0.7275,13.095,1.95563,4.53293,3851.189,5043.748,4107.767,0.196972,0.609764,84.057,101.857,0.43296,0.46181,0.802149,C,-0.001,0.000858
8108.859,0.66134,155.93,1.5916,19,0.7191,13.663,1.9884,5.76752,2587.717,5521.143,4118.577,0.259672,0.849606,84.166,102.518,0.31912,0.50791,0.874699,C,-0.001,-0.041057
9351.123,0.44979,162.213,1.6491,18,0.7685,13.833,1.97665,5.86772,3828.918,5522.205,6314.426,0.138149,0.665868,82.818,101.633,0.40946,0.67526,0.874238,C,0.0,0.020822
12508.76,0.47454,212.729,2.2115,21,0.7496,15.742,1.89788,6.94562,5856.678,6652.082,12952.012,0.095851,0.807957,84.035,104.848,0.46821,1.03544,0.905429,C,0.0,-0.057689
10633.312,0.67914,145.698,3.3189,26,0.8726,22.687,2.00875,12.16042,2777.517,7855.794,9218.296,0.03756,0.905986,80.797,102.33,0.26121,0.86693,0.985554,C,0.001,-0.05541
10890.812,0.69318,165.891,3.1963,24,0.7037,16.888,1.97002,8.72195,2240.353,8650.459,7160.843,0.16341,0.830379,83.296,102.905,0.20571,0.65751,0.951506,C,-0.0,0.037484
9701.888,0.68631,172.302,3.9809,24,0.7159,17.182,1.95885,9.2328,2544.009,7157.88,10127.435,0.102457,0.893823,82.738,103.64,0.26222,1.04386,0.960854,C,-0.001,-0.026552
11473.841,0.69725,130.07,2.5057,21,0.788,16.548,2.04323,8.45137,1921.334,9552.507,4814.252,0.225761,0.79208,82.556,100.648,0.16745,0.41958,0.94578,C,0.0,0.023608
9928.801,0.46448,168.575,4.2381,22,0.8944,19.678,1.96528,10.75684,3976.679,5952.122,16853.568,0.026813,0.756892,81.598,102.554,0.40052,1.69744,0.976879,C,0.0,-0.01073
8630.364,0.44735,139.759,2.0015,23,0.8819,20.284,2.02133,9.5191,3385.872,5244.492,6776.719,0.039071,0.710945,80.55,100.7,0.39232,0.78522,0.965735,C,0.0,-0.041434
9819.755,0.43693,123.079,3.1039,21,0.7788,16.355,2.06023,8.94132,3770.584,6049.17,11703.386,0.049504,0.67842,79.878,99.448,0.38398,1.19182,0.956495,C,0.001,0.00865
10397.786,0.55445,174.664,3.6516,27,0.7682,20.74,1.95485,10.91382,3436.132,6961.654,12547.335,0.037235,0.809736,81.966,103.199,0.33047,1.20673,0.977807,C,0.0,0.006209
11897.929,0.49583,167.002,2.6203,22,0.8334,18.335,1.96805,8.98452,4849.025,7048.905,12706.14,0.055402,0.798811,81.914,102.753,0.40755,1.06793,0.954462,C,-0.001,-0.038399
10066.453,0.68329,183.769,3.7026,26,0.6549,17.027,1.94001,8.88419,2571.157,7495.296,9520.01,0.119617,0.876649,83.385,104.066,0.25542,0.94572,0.955286,C,-0.0,0.00884
10820.411,0.3144,130.733,3.7255,25,0.7077,17.692,2.04167,9.95542,5487.096,5333.314,20441.928,0.019484,0.617815,79.865,99.539,0.50711,1.8892,0.968573,C,0.001,0.025251
13000.0,0.41647,206.45,2.5328,27,0.7536,20.348,1.90643,9.41289,5747.999,7252.001,14558.273,0.038076,0.716388,83.074,103.989,0.44215,1.11987,0.959576,C,0.0,0.002698
9429.946,0.59776,198.075,1.0971,25,0.6896,17.24,1.91831,5.87551,3112.069,6317.877,3414.126,0.227719,0.780034,85.304,104.059,0.33002,0.36205,0.874277,C,0.0,0.008413
8309.498,0.42774,152.739,3.8957,26,0.7784,20.239,1.99458,11.11961,4099.488,4210.009,15970.486,0.016796,0.827887,80.827,102.204,0.49335,1.92196,0.980628,C,0.001,0.037953
11676.051,0.32651,176.273,4.1967,23,0.8726,20.069,1.95216,10.84163,4934.461,6741.59,20708.364,0.018251,0.552137,81.775,101.575,0.42261,1.77358,0.976376,C,0.0,0.007286
10646.895,0.37391,164.174,1.9849,16,0.7026,11.241,1.9731,5.08014,4713.623,5933.272,9356.012,0.145476,0.555395,82.992,101.004,0.44272,0.87875,0.827753,C,0.0,-0.048113
10241.867,0.51889,185.929,2.6845,22,0.8516,18.736,1.93661,9.02227,3736.799,6505.067,10031.428,0.060909,0.781969,82.687,103.539,0.36486,0.97945,0.957172,C,0.001,0.03694
10884.895,0.65484,173.066,3.0722,18,0.7559,13.606,1.95755,6.89465,3204.608,7680.287,9845.063,0.204435,0.842772,84.113,103.34,0.29441,0.90447,0.908088,C,0.0,-0.00023
9529.758,0.43604,174.143,3.3825,16,0.8613,13.781,1.95572,7.13448,4196.297,5333.461,14193.772,0.080372,0.71587,82.516,102.554,0.44034,1.48942,0.918835,C,0.0,0.02617
11252.792,0.5895,175.178,2.6243,18,0.8914,16.045,1.95399,7.78248,3559.901,7692.891,9342.201,0.126873,0.803581,83.168,103.183,0.31636,0.83021,0.931913,C,0.0,0.004522
9514.465,0.40828,147.652,1.4385,17,0.6992,11.886,2.00474,4.87673,4635.917,4878.548,6668.662,0.149816,0.653893,82.364,100.776,0.48725,0.7009,0.821207,C,0.0,-0.017158
11290.092,0.64661,150.231,1.3918,19,0.7433,14.123,1.99954,5.6947,3263.454,8026.639,4542.053,0.316622,0.780773,84.678,101.756,0.28905,0.4023,0.85846,C,-0.001,0.022044
8272.469,0.50659,153.748,2.4514,27,0.7528,20.325,1.99261,9.95284,3386.391,4886.078,8301.28,0.036023,0.832725,81.123,102.29,0.40936,1.00348,0.970891,C,-0.0,0.002805
9211.678,0.59767,182.058,3.7704,21,0.8083,16.974,1.94273,8.9094,3022.734,6188.943,11397.06,0.078659,0.851157,82.784,103.819,0.32814,1.23724,0.956813,C,0.001,0.0162
10387.595,0.3417,166.782,1.2798,16,0.8772,14.035,1.96844,5.33573,4757.368,5630.227,6088.711,0.116617,0.531883,82.713,100.98,0.45799,0.58615,0.843695,C,-0.0,0.0292
9655.401,0.46998,175.331,1.5413,19,0.7921,15.049,1.95373,6.11309,3853.631,5801.77,5939.716,0.137169,0.691036,83.31,102.447,0.39912,0.61517,0.883513,C,0.0,0.014718
10847.715,0.44564,150.124,2.7777,27,0.8205,22.154,1.99975,11.28926,4045.928,6801.787,11238.289,0.023562,0.696708,80.805,101.195,0.37298,1.03601,0.98028,C,0.0,-0.01386
9909.041,0.3692,169.561,3.9444,26,0.888,23.088,1.96356,12.42791,4333.277,5575.764,17092.378,0.01087,0.64769,81.425,101.882,0.43731,1.72493,0.987125,C,-0.0,-0.051369
9300.658,0.66549,185.872,1.5441,20,0.844,16.88,1.9367,6.77193,2941.15,6359.508,4541.442,0.192563,0.884208,84.423,104.211,0.31623,0.48829,0.908497,C,0.0,0.010375
10230.549,0.55836,162.764,3.4543,18,0.6835,12.302,1.97565,6.49605,3370.088,6860.461,11641.242,0.175691,0.746345,83.335,102.192,0.32941,1.13789,0.896349,C,0.0,-0.035556
9193.414,0.62285,144.597,3.6961,23,0.7211,16.586,2.01104,9.12013,2146.306,7047.108,7932.933,0.106964,0.779966,81.664,101.436,0.23346,0.86289,0.959907,C,0.0,0.035797
8148.067,0.69609,201.558,2.9074,23,0.7566,17.403,1.9133,8.40174,1687.539,6460.529,4906.273,0.167708,0.834113,84.627,104.563,0.20711,0.60214,0.950102,C,-0.001,-0.037058
8214.958,0.49134,185.606,2.4076,17,0.7854,13.353,1.93711,6.2378,3181.526,5033.432,7659.832,0.135295,0.716384,83.657,103.092,0.38728,0.93243,0.893357,C,0.0,0.022754
8929.601,0.48356,144.62,2.9796,24,0.814,19.536,2.01099,10.21884,3340.381,5589.22,9953.044,0.034996,0.75164,80.715,101.25,0.37408,1.11461,0.972927,C,0.0,0.016565
9464.459,0.49303,180.299,1.454,16,0.828,13.248,1.94556,5.22414,3756.055,5708.404,5461.468,0.196391,0.688222,84.274,102.663,0.39686,0.57705,0.841919,C,0.0,-0.042394
10111.166,0.6197,169.557,1.8976,17,0.786,13.362,1.96357,5.90451,2216.491,7894.675,4205.929,0.359134,0.692853,86.022,102.18,0.21921,0.41597,0.87296,C,-0.0,0.023034
11372.702,0.34926,172.249,1.815,27,0.6536,17.648,1.95894,7.65092,6133.867,5238.835,11132.874,0.046328,0.703954,81.995,102.384,0.53935,0.97891,0.928458,C,-0.0,-0.038743
11458.34,0.57146,167.828,3.2505,21,0.868,18.229,1.96659,9.42773,3697.164,7761.177,12017.563,0.068202,0.8112,82.115,102.875,0.32266,1.0488,0.961492,C,-0.001,-0.037785
13000.0,0.3095,138.953,1.4027,16,0.8391,13.425,2.02308,5.52267,6958.575,6041.425,9760.913,0.091211,0.560923,81.201,99.663,0.53527,0.75084,0.842252,C,0.0,0.02718
12626.12,0.43864,162.536,3.0607,26,0.6655,17.304,1.97606,8.88339,5397.944,7228.175,16521.232,0.049406,0.72931,81.659,102.068,0.42752,1.3085,0.951846,C,0.001,0.050146
9699.55,0.39956,214.116,4.1042,16,0.7863,12.581,1.89603,6.47194,3814.788,5884.762,15656.789,0.104514,0.59082,84.192,103.47,0.3933,1.61418,0.897124,C,0.0,0.01836
12685.15,0.51231,198.543,3.3506,24,0.8172,19.613,1.91763,9.83488,4128.285,8556.865,13832.239,0.054422,0.733217,83.032,103.77,0.32544,1.09043,0.965429,C,0.0,0.020786
11769.022,0.68243,174.921,1.2352,26,0.7133,18.546,1.95442,6.86755,2510.288,9258.734,3100.816,0.304542,0.784892,85.504,103.047,0.2133,0.26347,0.904815,C,0.0,-0.060691
9351.762,0.4463,160.701,1.8305,20,0.7777,15.553,1.97943,6.86785,4061.915,5289.847,7435.189,0.09106,0.719081,82.135,101.907,0.43435,0.79506,0.911379,C,0.0,-0.01507
11089.009,0.48943,148.849,1.7501,26,0.7228,18.793,2.00231,8.30359,3930.879,7158.13,6879.312,0.077963,0.715394,81.468,101.248,0.35448,0.62037,0.943534,C,0.0,-0.052698
11680.345,0.50145,162.305,3.9288,24,0.7249,17.397,1.97649,9.448,4693.063,6987.283,18438.032,0.048024,0.805993,81.632,102.563,0.40179,1.57855,0.96152,C,-0.001,0.028156
10375.248,0.56128,184.778,2.0223,26,0.8435,21.931,1.93841,9.71279,3555.162,6820.086,7189.428,0.05531,0.825034,82.572,103.771,0.34266,0.69294,0.966233,C,0.0,-0.019646
12027.933,0.59944,194.623,2.9421,25,0.762,19.051,1.92338,9.29995,3860.444,8167.49,11357.701,0.076441,0.846639,83.192,104.351,0.32096,0.94428,0.959071,C,-0.001,0.012392
11268.281,0.44362,206.111,2.9463,18,0.7586,13.655,1.9069,6.58044,5108.033,6160.248,15049.895,0.101528,0.727279,83.901,104.047,0.45331,1.3356,0.896254,C,0.0,0.007438
10976.056,0.43149,143.8,3.4279,17,0.6769,11.508,2.0127,6.2315,4287.651,6688.405,14697.47,0.128387,0.625794,81.912,100.373,0.39064,1.33905,0.883768,C,0.0,0.016036
9633.46,0.46951,158.379,2.1357,25,0.7654,19.134,1.98376,8.92699,3782.87,5850.589,8079.024,0.051985,0.739477,81.525,101.92,0.39268,0.83864,0.956522,C,0.001,-0.022694
11168.24,0.45602,177.059,3.1695,25,0.6847,17.117,1.95086,8.69525,4261.774,6906.466,13507.698,0.05897,0.701023,82.342,102.595,0.3816,1.20947,0.950654,C,-0.0,0.032477
9956.61,0.48767,155.287,3.4434,17,0.7733,13.146,1.98964,7.00827,4006.111,5950.499,13794.7,0.104153,0.745871,82.087,101.799,0.40236,1.38548,0.914068,C,0.0,-0.01312
11623.018,0.53311,184.075,1.2129,26,0.8985,23.361,1.93952,8.48199,4200.13,7422.888,5094.372,0.079475,0.789788,82.866,103.507,0.36136,0.4383,0.946128,C,0.0,0.033926
7350.584,0.6761,155.947,3.0039,16,0.7936,12.697,1.98837,6.54736,1852.532,5498.052,5564.73,0.249679,0.819783,84.035,102.322,0.25203,0.75705,0.906929,C,0.0,-0.018058
11218.451,0.33305,182.494,1.5428,20,0.7425,14.85,1.94203,5.98023,5843.956,5374.495,9015.992,0.081718,0.606343,82.84,102.224,0.52092,0.80368,0.872186,C,-0.0,-0.038713
11879.97,0.33265,159.03,2.8112,25,0.8679,21.696,1.98254,10.95244,5736.67,6143.3,16126.864,0.015746,0.628571,81.074,101.223,0.48289,1.35748,0.977143,C,-0.0,0.04219
10947.551,0.43939,200.429,1.51,21,0.7786,16.351,1.91492,6.39082,4644.641,6302.91,7013.63,0.113752,0.679348,83.878,103.494,0.42426,0.64066,0.890163,C,0.0,0.037928
10130.013,0.59368,165.188,3.0972,20,0.6872,13.744,1.97127,7.0509,2988.381,7141.632,9255.555,0.171262,0.770442,83.372,102.474,0.295,0.91368,0.914899,C,0.0,-0.02323
10928.917,0.43901,151.856,1.4302,24,0.8352,20.045,1.99632,8.15517,4544.939,6383.978,6500.371,0.062495,0.707055,81.393,101.358,0.41586,0.59479,0.940799,C,-0.0,0.044325
8551.98,0.38009,187.728,2.0912,24,0.6536,15.686,1.93381,6.99851,4110.683,4441.297,8596.332,0.065307,0.671449,82.808,102.891,0.48067,1.00519,0.917412,C,0.0,-0.038726
8751.528,0.36036,160.062,3.7524,23,0.6767,15.563,1.98062,8.3981,3753.303,4998.225,14083.749,0.042785,0.598834,81.472,101.08,0.42887,1.60929,0.94908,C,0.0,0.008492
9533.039,0.68483,229.715,2.5306,17,0.6689,11.371,1.87614,5.1283,2559.173,6973.866,6476.138,0.417896,0.78278,88.796,105.336,0.26845,0.67934,0.836184,C,0.0,0.040111
9962.354,0.66626,170.945,3.6027,26,0.6753,17.559,1.96117,9.25698,2819.986,7142.368,10159.577,0.092083,0.892964,82.55,103.568,0.28306,1.0198,0.960878,C,0.0,-0.032294
12164.588,0.39196,172.684,3.6217,23,0.8947,20.577,1.95819,10.83644,5270.874,6893.713,19089.698,0.021708,0.675055,81.687,102.215,0.4333,1.56928,0.976003,C,0.001,-0.02365
8829.527,0.44279,135.487,2.1365,24,0.7728,18.546,2.03076,8.94947,3386.608,5442.919,7235.554,0.048585,0.688067,80.477,100.295,0.38355,0.81947,0.957915,C,0.0,-0.005037
11509.185,0.64845,195.755,1.2213,21,0.7784,16.347,1.92171,5.87086,2963.734,8545.451,3619.688,0.337229,0.756391,86.672,103.804,0.25751,0.3145,0.866081,C,0.0,-0.028267
8108.932,0.38067,194.938,3.4805,17,0.8242,14.011,1.92291,7.11624,3831.239,4277.692,13334.447,0.062967,0.665209,83.025,103.167,0.47247,1.64441,0.921847,C,0.001,0.026301
8992.48,0.64369,143.334,1.7799,24,0.6785,16.285,2.01368,7.29825,2029.358,6963.122,3612.004,0.215037,0.768619,83.035,101.289,0.22567,0.40167,0.92461,C,0.0,-0.005474
10036.232,0.52953,156.003,2.6485,20,0.6517,13.034,1.98826,6.50238,3702.563,6333.669,9806.199,0.147587,0.752808,82.69,101.883,0.36892,0.97708,0.897177,C,0.0,-0.000927
11550.148,0.43575,180.447,3.69,22,0.7381,16.237,1.94532,8.50105,4557.372,6992.776,16816.775,0.058974,0.6813,82.466,102.624,0.39457,1.45598,0.946598,C,-0.0,0.032246
9605.015,0.47511,201.912,2.7821,17,0.8473,14.404,1.9128,6.87182,3744.744,5860.271,10418.289,0.108682,0.709264,83.86,103.754,0.38987,1.08467,0.910816,C,0.0,-0.026841
7494.042,0.37395,142.01,2.9732,21,0.8463,17.772,2.01649,9.32745,3662.456,3831.586,10889.216,0.02704,0.705537,80.494,100.796,0.48872,1.45305,0.964661,C,0.0,0.038504
10794.986,0.37444,141.732,1.097,16,0.6957,11.132,2.01708,4.08603,5530.96,5264.026,6067.502,0.17904,0.579747,82.487,99.95,0.51236,0.56207,0.755011,C,0.0,0.008198
10592.382,0.52084,181.907,3.2466,17,0.7003,11.905,1.94297,6.04545,4091.38,6501.002,13283.278,0.165405,0.744527,83.923,103.109,0.38626,1.25404,0.877334,C,-0.0,0.030016
8534.172,0.30559,206.442,2.8259,16,0.6989,11.183,1.90644,5.32968,4491.491,4042.681,12692.429,0.085951,0.549615,83.706,102.888,0.52629,1.48725,0.851973,C,0.0,-0.008639
8501.249,0.40067,143.447,4.0037,20,0.7478,14.955,2.01345,8.37472,3684.08,4817.169,14749.896,0.047095,0.671073,80.823,100.651,0.43336,1.73503,0.949063,C,0.0,0.021637
9001.184,0.68397,172.311,1.5475,25,0.7952,19.88,1.95883,8.11962,2268.513,6732.671,3510.541,0.153523,0.862697,83.413,103.435,0.25202,0.39001,0.943431,C,-0.0,0.015825
10087.67,0.68436,203.816,1.386,17,0.8954,15.221,1.91011,5.72204,2042.913,8044.757,2831.469,0.457297,0.742021,88.523,104.05,0.20252,0.28069,0.864677,C,0.0,0.001221
11731.763,0.4519,168.939,2.0052,24,0.7452,17.886,1.96464,8.05924,5008.52,6723.243,10043.331,0.066323,0.739144,82.133,102.455,0.42692,0.85608,0.937343,C,0.0,-0.041096
7725.744,0.61945,193.965,3.7944,27,0.7306,19.725,1.92436,10.21869,2122.535,5603.209,8053.773,0.058766,0.831841,82.936,104.224,0.27474,1.04246,0.973936,C,0.0,0.000251
13000.0,0.47556,191.296,3.6641,20,0.8464,16.928,1.92836,8.73292,4966.723,8033.277,18198.681,0.063838,0.730121,82.912,103.436,0.38206,1.3999,0.948714,C,0.0,-0.049899
10009.422,0.37843,175.212,2.2322,26,0.8659,22.512,1.95393,10.4142,4448.325,5561.097,9929.362,0.02225,0.663337,81.789,102.259,0.44441,0.992,0.97387,C,0.0,0.008936
9893.377,0.42926,148.477,1.0377,26,0.7341,19.087,2.00306,6.75237,4399.882,5493.494,4565.938,0.090543,0.700551,81.618,101.13,0.44473,0.46151,0.906195,C,0.001,-0.02022
11069.058,0.49808,182.906,2.3867,21,0.7121,14.954,1.94137,6.99142,4404.629,6664.429,10512.549,0.111813,0.753368,83.252,103.213,0.39792,0.94972,0.910671,C,0.0,0.014079
10099.954,0.45386,165.805,3.854,26,0.6997,18.192,1.97017,9.79465,3927.366,6172.588,15136.186,0.037986,0.71846,81.637,102.162,0.38885,1.49864,0.967455,C,0.0,0.022623
13000.0,0.46404,195.337,1.9131,17,0.8488,14.43,1.92232,6.19329,5356.632,7643.368,10247.935,0.140487,0.690795,84.061,103.353,0.41205,0.7883,0.875254,C,0.0,-0.017557
11620.329,0.34891,140.235,2.5632,22,0.6781,14.918,2.0203,7.5467,5487.245,6133.084,14064.738,0.055217,0.611675,80.785,100.073,0.47221,1.21036,0.92527,C,0.0,0.005629
9748.46,0.58668,189.432,2.647,18,0.7721,13.897,1.93119,6.63847,2861.011,6887.448,7573.124,0.194296,0.749679,84.57,103.483,0.29348,0.77685,0.902805,C,0.001,-0.03161
9434.121,0.37819,218.689,1.2675,25,0.853,21.324,1.89003,7.58812,4143.747,5290.374,5252.089,0.059451,0.627842,83.738,103.894,0.43923,0.55671,0.930953,C,0.0,0.021325
9350.951,0.61426,171.421,1.0197,21,0.8521,17.894,1.96035,6.08122,2902.564,6448.387,2959.821,0.230953,0.786798,84.401,102.891,0.3104,0.31653,0.883293,C,0.0,-0.018697
9936.684,0.64462,143.301,1.8998,24,0.7687,18.449,2.01375,8.46095,2988.321,6948.363,5677.326,0.110714,0.874244,81.656,101.984,0.30074,0.57135,0.948348,C,-0.0,-0.028394
10969.691,0.65133,178.532,3.8732,25,0.8312,20.781,1.94844,11.01689,2456.01,8513.681,9512.698,0.063331,0.820957,82.453,103.456,0.22389,0.86718,0.97823,C,0.0,-0.018743
9006.034,0.6101,131.396,1.7188,21,0.8056,16.918,2.04012,7.62587,2367.139,6638.895,4068.534,0.156102,0.771977,81.701,100.598,0.26284,0.45176,0.932749,C,0.0,-0.008034
12563.584,0.67286,162.114,3.1533,23,0.6679,15.363,1.97684,7.94876,2984.099,9579.485,9409.665,0.188872,0.823627,83.483,102.669,0.23752,0.74896,0.933328,C,0.0,-0.002108
10011.498,0.58344,175.007,1.7684,24,0.7966,19.119,1.95427,8.18295,3522.034,6489.464,6228.279,0.094628,0.848737,82.736,103.473,0.3518,0.62211,0.942942,C,0.0,-0.022847
10197.67,0.3512,182.143,2.265,17,0.7202,12.243,1.94259,5.6395,4679.902,5517.767,10599.806,0.106947,0.55837,83.16,101.891,0.45892,1.03943,0.860252,C,0.001,-0.035335
11530.039,0.40184,199.152,2.6265,23,0.7788,17.911,1.91675,8.44021,5015.052,6514.986,13172.098,0.050369,0.672396,82.999,103.395,0.43496,1.14242,0.94548,C,0.001,-0.022809
7000.0,0.34489,164.566,1.5877,16,0.8949,14.319,1.97239,5.96757,2925.57,4074.43,4644.91,0.093008,0.52575,82.315,100.828,0.41794,0.66356,0.887293,C,0.0,-0.002987
8714.987,0.69413,176.555,2.7918,20,0.6595,13.189,1.95169,6.49364,2503.648,6211.339,6989.738,0.239334,0.877441,84.704,103.736,0.28728,0.80204,0.900946,C,-0.0,0.042332
11466.761,0.36868,181.497,2.7776,26,0.8406,21.857,1.94363,10.67989,5334.819,6131.942,14817.781,0.019692,0.672294,81.985,102.613,0.46524,1.29224,0.97515,C,0.0,0.044375
10466.415,0.41058,162.799,3.0643,23,0.8533,19.626,1.97559,10.07486,5031.993,5434.422,15419.712,0.025473,0.767171,81.354,102.332,0.48078,1.47326,0.970172,C,0.0,-0.010247
10072.66,0.46758,165.509,2.5152,19,0.7996,15.192,1.9707,7.37421,3850.48,6222.181,9684.595,0.092795,0.699502,82.349,102.022,0.38227,0.96147,0.924135,C,-0.001,0.041017
11226.113,0.34879,181.351,2.5429,27,0.7163,19.34,1.94386,9.22639,5078.585,6147.527,12914.363,0.031644,0.610788,82.138,102.2,0.45239,1.15039,0.958956,C,0.001,0.013488
9244.662,0.45277,170.934,3.5885,24,0.7145,17.148,1.96119,9.03266,4012.627,5232.035,14399.414,0.043191,0.766889,81.904,102.736,0.43405,1.55759,0.958595,C,0.0,0.006152
10456.25,0.66695,166.304,2.6648,26,0.8147,21.182,1.96928,10.43754,2961.629,7494.621,7892.02,0.061845,0.906068,81.972,103.426,0.28324,0.75477,0.973736,C,0.0,-0.002268
8057.199,0.6443,155.026,2.4724,25,0.7162,17.905,1.99014,8.77376,2011.564,6045.635,4973.323,0.112725,0.821173,82.189,102.282,0.24966,0.61725,0.95632,C,-0.0,-0.012466
7197.377,0.44969,170.276,2.8971,19,0.7526,14.299,1.96232,7.16572,2709.377,4488.001,7849.328,0.089097,0.667372,82.485,102.047,0.37644,1.09058,0.925416,C,-0.001,0.024897
12633.559,0.34298,175.627,1.6304,20,0.6846,13.693,1.95324,5.68204,6184.189,6449.37,10082.49,0.103478,0.572635,82.876,101.68,0.4895,0.79807,0.852315,C,-0.0,-0.004433
8463.003,0.69513,180.722,1.5945,18,0.6864,12.355,1.94488,5.05081,1736.421,6726.581,2768.723,0.551687,0.732153,88.979,102.972,0.20518,0.32716,0.83716,C,0.001,0.039924
9452.624,0.44065,135.517,2.481,27,0.8567,23.131,2.03069,11.67848,4579.373,4873.25,11361.287,0.015013,0.840614,80.035,101.303,0.48446,1.20192,0.983494,C,0.001,0.026463
12014.684,0.66233,150.444,3.459,17,0.7811,13.279,1.99911,7.13576,2630.545,9384.139,9099.117,0.263978,0.773991,83.992,101.723,0.21894,0.75733,0.912737,C,0.0,0.040517
11742.771,0.61173,160.86,3.6797,22,0.7281,16.019,1.97914,8.59863,4006.379,7736.391,14742.258,0.093044,0.880331,82.168,102.979,0.34118,1.25543,0.948106,C,0.001,0.050951
9109.634,0.62479,191.81,2.7841,21,0.6809,14.298,1.92758,6.90391,2434.064,6675.57,6776.795,0.203111,0.77855,84.768,103.778,0.2672,0.74392,0.913139,C,0.0,-0.04197
9385.697,0.31791,186.308,2.4531,25,0.803,20.074,1.93602,9.42102,4376.215,5009.482,10735.475,0.02475,0.574015,82.223,102.184,0.46626,1.14381,0.963701,C,0.0,-0.022198
10420.428,0.54896,156.954,3.2979,19,0.7352,13.968,1.98645,7.35629,3493.005,6927.423,11519.667,0.126326,0.762067,82.448,101.995,0.33521,1.10549,0.922863,C,0.0,-0.019658
8665.388,0.5712,147.36,2.3486,26,0.774,20.125,2.00533,9.82129,2728.433,5936.955,6408.095,0.055982,0.807972,81.113,101.776,0.31487,0.7395,0.969141,C,0.0,0.033084
11522.509,0.49197,165.595,2.2343,27,0.8997,24.291,1.97055,11.38265,4658.086,6864.423,10407.558,0.023685,0.809739,81.44,102.754,0.40426,0.90324,0.980537,C,0.0,0.01097
10309.537,0.31692,172.723,2.1082,23,0.6759,15.545,1.95813,7.08521,5092.066,5217.472,10734.846,0.054241,0.573279,82.118,101.545,0.49392,1.04125,0.915464,C,-0.001,0.032583
10847.098,0.67567,151.067,3.6461,23,0.7783,17.901,1.99787,9.72234,2591.911,8255.188,9450.388,0.096495,0.857522,81.808,102.308,0.23895,0.87124,0.965875,C,-0.001,-0.05307
11323.573,0.53746,151.56,3.5363,19,0.8946,16.997,1.9969,9.16346,4039.219,7284.355,14283.834,0.063398,0.800337,81.392,101.958,0.35671,1.26142,0.957924,C,-0.001,-0.049689
11340.912,0.49042,155.792,3.8169,26,0.6963,18.104,1.98867,9.862,4005.986,7334.926,15290.345,0.04577,0.733272,81.337,101.743,0.35323,1.34825,0.967033,C,0.0,-0.039774
12949.584,0.49642,180.038,3.0095,24,0.893,21.431,1.94598,10.70964,4573.924,8375.66,13765.155,0.036036,0.74783,82.148,103.044,0.35321,1.06298,0.97436,C,0.0,0.036746
12903.047,0.39543,194.839,2.257,20,0.7176,14.351,1.92306,6.50326,5773.282,7129.765,13030.544,0.098648,0.635743,83.492,102.968,0.44744,1.00988,0.888378,C,0.0,0.030962
7834.914,0.3121,188.95,1.564,21,0.8146,17.106,1.93193,6.87129,3971.882,3863.032,6212.076,0.051965,0.579563,82.675,102.339,0.50695,0.79287,0.915593,C,-0.0,0.007396
11642.423,0.67015,141.929,3.7366,16,0.7618,12.189,2.01666,6.74472,2897.626,8744.797,10827.333,0.266591,0.803873,83.652,101.44,0.24889,0.92999,0.900992,C,0.0,-0.017438
8797.116,0.53441,140.183,3.5956,25,0.8138,20.345,2.02041,11.19501,3030.931,5766.185,10897.955,0.029717,0.799702,80.446,101.311,0.34454,1.23881,0.980841,C,0.0,-0.033092
7967.162,0.69795,195.647,2.3498,24,0.8565,20.556,1.92186,9.42041,1762.017,6205.145,4140.399,0.109612,0.865013,83.664,104.516,0.22116,0.51968,0.965267,C,0.0,0.011419
11090.225,0.42348,136.503,2.174,18,0.7724,13.903,2.02849,6.73532,4401.38,6688.845,9568.476,0.10432,0.633487,81.261,99.996,0.39687,0.86278,0.902234,C,0.0,0.040169
9059.603,0.33347,161.861,3.5541,17,0.7812,13.281,1.9773,7.06605,4437.832,4621.771,15772.669,0.055783,0.600105,81.716,101.181,0.48985,1.74099,0.918057,C,0.0,0.002344
9429.779,0.3244,158.086,3.4668,17,0.8303,14.115,1.98431,7.50723,4791.307,4638.472,16610.49,0.045343,0.612643,81.426,101.068,0.5081,1.76149,0.928979,C,0.0,0.040673
11605.317,0.47399,184.164,1.779,17,0.7995,13.592,1.93938,5.76315,4507.671,7097.646,8019.118,0.170171,0.666945,84.067,102.7,0.38841,0.69099,0.860553,C,0.0,-0.010188
9165.275,0.34369,176.121,1.1095,21,0.875,18.376,1.95241,6.46628,4453.467,4711.808,4941.05,0.071731,0.60074,82.476,101.889,0.48591,0.53911,0.898587,C,0.0,-0.009815
8726.976,0.35966,175.243,2.0561,25,0.7553,18.882,1.95388,8.509,4480.74,4246.235,9212.941,0.034285,0.703009,81.949,102.522,0.51344,1.05569,0.951056,C,0.001,-0.019404
10896.048,0.65746,177.415,2.4105,22,0.755,16.61,1.95027,7.8419,2778.938,8117.11,6698.672,0.170133,0.824305,83.822,103.426,0.25504,0.61478,0.934003,C,0.0,-0.047699
12585.141,0.3367,147.679,3.8067,18,0.8436,15.186,2.00468,8.36412,6483.896,6101.244,24681.987,0.037699,0.654449,80.886,100.781,0.5152,1.9612,0.942315,C,0.001,0.027545
10881.657,0.49766,169.282,2.7733,26,0.7954,20.679,1.96405,10.25937,4012.657,6869.0,11128.487,0.038202,0.766069,81.775,102.649,0.36875,1.02268,0.971694,C,0.0,-0.054061
8129.482,0.46819,163.061,2.0441,23,0.8167,18.784,1.97511,8.58514,3234.618,4894.863,6611.94,0.055032,0.741219,81.754,102.174,0.39789,0.81333,0.953232,C,0.001,-0.030778
9071.375,0.54,194.974,2.0842,22,0.6843,15.055,1.92286,6.65171,2483.119,6588.256,5175.23,0.186947,0.673065,84.662,103.22,0.27373,0.5705,0.905235,C,0.0,0.006328
9789.58,0.30738,152.421,1.6716,24,0.8004,19.211,1.9952,8.30269,4974.204,4815.376,8314.936,0.03288,0.59093,81.026,100.623,0.50811,0.84937,0.945648,C,0.0,0.019133
12812.262,0.43861,156.419,4.1944,18,0.8796,15.833,1.98747,8.78129,5430.332,7381.93,22777.204,0.051913,0.723078,81.444,101.709,0.42384,1.77777,0.949836,C,0.0,-0.02977
11340.903,0.45394,229.554,1.4819,26,0.7379,19.184,1.87634,7.20866,4654.789,6686.115,6897.834,0.092286,0.705715,84.494,104.821,0.41044,0.60823,0.916557,C,-0.001,0.026003
11526.347,0.42681,160.727,1.9,26,0.8302,21.584,1.97939,9.65542,5050.097,6476.25,9595.11,0.034707,0.732573,81.392,101.997,0.43814,0.83245,0.964372,C,0.0,-0.039445
11725.171,0.30009,189.539,4.0019,16,0.8718,13.949,1.93103,7.34377,6319.475,5405.696,25289.613,0.044805,0.598524,82.6,102.49,0.53897,2.15687,0.919529,C,0.0,0.023695
9486.266,0.41562,161.566,1.1004,23,0.6691,15.389,1.97784,5.49849,4797.429,4688.837,5279.139,0.118101,0.720034,82.527,101.957,0.50572,0.5565,0.856296,C,0.0,-0.021348
10790.015,0.45502,157.267,2.8109,25,0.7206,18.016,1.98586,9.11655,4557.595,6232.42,12810.931,0.045368,0.754589,81.392,101.962,0.42239,1.1873,0.957886,C,0.0,-0.01192
10730.041,0.31031,165.184,1.1288,17,0.7542,12.821,1.97128,4.61398,5727.602,5002.439,6465.382,0.118168,0.530314,82.671,100.889,0.53379,0.60255,0.796731,C,-0.0,-0.043686
8479.275,0.36064,133.629,2.5288,27,0.8912,24.062,2.03497,12.25108,3785.503,4693.773,9572.894,0.010588,0.642947,79.887,99.884,0.44644,1.12898,0.986893,C,-0.001,0.037561
9837.492,0.33557,138.577,3.4035,25,0.7562,18.904,2.0239,10.30132,4477.514,5359.978,15239.436,0.019938,0.599234,80.243,99.893,0.45515,1.54912,0.972958,C,0.0,0.013459
11398.986,0.40291,152.042,3.4477,23,0.7522,17.301,1.99595,9.26892,5321.009,6077.977,18345.427,0.035078,0.724937,81.038,101.486,0.4668,1.60939,0.95936,C,0.0,-0.035317
8359.733,0.51999,164.429,3.1648,21,0.6856,14.398,1.97264,7.43275,3099.478,5260.256,9809.115,0.098898,0.768114,82.387,102.421,0.37076,1.17338,0.929484,C,-0.001,-0.03089
11112.797,0.50872,171.148,3.3735,17,0.6669,11.338,1.96082,5.88882,4028.489,7084.308,13590.244,0.184632,0.693019,83.779,102.259,0.36251,1.22294,0.868434,C,0.0,-0.045937
11285.845,0.34105,153.128,3.6785,24,0.8005,19.213,1.99382,10.4241,6147.072,5138.773,22612.274,0.016929,0.72876,80.845,101.571,0.54467,2.0036,0.972964,C,-0.0,0.041444
11594.933,0.60891,159.271,1.2866,19,0.8753,16.63,1.98209,6.40185,3207.401,8387.532,4126.706,0.245395,0.747919,84.115,102.023,0.27662,0.35591,0.88852,C,0.0,-0.004061
8994.505,0.38035,144.133,3.6861,20,0.7823,15.646,2.01201,8.60433,3963.078,5031.426,14608.331,0.041204,0.647484,80.776,100.535,0.44061,1.62414,0.952268,C,0.001,-0.002521
10438.962,0.48386,167.392,3.2149,25,0.7868,19.671,1.96736,10.15285,3842.475,6596.487,12353.044,0.038123,0.743507,81.701,102.407,0.36809,1.18336,0.970999,C,0.0,-0.024781
12876.181,0.35175,153.773,2.6402,27,0.6526,17.62,1.99256,8.81061,6176.987,6699.194,16308.322,0.036471,0.642458,81.13,101.036,0.47972,1.26655,0.95026,C,0.0,-0.035005
11201.7,0.58113,168.078,3.207,16,0.8388,13.421,1.96615,6.91696,3730.979,7470.721,11965.408,0.16059,0.791158,83.344,102.756,0.33307,1.06818,0.907959,C,0.0,-0.034682
9269.847,0.63803,171.094,3.4191,22,0.7722,16.988,1.96091,8.85119,2013.014,7256.834,6882.7,0.12973,0.77903,83.053,102.824,0.21716,0.74248,0.955846,C,-0.001,0.000784
10952.964,0.59542,141.288,3.0471,20,0.7497,14.993,2.01803,7.92596,3499.484,7453.48,10663.377,0.119626,0.818812,81.683,101.502,0.3195,0.97356,0.935809,C,0.0,-0.014314
12140.073,0.50879,163.387,2.0543,16,0.6523,10.437,1.97452,4.77583,3832.696,8307.377,7873.465,0.322357,0.5948,85.296,101.224,0.31571,0.64855,0.799975,C,0.0,0.023518
10267.828,0.66999,139.097,3.9318,23,0.6667,15.334,2.02277,8.61174,1916.63,8351.197,7535.871,0.177612,0.782989,82.348,101.137,0.18666,0.73393,0.950516,C,0.001,0.030206
10669.881,0.69186,209.745,3.905,17,0.6811,11.578,1.90191,5.92565,2728.335,7941.545,10654.059,0.346901,0.810375,87.255,104.744,0.2557,0.99852,0.87179,C,0.001,-0.027801
13000.0,0.499,158.849,3.4696,18,0.8365,15.057,1.98288,8.00093,4950.025,8049.975,17174.595,0.086835,0.752443,82.005,102.031,0.38077,1.32112,0.933738,C,0.0,0.01724
10175.783,0.5191,164.673,1.3765,17,0.7022,11.938,1.9722,4.69601,3577.479,6598.304,4924.455,0.28689,0.644995,84.878,101.62,0.35157,0.48394,0.805698,C,0.0,0.032917
10435.334,0.63848,137.869,1.2736,25,0.7011,17.528,2.02546,6.93023,2707.11,7728.225,3447.857,0.220479,0.784902,82.857,101.077,0.25942,0.3304,0.910418,C,-0.001,-0.008112
8983.598,0.53538,174.876,2.9142,27,0.6581,17.768,1.95449,8.865,3080.238,5903.36,8976.387,0.068009,0.779238,82.38,103.008,0.34287,0.9992,0.956444,C,0.0,0.032351
8913.557,0.51833,194.865,1.8624,21,0.6891,14.471,1.92302,6.15663,3489.676,5423.881,6499.03,0.148476,0.756295,84.151,103.765,0.3915,0.72912,0.887854,C,0.0,-0.023215
12155.132,0.69827,162.786,2.7024,19,0.8352,15.868,1.97561,7.88624,2217.025,9938.107,5991.389,0.257921,0.796499,84.421,102.525,0.18239,0.49291,0.932628,C,0.0,0.054429
9949.497,0.34016,164.595,1.4128,24,0.8072,19.372,1.97234,7.70437,4759.219,5190.278,6723.738,0.047885,0.608163,81.721,101.373,0.47834,0.67579,0.932663,C,0.0,-0.009342
8610.68,0.38513,179.689,3.5064,27,0.8221,22.197,1.94655,11.50379,3894.513,4716.167,13655.755,0.014558,0.691149,81.852,102.653,0.45229,1.58591,0.982904,C,0.0,-0.039238
9221.957,0.36858,175.965,3.038,18,0.7036,12.664,1.95267,6.37599,4628.944,4593.013,14062.667,0.076993,0.662455,82.539,102.289,0.50195,1.52491,0.895149,C,0.0,-0.031801
10048.647,0.41473,189.242,2.0745,22,0.8408,18.498,1.93148,8.21622,4818.491,5230.155,9995.744,0.048832,0.751834,82.643,103.489,0.47952,0.99474,0.94354,C,0.001,-0.029536
11238.895,0.59393,141.962,1.6051,26,0.7013,18.233,2.01659,7.8795,3570.831,7668.065,5731.58,0.122978,0.813238,81.758,101.504,0.31772,0.50998,0.934213,C,-0.001,0.021408
8881.54,0.44078,195.949,4.3463,19,0.804,15.277,1.92142,8.11051,3763.431,5118.108,16356.818,0.058813,0.721639,83.004,103.583,0.42374,1.84166,0.94346,C,0.001,0.040195
11250.394,0.66801,172.559,1.8191,17,0.7536,12.812,1.95841,5.5567,2887.715,8362.679,5253.004,0.386148,0.765339,86.493,102.805,0.25668,0.46692,0.851626,C,0.0,0.005941
9380.636,0.6354,184.927,2.5059,20,0.8467,16.934,1.93818,8.00961,2537.813,6842.823,6359.392,0.139698,0.819247,83.692,103.74,0.27054,0.67793,0.94052,C,0.0,-0.0335
10585.523,0.44513,180.224,2.6883,20,0.7196,14.393,1.94568,6.98266,4258.789,6326.734,11448.801,0.097743,0.678965,82.969,102.598,0.40232,1.08155,0.911656,C,-0.0,0.036089
11124.146,0.63798,169.176,1.5097,24,0.723,17.353,1.96423,7.04698,3199.969,7924.178,4831.029,0.194614,0.817028,83.836,102.981,0.28766,0.43428,0.912251,C,-0.001,-0.051405
11046.024,0.50376,197.42,1.7668,19,0.8445,16.045,1.91926,6.67967,4016.506,7029.518,7096.453,0.137934,0.71279,84.097,103.587,0.36362,0.64244,0.900439,C,0.0,-0.037824
9451.183,0.50395,158.43,3.341,24,0.8843,21.224,1.98366,11.18837,3594.866,5856.317,12010.385,0.025961,0.797358,81.184,102.305,0.38036,1.27078,0.980406,C,0.0,0.016146
10157.43,0.69386,169.231,3.6309,22,0.9,19.799,1.96414,10.47921,2028.831,8128.599,7366.502,0.089122,0.844802,82.445,103.167,0.19974,0.72523,0.974345,C,0.0,-0.035789
10753.571,0.53293,145.376,3.3508,17,0.6884,11.702,2.00942,6.28923,3076.819,7676.753,10309.736,0.210789,0.662045,83.069,100.702,0.28612,0.95873,0.886831,C,-0.001,-0.014947
8144.712,0.54767,191.998,3.9144,23,0.7636,17.563,1.9273,9.17862,2768.624,5376.089,10837.62,0.061247,0.798176,82.902,103.916,0.33993,1.33063,0.961985,C,-0.001,-0.020707
10417.801,0.59028,192.337,1.3747,24,0.7035,16.885,1.92679,6.41073,3669.116,6748.685,5043.968,0.179984,0.813356,84.481,104.031,0.3522,0.48417,0.892611,C,0.0,-0.046037
10728.848,0.3181,195.895,3.5007,22,0.8555,18.82,1.9215,9.56049,6063.08,4665.768,21224.944,0.020258,0.70515,82.493,103.472,0.56512,1.97831,0.964011,C,0.0,-0.045631
11309.455,0.40895,149.601,3.5264,27,0.7856,21.212,2.0008,11.46117,5713.544,5595.912,20148.078,0.015234,0.810945,80.672,101.92,0.5052,1.78153,0.981181,C,-0.001,-0.015364
10049.958,0.63025,169.253,1.2179,26,0.8368,21.756,1.9641,8.06437,2589.522,7460.436,3153.702,0.145646,0.798454,83.192,102.862,0.25766,0.3138,0.940455,C,0.0,0.017542
9652.539,0.41354,154.627,2.1378,23,0.7171,16.493,1.99091,7.73739,3869.7,5782.839,8272.68,0.06805,0.644739,81.583,101.097,0.4009,0.85705,0.934031,C,0.0,-0.043941
10173.124,0.60601,175.741,1.3622,27,0.8061,21.764,1.95305,8.40128,3244.226,6928.898,4419.421,0.100938,0.842498,82.847,103.466,0.3189,0.43442,0.946884,C,0.0,-0.033516
9067.672,0.38127,152.331,1.365,17,0.6726,11.434,1.99538,4.55919,4222.116,4845.556,5763.272,0.161387,0.572864,82.718,100.498,0.46562,0.63558,0.802908,C,0.0,-0.007924
9711.847,0.36817,134.605,3.2052,20,0.8115,16.231,2.03275,8.77593,4217.3,5494.546,13517.23,0.038956,0.620856,80.308,99.798,0.43424,1.39183,0.954053,C,0.001,-0.00028
10531.071,0.40043,213.132,2.2047,19,0.8493,16.137,1.89735,7.10988,4150.617,6380.454,9150.752,0.085708,0.605156,83.914,103.525,0.39413,0.86893,0.915639,C,0.0,0.045658
10469.986,0.42542,191.693,1.5385,23,0.7621,17.529,1.92776,6.97313,4450.441,6019.546,6846.933,0.088411,0.674587,83.25,103.087,0.42507,0.65396,0.911663,C,-0.001,-0.033973
8977.527,0.40391,206.864,3.5443,25,0.6548,16.369,1.90586,8.23384,4441.431,4536.096,15741.775,0.044342,0.755972,83.17,104.268,0.49473,1.75346,0.945687,C,0.0,0.009432
9342.327,0.6453,193.665,2.8638,25,0.7057,17.642,1.9248,8.56247,2616.884,6725.444,7494.189,0.112786,0.852498,83.639,104.348,0.28011,0.80218,0.951042,C,-0.001,0.028175
7422.076,0.51547,189.843,2.2668,17,0.6711,11.408,1.93057,5.20729,2758.98,4663.096,6254.159,0.206777,0.698116,84.749,103.161,0.37173,0.84264,0.850886,C,0.0,-0.018019
11282.302,0.50141,165.956,3.6829,16,0.8715,13.944,1.9699,7.43524,3483.719,7798.583,12830.163,0.124956,0.66957,82.791,101.847,0.30878,1.13719,0.923049,C,0.0,0.050235
9167.437,0.3437,179.575,2.4013,26,0.7045,18.318,1.94673,8.61496,4135.24,5032.197,9929.753,0.036428,0.596194,82.136,102.021,0.45108,1.08315,0.95219,C,0.0,0.043916
10317.95,0.60506,165.398,3.2784,26,0.789,20.514,1.9709,10.66527,2736.186,7581.765,8970.236,0.055108,0.803527,81.847,102.703,0.26519,0.86938,0.975847,C,-0.001,0.040204
8232.041,0.45687,164.371,1.4999,27,0.7202,19.446,1.97274,7.92705,3065.738,5166.304,4598.184,0.07247,0.684976,82.036,101.869,0.37242,0.55857,0.940926,C,-0.001,0.00429
10039.898,0.43385,121.847,2.0983,21,0.881,18.502,2.06334,9.07601,4235.483,5804.415,8887.23,0.042964,0.71908,79.728,99.634,0.42187,0.88519,0.958223,C,-0.0,-0.002283
10465.262,0.45002,173.362,2.5417,19,0.7006,13.311,1.95704,6.41377,4586.263,5879.0,11656.788,0.110313,0.715022,82.882,102.511,0.43824,1.11386,0.892574,C,-0.001,0.038437
11525.121,0.5609,171.39,2.8505,17,0.8055,13.693,1.96041,6.82352,3263.829,8261.292,9303.403,0.190124,0.707383,83.861,102.365,0.28319,0.80723,0.904008,C,0.0,0.010625
7840.478,0.52069,152.563,3.7914,25,0.8588,21.469,1.99492,11.73221,2737.839,5102.638,10380.293,0.022966,0.787743,80.901,101.929,0.34919,1.32394,0.984598,C,0.001,0.013913
11130.629,0.61425,184.212,3.6635,27,0.6708,18.113,1.9393,9.42422,3596.569,7534.06,13176.007,0.072602,0.872816,82.781,104.061,0.32312,1.18376,0.961808,C,0.0,0.022648
9839.575,0.38597,174.024,1.2739,24,0.685,16.441,1.95593,6.17915,4202.354,5637.221,5353.472,0.103441,0.596589,82.816,101.761,0.42709,0.54408,0.88554,C,0.0,-0.018977
8819.73,0.47365,147.453,3.1718,25,0.8867,22.168,2.00514,11.72598,3541.889,5277.841,11234.276,0.018778,0.77891,80.626,101.59,0.40159,1.27377,0.984079,C,0.0,-0.00761
10626.767,0.33152,189.169,2.5264,19,0.7209,13.697,1.93159,6.46049,5556.215,5070.552,14037.339,0.06733,0.62102,82.885,102.622,0.52285,1.32094,0.893812,C,0.0,-0.028363
9617.394,0.43205,145.854,2.2236,24,0.8096,19.431,2.00843,9.34695,3959.966,5657.428,8805.428,0.039366,0.706906,80.828,101.025,0.41175,0.91557,0.962484,C,0.0,0.037258
9514.683,0.67359,198.66,3.4795,23,0.6663,15.324,1.91746,7.74887,2053.712,7460.971,7145.894,0.204186,0.802793,85.013,104.234,0.21585,0.75104,0.93457,C,0.0,0.040792
9414.182,0.51249,193.405,3.0657,22,0.8622,18.968,1.92519,9.36837,3404.01,6010.173,10435.645,0.052451,0.773046,82.834,103.812,0.36158,1.1085,0.962993,C,-0.001,-0.009792
10003.625,0.31726,180.412,3.4052,27,0.6537,17.651,1.94538,9.0795,4617.145,5386.48,15722.07,0.02865,0.564639,82.064,101.852,0.46155,1.57164,0.958319,C,0.0,0.052183
10164.757,0.39536,156.6,1.6289,20,0.8463,16.926,1.98712,7.20154,4617.965,5546.792,7522.074,0.070327,0.665959,81.694,101.342,0.45431,0.74002,0.919186,C,-0.0,0.034649
9605.298,0.67837,172.105,2.4567,23,0.7593,17.464,1.95918,8.34725,2663.882,6941.416,6544.259,0.130162,0.888758,83.097,103.597,0.27733,0.68132,0.946787,C,0.0,-0.029206
8866.012,0.45449,178.797,3.8409,18,0.7106,12.791,1.948,6.76727,3133.189,5732.823,12034.282,0.116302,0.63932,83.162,102.27,0.35339,1.35735,0.909568,C,0.0,0.009246
9381.91,0.5942,153.639,3.0963,19,0.7285,13.842,1.99282,7.21486,3224.546,6157.364,9984.085,0.135814,0.834249,82.436,102.294,0.3437,1.06418,0.921442,C,0.0,0.017672
10732.396,0.67383,157.202,3.806,16,0.7962,12.739,1.98598,6.92165,2926.642,7805.754,11138.774,0.223979,0.842499,83.747,102.539,0.27269,1.03786,0.909359,C,0.0,-0.035891
11982.769,0.63894,150.605,2.7695,19,0.8166,15.515,1.99879,7.89457,3234.024,8748.746,8956.507,0.15826,0.816632,82.603,102.013,0.26989,0.74745,0.933151,C,-0.001,-0.052157
10362.518,0.5811,152.894,2.9691,17,0.6534,11.108,1.99427,5.73555,3776.97,6585.548,11214.161,0.216495,0.790205,83.469,101.963,0.36448,1.08218,0.864207,C,0.0,0.031132
11996.638,0.34293,203.075,3.7815,25,0.7012,17.53,1.91115,8.97947,6327.666,5668.972,23927.873,0.029743,0.69251,82.855,103.692,0.52745,1.99455,0.954254,C,0.0,-0.0165
9883.414,0.42452,169.883,2.9312,16,0.7648,12.237,1.963,6.15425,4638.278,5245.136,13595.494,0.104583,0.707436,82.674,102.292,0.4693,1.37559,0.884385,C,0.0,0.023852
8393.234,0.43622,165.242,2.3369,22,0.8657,19.045,1.97118,9.05125,3634.847,4758.387,8494.106,0.040353,0.738608,81.647,102.267,0.43307,1.01202,0.959939,C,0.0,0.036849
11236.433,0.49796,156.882,3.6401,21,0.7713,16.198,1.98659,8.72253,4281.869,6954.564,15586.476,0.063997,0.765154,81.623,102.011,0.38107,1.38714,0.951026,C,0.0,-0.045057
8493.147,0.60173,204.19,2.2004,25,0.6941,17.353,1.90958,7.718,2844.726,5648.421,6259.465,0.115127,0.846793,84.019,104.757,0.33494,0.737,0.935916,C,0.0,0.03321
10387.674,0.32138,142.131,3.0657,20,0.81,16.199,2.01623,8.56548,5060.23,5327.443,15513.078,0.033297,0.595012,80.582,100.073,0.48714,1.49341,0.949529,C,0.001,0.007677
11571.666,0.35862,205.847,2.9897,26,0.7767,20.194,1.90727,9.77076,6089.394,5482.271,18205.55,0.02335,0.731017,82.861,104.061,0.52623,1.57329,0.965737,C,0.001,0.010211
9513.751,0.42096,188.872,2.7003,22,0.8861,19.495,1.93205,9.3694,3890.183,5623.568,10504.686,0.0382,0.685737,82.49,103.036,0.4089,1.10416,0.962894,C,0.0,0.014981
9725.27,0.45835,125.918,3.0317,17,0.666,11.321,2.0532,6.12434,3523.486,6201.784,10682.062,0.1471,0.635181,81.311,99.348,0.3623,1.09838,0.883725,C,0.0,0.017351
13000.0,0.32163,159.596,2.4581,24,0.6542,15.701,1.98148,7.63214,6863.924,6136.076,16872.075,0.045924,0.630036,81.495,101.262,0.52799,1.29785,0.924609,C,0.0,0.022375
10307.17,0.65164,205.394,1.3081,25,0.7741,19.353,1.9079,7.08537,2650.867,7656.303,3467.579,0.214163,0.803106,85.365,104.518,0.25719,0.33642,0.915475,C,0.0,0.023752
10321.322,0.35419,173.446,2.4392,22,0.7574,16.663,1.9569,7.93402,4552.857,5768.464,11105.108,0.05045,0.593926,82.095,101.716,0.44111,1.07594,0.937169,C,0.001,-0.023346
11371.864,0.53716,156.037,1.1331,26,0.6884,17.897,1.9882,6.53356,4498.62,6873.244,5097.525,0.143632,0.794729,82.639,102.162,0.39559,0.44826,0.894222,C,0.0,-0.001652
9928.632,0.65345,184.806,1.1826,22,0.7136,15.699,1.93837,5.63002,2389.749,7538.883,2826.208,0.377605,0.74089,86.828,103.217,0.24069,0.28465,0.860912,C,0.0,0.000383
9879.006,0.55099,154.757,2.4455,25,0.7884,19.71,1.99066,9.63131,3163.538,6715.469,7736.464,0.0589,0.782799,81.467,102.015,0.32023,0.78312,0.965768,C,-0.001,0.03871
10504.848,0.51306,177.636,2.8088,16,0.797,12.753,1.94991,6.28007,3928.784,6576.064,11034.98,0.154611,0.727217,83.625,102.795,0.374,1.05047,0.887296,C,0.0,-0.041442
7000.0,0.59404,156.381,1.0756,21,0.7759,16.293,1.98754,5.79972,2317.275,4682.725,2492.545,0.214486,0.781859,83.588,102.095,0.33104,0.35608,0.880473,C,0.0,0.026269
12078.523,0.63107,190.843,1.0114,18,0.8904,16.027,1.92905,5.2951,3185.862,8892.661,3222.278,0.39835,0.714447,87.312,103.313,0.26376,0.26678,0.833506,C,-0.0,-0.029592
8373.558,0.60646,182.718,2.4518,27,0.7402,19.986,1.94167,9.41949,2438.039,5935.52,5977.479,0.073309,0.825454,82.737,103.68,0.29116,0.71385,0.964805,C,-0.001,-0.000942
8257.783,0.35997,184.606,1.8865,25,0.7472,18.681,1.93868,8.08266,4291.707,3966.076,8096.463,0.038779,0.707531,82.348,102.988,0.51972,0.98046,0.944012,C,0.0,0.004322
10681.118,0.62042,151.903,2.8017,27,0.7091,19.145,1.99622,9.75291,3379.17,7301.948,9467.278,0.065888,0.877049,81.439,102.483,0.31637,0.88636,0.966402,C,0.0,-0.033715
10454.91,0.49079,158.357,3.8006,26,0.6604,17.171,1.9838,9.31234,3959.583,6495.327,15048.748,0.05046,0.759214,81.504,102.05,0.37873,1.4394,0.961061,C,0.0,0.021528
8443.677,0.5183,155.482,1.9395,20,0.8864,17.729,1.98926,8.04512,2320.898,6122.779,4501.398,0.107599,0.673977,82.14,101.335,0.27487,0.53311,0.942937,C,0.0,0.019263
10320.377,0.50645,222.207,1.0208,16,0.8948,14.317,1.88552,4.5866,3563.348,6757.029,3637.353,0.297407,0.61669,86.985,103.956,0.34527,0.35244,0.797243,C,0.0,-0.001921
8263.244,0.46661,150.759,3.2979,24,0.8767,21.04,1.99849,11.17835,3271.11,4992.134,10787.938,0.022337,0.757719,80.816,101.633,0.39586,1.30553,0.98105,C,0.0,0.010716
9359.637,0.64859,171.037,1.5005,27,0.7601,20.523,1.96101,8.29403,2719.092,6640.545,4079.988,0.120133,0.864979,82.924,103.388,0.29051,0.43591,0.946191,C,0.0,-0.017691
8187.605,0.45541,139.517,1.5697,22,0.674,14.828,2.02185,6.37694,3098.195,5089.411,4863.308,0.122139,0.658287,81.635,100.339,0.3784,0.59398,0.898514,C,-0.001,0.013655
8806.494,0.44557,198.618,3.318,18,0.8612,15.502,1.91752,7.75529,3930.343,4876.151,13041.065,0.063772,0.753319,83.158,103.906,0.4463,1.48085,0.936124,C,0.0,-0.033497
11033.762,0.42372,142.723,3.6867,23,0.8659,19.915,2.01497,10.97579,5160.738,5873.024,19026.295,0.020045,0.778442,80.433,101.318,0.46772,1.72437,0.977874,C,0.0,-0.029907
10754.796,0.51608,162.886,1.3191,18,0.7392,13.306,1.97543,5.1527,3549.718,7205.078,4682.528,0.263407,0.64057,84.498,101.501,0.33006,0.43539,0.831539,C,0.0,-0.042264
10251.247,0.40861,177.458,2.5053,20,0.8107,16.214,1.9502,7.74048,4125.018,6126.23,10334.559,0.06813,0.637863,82.477,102.197,0.40239,1.00813,0.932906,C,-0.001,0.029114
11495.051,0.35717,150.093,3.0027,16,0.8844,14.15,1.99981,7.35696,5992.146,5502.905,17992.76,0.054522,0.68672,81.212,101.128,0.52128,1.56526,0.920425,C,0.0,0.02866
10368.081,0.49495,204.579,2.2249,20,0.6684,13.369,1.90904,5.96374,3859.611,6508.471,8587.325,0.166715,0.689592,84.712,103.735,0.37226,0.82825,0.87461,C,-0.001,0.037109
8955.406,0.38515,173.854,1.5853,22,0.6784,14.925,1.95621,6.14089,4224.627,4730.779,6697.282,0.092185,0.646764,82.661,102.084,0.47174,0.74785,0.887088,C,0.0,0.029832
9644.837,0.35606,186.359,2.5544,17,0.8815,14.986,1.93594,7.11444,4906.522,4738.315,12533.38,0.057408,0.665313,82.656,102.789,0.50872,1.29949,0.917978,C,0.0,0.00448
12287.455,0.55957,165.674,3.6907,16,0.8327,13.323,1.97041,7.10977,4430.769,7856.686,16352.835,0.137708,0.797483,82.949,102.677,0.36059,1.33086,0.91126,C,0.0,-0.034664
9997.544,0.51418,176.007,3.8596,20,0.736,14.72,1.9526,7.82328,3536.957,6460.587,13651.242,0.094013,0.74421,82.765,102.83,0.35378,1.36546,0.935315,C,0.0,-0.016216
10696.199,0.5276,191.371,1.902,20,0.8108,16.216,1.92824,6.97852,3880.668,6815.531,7381.196,0.129076,0.754509,83.776,103.601,0.36281,0.69008,0.911239,C,0.0,0.03401
9909.741,0.37956,170.75,3.9627,18,0.833,14.995,1.96151,8.06639,4205.005,5704.736,16663.021,0.053,0.620262,82.027,101.759,0.42433,1.68148,0.940748,C,0.0,0.045068
10656.277,0.37403,158.038,3.7103,25,0.6613,16.532,1.9844,8.92452,4567.87,6088.407,16948.205,0.039148,0.625274,81.342,101.149,0.42866,1.59044,0.955134,C,0.0,0.021713
10574.453,0.51872,151.187,2.3326,25,0.8619,21.546,1.99764,10.43552,3553.843,7020.61,8289.752,0.040708,0.760691,81.076,101.676,0.33608,0.78394,0.973625,C,0.0,-0.004422
10223.12,0.6663,206.369,2.943,26,0.7378,19.183,1.90654,9.23904,2227.849,7995.271,6556.524,0.121312,0.818163,84.17,104.658,0.21792,0.64134,0.960323,C,0.0,-0.034869
9682.039,0.41561,178.687,3.2371,22,0.8099,17.818,1.94818,9.07845,4083.288,5598.751,13218.102,0.040694,0.689048,82.16,102.593,0.42174,1.36522,0.958706,C,0.0,-0.021272
9316.155,0.59156,175.253,2.0497,17,0.8673,14.744,1.95386,6.63734,2076.904,7239.251,4257.006,0.254638,0.688227,84.858,102.425,0.22294,0.45695,0.904038,C,0.0,-0.042027
8631.031,0.3065,180.835,3.9587,26,0.7832,20.363,1.94469,10.81214,4796.933,3834.098,18989.729,0.012018,0.674922,81.86,102.6,0.55578,2.20017,0.978207,C,0.0,0.04437
10599.389,0.3416,197.914,1.1455,17,0.7332,12.464,1.91855,4.33609,5318.923,5280.466,6092.782,0.151922,0.532665,84.299,102.42,0.50181,0.57482,0.776827,C,0.0,-0.029559
11764.131,0.38902,171.741,1.7589,24,0.7117,17.081,1.9598,7.32721,4829.937,6934.193,8495.531,0.076776,0.606503,82.378,101.717,0.41056,0.72216,0.918971,C,0.001,0.050141
11268.502,0.31887,146.771,2.5896,17,0.6636,11.28,2.00654,5.66729,5870.081,5398.421,15200.954,0.08742,0.570541,81.502,100.176,0.52093,1.34898,0.857185,C,0.0,0.004236
9969.096,0.47385,144.047,3.7552,16,0.8696,13.914,2.01219,7.68279,4173.169,5795.927,15671.129,0.076847,0.759707,81.242,101.271,0.41861,1.57197,0.932113,C,0.0,-0.045692
8594.819,0.4662,172.494,3.8568,23,0.8713,20.04,1.95852,10.69709,3697.385,4897.433,14260.218,0.024559,0.79962,81.717,103.028,0.43019,1.65916,0.977338,C,0.001,0.015164
10901.191,0.57723,140.557,4.0026,19,0.8068,15.329,2.0196,8.62115,3891.173,7010.018,15574.96,0.081262,0.852535,81.143,101.682,0.35695,1.42874,0.949749,C,0.0,0.004285
10988.985,0.31778,189.193,2.1157,16,0.7449,11.918,1.93156,5.32794,5569.077,5419.909,11782.369,0.100032,0.541527,83.317,102.099,0.50679,1.0722,0.840473,C,-0.001,-0.033318
7782.298,0.4015,200.804,1.944,20,0.897,17.94,1.91438,7.69282,3267.901,4514.396,6352.66,0.060436,0.648396,83.186,103.306,0.41991,0.8163,0.936793,C,0.001,-0.022527
11203.199,0.64133,128.118,4.0935,20,0.7071,14.142,2.04787,8.14677,2990.809,8212.39,12242.845,0.14378,0.822526,81.377,100.725,0.26696,1.0928,0.94015,C,0.0,0.0248
10806.879,0.38181,153.276,3.4187,27,0.7002,18.904,1.99353,10.0906,5542.471,5264.409,18947.884,0.022307,0.760312,80.922,101.787,0.51287,1.75332,0.970037,C,-0.001,-0.054765
12980.185,0.38821,150.367,2.2137,24,0.6907,16.577,1.99927,7.91078,5690.544,7289.641,12597.421,0.060524,0.644021,81.303,100.861,0.4384,0.97051,0.931652,C,0.0,-0.058753
8794.923,0.65757,217.958,3.5732,20,0.8355,16.711,1.89098,8.31828,2154.667,6640.256,7699.084,0.140735,0.825282,84.788,105.168,0.24499,0.8754,0.947567,C,0.0,-0.043295
7973.915,0.52114,148.364,2.8201,23,0.7556,17.378,2.00329,8.91351,3264.308,4709.607,9205.677,0.05281,0.845746,81.115,102.082,0.40937,1.15447,0.958516,C,0.0,0.006676
11583.216,0.31957,195.651,1.8144,26,0.776,20.176,1.92186,8.49762,6136.652,5446.564,11134.433,0.032281,0.643252,82.644,103.053,0.52979,0.96126,0.946483,C,0.0,0.037888
7611.483,0.4503,210.603,2.9006,24,0.7598,18.235,1.90075,8.70906,2814.966,4796.517,8165.208,0.05363,0.683099,83.411,103.938,0.36983,1.07275,0.955954,C,0.0,-0.011798
9293.547,0.44534,168.804,2.2138,21,0.7135,14.983,1.96488,6.97131,3907.921,5385.626,8651.424,0.090357,0.702916,82.445,102.209,0.4205,0.93091,0.914683,C,0.0,0.037518
8469.147,0.65719,173.666,2.6802,24,0.7369,17.685,1.95653,8.64418,1800.279,6668.868,4825.088,0.143163,0.79595,83.327,103.06,0.21257,0.56973,0.953694,C,0.0,0.01989
8427.54,0.39543,195.386,1.7601,25,0.7741,19.353,1.92225,8.06494,3554.093,4873.447,6255.458,0.053108,0.645075,82.91,103.053,0.42172,0.74226,0.943361,C,0.0,0.012548
7167.96,0.33733,120.0,2.5503,17,0.7953,13.52,2.06808,7.05683,3257.927,3910.033,8308.783,0.05745,0.570532,79.823,98.53,0.45451,1.15916,0.922593,C,0.0,0.001093
9549.984,0.38914,149.963,1.6376,19,0.8575,16.292,2.00007,7.01174,4466.118,5083.866,7313.624,0.070545,0.669023,81.418,101.004,0.46766,0.76583,0.915221,C,0.0,-0.004803
11536.349,0.57453,156.158,2.7339,21,0.6927,14.546,1.98797,7.3181,3592.209,7944.14,9820.646,0.149011,0.766946,82.715,101.985,0.31138,0.85128,0.91924,C,0.0,-0.026461
10398.08,0.67365,132.803,1.4602,24,0.6973,16.735,2.03687,7.06627,2163.5,8234.581,3159.212,0.276243,0.778063,83.355,100.725,0.20807,0.30383,0.914678,C,-0.001,-0.007935
10570.217,0.6354,141.804,2.2935,21,0.8668,18.203,2.01693,8.89302,3083.435,7486.782,7071.778,0.098559,0.856499,81.428,101.78,0.29171,0.66903,0.954752,C,0.0,-0.005685
9994.414,0.5264,174.032,1.2236,20,0.8347,16.693,1.95591,6.16246,3702.882,6291.532,4530.794,0.164342,0.739491,83.62,102.705,0.3705,0.45333,0.884332,C,0.0,-0.010794
12080.668,0.35335,167.024,4.1215,18,0.8113,14.603,1.96801,7.95595,5889.434,6191.234,24273.462,0.047554,0.644241,81.811,101.734,0.48751,2.00928,0.93439,C,-0.0,-0.00889
11324.934,0.5859,121.929,1.7658,18,0.8983,16.169,2.06314,7.47614,3567.326,7757.608,6299.2,0.14127,0.790369,81.03,100.11,0.315,0.55622,0.924049,C,-0.0,-0.050191
11552.141,0.53222,169.208,2.4881,26,0.8827,22.95,1.96418,11.0511,3996.976,7555.165,9944.876,0.03365,0.79598,81.712,102.843,0.34599,0.86087,0.978124,C,0.0,0.022004
7689.038,0.4519,183.67,2.6936,16,0.8093,12.949,1.94016,6.25869,2947.939,4741.099,7940.527,0.122702,0.656587,83.423,102.609,0.3834,1.03271,0.895899,C,-0.0,0.014292
10519.489,0.52317,171.882,1.5833,25,0.7662,19.156,1.95956,7.8982,4099.259,6420.23,6490.297,0.08592,0.802347,82.504,103.016,0.38968,0.61698,0.936002,C,0.0,0.020447
8617.647,0.60072,158.48,2.1079,24,0.7974,19.139,1.98357,8.89039,2515.306,6102.341,5302.077,0.087844,0.812127,82.003,102.405,0.29188,0.61526,0.957319,C,0.0,-0.037524
10534.556,0.36796,137.126,1.2078,27,0.7082,19.123,2.0271,7.39187,4872.26,5662.295,5884.583,0.060815,0.632249,80.715,100.025,0.4625,0.5586,0.92356,C,0.001,0.008382
10290.42,0.35725,156.82,1.3284,22,0.858,18.875,1.98671,7.39245,4536.041,5754.38,6025.694,0.061492,0.590386,81.587,100.854,0.4408,0.58556,0.924126,C,-0.001,0.016921
8333.634,0.39683,153.422,1.2515,20,0.864,17.281,1.99324,6.62546,3670.256,4663.377,4593.291,0.084212,0.642864,81.745,101.02,0.44041,0.55118,0.906538,C,0.001,0.03919
10652.043,0.45847,161.694,2.8176,16,0.7847,12.555,1.97761,6.31864,4516.096,6135.947,12724.686,0.120766,0.707026,82.567,101.878,0.42397,1.19458,0.888324,C,0.0,-0.022759
12144.206,0.36423,148.014,2.2909,23,0.7968,18.326,2.004,8.86834,6033.25,6110.957,13821.352,0.035015,0.689266,80.865,101.029,0.4968,1.1381,0.95224,C,-0.001,-0.044985
11349.739,0.5074,160.772,3.7676,25,0.7116,17.79,1.9793,9.59855,3585.978,7763.761,13510.592,0.05807,0.714933,81.703,101.883,0.31595,1.19039,0.96384,C,-0.0,0.050883
11231.515,0.5616,145.885,2.5768,22,0.8765,19.283,2.00836,9.68717,3186.673,8044.842,8211.444,0.069152,0.756662,81.222,101.355,0.28373,0.73111,0.965064,C,0.0,0.027775
8884.079,0.68399,132.336,3.1554,19,0.879,16.7,2.03794,9.02826,2046.113,6837.967,6456.288,0.121793,0.852219,81.293,101.186,0.23031,0.72673,0.95899,C,-0.001,-0.026444
8980.279,0.56496,180.466,1.9025,21,0.7378,15.494,1.94529,6.75799,2851.973,6128.306,5425.924,0.16197,0.752503,83.826,103.095,0.31758,0.6042,0.908952,C,0.0,-0.004293
8310.178,0.35113,158.265,3.2631,20,0.7371,14.742,1.98397,7.73065,3923.008,4387.17,12801.351,0.047183,0.622927,81.457,101.145,0.47207,1.54044,0.936566,C,0.0,-0.033132
10638.906,0.41613,145.495,1.8259,22,0.7168,15.77,2.00917,7.10918,4149.711,6489.195,7576.854,0.090311,0.624489,81.484,100.46,0.39005,0.71218,0.91535,C,0.0,-0.027493
11702.941,0.38663,180.725,1.6424,20,0.7018,14.036,1.94487,5.80332,5174.953,6527.988,8499.227,0.12056,0.597558,83.289,102.084,0.44219,0.72625,0.862115,C,0.0,-0.035708
10667.434,0.49055,159.2,2.137,26,0.7768,20.197,1.98222,9.41386,3848.137,6819.298,8223.586,0.051424,0.738351,81.551,101.956,0.36074,0.77091,0.962184,C,-0.001,-0.012346
10109.003,0.61254,151.767,1.1022,21,0.6773,14.224,1.99649,5.15631,3768.011,6340.992,4153.129,0.27125,0.815338,84.144,102.068,0.37274,0.41083,0.83494,C,0.0,0.043979
8429.142,0.69905,152.138,3.8141,25,0.8231,20.577,1.99576,11.26562,2084.009,6345.133,7948.573,0.052242,0.911495,81.269,102.723,0.24724,0.94299,0.981523,C,0.0,-0.038087
10692.936,0.56888,186.364,2.865,21,0.6931,14.555,1.93593,7.12725,3521.28,7171.655,10088.374,0.145541,0.776735,83.819,103.524,0.32931,0.94346,0.91575,C,0.001,0.031373
9556.765,0.53908,145.343,2.0896,22,0.831,18.282,2.00948,8.62909,3714.812,5841.952,7762.628,0.066767,0.839413,81.167,101.87,0.38871,0.81227,0.951856,C,0.001,0.023569
7542.489,0.33261,173.268,1.0034,27,0.8359,22.568,1.9572,7.59037,4124.369,3418.119,4138.473,0.039543,0.686221,81.944,102.317,0.54682,0.54869,0.93499,C,0.001,0.032305
7529.008,0.44009,196.045,1.3029,16,0.6852,10.964,1.92128,4.05035,3062.538,4466.47,3990.047,0.242706,0.575427,85.434,102.622,0.40677,0.52996,0.775671,C,0.0,0.01735
9678.352,0.66959,171.216,4.0168,20,0.8913,17.826,1.9607,9.60998,2519.49,7158.861,10120.192,0.088175,0.874218,82.509,103.458,0.26032,1.04565,0.96572,C,0.001,-0.033461
8687.735,0.4238,190.308,3.0627,19,0.8757,16.639,1.92986,8.24661,3681.712,5006.023,11276.085,0.053587,0.696069,82.743,103.168,0.42378,1.29793,0.946415,C,0.0,0.032768
12433.495,0.31612,144.093,3.4069,16,0.7511,12.017,2.01209,6.49531,6276.438,6157.057,21383.118,0.069188,0.567848,81.143,100.007,0.5048,1.7198,0.889517,C,0.0,-0.050256
10038.926,0.4341,165.563,3.0908,17,0.7041,11.97,1.9706,6.13478,3869.921,6169.004,11961.134,0.131697,0.623801,82.865,101.525,0.38549,1.19148,0.88305,C,0.001,0.009926
8431.172,0.48145,212.604,3.461,20,0.7819,15.639,1.89805,7.77527,3352.485,5078.687,11602.99,0.075905,0.749155,83.768,104.455,0.39763,1.3762,0.93731,C,0.0,-0.006374
9329.493,0.67503,176.792,2.5573,19,0.7536,14.318,1.9513,6.8807,2049.021,7280.471,5240.008,0.270971,0.78875,85.13,103.162,0.21963,0.56166,0.911837,C,0.001,-0.009111
12459.414,0.62222,198.164,1.8929,26,0.7351,19.112,1.91818,8.14576,2964.061,9495.354,5610.617,0.16229,0.765796,84.444,103.969,0.2379,0.45031,0.937951,C,-0.001,-0.044992
8550.225,0.57319,156.115,2.7978,25,0.8835,22.087,1.98805,11.18072,2619.288,5930.937,7328.296,0.03575,0.810543,81.218,102.27,0.30634,0.85709,0.980893,C,0.0,-0.015547
11138.427,0.67381,177.206,3.2524,25,0.7788,19.47,1.95062,9.94983,3067.646,8070.781,9977.269,0.077757,0.900369,82.595,103.918,0.27541,0.89575,0.968218,C,0.0,-0.028471
10714.185,0.63631,185.077,4.2761,18,0.8355,15.038,1.93794,8.06395,3351.454,7362.731,14331.2,0.123554,0.869716,83.484,104.08,0.31281,1.33759,0.939262,C,0.0,-0.027445
13000.0,0.32751,197.86,1.7448,19,0.7318,13.905,1.91863,5.75967,6367.247,6632.753,11109.795,0.097084,0.548704,83.573,102.523,0.48979,0.8546,0.854809,C,0.0,0.05409
10696.764,0.55829,162.054,2.0159,19,0.8243,15.661,1.97695,7.13464,3835.26,6861.504,7731.329,0.130862,0.797199,82.715,102.492,0.35854,0.72277,0.915958,C,0.0,0.022452
9497.874,0.57246,187.98,3.0214,24,0.7929,19.03,1.93342,9.42621,3304.53,6193.344,9984.376,0.059822,0.845991,82.745,104.054,0.34792,1.05122,0.963642,C,0.0,-0.043928
11288.922,0.3227,154.69,3.4511,16,0.7132,11.411,1.99079,6.09174,5745.883,5543.039,19829.701,0.078091,0.576251,81.718,100.648,0.50898,1.75656,0.876828,C,0.0,0.051613
10032.839,0.3955,142.62,3.0779,16,0.7394,11.83,2.01519,6.25667,4250.393,5782.447,13082.427,0.1046,0.609319,81.545,100.196,0.42365,1.30396,0.887954,C,-0.001,0.041893
11297.109,0.64789,147.648,4.2546,24,0.7237,17.369,2.00475,9.78119,2505.412,8791.696,10659.5,0.098946,0.804326,81.693,101.768,0.22177,0.94356,0.96613,C,0.001,-0.006223
10452.908,0.56957,172.233,1.9432,19,0.7438,14.133,1.95896,6.27444,2979.339,7473.569,5789.528,0.225317,0.706811,84.357,102.402,0.28502,0.55387,0.887247,C,0.0,-0.033694
13000.0,0.68041,164.202,1.583,20,0.6898,13.796,1.97304,5.74572,2795.265,10204.735,4424.843,0.461691,0.740323,87.167,102.226,0.21502,0.34037,0.854099,C,0.0,-0.018723
9823.936,0.62585,148.748,2.2621,25,0.8513,21.284,2.00252,10.24879,2973.827,6850.11,6727.106,0.056924,0.872839,81.186,102.282,0.30271,0.68477,0.972467,C,-0.001,-0.014945
10424.236,0.35677,167.353,1.1311,23,0.8484,19.514,1.96743,7.00894,4963.515,5460.721,5614.063,0.065276,0.621721,82.058,101.601,0.47615,0.53856,0.912881,C,0.0,0.011352
9090.804,0.47519,173.671,3.4762,21,0.8857,18.6,1.95652,9.69457,3739.742,5351.062,13000.083,0.037758,0.780897,81.936,102.961,0.41138,1.43003,0.967312,C,0.0,0.025712
10787.643,0.44349,187.887,3.9393,24,0.8615,20.675,1.93357,10.87265,4832.281,5955.362,19035.895,0.022549,0.785053,82.249,103.648,0.44795,1.7646,0.977225,C,0.0,-0.026114
9859.676,0.39645,178.957,1.0276,25,0.7634,19.085,1.94774,6.44817,4042.974,5816.702,4154.555,0.100782,0.601964,82.963,102.031,0.41005,0.42137,0.895762,C,0.0,-0.035658
10277.601,0.56209,145.557,4.3265,26,0.8336,21.673,2.00904,12.28187,3458.578,6819.023,14963.392,0.022883,0.83557,80.597,101.857,0.33652,1.45592,0.9863,C,0.0,0.023058
11450.975,0.36297,160.077,4.073,21,0.8099,17.008,1.98059,9.33192,5831.552,5619.422,23752.069,0.028376,0.710201,81.283,101.816,0.50926,2.07424,0.960187,C,0.001,-0.034848
9204.188,0.5092,182.633,3.1195,18,0.6863,12.354,1.94181,6.2082,3695.296,5508.892,11527.507,0.14095,0.756219,83.626,103.219,0.40148,1.25242,0.888868,C,0.0,-0.008241
8732.889,0.52868,188.383,3.9088,17,0.8463,14.387,1.9328,7.54909,3206.888,5526.001,12535.054,0.098618,0.778262,83.271,103.625,0.36722,1.43538,0.931501,C,0.0,-0.029715
12147.08,0.33495,153.186,3.5373,18,0.8969,16.144,1.9937,8.6844,6272.408,5874.672,22187.284,0.033042,0.657289,81.06,101.102,0.51637,1.82655,0.949061,C,0.0,0.054257
9646.149,0.36949,159.387,2.9545,22,0.8219,18.082,1.98187,9.24093,4167.107,5479.042,12311.793,0.03333,0.625152,81.32,101.219,0.432,1.27634,0.961031,C,-0.0,0.031853
9041.609,0.62459,155.115,3.1722,16,0.7187,11.499,1.98997,6.01631,2527.761,6513.847,8018.605,0.264204,0.764448,84.192,101.913,0.27957,0.88686,0.881742,C,0.001,-0.043313
12308.975,0.62719,152.59,3.423,23,0.7252,16.679,1.99487,8.9139,3553.455,8755.52,12163.591,0.102593,0.840103,81.953,102.276,0.28869,0.98819,0.952778,C,0.0,-0.032197
11052.308,0.59107,163.898,1.6908,25,0.7115,17.788,1.97359,7.59907,3690.156,7362.152,6239.14,0.12778,0.823283,82.748,102.758,0.33388,0.56451,0.92782,C,0.0,0.024971
7480.26,0.37576,175.968,1.6071,27,0.827,22.329,1.95267,9.211,3478.093,4002.167,5589.525,0.029734,0.676469,81.916,102.381,0.46497,0.74724,0.963207,C,0.0,0.022972
9601.379,0.49923,163.521,3.4238,17,0.8705,14.799,1.97428,7.79095,3303.649,6297.73,11311.14,0.093792,0.711913,82.284,102.004,0.34408,1.17807,0.935356,C,0.0,0.004734
11639.39,0.68808,158.053,2.6439,22,0.873,19.207,1.98437,9.55033,2704.147,8935.243,7149.458,0.109827,0.86308,82.276,102.719,0.23233,0.61425,0.962917,C,0.0,0.01359
11196.529,0.49394,148.381,1.0313,19,0.8055,15.305,2.00326,5.39865,4083.8,7112.729,4211.703,0.212031,0.655802,83.217,100.829,0.36474,0.37616,0.843432,C,0.0,-0.020567
9762.971,0.57851,153.145,3.8662,27,0.6631,17.903,1.99378,9.81496,2609.138,7153.833,10087.474,0.069246,0.764251,81.536,101.806,0.26725,1.03324,0.968011,C,0.0,-0.020041
12185.646,0.53959,221.16,3.0942,27,0.6734,18.181,1.88685,8.72366,5142.338,7043.308,15911.583,0.064314,0.886584,83.877,105.697,0.422,1.30576,0.949701,C,0.0,0.044219
8786.717,0.64255,178.518,1.7034,19,0.8848,16.812,1.94846,7.0659,2285.918,6500.799,3893.784,0.200694,0.797929,84.266,103.303,0.26016,0.44314,0.918743,C,0.0,-0.041064
9709.532,0.46187,215.422,3.0273,16,0.6955,11.128,1.89431,5.34411,4104.571,5604.961,12425.896,0.166851,0.677919,85.056,104.096,0.42274,1.27976,0.847287,C,0.0,-0.019787
10175.1,0.68181,191.633,2.163,20,0.8448,16.897,1.92785,7.58447,2422.924,7752.175,5240.669,0.202431,0.831643,84.753,104.121,0.23812,0.51505,0.929301,C,0.001,-0.032071
9874.037,0.49629,172.857,1.2615,24,0.8934,21.441,1.9579,8.03575,4108.892,5765.145,5183.226,0.071351,0.799148,82.349,103.042,0.41613,0.52493,0.940173,C,0.0,0.008173
11715.053,0.67301,172.273,2.7889,22,0.7185,15.808,1.95889,7.82358,3914.15,7800.903,10916.126,0.136997,0.94196,83.193,103.956,0.33411,0.9318,0.931989,C,0.0,-0.017578
11380.531,0.60384,139.901,1.0832,27,0.7069,19.086,2.02102,6.98264,3235.287,8145.244,3504.403,0.192049,0.767401,82.576,101.081,0.28428,0.30793,0.909585,C,0.0,0.017815
9992.256,0.67939,167.046,3.8184,20,0.8133,16.267,1.96797,8.72721,2502.219,7490.036,9554.573,0.127877,0.863636,82.872,103.183,0.25042,0.9562,0.952866,C,0.001,-0.002186
12050.512,0.48294,207.041,3.9235,17,0.6631,11.272,1.90561,5.79213,4507.462,7543.05,17684.965,0.180499,0.663676,84.973,103.666,0.37405,1.46757,0.860201,C,0.0,-0.05937
8823.941,0.56607,139.149,1.2424,22,0.8887,19.552,2.02265,7.63069,2685.409,6138.532,3336.246,0.124175,0.759381,81.645,100.984,0.30433,0.37809,0.933241,C,0.0,0.023051
9734.666,0.69499,160.469,2.4866,26,0.6706,17.434,1.97986,8.49276,2044.942,7689.723,5084.897,0.167967,0.835142,83.141,102.661,0.21007,0.52235,0.94923,C,0.001,0.002105
12670.62,0.54476,186.524,1.1497,23,0.7152,16.45,1.93568,5.81044,4057.607,8613.013,4665.029,0.240438,0.688131,85.078,102.947,0.32024,0.36818,0.858659,C,0.0,-0.037209
10075.668,0.52018,170.258,1.4823,20,0.7615,15.229,1.96236,6.13068,3941.358,6134.31,5842.14,0.155912,0.754219,83.366,102.619,0.39118,0.57983,0.882753,C,-0.0,0.042818
11528.486,0.39496,181.633,2.5447,22,0.8426,18.536,1.94341,8.84172,4380.361,7148.125,11146.738,0.04924,0.606817,82.38,102.187,0.37996,0.96689,0.95263,C,0.0,-0.001913
9452.467,0.62505,171.018,2.0316,25,0.8139,20.348,1.96104,9.18341,2709.533,6742.934,5504.628,0.086191,0.841574,82.475,103.233,0.28665,0.58235,0.960472,C,0.0,0.049201
9628.692,0.301,178.174,3.6035,22,0.7769,17.091,1.94902,8.92788,4682.471,4946.221,16873.343,0.026898,0.560482,81.959,101.72,0.4863,1.7524,0.956542,C,0.0,0.019349
9990.072,0.62178,165.954,3.2456,16,0.7265,11.624,1.96991,6.02488,2779.777,7210.296,9021.939,0.271183,0.756938,84.721,102.424,0.27825,0.90309,0.878641,C,-0.001,0.051668
10140.489,0.53283,164.11,3.808,22,0.8825,19.414,1.97321,10.45059,3903.651,6236.838,14865.159,0.03585,0.843899,81.543,102.905,0.38496,1.46592,0.9741,C,0.0,-0.050486
9690.433,0.62299,168.017,2.1172,25,0.6903,17.258,1.96626,7.92549,2931.396,6759.037,6206.44,0.127351,0.837953,82.903,103.061,0.3025,0.64047,0.938163,C,0.0,-0.028689
10117.514,0.66979,181.253,3.6126,23,0.7093,16.314,1.94402,8.49379,2717.592,7399.922,9817.45,0.128019,0.868754,83.406,103.898,0.2686,0.97034,0.948661,C,0.0,-0.005545
10741.563,0.36225,171.066,2.5413,18,0.7346,13.224,1.96096,6.3906,5816.165,4925.398,14780.632,0.073047,0.703755,82.303,102.326,0.54146,1.37602,0.890814,C,0.0,0.004323
11761.103,0.51729,122.746,3.7233,25,0.7714,19.285,2.06107,10.99442,4356.431,7404.672,16220.15,0.031349,0.80319,79.621,100.249,0.37041,1.37914,0.977552,C,0.0,-0.027288
10236.343,0.56686,167.563,3.2655,22,0.6536,14.379,1.96706,7.44716,3236.707,6999.635,10569.454,0.133227,0.767376,82.963,102.573,0.3162,1.03254,0.925685,C,0.001,0.004722
10945.08,0.36317,189.541,3.0122,22,0.7293,16.045,1.93103,7.92687,5215.288,5729.791,15709.453,0.048897,0.649224,82.655,102.825,0.4765,1.4353,0.935844,C,0.001,-0.005066
11871.44,0.59739,167.991,1.9522,24,0.7479,17.949,1.96631,8.02511,4142.26,7729.18,8086.362,0.108994,0.859128,82.66,103.2,0.34893,0.68116,0.936338,C,0.0,0.0431
8348.357,0.34419,142.664,2.0179,26,0.8531,22.18,2.0151,10.39113,4370.457,3977.9,8819.146,0.016456,0.704271,80.383,100.825,0.52351,1.05639,0.974971,C,0.0,-0.018855
8003.757,0.64982,165.343,2.5788,23,0.752,17.295,1.971,8.4563,2244.805,5758.951,5788.85,0.112903,0.859105,82.608,103.067,0.28047,0.72327,0.95127,C,0.001,0.012556
12498.273,0.44794,134.737,1.8065,23,0.779,17.916,2.03245,8.17912,4986.82,7511.453,9008.479,0.068926,0.699568,80.71,100.325,0.399,0.72078,0.938605,C,-0.0,-0.0173
11926.201,0.47967,192.624,1.7713,23,0.6793,15.624,1.92636,6.54747,4814.907,7111.294,8528.843,0.127063,0.718416,83.792,103.417,0.40373,0.71513,0.893055,C,-0.0,-0.023085
10003.947,0.33764,177.369,2.975,26,0.7748,20.146,1.95035,10.07199,4713.513,5290.434,14022.598,0.021104,0.619656,81.853,102.073,0.47117,1.40171,0.970551,C,0.0,0.009516
10692.7,0.65028,171.826,1.587,17,0.8311,14.128,1.95966,5.83092,3053.579,7639.12,4846.105,0.301989,0.789499,85.354,102.928,0.28558,0.45322,0.867378,C,0.001,0.024086
8352.019,0.6462,153.895,1.7525,25,0.8053,20.134,1.99232,8.83618,1959.158,6392.861,3433.426,0.118835,0.80782,82.222,102.134,0.23457,0.41109,0.956863,C,0.0,-0.022836
8346.17,0.34028,182.931,1.0815,16,0.7732,12.372,1.94134,4.26428,3862.564,4483.606,4177.301,0.157094,0.498087,83.85,101.529,0.46279,0.50051,0.786344,C,0.0,0.023237
10500.886,0.32934,167.714,2.6489,25,0.7236,18.09,1.96679,8.88284,5504.723,4996.162,14581.714,0.02847,0.660831,81.586,101.877,0.52422,1.38862,0.954683,C,0.001,0.023601
7781.659,0.32718,193.869,3.365,25,0.8169,20.423,1.9245,10.30721,3923.983,3857.675,13204.033,0.016424,0.64327,82.374,102.976,0.50426,1.69681,0.974686,C,0.001,0.029098
11321.68,0.67609,173.75,3.2462,23,0.8593,19.765,1.95639,10.14027,2621.001,8700.679,8508.194,0.087294,0.853461,82.593,103.444,0.2315,0.7515,0.970109,C,0.0,-0.01323
8996.876,0.47551,133.664,2.196,24,0.7758,18.62,2.03489,9.08938,2943.364,6053.512,6463.512,0.058549,0.678245,80.522,100.119,0.32715,0.71842,0.959718,C,0.0,0.009241
10480.232,0.52918,149.653,2.1171,23,0.6565,15.099,2.00069,7.11191,3662.402,6817.83,7753.616,0.127464,0.744971,82.156,101.488,0.34946,0.73983,0.915826,C,0.0,0.019128
12853.075,0.58241,156.231,3.0372,24,0.8516,20.437,1.98783,10.56328,4586.652,8266.422,13930.361,0.04393,0.881193,81.331,102.743,0.35685,1.08382,0.973084,C,0.001,-0.045413
12785.82,0.36167,168.289,3.765,19,0.7643,14.523,1.96578,7.7557,7331.511,5454.309,27603.066,0.04527,0.786961,81.83,102.738,0.57341,2.15888,0.928226,C,0.0,0.021551
9631.059,0.67232,162.446,1.0869,22,0.8586,18.889,1.97623,6.70147,1667.219,7963.841,1812.176,0.367943,0.736042,85.86,102.108,0.17311,0.18816,0.905262,C,-0.001,-0.009431
11714.7,0.43114,145.308,1.2334,27,0.7925,21.397,2.00956,8.24692,4820.647,6894.053,5945.92,0.061443,0.689646,81.095,100.88,0.4115,0.50756,0.941355,C,0.0,0.024669
8493.925,0.33629,152.262,3.5767,19,0.7402,14.063,1.99551,7.59317,4342.302,4151.623,15531.286,0.044038,0.641955,81.166,100.951,0.51122,1.82852,0.933052,C,0.0,0.0406
9520.94,0.40674,163.127,2.17,27,0.8795,23.746,1.97499,11.06274,4010.246,5510.694,8702.241,0.019814,0.688312,81.292,101.828,0.4212,0.91401,0.979482,C,0.0,0.011313
10534.618,0.32868,185.694,2.0887,26,0.8411,21.868,1.93698,9.7767,5285.034,5249.584,11038.853,0.021736,0.637704,82.162,102.576,0.50168,1.04786,0.966824,C,0.0,-0.03797
12139.814,0.56863,150.236,1.7149,21,0.8993,18.885,1.99953,8.26566,3565.147,8574.667,6113.874,0.114176,0.757575,82.006,101.603,0.29367,0.50362,0.941032,C,0.0,0.054858
9116.22,0.54034,155.9,3.1527,16,0.6895,11.033,1.98846,5.75731,3037.975,6078.245,9577.767,0.210426,0.705237,83.515,101.564,0.33325,1.05063,0.870222,C,0.0,-0.013882
10982.486,0.46277,168.665,1.0737,20,0.8616,17.231,1.96512,6.02709,4604.514,6377.972,4943.823,0.137835,0.697352,83.067,102.165,0.41926,0.45016,0.875124,C,0.0,0.010329
10694.022,0.47946,172.785,2.4733,25,0.7422,18.555,1.95802,8.87837,3623.718,7070.304,8962.525,0.064588,0.692099,82.257,102.332,0.33885,0.83809,0.954353,C,0.0,-0.043238
8608.741,0.46514,176.381,1.1152,25,0.7869,19.673,1.95198,6.93726,3174.138,5434.602,3539.669,0.106634,0.674525,82.946,102.388,0.36871,0.41117,0.915472,C,0.001,0.023843
9991.508,0.44571,176.139,2.7135,21,0.8695,18.26,1.95238,8.92708,3768.872,6222.636,10226.66,0.05193,0.684218,82.215,102.441,0.37721,1.02354,0.956051,C,0.0,-0.042051
12252.57,0.48823,179.306,3.8893,21,0.7209,15.139,1.94717,8.02516,5080.428,7172.142,19759.524,0.07577,0.780391,82.646,103.225,0.41464,1.61268,0.93565,C,0.0,0.053154
9830.316,0.63932,194.056,3.5484,23,0.7764,17.856,1.92422,9.11779,3722.378,6107.938,13208.55,0.069074,0.986845,83.075,105.251,0.37866,1.34365,0.959088,C,0.0,0.010012
11220.647,0.59964,164.889,3.7802,18,0.6919,12.454,1.97181,6.68698,3222.214,7998.433,12180.74,0.208418,0.757251,83.851,102.372,0.28717,1.08556,0.900189,C,0.0,-0.040018
11359.227,0.54783,190.86,1.1984,22,0.841,18.502,1.92902,6.62642,4040.499,7318.727,4841.99,0.157646,0.763245,84.136,103.636,0.3557,0.42626,0.897642,C,0.001,-0.024967
8879.737,0.42428,167.419,2.0175,27,0.6599,17.818,1.96731,8.06108,3750.764,5128.974,7567.132,0.057779,0.69229,81.962,102.07,0.4224,0.85218,0.942477,C,-0.001,0.042011
12024.074,0.38884,158.044,4.0115,17,0.8305,14.118,1.98439,7.74474,5549.618,6474.456,22262.5,0.059421,0.671212,81.61,101.452,0.46154,1.85149,0.929469,C,0.0,-0.055478
12192.12,0.6235,161.143,3.8113,22,0.8664,19.062,1.97862,10.30401,3249.908,8942.212,12386.247,0.06768,0.825499,81.844,102.632,0.26656,1.01592,0.971065,C,0.0,0.045983
13000.0,0.36945,181.893,3.0015,17,0.6919,11.763,1.94299,5.8607,6542.923,6457.077,19638.609,0.102874,0.639561,83.097,102.415,0.5033,1.51066,0.859853,C,0.0,0.058716
11972.611,0.33972,194.502,2.2823,21,0.7231,15.186,1.92356,6.90762,5526.751,6445.86,12613.775,0.069475,0.571427,83.096,102.529,0.46162,1.05355,0.905596,C,0.0,0.025941
9322.359,0.49619,146.372,1.8992,26,0.6647,17.282,2.00736,7.88854,3788.796,5533.563,7195.513,0.075626,0.784149,81.329,101.564,0.40642,0.77186,0.938056,C,0.0,-0.008067
9136.823,0.68836,184.657,2.0059,16,0.7461,11.938,1.9386,5.27346,2446.087,6690.736,4906.603,0.395515,0.795424,87.059,103.57,0.26772,0.53701,0.846176,C,0.0,-0.012612
8864.782,0.35142,168.468,2.6691,25,0.7678,19.195,1.96547,9.43529,3877.619,4987.163,10349.676,0.028556,0.602456,81.616,101.529,0.43742,1.1675,0.964457,C,0.0,-0.01387
9180.403,0.65017,156.532,3.24,25,0.7472,18.679,1.98725,9.80243,2350.28,6830.123,7614.895,0.080161,0.846319,81.821,102.528,0.25601,0.82947,0.968436,C,0.0,-0.041044
8862.224,0.62513,170.138,3.7986,20,0.7346,14.691,1.96256,7.84121,2114.48,6747.744,8032.1,0.16268,0.770038,83.451,102.718,0.23859,0.90633,0.937909,C,0.0,0.039188
11973.275,0.47087,188.474,3.5032,16,0.8895,14.231,1.93266,7.29477,5227.549,6745.726,18313.146,0.088913,0.766867,83.146,103.554,0.4366,1.5295,0.917558,C,0.0,-0.015725
12324.969,0.53269,202.576,1.6505,21,0.7449,15.643,1.91186,6.31299,4753.802,7571.167,7846.355,0.162148,0.765354,84.587,104.152,0.38571,0.63662,0.882594,C,-0.0,-0.054698
9030.574,0.6228,176.022,4.1213,23,0.8982,20.658,1.95258,11.12434,2620.995,6409.578,10801.803,0.042447,0.860121,82.085,103.596,0.29024,1.19614,0.980219,C,0.001,-0.024527
11270.449,0.34759,156.778,1.4807,19,0.6943,13.192,1.98678,5.40563,5642.062,5628.387,8354.08,0.108677,0.587075,82.208,100.83,0.50061,0.74124,0.843479,C,0.0,0.047698
8574.573,0.60919,164.611,3.3388,23,0.8661,19.92,1.97231,10.4114,2085.815,6488.757,6964.097,0.062682,0.784868,81.917,102.541,0.24326,0.81218,0.97497,C,0.001,-0.016659
9721.308,0.60957,158.135,2.3026,27,0.8986,24.261,1.98422,11.59059,3105.289,6616.019,7150.234,0.032749,0.880301,81.261,102.837,0.31943,0.73552,0.982839,C,0.0,0.034466
8704.4,0.66899,191.175,3.851,27,0.7275,19.642,1.92854,10.241,2550.982,6153.419,9823.954,0.060894,0.921087,82.869,104.691,0.29307,1.12862,0.973324,C,-0.001,-0.017188
7639.315,0.59474,150.306,1.8545,26,0.6604,17.17,1.99939,7.72864,2622.83,5016.484,4863.949,0.10763,0.849419,81.922,102.213,0.34333,0.6367,0.937867,C,0.001,0.014187
9968.16,0.4582,157.022,1.3056,18,0.7192,12.945,1.98632,5.03067,3803.973,6164.188,4966.432,0.206226,0.6137,83.506,101.019,0.38161,0.49823,0.828245,C,-0.001,-0.029399
9997.608,0.60122,150.273,2.2985,21,0.6968,14.633,1.99945,7.06501,2181.401,7816.206,5013.842,0.232413,0.704151,83.568,101.253,0.21819,0.5015,0.915654,C,0.001,-0.01334
9853.777,0.502,175.459,1.6305,16,0.7736,12.378,1.95352,5.13774,3809.897,6043.88,6212.09,0.214058,0.683511,84.33,102.404,0.38664,0.63043,0.835131,C,0.0,-0.001341
9277.579,0.51647,182.909,3.914,19,0.6622,12.582,1.94137,6.64809,3465.339,5812.24,13563.502,0.132035,0.745677,83.519,103.162,0.37352,1.46197,0.904511,C,0.0,-0.008495
8857.504,0.37478,194.387,2.0756,25,0.8457,21.143,1.92373,9.33554,4017.766,4839.739,8339.19,0.030404,0.660668,82.576,103.113,0.4536,0.94148,0.963202,C,-0.001,-0.001494
9881.409,0.36041,203.02,1.0556,16,0.8763,14.021,1.91123,4.66387,5289.091,4592.318,5583.325,0.131148,0.62445,84.192,103.241,0.53526,0.56503,0.805226,C,0.0,0.031936
9263.457,0.56905,161.728,2.0026,24,0.8912,21.39,1.97754,9.7274,3213.224,6050.233,6434.828,0.053294,0.842956,81.678,102.777,0.34687,0.69465,0.967514,C,0.0,0.044437
10221.771,0.30559,155.992,2.578,18,0.6857,12.343,1.98828,6.11196,6237.638,3984.133,16080.912,0.059359,0.691089,81.525,101.475,0.61023,1.5732,0.881466,C,0.0,0.020555
8216.606,0.30946,182.146,1.917,21,0.8149,17.113,1.94259,7.468,4781.013,3435.593,9165.391,0.036876,0.688799,82.235,102.752,0.58187,1.11547,0.930664,C,0.0,-0.026765
11019.267,0.5023,177.1,3.4282,25,0.8812,22.03,1.95079,11.39692,4111.711,6907.556,14095.644,0.025692,0.785997,81.904,103.158,0.37314,1.27918,0.980914,C,0.0,0.021442
10719.838,0.42137,173.271,2.1438,19,0.751,14.27,1.9572,6.53429,4790.412,5929.426,10269.902,0.097843,0.682753,82.714,102.294,0.44687,0.95803,0.896236,C,0.0,-0.023533
11776.394,0.69191,162.27,3.5246,26,0.7408,19.262,1.97655,10.22345,2480.233,9296.162,8741.773,0.096633,0.850735,82.272,102.856,0.21061,0.74231,0.970586,C,-0.001,-0.037962
11564.933,0.52363,178.644,2.4394,23,0.7026,16.159,1.94825,7.6435,4256.683,7308.25,10383.945,0.102609,0.768852,82.976,103.117,0.36807,0.89788,0.927874,C,0.0,0.009252
10355.371,0.50017,152.068,2.4606,25,0.7673,19.182,1.9959,9.42586,3470.917,6884.454,8540.463,0.055678,0.724262,81.312,101.483,0.33518,0.82474,0.962688,C,0.0,0.043773
9014.38,0.49546,161.817,3.7469,18,0.7973,14.351,1.97738,7.72284,3667.303,5347.077,13741.061,0.07919,0.780963,82.023,102.372,0.40683,1.52435,0.934977,C,-0.0,-0.018305
7245.212,0.37793,164.553,3.388,22,0.7475,16.445,1.97241,8.62497,3305.517,3939.694,11199.082,0.037131,0.663868,81.577,101.739,0.45623,1.54572,0.955175,C,0.001,0.009043
10461.414,0.37143,177.953,3.4419,21,0.7287,15.304,1.94939,7.91565,5051.501,5409.913,17386.562,0.048844,0.672641,82.241,102.45,0.48287,1.66197,0.936501,C,0.0,0.018197
12149.093,0.66898,182.695,4.4427,16,0.7375,11.8,1.94171,6.39167,3793.477,8355.617,16853.272,0.243502,0.862151,84.982,103.921,0.31224,1.3872,0.886347,C,-0.001,-0.022553
13000.0,0.35774,163.109,1.6175,24,0.858,20.593,1.97502,8.66066,6185.422,6814.578,10005.076,0.039548,0.646563,81.552,101.551,0.4758,0.76962,0.947401,C,0.0,-0.055065
7327.988,0.62977,172.438,1.4621,19,0.7024,13.345,1.95861,5.32735,2556.817,4771.171,3738.226,0.257279,0.82938,84.787,103.221,0.34891,0.51013,0.857459,C,0.0,0.017878
9053.418,0.5325,165.678,3.3222,26,0.8056,20.945,1.9704,10.91878,3169.043,5884.375,10528.105,0.032359,0.801844,81.558,102.706,0.35004,1.16289,0.978728,C,0.0,0.047235
9514.656,0.31866,187.698,2.7508,20,0.7805,15.61,1.93386,7.55015,5120.552,4394.104,14085.802,0.041533,0.641608,82.493,102.692,0.53818,1.48043,0.929857,C,0.0,-0.023884
8413.963,0.42548,170.974,3.9489,23,0.7331,16.861,1.96112,9.06123,3327.998,5085.965,13141.908,0.042973,0.675776,81.903,102.136,0.39553,1.56192,0.960052,C,0.0,-0.014165
10260.26,0.62723,155.397,2.127,19,0.7971,15.145,1.98942,7.08611,2466.583,7793.677,5246.487,0.220168,0.756053,83.623,101.872,0.2404,0.51134,0.915615,C,0.0,0.047357
10117.335,0.69305,181.723,4.3684,16,0.8484,13.575,1.94327,7.33863,2029.214,8088.121,8864.512,0.265786,0.800241,85.242,103.468,0.20057,0.87617,0.923081,C,0.0,0.036312
9019.845,0.64485,214.868,2.998,26,0.7202,18.725,1.89504,8.97556,2497.58,6522.265,7487.67,0.097693,0.85437,84.126,105.239,0.2769,0.83013,0.958051,C,-0.0,0.023417
10065.924,0.59092,139.929,2.9127,18,0.6612,11.902,2.02096,6.23354,2887.48,7178.444,8410.489,0.232917,0.734919,83.117,100.869,0.28686,0.83554,0.886932,C,0.0,0.037745
7610.255,0.5804,175.555,1.5897,22,0.6822,15.008,1.95336,6.16847,2680.313,4929.942,4260.91,0.176606,0.799932,83.839,103.177,0.3522,0.55989,0.892832,C,0.0,0.01428
8571.044,0.53596,157.703,3.5244,27,0.8419,22.73,1.98503,12.14002,2666.756,5904.288,9398.77,0.023541,0.767398,81.122,102.069,0.31114,1.09657,0.986334,C,0.0,0.019837
8751.526,0.50841,136.243,1.1648,21,0.7036,14.776,2.02907,5.62537,3499.631,5251.895,4076.265,0.170854,0.733346,82.127,100.639,0.39989,0.46578,0.865616,C,0.0,-0.018812
11285.179,0.63766,178.659,2.9083,20,0.7873,15.746,1.94823,7.81462,2854.682,8430.497,8302.282,0.169872,0.796057,83.864,103.298,0.25296,0.73568,0.932612,C,0.0,0.02055
7895.376,0.59379,192.478,2.4882,18,0.8789,15.821,1.92658,7.40024,2491.621,5403.755,6199.639,0.132232,0.806603,83.856,103.993,0.31558,0.78522,0.929722,C,0.0,0.038293
9683.469,0.4727,145.474,1.5877,20,0.8058,16.116,2.00921,6.89933,3863.099,5820.37,6133.431,0.10491,0.71681,81.676,101.069,0.39894,0.63339,0.911461,C,-0.0,-0.001339
11353.452,0.47277,164.923,3.9446,24,0.7163,17.192,1.97175,9.31158,4395.48,6957.973,17338.38,0.048828,0.740582,81.746,102.264,0.38715,1.52715,0.960015,C,-0.001,-0.000556
10134.409,0.55745,192.82,3.1572,25,0.8429,21.073,1.92606,10.49027,3555.684,6578.726,11225.881,0.040576,0.836805,82.657,104.207,0.35085,1.1077,0.974462,C,-0.001,0.040053
11282.166,0.58913,160.033,2.5817,16,0.7169,11.471,1.98067,5.65096,3542.474,7739.692,9145.781,0.269602,0.735373,84.465,101.98,0.31399,0.81064,0.856309,C,-0.0,0.043855
9035.298,0.38944,168.621,3.9238,26,0.8467,22.014,1.9652,11.85187,3594.583,5440.715,14104.527,0.015013,0.63681,81.444,101.764,0.39784,1.56105,0.984664,C,0.0,0.039259
10683.248,0.58154,171.838,1.4915,19,0.6789,12.899,1.95964,5.19494,3654.37,7028.878,5450.383,0.281601,0.737478,85.085,102.586,0.34207,0.51018,0.83436,C,0.0,0.018906
11942.834,0.34113,142.146,2.4996,23,0.8842,20.336,2.0162,10.18523,5809.658,6133.176,14521.68,0.021004,0.644373,80.42,100.4,0.48646,1.21593,0.970049,C,0.0,-0.020113
13000.0,0.69622,190.761,3.8561,19,0.6502,12.353,1.92917,6.44571,3162.671,9837.329,12195.438,0.32681,0.814986,86.365,103.973,0.24328,0.93811,0.885802,C,0.0,-0.017922
11677.343,0.49458,159.89,2.4841,21,0.7287,15.303,1.98094,7.45825,4335.486,7341.857,10769.993,0.102846,0.725901,82.258,101.91,0.37127,0.9223,0.922795,C,0.0,0.03157
12673.732,0.40211,189.296,1.0085,23,0.7236,16.644,1.9314,5.50095,5822.511,6851.221,5871.75,0.137876,0.626675,83.821,102.665,0.45942,0.4633,0.842476,C,0.0,-0.039072
9723.469,0.49627,143.052,2.9018,18,0.8717,15.691,2.01428,8.17172,3733.335,5990.135,10833.301,0.073401,0.759828,81.152,101.214,0.38395,1.11414,0.943212,C,-0.001,-0.036858
10178.729,0.49792,133.997,1.3387,26,0.7641,19.866,2.03413,8.07453,3820.925,6357.804,5115.089,0.079005,0.749679,80.808,100.611,0.37538,0.50253,0.940438,C,0.0,0.008419
12820.141,0.41527,156.877,1.9741,20,0.8604,17.208,1.9866,7.84032,5657.941,7162.2,11169.491,0.065628,0.691486,81.644,101.525,0.44133,0.87125,0.930254,C,0.0,-0.060428
10779.112,0.46776,197.336,3.6529,19,0.7359,13.982,1.91939,7.1568,4389.362,6389.75,16033.71,0.096025,0.723121,83.541,103.652,0.40721,1.48748,0.916405,C,-0.0,-0.013467
12205.14,0.4217,180.686,1.1362,25,0.7637,19.093,1.94493,6.75543,5641.375,6563.765,6409.637,0.09144,0.705547,82.903,102.795,0.46221,0.52516,0.899775,C,0.0,0.015504
11839.257,0.4566,180.453,2.1164,27,0.6677,18.029,1.94531,8.14732,4630.803,7208.454,9800.704,0.071139,0.704218,82.626,102.775,0.39114,0.82781,0.939059,C,0.0,0.050993
13000.0,0.33856,157.292,2.4621,27,0.7657,20.673,1.98581,10.08564,6495.806,6504.194,15993.333,0.021643,0.655062,81.08,101.306,0.49968,1.23026,0.968057,C,0.0,0.040941
12914.943,0.47592,138.643,1.5551,18,0.6794,12.229,2.02376,5.24702,4925.248,7989.695,7659.26,0.216295,0.635972,82.838,100.14,0.38136,0.59305,0.826681,C,0.0,-0.049152
9232.345,0.56391,134.518,1.9179,18,0.6798,12.236,2.03295,5.70597,2984.782,6247.563,5724.544,0.231295,0.722819,82.843,100.465,0.3233,0.62005,0.867396,C,-0.0,-0.010724
12736.644,0.49481,142.364,1.906,19,0.8463,16.08,2.01574,7.39286,5290.476,7446.168,10083.437,0.096946,0.777496,81.432,101.291,0.41537,0.79169,0.918618,C,0.0,-0.037504
10765.709,0.62772,173.84,3.737,19,0.7399,14.057,1.95624,7.4415,2932.226,7833.482,10957.646,0.174319,0.79744,83.745,103.078,0.27237,1.01783,0.924363,C,0.001,-0.023737
10795.302,0.31891,192.844,2.0494,21,0.8002,16.803,1.92603,7.40217,5627.28,5168.023,11532.656,0.046956,0.615031,82.742,102.745,0.52127,1.0683,0.923248,C,-0.001,0.000847
10547.168,0.47804,136.288,1.2507,16,0.7464,11.943,2.02897,4.69561,4220.102,6327.066,5277.963,0.23475,0.640319,82.972,100.028,0.40012,0.50042,0.803517,C,0.0,-0.041328
11839.373,0.45052,126.246,2.036,20,0.8892,17.784,2.05239,8.57519,5258.858,6580.515,10706.859,0.053213,0.768022,80.088,100.246,0.44418,0.90434,0.947535,C,0.0,0.054422
8836.202,0.66018,187.291,1.8365,19,0.6509,12.367,1.93449,5.28344,2249.876,6586.326,4131.812,0.393766,0.751189,87.129,103.397,0.25462,0.4676,0.848132,C,-0.0,-0.016478
9147.736,0.35831,194.303,1.8849,21,0.675,14.176,1.92385,6.06032,4358.182,4789.554,8214.822,0.087868,0.604393,83.332,102.738,0.47642,0.89802,0.883168,C,0.0,0.007639
8799.724,0.65307,168.671,1.2986,16,0.8196,13.113,1.96511,5.00478,2089.399,6710.325,2713.275,0.459979,0.713192,87.319,102.27,0.23744,0.30834,0.832764,C,0.0,0.005983
10427.864,0.35375,149.314,3.162,23,0.8994,20.686,2.00138,10.90388,5460.523,4967.34,17265.937,0.015058,0.726064,80.658,101.344,0.52365,1.65575,0.97771,C,0.001,0.025585
11373.337,0.39525,193.357,4.0592,24,0.6695,16.069,1.92526,8.44542,5184.75,6188.586,21046.0,0.046971,0.687031,82.76,103.242,0.45587,1.85047,0.945824,C,0.001,0.028129
11032.771,0.45296,150.388,1.6008,16,0.7043,11.269,1.99922,4.80491,4179.011,6853.76,6689.596,0.229382,0.58928,83.533,100.501,0.37878,0.60634,0.808182,C,0.0,0.030358
10427.259,0.42424,221.391,3.9861,17,0.7678,13.053,1.88656,6.62362,4685.279,5741.98,18676.182,0.094139,0.693593,84.277,104.432,0.44933,1.79109,0.900294,C,0.0,-0.004256
9185.826,0.33883,166.205,3.9461,26,0.739,19.214,1.96946,10.3898,4794.128,4391.698,18918.09,0.016687,0.690497,81.372,101.998,0.5219,2.05949,0.974297,C,-0.0,-0.020484
7353.744,0.40133,153.539,2.0299,24,0.7999,19.197,1.99302,8.86986,3505.164,3848.579,7115.058,0.034764,0.735179,81.098,101.635,0.47665,0.96754,0.958711,C,0.001,0.030098
10516.78,0.39446,155.074,1.0909,24,0.8127,19.505,1.99004,7.00282,5116.03,5400.75,5580.912,0.070988,0.700883,81.64,101.491,0.48646,0.53067,0.912455,C,0.0,-0.021561
10386.367,0.32759,219.151,3.4458,23,0.7667,17.634,1.88944,8.6963,5047.403,5338.963,17392.326,0.032499,0.606572,83.396,103.771,0.48596,1.67453,0.95179,C,0.001,-0.031049
10364.284,0.47369,184.002,3.8145,23,0.6844,15.74,1.93964,8.26212,3652.228,6712.056,13931.567,0.075393,0.690423,82.81,102.847,0.35239,1.34419,0.943914,C,0.0,-0.052577
12098.974,0.60638,178.438,2.8225,21,0.8574,18.005,1.94859,8.86891,3336.17,8762.804,9416.31,0.104873,0.797314,82.998,103.296,0.27574,0.77827,0.952311,C,0.0,-0.004611
9691.969,0.34918,146.916,2.9173,17,0.8204,13.948,2.00624,7.23215,4873.882,4818.087,14218.416,0.054733,0.64704,81.077,100.689,0.50288,1.46703,0.921176,C,-0.0,-0.015461
9702.418,0.63835,165.925,3.8068,19,0.6765,12.854,1.96996,6.90195,2660.697,7041.722,10128.696,0.206031,0.801705,83.86,102.718,0.27423,1.04394,0.911491,C,-0.001,-0.031269
7098.573,0.47364,166.189,1.5079,26,0.7204,18.73,1.96949,7.63271,2622.269,4476.304,3954.141,0.080946,0.70368,82.22,102.084,0.36941,0.55703,0.936867,C,0.0,0.020331
11064.413,0.46299,197.496,3.7712,26,0.8517,22.144,1.91915,11.40966,4860.831,6203.582,18331.01,0.020051,0.810063,82.544,104.233,0.43932,1.65675,0.980974,C,0.0,-0.044193
9966.737,0.63736,152.834,2.435,25,0.7076,17.689,1.99439,8.65648,2634.262,7332.474,6414.359,0.116421,0.824507,82.146,102.187,0.26431,0.64358,0.951721,C,0.001,0.039938
9366.86,0.49284,200.58,2.4249,26,0.6623,17.22,1.9147,7.91952,3632.442,5734.419,8808.296,0.07798,0.755636,83.411,104.004,0.3878,0.94037,0.938641,C,-0.001,-0.02798
10667.953,0.59646,141.583,3.783,23,0.6695,15.397,2.0174,8.54679,3575.869,7092.083,13527.605,0.091151,0.851247,81.321,101.733,0.3352,1.26806,0.948775,C,0.001,-0.051166
8524.008,0.41926,150.982,3.5768,26,0.8606,22.376,1.99804,12.10402,3810.871,4713.137,13630.543,0.012959,0.747783,80.701,101.579,0.44708,1.59908,0.986181,C,0.0,-0.013208
9304.644,0.47214,164.969,3.2124,24,0.713,17.112,1.97167,8.85936,3813.465,5491.179,12250.51,0.050775,0.764774,81.773,102.426,0.40985,1.3166,0.955925,C,0.0,-0.044996
12976.935,0.3861,165.079,2.6014,19,0.7891,14.994,1.97147,7.35135,5822.619,7154.316,15146.904,0.071528,0.642119,82.052,101.622,0.44869,1.16722,0.916877,C,0.0,-0.007924
11240.03,0.4652,127.869,1.7163,19,0.656,12.464,2.04847,5.64764,4388.352,6851.678,7531.833,0.171203,0.653502,81.727,99.594,0.39042,0.67009,0.856317,C,0.0,-0.022348
11367.488,0.44379,143.7,3.9092,24,0.7594,18.226,2.01291,10.15331,5352.808,6014.68,20925.297,0.028079,0.813751,80.583,101.607,0.47089,1.8408,0.970206,C,-0.0,0.024139
11157.897,0.46751,150.101,2.7471,20,0.8179,16.359,1.9998,8.31179,4120.007,7037.889,11318.238,0.071431,0.699378,81.436,101.212,0.36925,1.01437,0.943583,C,0.001,-0.012527
11715.921,0.64351,182.447,3.0207,23,0.7802,17.944,1.94211,8.94833,3405.609,8310.312,10287.44,0.101569,0.865594,83.1,103.932,0.29068,0.87807,0.95412,C,0.0,0.051817
10769.081,0.52367,190.043,1.6795,25,0.6949,17.373,1.93026,7.16137,3807.474,6961.607,6394.607,0.123581,0.742483,83.658,103.463,0.35356,0.59379,0.916564,C,0.0,0.038353
13000.0,0.42,186.648,1.3819,20,0.8589,17.179,1.93549,6.58142,5512.578,7487.422,7617.603,0.107862,0.649809,83.332,102.699,0.42404,0.58597,0.8911,C,0.0,0.008109
9845.515,0.4953,179.018,2.0337,26,0.6573,17.091,1.94764,7.63753,3482.694,6362.821,7082.599,0.096215,0.713732,82.905,102.771,0.35373,0.71937,0.931284,C,0.0,0.047218
11242.565,0.36229,173.237,2.7429,20,0.7276,14.552,1.95726,7.16142,5705.369,5537.196,15649.23,0.060392,0.67336,82.218,102.23,0.50748,1.39196,0.915407,C,0.0,-0.016069
10071.708,0.69351,157.11,2.8658,19,0.8709,16.546,1.98616,8.41699,2242.4,7829.308,6426.225,0.164047,0.845155,82.953,102.551,0.22264,0.63805,0.947335,C,0.0,-0.00758
9997.532,0.34131,173.363,1.4089,26,0.6785,17.642,1.95704,6.9279,4781.811,5215.722,6737.09,0.063148,0.596332,82.259,101.728,0.4783,0.67388,0.911508,C,-0.001,-0.006086
7395.65,0.30598,161.723,1.843,24,0.7381,17.715,1.97755,7.83038,3658.87,3736.78,6743.263,0.036791,0.569548,81.46,100.972,0.49473,0.91179,0.940512,C,0.0,0.031925
7099.458,0.3178,161.224,1.3912,18,0.7341,13.213,1.97847,5.24533,3699.188,3400.27,5146.415,0.088803,0.566923,82.127,100.929,0.52105,0.7249,0.854401,C,-0.0,0.017491
12463.339,0.55034,209.808,3.4714,20,0.869,17.38,1.90182,8.67374,4140.786,8322.553,14374.254,0.08545,0.781644,83.806,104.557,0.33224,1.15332,0.948414,C,0.0,-0.029796
12362.288,0.63164,173.254,2.3117,16,0.6749,10.799,1.95723,5.06197,3745.646,8616.641,8658.759,0.379616,0.741199,86.433,102.679,0.30299,0.70042,0.817904,C,0.001,-0.037252
9448.276,0.44826,182.003,3.2506,21,0.6844,14.372,1.94282,7.2994,4197.889,5250.386,13645.79,0.077104,0.74502,82.761,103.116,0.4443,1.44426,0.923578,C,0.001,-0.032411
10658.808,0.31052,148.44,3.0637,23,0.8985,20.666,2.00314,10.82377,5752.055,4906.753,17622.361,0.013281,0.658955,80.596,100.853,0.53965,1.65331,0.976919,C,0.0,0.050595
11652.562,0.54236,167.411,1.926,23,0.7025,16.158,1.96732,7.19685,4164.8,7487.762,8021.564,0.128289,0.772675,82.892,102.6,0.35741,0.68839,0.915458,C,0.0,-0.021004
9014.151,0.65889,158.659,3.4304,23,0.6595,15.169,1.98323,8.04232,2171.32,6842.831,7448.55,0.159044,0.817496,82.95,102.45,0.24088,0.82632,0.941856,C,0.0,0.011563
12676.219,0.36202,164.016,2.0238,24,0.7443,17.863,1.97338,8.12661,6691.686,5984.533,13542.66,0.043098,0.718622,81.635,102.073,0.52789,1.06835,0.937155,C,-0.0,0.029446
8337.367,0.64877,159.012,2.6112,27,0.6575,17.754,1.98257,8.7859,2316.098,6021.269,6047.731,0.102485,0.858906,82.218,102.742,0.2778,0.72538,0.956117,C,0.0,-0.035787
8979.994,0.62639,164.88,2.8078,18,0.8591,15.464,1.97183,7.74224,1823.596,7156.398,5120.288,0.199001,0.735303,83.727,102.227,0.20307,0.57019,0.935485,C,0.0,-0.039905
7056.968,0.46758,170.093,2.8153,26,0.8798,22.875,1.96264,11.38186,2708.52,4348.448,7625.297,0.020678,0.745937,81.575,102.556,0.38381,1.08053,0.983026,C,-0.0,0.022065
12297.82,0.30793,159.249,1.7533,18,0.7679,13.822,1.98213,6.0222,6347.729,5950.09,11129.713,0.077484,0.553768,81.897,100.74,0.51617,0.90502,0.870115,C,0.001,0.05084
10114.435,0.59234,193.023,2.1209,24,0.6698,16.076,1.92576,7.15948,2819.133,7295.302,5979.23,0.174029,0.753985,84.426,103.669,0.27872,0.59116,0.918111,C,0.0,0.025253
12293.116,0.50493,147.884,2.8251,24,0.8894,21.346,2.00427,10.96144,4021.828,8271.287,11362.033,0.035579,0.733142,80.867,101.312,0.32716,0.92426,0.976947,C,0.001,0.04255
8558.04,0.5941,178.501,1.1494,25,0.7086,17.716,1.94849,6.31954,2536.536,6021.505,2915.579,0.20999,0.755904,84.388,103.025,0.29639,0.34068,0.895238,C,-0.001,0.004654
10458.528,0.34357,152.065,3.3996,22,0.7605,16.732,1.9959,8.93499,5459.329,4999.199,18559.598,0.029251,0.68682,80.963,101.236,0.522,1.77459,0.955559,C,0.0,-0.004225
9946.219,0.69729,150.974,1.6144,19,0.8947,16.999,1.99806,7.26564,2171.786,7774.432,3506.159,0.250698,0.82204,83.839,102.069,0.21835,0.35251,0.921495,C,0.001,0.042559
10337.925,0.34445,197.764,2.286,16,0.7622,12.195,1.91876,5.52886,5269.819,5068.107,12046.557,0.098569,0.600114,83.589,102.858,0.50976,1.16528,0.854126,C,-0.001,0.015513
12909.793,0.30849,142.041,3.5361,24,0.6681,16.035,2.01642,8.76671,6419.042,6490.751,22698.204,0.031367,0.582555,80.552,99.986,0.49722,1.75822,0.949443,C,-0.0,-0.023497
12647.532,0.67331,143.468,1.1128,22,0.7746,17.041,2.0134,6.28133,3787.33,8860.202,4214.454,0.26934,0.845995,83.757,101.807,0.29945,0.33322,0.880213,C,0.0,-0.056282
12029.966,0.67441,183.109,3.8134,24,0.8313,19.95,1.94105,10.48271,2928.915,9101.051,11169.074,0.074946,0.867327,82.772,103.974,0.24347,0.92844,0.972944,C,0.0,0.031646
9690.348,0.5034,166.165,2.3649,19,0.6709,12.747,1.96953,6.07195,4048.75,5641.598,9574.757,0.142536,0.76238,83.032,102.47,0.41781,0.98807,0.881698,C,0.0,-0.01293
11295.886,0.42315,143.604,1.2829,27,0.6969,18.817,2.01311,7.39875,4662.905,6632.981,5982.221,0.079927,0.664439,81.263,100.616,0.4128,0.52959,0.922029,C,0.0,-0.04911
12624.828,0.45746,172.358,3.4902,21,0.703,14.762,1.95875,7.71436,5575.071,7049.757,19458.038,0.075101,0.759842,82.379,102.759,0.4416,1.54125,0.927504,C,0.0,-0.041049
10850.816,0.55201,196.437,2.1609,19,0.8339,15.844,1.9207,7.06957,3933.246,6917.57,8499.388,0.131526,0.7911,83.98,104.062,0.36248,0.78329,0.913633,C,0.0,-0.0548
11533.648,0.39458,183.499,2.0088,20,0.7967,15.933,1.94043,7.05183,5149.205,6384.443,10343.769,0.078343,0.649641,82.831,102.555,0.44645,0.89683,0.911359,C,-0.0,-0.053274
11408.677,0.30746,174.876,1.0015,17,0.8026,13.645,1.95449,4.57542,6149.675,5259.002,6158.968,0.119859,0.526835,83.065,101.342,0.53903,0.53985,0.789865,C,0.0,-0.008384
8775.922,0.51338,181.975,3.7323,27,0.7489,20.22,1.94286,10.59158,2536.258,6239.664,9466.125,0.042009,0.704981,82.297,102.851,0.289,1.07865,0.976352,C,0.0,-0.007392
10313.4,0.40767,158.071,2.5142,23,0.675,15.526,1.98434,7.61208,4526.016,5787.384,11379.127,0.065314,0.675416,81.689,101.482,0.43885,1.10333,0.929692,C,0.0,-0.040183
12293.127,0.59423,190.863,1.4479,26,0.7199,18.718,1.92901,7.27396,4015.264,8277.863,5813.528,0.152452,0.808519,84.067,103.935,0.32663,0.47291,0.916203,C,0.0,0.000315
9057.366,0.49234,171.794,2.4834,25,0.727,18.175,1.95971,8.71759,3639.162,5418.204,9037.497,0.056325,0.785187,82.11,102.898,0.40179,0.99781,0.954034,C,0.0,0.024433
10102.574,0.69706,140.531,2.5375,16,0.8542,13.667,2.01966,6.89138,2134.242,7968.332,5415.722,0.296675,0.804296,83.986,101.362,0.21126,0.53607,0.910087,C,0.0,0.026433
11846.84,0.34246,153.693,1.6628,27,0.8698,23.484,1.99272,10.11105,5722.534,6124.307,9515.317,0.021733,0.642138,80.932,101.029,0.48304,0.80319,0.969344,C,-0.001,0.050747
7959.024,0.48733,163.58,2.0972,24,0.8086,19.405,1.97417,8.93702,3348.447,4610.576,7022.341,0.047637,0.806653,81.677,102.632,0.42071,0.88231,0.958875,C,0.001,0.026234
9745.696,0.41961,172.282,4.4319,27,0.6579,17.762,1.95888,9.74427,3842.908,5902.788,17031.348,0.034875,0.670093,81.845,102.163,0.39432,1.74758,0.967227,C,0.0,-0.046837
7545.407,0.32085,159.976,1.7914,17,0.6823,11.599,1.98078,5.08778,3456.257,4089.15,6191.654,0.109344,0.499611,82.347,100.421,0.45806,0.82059,0.843893,C,0.0,0.03855
9018.959,0.67235,147.116,3.3603,20,0.8427,16.855,2.00583,9.0412,2178.63,6840.329,7320.833,0.114105,0.850147,81.87,102.041,0.24156,0.81172,0.959004,C,0.0,0.019329
8189.63,0.69168,176.924,2.5937,24,0.7171,17.209,1.95108,8.30172,1824.678,6364.952,4732.62,0.160636,0.843915,83.679,103.532,0.2228,0.57788,0.948256,C,0.0,0.015836
8815.36,0.34781,144.287,2.8959,23,0.8886,20.438,2.01168,10.61861,4782.592,4032.768,13850.086,0.015036,0.742447,80.437,101.17,0.54253,1.57113,0.976546,C,0.0,0.042805
9167.264,0.67429,134.01,3.8349,19,0.7073,13.439,2.0341,7.56888,2493.224,6674.04,9561.258,0.170942,0.862331,82.022,101.355,0.27197,1.04298,0.931052,C,0.0,-0.033842
9705.541,0.46758,158.698,1.5587,25,0.8898,22.246,1.98316,9.27884,3998.353,5707.188,6232.266,0.043725,0.764522,81.429,102.102,0.41197,0.64213,0.961476,C,-0.0,0.018092
9796.93,0.44678,197.347,1.5668,22,0.6814,14.991,1.91937,5.9663,3434.01,6362.92,5380.449,0.156977,0.60319,84.346,102.861,0.35052,0.5492,0.876846,C,0.0,-0.037917
7219.723,0.50091,189.16,1.4488,25,0.651,16.275,1.93161,6.33924,2545.804,4673.919,3688.406,0.141594,0.696619,83.865,103.121,0.35262,0.51088,0.900324,C,0.0,0.020096
12599.363,0.30516,168.877,2.8904,20,0.8219,16.438,1.96475,8.24807,6764.3,5835.063,19551.51,0.034161,0.619317,81.706,101.661,0.53688,1.55179,0.939899,C,-0.0,-0.007351
9589.254,0.44484,192.166,1.9108,26,0.7261,18.879,1.92705,8.12989,3866.588,5722.666,7388.285,0.063315,0.702624,82.935,103.293,0.40322,0.77048,0.942609,C,0.0,-0.011745
8757.547,0.51643,178.124,3.4468,16,0.6898,11.036,1.9491,5.70897,3391.298,5366.248,11689.064,0.174081,0.732787,83.9,102.855,0.38724,1.33474,0.869467,C,0.001,-0.017323
9071.26,0.33517,146.322,1.4078,22,0.8336,18.34,2.00746,7.47277,4356.274,4714.986,6132.913,0.04962,0.598994,80.984,100.339,0.48023,0.67608,0.928904,C,0.0,0.007574
10468.23,0.37194,178.361,2.839,22,0.8513,18.729,1.94872,9.24038,4518.537,5949.693,12828.251,0.034422,0.628268,82.066,102.176,0.43164,1.22545,0.960052,C,0.0,0.014664
8901.49,0.64545,169.4,3.0355,27,0.721,19.468,1.96384,9.88331,2513.81,6387.68,7630.699,0.069526,0.872103,82.193,103.355,0.2824,0.85724,0.96958,C,0.0,-0.023325
9956.936,0.67647,165.993,3.4058,25,0.6898,17.245,1.96984,9.03752,2300.366,7656.57,7834.566,0.123675,0.842549,82.776,102.991,0.23103,0.78685,0.957762,C,0.0,0.035334
9285.319,0.46471,181.761,3.5905,24,0.7207,17.296,1.9432,8.98726,4105.138,5180.181,14739.534,0.044273,0.797885,82.319,103.454,0.44211,1.5874,0.957879,C,0.0,0.045101
11413.442,0.67832,155.693,1.782,23,0.8668,19.936,1.98886,8.78014,2690.032,8723.411,4793.758,0.138842,0.844674,82.561,102.473,0.23569,0.42001,0.951758,C,-0.001,0.038091
9383.676,0.4428,181.359,2.9232,25,0.8851,22.128,1.94385,10.9587,3993.814,5389.861,11674.852,0.022046,0.754581,82.011,103.15,0.42561,1.24417,0.97881,C,0.001,-0.042594
10671.82,0.49134,198.099,2.7656,18,0.7578,13.641,1.91828,6.52636,3724.209,6947.61,10299.613,0.146293,0.676297,84.23,103.376,0.34898,0.96512,0.896094,C,0.001,0.018531
11021.532,0.57604,195.766,1.8709,27,0.8849,23.893,1.92169,10.17048,3645.062,7376.47,6819.4,0.051069,0.835453,82.896,104.326,0.33072,0.61873,0.97068,C,0.0,-0.000369
9836.707,0.56873,171.388,2.0228,27,0.8967,24.211,1.96041,10.90625,3279.665,6557.042,6634.212,0.037326,0.834528,81.844,103.204,0.33341,0.67443,0.978118,C,0.0,-0.02155
11792.962,0.47298,193.771,1.7719,25,0.8363,20.908,1.92464,8.75077,4746.738,7046.225,8410.518,0.0579,0.752598,82.918,103.693,0.40251,0.71318,0.950727,C,-0.001,0.024194
10534.03,0.54957,142.599,1.7279,19,0.7277,13.826,2.01524,6.13675,3316.504,7217.525,5730.65,0.207029,0.706964,82.896,100.839,0.31484,0.54401,0.881396,C,0.001,0.044016
8254.816,0.50686,182.408,3.941,16,0.7694,12.311,1.94217,6.51794,3425.902,4828.914,13501.316,0.118228,0.782578,83.318,103.383,0.41502,1.63557,0.903195,C,0.0,-0.003364
10953.53,0.54169,157.738,3.0283,16,0.6641,10.626,1.98497,5.47648,3923.801,7029.729,11882.471,0.228772,0.716347,83.833,101.734,0.35822,1.08481,0.848711,C,0.0,0.036583
10413.036,0.35512,186.662,1.2288,20,0.7945,15.891,1.93546,5.78524,5433.787,4979.248,6677.07,0.090955,0.643403,83.109,102.658,0.52183,0.64122,0.866348,C,0.001,-0.015853
9869.685,0.61703,172.493,1.6323,24,0.7235,17.363,1.95852,7.23742,2445.064,7424.622,3991.174,0.197018,0.755342,83.994,102.735,0.24773,0.40439,0.920898,C,-0.001,0.041286
10299.944,0.42012,165.172,2.5289,18,0.6657,11.982,1.9713,5.82769,4407.086,5892.858,11144.949,0.128862,0.637949,82.812,101.599,0.42787,1.08204,0.868761,C,0.0,-0.036311
13000.0,0.52278,178.441,2.989,17,0.8824,15.001,1.94859,7.49851,4649.197,8350.803,13896.297,0.115482,0.749536,83.139,102.98,0.35763,1.06895,0.921,C,0.0,0.013955
10407.433,0.32037,154.307,1.7252,27,0.6806,18.375,1.99153,8.01344,5170.537,5236.896,8919.969,0.039507,0.597684,81.192,100.769,0.49681,0.85708,0.938735,C,0.0,-0.052044
10554.533,0.48288,121.676,2.4443,26,0.824,21.423,2.06378,11.01513,3529.331,7025.202,8626.692,0.031075,0.709851,79.562,99.562,0.33439,0.81734,0.978481,C,0.0,0.052269
9641.832,0.42,153.553,1.109,27,0.7433,20.069,1.99299,7.27771,4472.935,5168.897,4960.351,0.070127,0.722758,81.565,101.554,0.46391,0.51446,0.922541,C,0.0,0.034269
12525.934,0.31501,170.574,2.8727,18,0.8738,15.729,1.96181,7.8622,7568.994,4956.94,21743.461,0.035788,0.741371,81.793,102.55,0.60427,1.73588,0.931349,C,0.0,-0.016253
10252.144,0.4498,201.725,1.5431,22,0.8568,18.85,1.91307,7.4197,4168.009,6084.134,6431.691,0.083055,0.70105,83.515,103.692,0.40655,0.62735,0.924932,C,0.001,-0.041757
8782.749,0.6465,170.828,1.5987,18,0.8851,15.932,1.96137,6.60269,2207.448,6575.3,3529.138,0.245766,0.781031,84.574,102.824,0.25134,0.40183,0.904454,C,0.001,0.018429
8566.286,0.5772,184.425,2.5344,24,0.7711,18.508,1.93897,8.78754,2578.225,5988.061,6534.209,0.084717,0.789238,82.948,103.519,0.30097,0.76278,0.955825,C,0.0,0.035504
10763.123,0.42117,167.748,3.2115,18,0.7385,13.292,1.96673,6.85576,4536.898,6226.225,14570.227,0.092762,0.660474,82.436,101.877,0.42152,1.35372,0.90716,C,0.0,-0.006949
11141.524,0.68358,171.747,3.1604,18,0.673,12.114,1.95979,6.19165,2515.416,8626.108,7949.699,0.358587,0.778344,86.098,102.851,0.22577,0.71352,0.881567,C,-0.0,0.048094
7626.289,0.68847,188.868,3.1726,16,0.8196,13.114,1.93206,6.56671,1839.198,5787.092,5834.987,0.266272,0.822644,85.501,103.939,0.24117,0.76511,0.906727,C,-0.001,0.027747
8952.897,0.60381,157.938,1.5134,21,0.7447,15.638,1.98459,6.45404,2672.155,6280.742,4044.036,0.204694,0.773612,83.523,102.123,0.29847,0.4517,0.898818,C,0.0,0.017262
10871.577,0.35014,180.41,1.9834,20,0.6651,13.301,1.94538,5.88453,4958.093,5913.483,9834.029,0.100454,0.559493,83.012,101.818,0.45606,0.90456,0.869159,C,0.001,-0.038648
11353.664,0.45286,202.468,3.7959,23,0.6746,15.515,1.91201,7.95951,4700.63,6653.034,17843.167,0.070205,0.723227,83.37,103.87,0.41402,1.57158,0.935817,C,0.0,-0.041271
8010.986,0.536,199.134,4.0322,21,0.7937,16.669,1.91678,8.69017,2945.19,5065.796,11875.735,0.065477,0.809561,83.198,104.299,0.36764,1.48243,0.95509,C,-0.0,-0.024585
9387.604,0.53767,153.722,2.644,25,0.894,22.35,1.99266,11.18063,3522.109,5865.494,9312.407,0.028101,0.843656,81.017,102.361,0.37519,0.99199,0.980391,C,0.001,-0.000948
11790.491,0.53778,193.151,1.5771,22,0.7328,16.122,1.92557,6.46435,3755.319,8035.172,5922.5,0.185188,0.702571,84.577,103.336,0.3185,0.50231,0.890321,C,0.0,-0.028592
9153.159,0.58046,176.17,3.0516,24,0.7606,18.254,1.95233,9.19806,3098.057,6055.102,9453.969,0.066826,0.843257,82.413,103.492,0.33847,1.03286,0.961034,C,0.0,0.004769
9373.353,0.50937,184.532,2.8525,20,0.7646,15.293,1.9388,7.49659,3452.74,5920.613,9848.816,0.098405,0.749031,83.133,103.258,0.36836,1.05072,0.928837,C,0.0,0.015262
9151.723,0.46787,167.75,3.028,24,0.8907,21.378,1.96673,10.86949,3376.14,5775.584,10222.783,0.02753,0.725269,81.575,102.304,0.36891,1.11703,0.978293,C,-0.001,0.019474
8055.807,0.43787,197.904,2.9129,21,0.732,15.373,1.91856,7.45672,3516.382,4539.425,10242.945,0.069473,0.723241,83.21,103.677,0.4365,1.2715,0.930744,C,-0.0,0.004328
10152.417,0.53208,169.795,3.5722,18,0.7802,14.043,1.96316,7.401,3832.113,6320.304,13688.93,0.106197,0.790293,82.692,102.835,0.37746,1.34834,0.924663,C,0.0,0.047124
10416.998,0.52625,152.598,1.3641,20,0.7325,14.65,1.99486,5.83762,3480.268,6936.73,4747.398,0.20672,0.686559,83.328,101.263,0.3341,0.45574,0.868761,C,0.0,0.029784
7907.15,0.30099,192.307,2.6888,16,0.8632,13.812,1.92683,6.60309,4359.478,3547.672,11721.556,0.050733,0.608521,82.774,102.678,0.55133,1.4824,0.907072,C,0.0,-0.029232
10698.926,0.32381,168.901,1.8706,27,0.8936,24.126,1.96471,10.61738,5562.052,5136.874,10404.1,0.015471,0.657661,81.46,101.915,0.51987,0.97244,0.975161,C,0.0,0.04703
11720.842,0.69108,136.286,1.7488,17,0.7936,13.491,2.02897,6.07287,2849.987,8870.854,4984.193,0.35679,0.798483,84.583,101.072,0.24316,0.42524,0.874465,C,0.001,-0.033487
10357.001,0.63717,174.486,2.2961,18,0.8624,15.524,1.95515,7.25063,2421.791,7935.211,5560.77,0.217702,0.765191,84.342,102.896,0.23383,0.53691,0.920107,C,-0.001,-0.010457
11290.424,0.68949,144.393,2.8689,25,0.6871,17.177,2.01146,8.90176,2341.345,8949.079,6717.153,0.153169,0.829803,82.265,101.753,0.20737,0.59494,0.953932,C,0.0,0.04037
9279.273,0.4388,149.147,1.253,18,0.8046,14.482,2.00171,5.58962,3850.946,5428.327,4825.362,0.146246,0.64635,82.382,100.809,0.41501,0.52002,0.861686,C,-0.0,-0.039613
12768.599,0.50034,171.787,3.4044,25,0.6646,16.615,1.95973,8.64044,4585.093,8183.506,15609.34,0.07334,0.739583,82.334,102.597,0.35909,1.22248,0.947364,C,0.0,-0.011815
9088.607,0.47549,127.839,1.9012,23,0.8989,20.676,2.04854,9.71641,3605.027,5483.58,6854.015,0.038883,0.762518,79.979,100.312,0.39665,0.75413,0.967563,C,0.0,0.039023
12779.107,0.31254,158.069,1.9978,27,0.6872,18.553,1.98434,8.47302,7068.265,5710.843,14121.037,0.031546,0.660328,81.243,101.382,0.55311,1.10501,0.944172,C,-0.001,-0.022922
9416.036,0.51649,162.926,2.0975,21,0.8417,17.676,1.97536,8.14796,3112.626,6303.41,6528.641,0.088636,0.727762,82.192,102.078,0.33057,0.69335,0.94327,C,0.0,0.015447
9178.5,0.30763,150.958,1.4794,27,0.8861,23.926,1.99809,9.88179,4970.263,4208.237,7353.132,0.017439,0.65037,80.76,100.935,0.54151,0.80113,0.969303,C,0.0,-0.005559
9160.833,0.59175,149.504,3.9094,21,0.6611,13.884,2.00099,7.66878,2736.751,6424.082,10699.013,0.131852,0.787672,82.208,101.762,0.29874,1.16791,0.933435,C,0.0,0.007318
9496.612,0.35547,131.019,1.4577,18,0.6847,12.325,2.041,5.21541,4245.707,5250.906,6189.003,0.126198,0.54085,81.288,99.049,0.44708,0.65171,0.841279,C,-0.001,0.008426
9082.728,0.42869,147.523,1.0026,24,0.6885,16.525,2.005,5.75506,4126.415,4956.313,4137.021,0.122428,0.683672,81.997,100.965,0.45431,0.45548,0.870254,C,0.0,-0.006491
8992.528,0.3091,152.172,3.0285,20,0.6788,13.576,1.99569,7.05211,4783.241,4209.287,14485.935,0.047751,0.606077,81.211,100.709,0.53191,1.61089,0.917827,C,0.0,0.033827
9549.876,0.67823,180.028,1.4418,25,0.8128,20.321,1.946,7.98851,2865.712,6684.164,4131.689,0.136131,0.910643,83.469,104.118,0.30008,0.43264,0.939769,C,0.0,0.013002
11716.571,0.56202,163.989,2.4772,24,0.6624,15.898,1.97343,7.69885,3393.454,8323.117,8406.098,0.13787,0.734953,82.884,102.18,0.28963,0.71745,0.928951,C,0.0,-0.008078
11383.266,0.49593,195.116,2.8723,25,0.7752,19.381,1.92265,9.3976,4052.672,7330.594,11640.354,0.054093,0.7402,82.914,103.669,0.35602,1.02258,0.961168,C,0.0,-0.023758
9522.284,0.50395,176.454,1.4653,25,0.8666,21.666,1.95186,8.6125,3410.009,6112.276,4996.772,0.068073,0.747121,82.44,102.871,0.35811,0.52475,0.951627,C,-0.001,0.015722
11869.713,0.39817,169.82,2.712,16,0.7143,11.429,1.96311,5.63225,5028.568,6841.145,13637.261,0.138245,0.589234,83.116,101.509,0.42365,1.14891,0.85291,C,0.0,-0.045991
8490.156,0.45981,185.551,3.0357,21,0.7049,14.803,1.9372,7.3631,3039.224,5450.932,9226.17,0.093194,0.664225,83.1,102.745,0.35797,1.08669,0.927447,C,0.0,-0.024119
8533.298,0.57034,160.025,3.7626,22,0.8018,17.639,1.98069,9.52409,2803.619,5729.679,10548.809,0.059197,0.82045,81.687,102.541,0.32855,1.23619,0.965899,C,0.0,0.000212
8411.791,0.60633,196.833,3.9565,25,0.8834,22.084,1.92012,11.50083,2619.211,5792.58,10363.029,0.033118,0.865511,82.694,104.57,0.31137,1.23196,0.982993,C,0.0,0.036499
11031.421,0.53309,191.74,1.6141,17,0.6691,11.375,1.92769,4.60987,4188.793,6842.628,6761.02,0.288312,0.682932,85.891,103.144,0.37971,0.61289,0.794638,C,0.0,0.011308
7683.897,0.46401,169.631,4.3968,27,0.6676,18.026,1.96344,9.90842,2878.764,4805.133,12657.397,0.035935,0.720466,81.759,102.366,0.37465,1.64726,0.970986,C,0.0,0.021711
7812.048,0.61408,159.856,3.9817,20,0.7957,15.914,1.981,8.69515,2910.677,4901.371,11589.544,0.073421,0.935143,81.868,103.289,0.37259,1.48355,0.955452,C,-0.0,0.034839
11801.176,0.42968,167.179,4.4041,27,0.6566,17.728,1.96773,9.77899,5682.823,6118.353,25027.534,0.030685,0.800272,81.595,102.771,0.48155,2.12077,0.965611,C,0.0,0.005288
12749.133,0.45267,150.065,3.756,18,0.8096,14.573,1.99987,7.9768,4599.908,8149.225,17277.24,0.083259,0.661182,81.59,100.958,0.3608,1.35517,0.933638,C,-0.0,0.045411
12001.251,0.37444,177.34,1.0695,19,0.8966,17.034,1.9504,5.88081,5734.477,6266.774,6132.896,0.106055,0.620024,82.974,102.074,0.47782,0.51102,0.864662,C,0.0,0.028184
8284.119,0.64792,151.252,2.6418,22,0.6821,15.006,1.99751,7.53157,2056.772,6227.347,5433.51,0.177341,0.803346,82.883,101.961,0.24828,0.65589,0.932044,C,0.0,-0.017924
9906.263,0.6717,171.987,1.508,16,0.7456,11.929,1.95938,4.82449,2494.864,7411.399,3762.286,0.491449,0.732378,87.861,102.559,0.25185,0.37979,0.815736,C,0.0,-0.007138
10947.144,0.61773,165.469,3.0583,19,0.7944,15.095,1.97077,7.71719,2841.042,8106.103,8688.863,0.164345,0.776636,83.292,102.529,0.25952,0.79371,0.930955,C,-0.001,-0.023194
10506.817,0.53167,165.41,2.5295,16,0.8864,14.183,1.97088,6.8962,3914.673,6592.145,9902.144,0.129636,0.770408,82.832,102.485,0.37258,0.94245,0.909153,C,-0.001,0.0356
7684.412,0.38574,173.835,3.3499,25,0.7475,18.689,1.95625,9.65762,3421.733,4262.679,11462.429,0.027441,0.673347,81.806,102.259,0.44528,1.49165,0.968323,C,0.0,0.027193
9734.698,0.62497,185.711,1.4541,27,0.7018,18.949,1.93695,7.42272,2523.607,7211.09,3669.67,0.177999,0.781399,84.225,103.526,0.25924,0.37697,0.926167,C,0.001,-0.043828
7813.827,0.53955,144.307,3.2592,22,0.6531,14.367,2.01164,7.68434,2553.519,5260.308,8322.413,0.104773,0.750602,81.623,101.225,0.32679,1.06509,0.936541,C,0.0,0.012806
8255.668,0.63821,123.952,2.9077,27,0.7094,19.154,2.05805,10.28679,2318.324,5937.344,6741.016,0.058827,0.864441,80.046,100.733,0.28082,0.81653,0.974116,C,0.0,-0.013756
13000.0,0.57145,158.932,1.6842,25,0.7328,18.32,1.98272,7.86792,3867.393,9132.607,6513.54,0.133348,0.756979,82.622,102.065,0.29749,0.50104,0.930581,C,0.0,-0.050836
10969.87,0.54989,183.776,1.9847,16,0.715,11.44,1.93999,5.04124,4051.879,6917.991,8041.784,0.262417,0.718262,85.271,103.021,0.36936,0.73308,0.823733,C,0.0,0.009831
7809.643,0.63089,175.687,2.7723,21,0.8309,17.448,1.95314,8.584,2437.205,5372.439,6756.78,0.093622,0.87462,82.748,103.676,0.31208,0.86518,0.953689,C,-0.001,0.007068
8146.901,0.62633,178.627,1.7691,24,0.807,19.369,1.94828,8.25316,2653.975,5492.926,4695.265,0.101053,0.88012,82.955,103.851,0.32576,0.57633,0.94744,C,0.0,0.022337
11078.305,0.67374,176.589,3.6118,20,0.7526,15.052,1.95164,7.88219,2764.784,8313.521,9985.891,0.17661,0.839068,83.877,103.484,0.24957,0.90139,0.93458,C,0.0,-0.00073
9058.024,0.47719,201.845,3.9334,19,0.6616,12.571,1.91289,6.50113,3600.117,5457.908,14160.556,0.119885,0.712869,84.005,103.775,0.39745,1.56332,0.900148,C,-0.001,0.025028
10982.994,0.56378,145.058,1.6722,20,0.8896,17.793,2.01008,7.77362,3710.609,7272.385,6204.857,0.113082,0.793745,81.766,101.553,0.33785,0.56495,0.932235,C,0.0,-0.029961
8880.724,0.56709,156.761,2.4705,18,0.896,16.127,1.98682,7.8816,2287.895,6592.829,5652.143,0.134835,0.717091,82.553,101.688,0.25762,0.63645,0.938745,C,0.0,0.02311
9717.627,0.37712,209.222,1.6207,23,0.6805,15.651,1.90262,6.22571,4266.778,5450.849,6915.217,0.096364,0.596883,83.932,103.314,0.43908,0.71162,0.887804,C,0.0,0.028595
10411.274,0.4752,141.186,1.8247,18,0.7781,14.006,2.01825,6.35346,4156.598,6254.676,7584.629,0.130384,0.704354,81.82,100.74,0.39924,0.7285,0.890458,C,-0.0,-0.022528
8285.4,0.54074,132.964,3.3026,23,0.8104,18.64,2.0365,10.17617,3004.168,5281.232,9921.66,0.040163,0.825481,80.246,101.048,0.36259,1.19749,0.973069,C,0.0,0.034124
7564.828,0.52726,155.137,3.063,24,0.8558,20.54,1.98992,10.65473,2689.631,4875.196,8238.379,0.033009,0.799942,81.141,102.148,0.35554,1.08904,0.977741,C,0.001,-0.024857
8257.736,0.43797,162.664,3.1799,27,0.7627,20.593,1.97583,10.66843,3505.605,4752.131,11147.349,0.023366,0.743818,81.32,102.171,0.42452,1.34993,0.977351,C,0.0,0.008093
8900.321,0.42191,167.422,2.6557,17,0.691,11.746,1.96731,5.77413,3832.629,5067.692,10178.297,0.125566,0.646027,82.857,101.765,0.43062,1.14359,0.871842,C,0.0,0.02068
10140.647,0.63891,166.679,1.8895,22,0.8706,19.154,1.96862,8.48378,2378.989,7761.658,4495.071,0.140404,0.7917,83.023,102.69,0.2346,0.44327,0.948445,C,0.0,0.036565
9909.726,0.43049,176.704,1.9406,24,0.7781,18.673,1.95145,8.23881,4392.143,5517.582,8523.204,0.054181,0.730045,82.265,102.77,0.44322,0.86008,0.944218,C,0.001,-0.015905
10174.982,0.61336,202.421,2.6233,17,0.834,14.178,1.91208,6.65381,2866.755,7308.226,7520.292,0.213173,0.770338,85.255,104.179,0.28175,0.7391,0.902079,C,0.001,0.007996
10818.406,0.3534,162.192,3.384,26,0.7145,18.578,1.97669,9.77175,5332.049,5486.358,18043.892,0.024029,0.673515,81.31,101.683,0.49287,1.66789,0.966488,C,-0.001,-0.043533
8980.112,0.32357,146.704,3.7278,17,0.694,11.799,2.00668,6.47947,4993.383,3986.729,18614.358,0.058406,0.655685,81.116,100.734,0.55605,2.07284,0.89963,C,0.0,0.012908
12228.492,0.46113,166.261,1.8331,17,0.7243,12.314,1.96936,5.39946,5616.427,6612.065,10295.552,0.161847,0.715344,83.29,102.165,0.45929,0.84193,0.838798,C,0.0,0.02163
13000.0,0.51039,167.477,2.1708,22,0.8741,19.23,1.96721,8.90779,5673.917,7326.083,12316.754,0.056412,0.861982,81.946,103.193,0.43646,0.94744,0.951759,C,0.0,0.041318
10654.753,0.30002,182.12,1.7214,16,0.7771,12.434,1.94263,5.2226,5398.775,5255.978,9293.511,0.097051,0.508509,83.029,101.561,0.5067,0.87224,0.836093,C,0.0,-0.029634
10821.349,0.38352,150.406,2.2361,16,0.6677,10.684,1.99919,5.11413,5304.772,5516.577,11861.946,0.133847,0.623606,82.273,100.728,0.49021,1.09616,0.828917,C,0.0,0.005434
11617.387,0.53228,195.123,1.1183,18,0.8916,16.048,1.92264,5.53831,3690.601,7926.786,4127.136,0.252866,0.662374,85.538,103.156,0.31768,0.35526,0.849083,C,0.0,-0.02171
11572.923,0.60457,177.688,2.384,17,0.6766,11.503,1.94982,5.41102,2666.702,8906.221,6357.421,0.413474,0.661789,87.044,102.366,0.23043,0.54934,0.842408,C,0.0,-0.008974
10380.314,0.49657,182.866,2.3024,20,0.657,13.14,1.94144,6.07796,3586.2,6794.113,8256.951,0.173226,0.667241,84.061,102.643,0.34548,0.79544,0.87948,C,0.001,0.01869
9566.853,0.51606,150.588,2.4611,20,0.6767,13.534,1.99883,6.66517,3614.229,5952.624,8895.074,0.130812,0.749972,82.24,101.572,0.37779,0.92978,0.904238,C,0.0,-0.015691
8778.832,0.47815,162.537,3.547,17,0.8766,14.902,1.97606,7.91746,3039.646,5739.185,10781.606,0.083271,0.687295,82.106,101.791,0.34625,1.22814,0.939701,C,0.001,-0.028996
8574.666,0.57156,226.998,2.5023,19,0.8906,16.922,1.87949,7.62894,3451.905,5122.761,8637.584,0.094106,0.89328,84.443,105.963,0.40257,1.00734,0.933718,C,-0.0,0.031181
11065.676,0.63893,128.58,1.2277,18,0.8674,15.614,2.04676,6.16337,3205.782,7859.893,3935.811,0.263216,0.79217,82.977,100.554,0.28971,0.35568,0.880652,C,0.001,0.007814
11818.41,0.48665,153.441,2.7902,22,0.7054,15.52,1.99321,7.88032,4157.85,7660.56,11601.271,0.092501,0.700585,81.856,101.401,0.35181,0.98163,0.933129,C,0.0,-0.049484
8391.889,0.33658,165.603,3.8258,23,0.8754,20.134,1.97053,10.82675,4302.38,4089.509,16459.951,0.014128,0.675826,81.315,101.871,0.51268,1.96141,0.978481,C,0.0,-0.038534
10327.958,0.67758,160.066,2.4203,21,0.861,18.08,1.98061,8.74361,2222.29,8105.668,5378.615,0.149063,0.82248,82.875,102.556,0.21517,0.52078,0.952663,C,0.0,0.006751
10383.223,0.6319,140.649,1.841,27,0.8971,24.222,2.0194,11.03145,3022.607,7360.616,5564.674,0.046211,0.872406,80.685,101.818,0.2911,0.53593,0.978711,C,0.0,0.03536
9415.497,0.41278,188.877,3.1696,20,0.6629,13.258,1.93204,6.63759,3783.422,5632.075,11991.795,0.098869,0.623652,83.291,102.626,0.40183,1.27362,0.903754,C,0.0,0.010864
9224.535,0.52281,163.401,1.7834,16,0.7445,11.912,1.97449,5.19224,3124.015,6100.52,5571.375,0.244974,0.665094,84.275,101.689,0.33866,0.60397,0.841313,C,0.0,-0.042556
9536.059,0.53466,154.97,3.8373,21,0.8606,18.072,1.99025,9.86703,3159.756,6376.303,12124.82,0.050337,0.774661,81.363,101.972,0.33135,1.27147,0.968804,C,0.0,0.023409
7000.0,0.51736,174.969,2.7422,24,0.7159,17.182,1.95434,8.43657,2331.837,4668.163,6394.373,0.073765,0.73895,82.46,102.746,0.33312,0.91348,0.952504,C,0.0,-0.027005
10431.422,0.34602,167.108,3.9383,16,0.798,12.768,1.96786,6.89307,4516.749,5914.673,17788.102,0.072515,0.554873,82.144,101.148,0.43299,1.70524,0.909256,C,0.0,0.056235
9519.895,0.49955,145.714,3.4236,20,0.7835,15.67,2.00872,8.45921,3631.566,5888.329,12433.194,0.066832,0.766419,81.184,101.41,0.38147,1.30602,0.948964,C,0.0,0.031504
13000.0,0.31172,140.153,2.0078,25,0.7705,19.262,2.02047,9.04329,6571.488,6428.512,13194.121,0.02837,0.601376,80.427,100.0,0.5055,1.01493,0.953994,C,0.0,-0.025947
11341.636,0.32328,161.98,1.5306,24,0.7765,18.637,1.97708,7.68336,6097.995,5243.641,9333.32,0.042492,0.649812,81.546,101.515,0.53766,0.82293,0.929329,C,0.0,0.027237
9430.067,0.32944,175.674,3.2844,22,0.7886,17.349,1.95316,8.90353,3671.641,5758.426,12058.998,0.036861,0.515986,81.999,101.308,0.38935,1.27878,0.956434,C,-0.0,0.033716
10064.625,0.39186,161.232,1.6578,18,0.7703,13.866,1.97845,5.90125,4787.269,5277.355,7936.56,0.104634,0.652412,82.336,101.494,0.47565,0.78856,0.872991,C,0.001,0.003118
13000.0,0.32271,182.094,2.9268,23,0.7751,17.828,1.94267,8.82411,6655.438,6344.562,19479.336,0.031312,0.628385,82.16,102.351,0.51196,1.49841,0.950325,C,0.0,0.007333
12348.781,0.55161,181.195,4.2974,27,0.7586,20.481,1.94411,11.04562,4797.319,7551.462,20615.963,0.031832,0.881818,82.134,103.982,0.38849,1.66947,0.977582,C,0.0,-0.012289
10257.971,0.40666,148.815,3.3982,19,0.707,13.434,2.00238,7.20673,4434.572,5823.398,15069.711,0.076093,0.658391,81.442,100.87,0.43231,1.46907,0.919108,C,0.001,-0.006233
9803.823,0.6476,185.809,1.6431,22,0.8054,17.72,1.93679,7.28168,2470.698,7333.124,4059.596,0.199747,0.798488,84.515,103.643,0.25201,0.41408,0.922268,C,0.001,0.029745
7847.582,0.68531,174.254,3.0706,19,0.815,15.485,1.95554,7.83382,1910.256,5937.326,5865.726,0.169737,0.851191,83.7,103.453,0.24342,0.74746,0.93971,C,0.0,-0.013158
9383.418,0.51085,211.157,2.5307,18,0.8295,14.931,1.9,6.86913,3412.468,5970.951,8635.807,0.124551,0.731621,84.365,104.281,0.36367,0.92033,0.911333,C,-0.001,0.019642
10174.927,0.43197,183.026,3.846,24,0.8063,19.351,1.94118,10.18691,4276.172,5898.755,16446.109,0.029225,0.723931,82.166,103.024,0.42027,1.61634,0.971566,C,0.0,0.000484
8890.788,0.56047,156.175,3.2269,23,0.7542,17.346,1.98793,9.09872,3222.712,5668.076,10399.481,0.061879,0.84396,81.565,102.494,0.36248,1.16969,0.959981,C,0.0,-0.027666
12618.815,0.37121,173.026,3.8275,20,0.8978,17.955,1.95761,9.56269,6224.018,6394.797,23822.377,0.028566,0.704697,81.79,102.427,0.49323,1.88785,0.962043,C,0.0,0.040756
7261.456,0.45533,129.678,2.8805,24,0.8823,21.176,2.04415,11.23884,2708.717,4552.738,7802.375,0.021929,0.713194,79.846,100.102,0.37303,1.07449,0.982035,C,0.001,-0.02612
9789.225,0.60321,159.819,1.7843,18,0.7974,14.353,1.98107,6.288,2819.969,6969.256,5031.614,0.230368,0.754074,83.939,102.092,0.28807,0.514,0.889986,C,0.0,-0.006955
10604.573,0.43121,168.985,3.5453,19,0.6799,12.919,1.96456,6.80449,4903.47,5701.102,17384.037,0.087737,0.72663,82.418,102.375,0.46239,1.6393,0.905919,C,0.001,-0.00957
10563.61,0.43437,178.637,1.3292,18,0.6789,12.221,1.94826,4.65126,4338.51,6225.1,5766.904,0.211158,0.589936,84.409,101.936,0.4107,0.54592,0.800347,C,0.0,-0.006412
12547.096,0.63336,185.944,3.7722,16,0.8478,13.564,1.93658,7.08628,3677.18,8869.915,13871.129,0.19477,0.815188,84.454,103.759,0.29307,1.10553,0.909876,C,0.001,-0.023895
7958.373,0.33706,160.235,2.0015,17,0.7069,12.017,1.9803,5.47517,4024.201,3934.172,8054.525,0.092078,0.587642,82.13,101.015,0.50566,1.01208,0.861864,C,0.0,0.024121
8957.523,0.62293,151.974,2.0653,17,0.858,14.587,1.99608,6.79294,2052.721,6904.802,4239.434,0.244315,0.735488,83.798,101.552,0.22916,0.47328,0.910122,C,0.0,0.000258
9966.28,0.50459,159.492,3.4918,27,0.824,22.248,1.98168,11.82897,3840.464,6125.816,13410.214,0.020826,0.807875,81.159,102.43,0.38535,1.34556,0.984095,C,0.0,0.010121
10237.291,0.57215,138.858,3.3741,16,0.8668,13.869,2.02329,7.53929,3272.338,6964.954,11041.102,0.128801,0.780445,81.693,101.106,0.31965,1.07852,0.928041,C,-0.001,0.022114
9356.363,0.31238,194.054,1.6309,26,0.8662,22.521,1.92422,9.13793,4528.387,4827.976,7385.52,0.025846,0.581139,82.505,102.574,0.48399,0.78936,0.959956,C,0.0,-0.025161
9094.869,0.46575,149.358,2.1082,19,0.7864,14.942,2.00129,7.03112,3613.744,5481.124,7618.411,0.097339,0.70865,81.746,101.232,0.39734,0.83766,0.916959,C,0.001,-0.021513
11504.822,0.33441,145.717,1.848,19,0.7832,14.88,2.00871,6.73455,5752.2,5752.621,10630.053,0.066196,0.602609,81.176,100.329,0.49998,0.92397,0.90103,C,0.001,-0.026294
8504.105,0.49746,204.504,2.845,25,0.7091,17.727,1.90914,8.48188,2944.677,5559.428,8377.6,0.070491,0.723611,83.44,103.957,0.34627,0.98512,0.950933,C,0.0,0.015592
9178.663,0.66813,161.328,4.0203,23,0.6808,15.658,1.97828,8.55431,2042.105,7136.558,8209.835,0.146705,0.817334,82.895,102.587,0.22248,0.89445,0.951148,C,0.0,0.0016
12010.906,0.62381,174.066,1.8906,24,0.7741,18.578,1.95585,8.1513,3282.629,8728.276,6206.269,0.139581,0.80593,83.295,103.145,0.2733,0.51672,0.938847,C,0.001,-0.048843
12424.335,0.52417,176.32,1.1349,18,0.8872,15.97,1.95208,5.67872,4422.889,8001.446,5019.504,0.216443,0.694264,84.393,102.516,0.35599,0.40401,0.853003,C,0.0,0.044407
11506.21,0.34132,156.61,2.9414,19,0.7322,13.912,1.9871,7.12934,5656.749,5849.461,16638.825,0.059846,0.613516,81.556,100.996,0.49163,1.44607,0.913799,C,0.0,0.027882
9164.127,0.42985,169.408,3.1016,22,0.853,18.766,1.96383,9.57723,3684.91,5479.217,11428.942,0.03649,0.694387,81.757,102.183,0.4021,1.24714,0.965865,C,0.0,0.04057
9232.176,0.66961,198.37,1.3233,16,0.7086,11.338,1.91788,4.20562,1896.549,7335.627,2509.728,0.73076,0.653803,91.954,103.239,0.20543,0.27185,0.775813,C,0.0,-0.019715
8592.375,0.5304,152.969,1.33,24,0.6555,15.732,1.99413,6.19798,3207.646,5384.729,4266.132,0.155483,0.75374,82.667,101.727,0.37331,0.4965,0.890566,C,0.0,-0.024359
8256.912,0.44353,132.373,1.4029,19,0.7628,14.494,2.03786,6.02408,3548.811,4708.101,4978.732,0.118756,0.688338,81.255,100.106,0.4298,0.60298,0.884921,C,0.0,-0.019246
9408.818,0.47176,124.243,2.6212,20,0.6796,13.592,2.05733,7.09747,3853.768,5555.05,10101.486,0.094354,0.73358,80.53,99.888,0.40959,1.07362,0.91808,C,0.0,0.011975
11901.392,0.6779,145.514,4.0454,18,0.8463,15.233,2.00913,8.52178,3262.96,8638.432,13199.855,0.132405,0.883942,82.041,102.174,0.27417,1.1091,0.946451,C,0.0,0.048559
10157.69,0.5091,157.548,3.7129,19,0.8175,15.533,1.98533,8.39204,3692.782,6464.908,13711.103,0.07459,0.757301,81.79,101.994,0.36355,1.34982,0.946736,C,0.0,-0.045924
8800.687,0.39543,184.34,2.9144,22,0.8698,19.136,1.9391,9.43476,4055.037,4745.65,11818.069,0.030448,0.707298,82.229,102.974,0.46076,1.34286,0.964521,C,0.0,-0.00086
8850.328,0.42744,190.278,3.6388,23,0.8538,19.637,1.9299,10.12737,3880.942,4969.386,14122.016,0.027181,0.740033,82.393,103.457,0.43851,1.59565,0.972115,C,-0.0,-0.013314
8235.222,0.40773,194.188,3.9288,24,0.8177,19.626,1.92402,10.23766,3483.236,4751.986,13685.071,0.025368,0.688006,82.503,103.285,0.42297,1.66177,0.973684,C,0.0,-0.010545
12377.63,0.61135,194.216,2.0169,24,0.8471,20.33,1.92398,8.89409,3316.292,9061.338,6688.772,0.10871,0.79531,83.604,103.994,0.26793,0.54039,0.952358,C,0.0,-0.022728
7000.0,0.55382,203.442,2.0078,23,0.7194,16.546,1.91063,7.15091,2318.807,4681.193,4655.693,0.124532,0.76646,84.119,104.196,0.33126,0.6651,0.925513,C,0.0,0.02714
10087.926,0.6792,158.801,1.0181,21,0.7558,15.872,1.98297,5.48176,1903.48,8184.446,1938.019,0.52985,0.713939,87.85,101.774,0.18869,0.19211,0.852803,C,0.0,-0.034732
7977.803,0.52293,172.069,4.2126,18,0.7244,13.04,1.95924,7.08741,2679.752,5298.051,11288.653,0.12239,0.725524,82.993,102.518,0.3359,1.41501,0.921384,C,0.0,-0.005478
8818.636,0.65058,122.846,2.2224,22,0.789,17.357,2.06082,8.65622,2719.452,6099.184,6043.83,0.098351,0.896804,80.511,100.874,0.30838,0.68535,0.953382,C,0.0,-0.005223
7697.695,0.6306,160.742,3.278,22,0.7959,17.509,1.97936,9.1603,2114.002,5583.693,6929.673,0.086603,0.83656,82.078,102.684,0.27463,0.90023,0.962284,C,0.0,-0.006664
11457.015,0.41866,191.965,3.7953,17,0.7194,12.23,1.92735,6.35102,4920.561,6536.454,18675.211,0.110186,0.650879,83.547,102.943,0.42948,1.63002,0.886967,C,0.0,-0.023678
9739.491,0.30915,162.374,2.123,19,0.8059,15.313,1.97636,7.09158,4921.945,4817.545,10449.147,0.050724,0.57317,81.67,101.03,0.50536,1.07286,0.917082,C,0.001,0.030637
13000.0,0.63853,185.212,3.0643,26,0.8688,22.588,1.93773,11.26572,3307.334,9692.666,10134.657,0.053046,0.838313,82.558,103.879,0.25441,0.77959,0.978865,C,0.0,-0.038752
8410.478,0.30063,158.438,3.8501,21,0.6999,14.698,1.98365,7.99179,4606.409,3804.069,17735.329,0.031879,0.626072,81.262,101.175,0.5477,2.10872,0.941923,C,0.0,-0.026798
8282.449,0.56618,168.652,2.2982,22,0.7833,17.234,1.96515,8.11245,3049.104,5233.345,7007.345,0.08528,0.846365,82.372,103.148,0.36814,0.84605,0.944549,C,0.0,0.009345
10936.039,0.31441,160.777,3.0855,25,0.7798,19.495,1.97929,10.05216,5757.47,5178.569,17764.689,0.018205,0.643731,81.177,101.413,0.52647,1.62442,0.969516,C,0.0,-0.02012
10743.075,0.59269,178.676,1.6277,19,0.6837,12.99,1.9482,5.36601,3166.763,7576.312,5154.395,0.314244,0.709079,85.771,102.724,0.29477,0.47979,0.843712,C,0.0,-0.026887
9363.377,0.57999,151.93,1.3423,19,0.8832,16.78,1.99617,6.64701,3279.873,6083.505,4402.61,0.158583,0.807187,82.664,102.023,0.35029,0.47019,0.904223,C,-0.001,0.006776
7000.0,0.55673,173.978,2.0937,26,0.8283,21.537,1.956,9.77868,2411.947,4588.053,5049.823,0.047977,0.824187,82.082,103.261,0.34456,0.7214,0.970307,C,0.0,-0.021619
12009.607,0.44983,146.703,2.0211,21,0.7644,16.052,2.00668,7.47936,4608.102,7401.505,9313.287,0.090697,0.673422,81.543,100.851,0.3837,0.77549,0.922636,C,0.0,0.00419
10734.132,0.36059,160.271,1.2627,27,0.7272,19.635,1.98023,7.48614,4926.599,5807.532,6220.792,0.05845,0.616906,81.687,101.21,0.45897,0.57953,0.925605,C,0.001,-0.04039
10744.83,0.34492,180.435,1.377,18,0.7286,13.115,1.94534,5.0556,5272.473,5472.358,7260.234,0.122472,0.559247,83.303,101.818,0.4907,0.6757,0.825767,C,-0.001,-0.023344
9051.241,0.34965,151.539,1.6009,19,0.8915,16.938,1.99694,7.21044,4031.936,5019.306,6454.924,0.061133,0.581407,81.361,100.512,0.44546,0.71315,0.922116,C,-0.001,0.022429
11002.078,0.54764,182.475,3.9715,18,0.7445,13.402,1.94206,7.1061,4251.581,6750.496,16885.215,0.121377,0.816111,83.362,103.607,0.38643,1.53473,0.914352,C,0.001,-0.020192
9525.123,0.32143,188.803,3.6982,23,0.748,17.205,1.93216,8.91963,5059.49,4465.634,18710.871,0.026291,0.655818,82.331,102.835,0.53117,1.96437,0.956553,C,-0.001,-0.001924
9928.974,0.6246,146.06,3.7188,19,0.857,16.282,2.008,8.94552,2765.769,7163.206,10285.445,0.097727,0.828026,81.607,101.836,0.27856,1.0359,0.956416,C,-0.001,0.026042
10430.379,0.47666,153.083,1.8311,25,0.7624,19.059,1.99391,8.50664,4228.704,6201.674,7743.054,0.060651,0.760321,81.42,101.776,0.40542,0.74236,0.948414,C,0.001,0.00635
11903.499,0.57102,151.546,2.779,23,0.849,19.526,1.99693,9.93093,3789.784,8113.715,10531.711,0.058654,0.810336,81.329,102.023,0.31838,0.88476,0.967297,C,0.0,0.01465
9129.789,0.62102,183.735,4.2095,23,0.6615,15.214,1.94006,8.14723,2423.17,6706.619,10200.427,0.13161,0.797846,83.543,103.544,0.26541,1.11727,0.943752,C,0.0,0.019018
9276.462,0.52981,158.95,3.3631,19,0.8958,17.02,1.98269,8.9793,3334.478,5941.984,11214.168,0.062239,0.792197,81.684,102.298,0.35946,1.20888,0.957773,C,0.0,0.005857
11491.445,0.44945,174.172,2.4174,26,0.8842,22.989,1.95568,10.9076,5156.97,6334.475,12466.625,0.022998,0.796634,81.76,103.089,0.44877,1.08486,0.977037,C,0.0,-0.028198
10199.308,0.3576,204.813,2.2003,26,0.767,19.941,1.90871,8.86267,4789.481,5409.826,10538.501,0.034444,0.643694,82.974,103.442,0.46959,1.03326,0.954769,C,0.001,0.03112
9986.898,0.30215,152.887,1.5807,18,0.8271,14.888,1.99429,6.29481,4919.191,5067.707,7775.71,0.067727,0.529708,81.505,100.244,0.49256,0.77859,0.889592,C,-0.0,-0.025758
9498.168,0.51499,186.732,2.5905,17,0.6877,11.691,1.93536,5.56952,3204.09,6294.078,8300.32,0.214073,0.668176,84.737,102.824,0.33734,0.87389,0.859774,C,-0.0,0.000518
12024.681,0.38089,166.398,2.1839,25,0.776,19.399,1.96912,9.01619,5846.448,6178.233,12768.229,0.035408,0.707821,81.627,102.122,0.4862,1.06184,0.954802,C,0.0,-0.013345
9031.296,0.55945,156.291,1.2673,27,0.6653,17.964,1.98771,6.89777,2381.463,6649.833,3018.032,0.184238,0.693825,83.185,101.509,0.26369,0.33417,0.913162,C,0.0,-0.017814
10665.347,0.51544,135.744,3.063,26,0.8463,22.004,2.03018,11.74674,4113.981,6551.365,12601.054,0.022332,0.825089,80.143,101.215,0.38573,1.1815,0.983287,C,0.001,0.013838
13000.0,0.4935,145.083,2.2137,26,0.6935,18.031,2.01002,8.67116,4964.658,8035.342,10990.068,0.067721,0.756564,81.168,101.309,0.3819,0.84539,0.947594,C,0.0,0.037911
10992.643,0.56173,217.372,2.7784,17,0.7456,12.676,1.89175,5.94206,3578.082,7414.561,9941.343,0.222082,0.72564,85.844,104.488,0.3255,0.90436,0.871314,C,0.0,-0.032298
8834.318,0.52172,173.077,3.3469,25,0.7038,17.596,1.95753,9.09979,3148.929,5685.389,10539.143,0.058451,0.778309,82.187,102.915,0.35644,1.19298,0.960066,C,0.0,-0.007089
8426.841,0.33411,151.34,1.7808,19,0.8371,15.904,1.99733,7.04602,4459.674,3967.167,7941.965,0.051078,0.652273,81.22,100.969,0.52922,0.94246,0.919093,C,0.0,0.024697
10568.745,0.56988,199.05,2.1516,24,0.8641,20.738,1.9169,9.21247,3422.115,7146.63,7363.013,0.07121,0.808669,83.271,104.29,0.3238,0.69668,0.95954,C,0.0,-0.030544
8139.226,0.56747,184.244,3.8062,20,0.7313,14.625,1.93925,7.67093,2647.905,5491.321,10078.55,0.112376,0.786919,83.307,103.495,0.32533,1.23827,0.935576,C,-0.0,-0.019224
7905.45,0.39936,187.897,3.4531,26,0.8882,23.094,1.93355,11.80803,3517.255,4388.195,12145.606,0.013491,0.708638,82.13,103.144,0.44492,1.53636,0.98497,C,0.0,0.027496
8721.272,0.68569,181.073,1.5311,24,0.6842,16.421,1.94431,6.6046,2066.918,6654.354,3164.575,0.275727,0.813034,85.349,103.522,0.237,0.36286,0.9047,C,0.0,-0.032152
8405.926,0.53053,133.777,1.7537,18,0.7553,13.595,2.03463,6.14982,2886.563,5519.363,5062.27,0.170937,0.718586,82.011,100.392,0.3434,0.60223,0.889356,C,0.0,0.038521
11790.281,0.33618,136.264,3.5159,25,0.7841,19.602,2.02902,10.79814,5343.321,6446.96,18786.403,0.017851,0.60001,80.108,99.761,0.4532,1.59338,0.975936,C,0.0,0.032574
8243.077,0.31649,165.103,2.623,24,0.887,21.289,1.97143,10.46152,4403.958,3839.12,11551.372,0.014418,0.663,81.299,101.761,0.53426,1.40134,0.975661,C,-0.001,0.018613
12145.552,0.38683,175.082,2.4518,23,0.6927,15.933,1.95415,7.58207,5841.098,6304.454,14321.328,0.060261,0.689403,82.286,102.425,0.48092,1.17914,0.925081,C,0.0,-0.036027
9209.497,0.42317,170.013,2.274,23,0.7496,17.241,1.96278,8.07537,3941.988,5267.51,8963.979,0.057165,0.697068,82.053,102.23,0.42804,0.97334,0.942178,C,-0.001,0.026441
10129.571,0.51923,186.999,3.3888,21,0.8157,17.131,1.93494,8.73104,3620.039,6509.532,12267.664,0.068671,0.769787,82.827,103.507,0.35737,1.21107,0.952735,C,0.0,0.032342
10971.829,0.59375,145.252,1.6726,23,0.6561,15.09,2.00967,6.59133,3489.877,7481.952,5837.011,0.191272,0.781483,82.806,101.483,0.31808,0.532,0.897534,C,0.0,-0.01058
10833.414,0.49929,192.063,3.8524,22,0.6519,14.342,1.9272,7.47017,4038.032,6795.382,15556.115,0.100505,0.736268,83.423,103.51,0.37274,1.43594,0.92497,C,0.0,-0.049444
11015.141,0.3633,124.925,2.807,18,0.6534,11.761,2.05564,6.24849,5016.998,5998.143,14082.866,0.092267,0.589995,80.537,98.985,0.45546,1.2785,0.884325,C,0.0,0.022992
8821.653,0.55883,173.046,1.0229,27,0.8885,23.99,1.95758,8.14818,3539.104,5282.548,3620.098,0.077582,0.881256,82.438,103.593,0.40118,0.41037,0.944304,C,0.001,-0.043541
7000.0,0.61251,180.177,2.9904,21,0.6883,14.455,1.94576,7.21077,2088.759,4911.241,6246.269,0.14973,0.809336,83.654,103.456,0.29839,0.89232,0.927057,C,0.0,-0.024031
9735.949,0.52835,171.193,1.9942,25,0.8799,21.996,1.96074,9.8643,3493.821,6242.129,6967.488,0.046253,0.798181,81.954,102.955,0.35886,0.71565,0.968585,C,-0.001,0.040184
7422.272,0.40083,171.762,2.3456,18,0.827,14.886,1.95977,7.02181,3118.465,4303.807,7314.553,0.075381,0.636637,82.36,101.916,0.42015,0.98549,0.920985,C,0.0,0.033499
8874.185,0.56826,172.97,2.4674,20,0.7901,15.803,1.95771,7.55429,3214.236,5659.949,7930.685,0.107747,0.829787,82.833,103.25,0.3622,0.89368,0.931324,C,0.0,-0.032019
11244.119,0.34379,170.777,3.5834,25,0.8614,21.535,1.96146,11.34238,5746.049,5498.071,20590.42,0.013173,0.689312,81.502,102.216,0.51103,1.83122,0.980419,C,-0.001,0.03665
9597.429,0.64421,142.835,1.2586,22,0.8512,18.725,2.01474,7.30927,3057.539,6539.89,3848.092,0.154705,0.873068,82.216,101.949,0.31858,0.40095,0.923495,C,0.0,-0.025517
9018.576,0.63134,160.099,3.2879,27,0.7101,19.173,1.98055,10.04664,2234.837,6783.74,7347.858,0.073461,0.815134,81.879,102.509,0.2478,0.81475,0.971166,C,-0.001,-0.04271
8141.281,0.43998,164.177,3.6681,16,0.7218,11.549,1.97309,6.16714,3587.304,4553.977,13158.707,0.108896,0.700777,82.509,101.964,0.44063,1.61629,0.890942,C,0.0,0.035418
9440.415,0.57851,167.608,3.0623,27,0.8957,24.184,1.96698,12.33309,3271.594,6168.822,10018.528,0.021904,0.8737,81.495,103.277,0.34655,1.06124,0.986879,C,-0.001,0.013705
10111.348,0.59493,157.956,1.9221,16,0.7701,12.322,1.98456,5.55506,3180.081,6931.267,6112.421,0.271581,0.743285,84.407,101.923,0.31451,0.60451,0.856431,C,0.0,-0.012105
7426.347,0.37937,142.988,3.6586,17,0.7747,13.171,2.01441,7.24379,3444.148,3982.199,12600.869,0.059811,0.655747,80.97,100.524,0.46377,1.69678,0.926882,C,0.0,0.020278
10308.391,0.57765,184.671,2.0317,19,0.7837,14.89,1.93858,6.60545,3359.859,6948.532,6826.075,0.177209,0.771279,84.178,103.412,0.32593,0.66219,0.900011,C,0.0,-0.012005
8815.534,0.51468,132.048,3.8724,26,0.7055,18.344,2.03861,10.3843,3288.103,5527.431,12732.751,0.03513,0.799952,80.135,100.823,0.37299,1.44435,0.974541,C,0.0,-0.011503
10581.215,0.35428,161.103,1.6216,22,0.8324,18.313,1.97869,7.73039,4619.055,5962.16,7490.482,0.055182,0.586003,81.678,101.049,0.43653,0.7079,0.932007,C,0.0,-0.019489
9150.044,0.40253,197.3,1.0067,21,0.6947,14.59,1.91944,4.77235,3896.277,5253.767,3922.39,0.173357,0.572486,84.561,102.656,0.42582,0.42867,0.816612,C,0.0,0.012265
11398.878,0.52008,196.836,1.2997,23,0.8223,18.913,1.92012,6.97311,4837.422,6561.456,6286.999,0.111234,0.821499,83.726,104.28,0.42438,0.55155,0.909235,C,0.0,0.013129
11157.143,0.40687,132.552,3.184,24,0.8475,20.341,2.03744,11.01642,5363.686,5793.457,17078.195,0.018528,0.766403,79.941,100.633,0.48074,1.5307,0.978108,C,0.0,0.005573
9905.368,0.55914,177.145,1.1829,20,0.6562,13.124,1.95072,4.75214,3181.941,6723.427,3763.814,0.328944,0.668078,85.909,102.382,0.32123,0.37998,0.811016,C,0.0,0.0334
9709.935,0.66448,148.563,1.2069,27,0.6697,18.081,2.00289,6.86822,2525.891,7184.044,3048.477,0.228823,0.817659,83.447,101.907,0.26013,0.31395,0.910419,C,0.0,-0.02258
10658.116,0.60487,164.859,2.5557,22,0.8547,18.803,1.97186,9.17646,3551.627,7106.488,9076.763,0.074568,0.869895,82.083,103.114,0.33323,0.85163,0.958919,C,0.001,0.038524
11804.85,0.5948,182.996,2.5214,25,0.6761,16.903,1.94123,8.02819,3044.44,8760.41,7676.114,0.14639,0.750628,83.711,103.199,0.2579,0.65025,0.936527,C,0.0,0.040171
12062.462,0.59042,185.261,2.2135,18,0.8927,16.069,1.93765,7.32162,3629.283,8433.179,8033.523,0.160671,0.775363,83.98,103.465,0.30087,0.66599,0.918123,C,0.0,0.023316
10184.406,0.57027,131.029,2.0766,18,0.7735,13.923,2.04098,6.70434,3495.007,6689.399,7257.583,0.159914,0.784675,81.733,100.659,0.34317,0.71262,0.903769,C,0.0,-0.0435
10446.9,0.38427,155.033,2.6117,18,0.879,15.822,1.99012,7.87362,4261.107,6185.793,11128.876,0.060684,0.60718,81.502,100.87,0.40788,1.06528,0.935588,C,0.0,-0.040548
12186.925,0.55303,183.476,1.2533,26,0.8802,22.886,1.94047,8.43872,4615.901,7571.024,5785.169,0.081147,0.840728,82.867,103.815,0.37876,0.4747,0.944424,C,0.0,-0.003251
7457.199,0.58099,175.677,3.234,25,0.6848,17.12,1.95315,8.75426,2304.612,5152.587,7453.186,0.081099,0.804582,82.583,103.213,0.30905,0.99946,0.956862,C,-0.0,-0.022435
11269.645,0.65114,202.272,2.8042,18,0.8903,16.025,1.91229,7.65824,2369.184,8900.462,6643.587,0.220368,0.765811,85.346,104.142,0.21023,0.58951,0.928853,C,-0.001,-0.047399
8391.037,0.69175,186.916,1.15,18,0.76,13.68,1.93507,4.83034,1664.213,6726.824,1913.867,0.612132,0.711452,89.998,103.118,0.19833,0.22808,0.824496,C,0.0,-0.030576
11966.1,0.46503,195.459,4.0044,24,0.7251,17.402,1.92214,9.09893,4985.01,6981.09,19961.999,0.048932,0.762156,82.857,103.829,0.41659,1.66821,0.956165,C,0.0,-0.010656
9251.311,0.69756,191.718,2.7924,17,0.6968,11.846,1.92772,5.725,1953.02,7298.291,5453.616,0.435506,0.767684,87.833,103.703,0.21111,0.5895,0.8682,C,0.0,0.011345
9676.151,0.50099,175.025,2.6685,21,0.8984,18.867,1.95424,9.19517,3603.879,6072.273,9617.07,0.053312,0.766684,82.192,102.932,0.37245,0.99389,0.960366,C,-0.001,0.01034
8321.178,0.37953,139.782,4.2323,25,0.8249,20.623,2.02128,11.73934,4344.752,3976.426,18388.09,0.01134,0.781821,80.185,101.169,0.52213,2.20979,0.984399,C,0.0,0.013847
10080.972,0.69953,207.984,3.6714,25,0.8574,21.436,1.90432,10.85165,2398.932,7682.04,8807.482,0.066048,0.897349,83.492,105.246,0.23797,0.87367,0.977532,C,0.0,0.02677
11039.142,0.33475,166.91,2.8762,25,0.6693,16.732,1.96821,8.40663,5665.423,5373.719,16294.671,0.035475,0.650267,81.647,101.768,0.51321,1.47608,0.945613,C,0.0,0.019771
13000.0,0.53038,161.603,1.7734,22,0.6664,14.66,1.97777,6.39297,4361.969,8638.031,7735.527,0.183876,0.705356,83.397,101.862,0.33554,0.59504,0.883674,C,0.0,-0.008406
7951.523,0.5775,164.73,1.1804,18,0.7258,13.064,1.97209,4.80294,3106.935,4844.588,3667.533,0.258266,0.782238,84.503,102.529,0.39073,0.46124,0.825259,C,0.0,-0.03197
9787.921,0.60499,157.3,2.1111,22,0.8009,17.621,1.98579,8.20266,3243.646,6544.274,6847.646,0.102755,0.853919,82.151,102.619,0.33139,0.6996,0.943714,C,0.001,0.013571
13000.0,0.69714,167.347,3.898,21,0.8549,17.952,1.96744,9.66858,3153.56,9846.44,12292.459,0.106227,0.886394,82.598,103.348,0.24258,0.94557,0.963036,C,0.0,0.001445
11386.009,0.55966,133.366,1.8267,25,0.6956,17.39,2.03557,7.98755,3465.867,7920.142,6331.255,0.116962,0.753387,81.279,100.597,0.3044,0.55606,0.936385,C,0.0,-0.01296
9958.164,0.60988,186.714,1.2151,20,0.799,15.979,1.93538,5.78801,2197.333,7760.831,2670.019,0.364072,0.679477,86.716,102.898,0.22066,0.26812,0.868278,C,0.0,-0.008525
10445.371,0.55738,148.216,3.3214,19,0.7956,15.116,2.00359,8.07396,3629.624,6815.747,12055.497,0.096319,0.802916,81.683,101.791,0.34749,1.15415,0.939952,C,0.0,-0.033184
7033.389,0.6867,177.044,1.3152,16,0.7363,11.781,1.95088,4.47245,1833.089,5200.3,2410.88,0.501696,0.75191,88.185,102.93,0.26063,0.34278,0.809588,C,0.0,0.017234
12395.381,0.48325,150.33,2.959,21,0.6831,14.346,1.99934,7.42867,4560.565,7834.816,13494.544,0.104561,0.703677,81.883,101.253,0.36792,1.08868,0.920392,C,0.0,0.030813
10136.055,0.41939,181.764,3.4268,26,0.8535,22.191,1.9432,11.41204,4437.485,5698.569,15206.421,0.017719,0.732163,81.969,103.02,0.43779,1.50023,0.981503,C,0.001,0.050935
7781.636,0.41866,188.816,2.2243,16,0.8088,12.94,1.93214,5.87956,2909.184,4872.453,6470.905,0.133519,0.588913,83.746,102.394,0.37385,0.83156,0.880772,C,-0.001,-0.022524
11892.597,0.51597,177.604,3.9001,20,0.6901,13.801,1.94996,7.33558,4189.821,7702.777,16340.727,0.118756,0.732024,83.151,102.826,0.3523,1.37403,0.918913,C,-0.001,0.039261
9108.236,0.38565,171.89,1.9939,27,0.7059,19.058,1.95955,8.53831,4311.017,4797.22,8595.565,0.039942,0.696326,81.898,102.317,0.47331,0.94371,0.95098,C,-0.001,-0.028441
8925.972,0.36843,173.136,1.2659,18,0.766,13.789,1.95743,5.17375,4481.312,4444.659,5672.679,0.116134,0.622816,82.95,101.892,0.50205,0.63553,0.841748,C,0.001,-0.041564
10861.835,0.54017,161.596,2.3588,19,0.727,13.812,1.97779,6.61522,4060.668,6801.167,9578.171,0.146348,0.775299,82.901,102.324,0.37385,0.88182,0.898713,C,-0.0,0.028798
11155.179,0.6338,167.001,1.0693,24,0.7071,16.969,1.96805,5.93692,3173.595,7981.584,3393.596,0.288565,0.771074,84.992,102.569,0.2845,0.30422,0.870472,C,0.0,-0.027892
9793.332,0.38115,211.06,1.8846,18,0.8059,14.506,1.90013,6.08347,4472.936,5320.396,8429.489,0.098634,0.618665,84.02,103.532,0.45673,0.86074,0.881807,C,0.0,0.002131
9868.435,0.31097,145.239,2.9414,22,0.6699,14.738,2.0097,7.67701,4914.353,4954.082,14455.278,0.04235,0.577432,80.84,100.135,0.49799,1.4648,0.932181,C,-0.0,0.018905
8017.489,0.40375,155.677,2.881,26,0.8713,22.654,1.98889,11.56301,3662.499,4354.99,10551.834,0.014526,0.73109,80.92,101.723,0.45681,1.3161,0.983565,C,0.0,-0.029916
7824.478,0.32062,150.516,1.7577,24,0.8198,19.674,1.99897,8.68549,3995.663,3828.814,7023.125,0.028076,0.625921,80.881,100.75,0.51066,0.89758,0.955284,C,0.001,-0.033186
11958.278,0.52915,166.925,3.0394,25,0.7182,17.955,1.96818,9.14793,4621.242,7337.036,14045.735,0.058988,0.825279,81.958,102.923,0.38645,1.17456,0.95692,C,0.0,0.023248
11971.528,0.35763,174.162,3.3505,24,0.6529,15.671,1.95569,8.09492,5809.475,6162.053,19464.526,0.045915,0.651513,82.062,102.131,0.48527,1.6259,0.937698,C,0.0,-0.022122
10612.722,0.4711,167.92,2.7271,20,0.8411,16.821,1.96643,8.32301,4230.46,6382.261,11536.835,0.065364,0.740033,82.081,102.41,0.39862,1.08708,0.944692,C,0.001,0.049792
11103.868,0.60864,189.34,1.1643,23,0.7553,17.371,1.93133,6.15086,3620.342,7483.526,4215.243,0.22402,0.794715,84.959,103.776,0.32604,0.37962,0.879995,C,0.0,-0.04116
9329.973,0.40043,149.242,2.3806,22,0.8369,18.411,2.00152,8.99655,4157.988,5171.985,9898.707,0.037774,0.691979,80.954,101.115,0.44566,1.06096,0.957959,C,0.0,0.032241
9844.666,0.63549,168.275,3.9787,20,0.8861,17.722,1.96581,9.57243,2484.43,7360.236,9884.894,0.087905,0.820324,82.392,102.958,0.25236,1.00409,0.965091,C,0.0,0.014741
9113.938,0.42842,174.9,2.8356,21,0.7795,16.369,1.95445,8.10927,3895.477,5218.46,11045.955,0.057106,0.705599,82.237,102.523,0.42742,1.21198,0.943027,C,0.001,-0.001949
12455.762,0.36111,148.481,1.8031,17,0.7173,12.194,2.00306,5.44895,5902.377,6553.386,10642.462,0.121507,0.576918,82.027,100.314,0.47387,0.85442,0.840554,C,-0.001,-0.046251
9153.121,0.46813,165.614,2.8576,17,0.822,13.974,1.97051,7.02163,3570.366,5582.754,10202.677,0.10017,0.703457,82.451,102.054,0.39007,1.11467,0.916533,C,0.001,-0.020409
10568.57,0.67093,160.808,3.127,19,0.8616,16.371,1.97924,8.46858,2960.043,7608.528,9256.142,0.125745,0.883027,82.597,102.994,0.28008,0.87582,0.947508,C,-0.001,0.024409
10572.827,0.68049,153.422,3.2576,17,0.8922,15.167,1.99324,8.0043,2623.652,7949.175,8546.899,0.169367,0.849191,82.869,102.381,0.24815,0.80838,0.938238,C,-0.0,-0.02489
7793.029,0.54325,151.497,1.6851,24,0.7556,18.134,1.99702,7.87162,2463.519,5329.511,4151.362,0.102068,0.747184,81.9,101.604,0.31612,0.5327,0.940607,C,-0.001,-0.0088
12689.009,0.55023,189.295,3.1294,22,0.8799,19.357,1.9314,9.65624,4204.831,8484.178,13158.546,0.061113,0.792636,82.807,103.76,0.33138,1.037,0.963194,C,0.0,0.038672
9435.223,0.45163,151.523,2.9995,22,0.8079,17.773,1.99697,9.21911,3858.426,5576.797,11573.161,0.043089,0.734286,81.122,101.52,0.40894,1.22659,0.960984,C,0.0,0.010084
9032.769,0.48857,185.887,3.7276,21,0.8835,18.554,1.93667,9.6696,3542.121,5490.649,13203.544,0.04101,0.777305,82.423,103.507,0.39214,1.46174,0.967084,C,-0.001,-0.031353
10552.257,0.42148,189.988,1.2882,18,0.8341,15.014,1.93034,5.5591,4642.624,5909.633,5980.625,0.139154,0.643276,83.861,102.805,0.43997,0.56676,0.854743,C,0.0,0.000503
8774.606,0.6546,182.668,2.0101,19,0.6573,12.488,1.94175,5.53406,2222.955,6551.652,4468.329,0.358767,0.754973,86.503,103.212,0.25334,0.50923,0.861152,C,-0.001,0.013826
9952.078,0.48888,182.986,3.6582,21,0.8411,17.663,1.94125,9.20096,3912.863,6039.214,14314.177,0.049594,0.773504,82.433,103.349,0.39317,1.43831,0.960116,C,0.001,-0.038821
9039.341,0.52511,138.242,1.3674,21,0.7123,14.959,2.02464,6.09474,3622.031,5417.31,4952.796,0.150771,0.775397,81.955,101.036,0.4007,0.54792,0.884952,C,0.0,-0.014805
10713.456,0.36178,163.757,3.3079,20,0.8491,16.981,1.97385,8.86667,5249.95,5463.506,17366.368,0.033857,0.676876,81.502,101.785,0.49003,1.62099,0.95414,C,0.0,0.050467
10006.861,0.64967,176.723,2.9134,16,0.8683,13.893,1.95141,6.91484,2592.765,7414.096,7553.656,0.222967,0.798891,84.494,103.225,0.2591,0.75485,0.911077,C,0.0,0.001785
7963.88,0.43554,179.535,2.0208,17,0.6627,11.267,1.9468,5.02093,3536.335,4427.545,7146.083,0.158866,0.656526,83.751,102.418,0.44405,0.89731,0.838032,C,0.0,-0.01351
12157.027,0.6812,198.889,2.4398,17,0.717,12.189,1.91713,5.62688,3243.151,8913.876,7912.646,0.37937,0.791016,87.333,104.166,0.26677,0.65087,0.851431,C,0.0,-0.00594
10260.653,0.56097,184.218,2.1286,22,0.7914,17.41,1.9393,7.8456,3855.81,6404.844,8207.589,0.096567,0.840549,83.097,103.848,0.37579,0.79991,0.935312,C,-0.001,-0.01071
8186.276,0.38421,156.482,1.0352,26,0.7133,18.545,1.98735,6.47857,3827.086,4359.19,3961.955,0.080487,0.650858,81.824,101.236,0.4675,0.48398,0.902065,C,0.0,0.004746
11093.899,0.61446,159.535,1.9721,21,0.8695,18.258,1.9816,8.28558,3600.33,7493.569,7100.1,0.107604,0.857987,82.307,102.763,0.32453,0.64,0.943168,C,-0.0,-0.037515
10800.994,0.33461,144.838,3.2392,24,0.7757,18.617,2.01053,9.93522,4946.381,5854.613,16022.092,0.023112,0.597789,80.568,100.247,0.45796,1.48339,0.968368,C,0.0,-0.023406
13000.0,0.44547,171.978,2.6068,25,0.8965,22.412,1.9594,10.89542,5204.38,7795.62,13567.005,0.026772,0.724993,81.727,102.51,0.40034,1.04362,0.97594,C,0.0,0.008408
8794.53,0.688,166.519,2.6419,20,0.6691,13.382,1.9689,6.57658,2179.464,6615.066,5758.025,0.267788,0.826444,84.699,102.911,0.24782,0.65473,0.903541,C,0.0,0.020729
11268.558,0.52784,197.613,2.6787,19,0.8187,15.555,1.91898,7.38279,4150.863,7117.695,11119.03,0.112265,0.770191,83.765,103.975,0.36836,0.98673,0.921655,C,0.0,0.01439
9755.185,0.47877,157.242,3.283,18,0.7592,13.666,1.9859,7.18702,3584.217,6170.968,11766.876,0.104549,0.69613,82.173,101.575,0.36742,1.20622,0.919768,C,0.0,-0.032335
10947.809,0.52938,141.956,2.9897,23,0.8932,20.543,2.0166,10.79741,3537.605,7410.204,10576.492,0.038488,0.763732,80.642,101.177,0.32313,0.96608,0.976507,C,0.0,-0.014134
10289.565,0.38679,158.934,2.9822,21,0.714,14.993,1.98272,7.68534,5212.117,5077.448,15543.714,0.05229,0.730166,81.552,101.888,0.50654,1.51063,0.931521,C,0.0,-0.020648
10394.486,0.51021,216.418,3.017,21,0.8711,18.294,1.893,8.7681,3394.408,7000.078,10240.852,0.073472,0.721994,83.854,104.426,0.32656,0.98522,0.952975,C,0.0,-0.037558
10751.548,0.62157,174.288,2.6001,17,0.8717,14.818,1.95548,7.17721,3002.322,7749.226,7806.391,0.184597,0.790862,83.897,103.056,0.27925,0.72607,0.917067,C,0.0,0.051683
8104.785,0.38668,144.776,2.1981,17,0.8902,15.133,2.01066,7.26478,3257.761,4847.024,7161.037,0.071365,0.598612,81.202,100.249,0.40196,0.88356,0.925816,C,0.0,-0.018581
7061.723,0.50933,200.612,2.4355,20,0.7689,15.377,1.91465,7.08088,2729.767,4331.956,6648.399,0.100784,0.766774,83.713,104.079,0.38656,0.94147,0.923509,C,0.0,-0.000692
10093.497,0.55478,154.598,3.8059,20,0.8529,17.058,1.99096,9.30201,3532.409,6561.088,13443.994,0.061288,0.820476,81.492,102.255,0.34997,1.33195,0.961338,C,0.0,-0.039255
9400.265,0.65265,176.098,3.1831,19,0.6633,12.602,1.95245,6.41613,2018.017,7382.248,6423.479,0.316038,0.744665,85.7,102.838,0.21468,0.68333,0.896045,C,0.0,0.011189
10709.565,0.39947,158.093,2.2698,27,0.8316,22.454,1.9843,10.68133,5164.099,5545.466,11721.449,0.020129,0.75273,81.093,101.993,0.4822,1.09448,0.975703,C,0.0,-0.03684
11141.917,0.46574,173.535,2.8529,22,0.7307,16.074,1.95675,7.98987,4573.337,6568.58,13047.28,0.071616,0.740139,82.378,102.685,0.41046,1.17101,0.936883,C,-0.0,0.050088
9664.382,0.48729,176.497,1.9973,20,0.6556,13.112,1.95179,5.8432,3235.18,6429.202,6461.653,0.186415,0.638685,84.003,102.157,0.33475,0.6686,0.871938,C,0.0,0.035746
11854.403,0.56221,147.895,3.0152,27,0.7941,21.44,2.00424,11.1939,3993.519,7860.884,12041.099,0.035029,0.830025,80.86,101.952,0.33688,1.01575,0.97901,C,0.0,0.044691
9761.607,0.63061,171.645,4.3506,19,0.753,14.306,1.95997,7.82775,2464.048,7297.56,10719.982,0.160203,0.789439,83.476,102.919,0.25242,1.09818,0.935873,C,-0.001,0.04064
10367.46,0.46777,135.024,1.3412,22,0.7106,15.634,2.0318,6.34913,3900.898,6466.562,5231.809,0.136211,0.667774,81.612,100.133,0.37626,0.50464,0.890434,C,0.0,0.039574
11779.296,0.50623,200.95,2.9327,23,0.8818,20.282,1.91417,9.82001,4676.929,7102.366,13715.965,0.043194,0.811149,82.964,104.386,0.39705,1.16441,0.966122,C,0.001,-0.059336
11074.926,0.3156,151.238,2.6573,19,0.6857,13.028,1.99754,6.54939,5941.699,5133.227,15789.121,0.061352,0.6099,81.351,100.683,0.5365,1.42566,0.895707,C,0.0,-0.043619
10548.574,0.69555,152.627,2.4052,16,0.7255,11.607,1.9948,5.66149,2716.696,7831.878,6534.089,0.378449,0.805546,85.596,102.05,0.25754,0.61943,0.859872,C,0.0,-0.008234
10330.143,0.66382,140.659,2.6305,16,0.8069,12.91,2.01938,6.57402,2607.227,7722.916,6858.211,0.266063,0.798096,83.587,101.328,0.25239,0.6639,0.89884,C,0.0,0.040521
9225.556,0.36334,148.712,2.305,26,0.6508,16.922,2.00259,8.19557,4834.208,4391.348,11142.724,0.038461,0.720988,80.941,101.278,0.524,1.20781,0.944533,C,0.0,-0.024169
9417.601,0.32654,171.808,3.9574,18,0.7283,13.109,1.95969,7.04067,5262.215,4155.386,20824.677,0.048848,0.67819,82.012,102.193,0.55876,2.21125,0.916413,C,0.0,0.033521
10248.257,0.33364,149.335,2.5676,24,0.8215,19.717,2.00133,9.84544,5368.098,4880.159,13783.27,0.020455,0.678133,80.73,101.029,0.52381,1.34494,0.967887,C,0.0,0.027158
11479.57,0.65756,181.794,3.8048,22,0.6584,14.486,1.94315,7.62018,3154.189,8325.381,12000.977,0.173597,0.840913,84.027,103.74,0.27477,1.04542,0.927461,C,0.0,0.027189
9408.511,0.63995,178.584,4.0684,19,0.8717,16.562,1.94835,8.86699,2871.118,6537.392,11680.77,0.092476,0.88039,82.84,103.851,0.30516,1.24151,0.955902,C,0.001,0.012563
11501.069,0.49613,182.499,3.8844,18,0.8505,15.309,1.94202,8.08066,4295.961,7205.108,16687.363,0.082058,0.743023,82.844,103.126,0.37353,1.45094,0.93822,C,0.0,-0.053566
13000.0,0.40824,201.709,1.2751,18,0.6786,12.215,1.91309,4.44101,6145.808,6854.192,7836.655,0.198913,0.59594,85.044,102.998,0.47275,0.60282,0.769655,C,0.0,-0.048287
13000.0,0.58072,154.629,1.8622,17,0.6783,11.532,1.9909,5.16627,4916.921,8083.079,9156.078,0.274379,0.767059,84.306,101.904,0.37822,0.70431,0.821295,C,0.0,0.061638
10185.253,0.3128,171.018,2.7428,25,0.8131,20.328,1.96104,10.0327,5217.482,4967.771,14310.392,0.018331,0.622064,81.579,101.784,0.51226,1.40501,0.96998,C,0.0,0.033977
11768.094,0.4488,144.285,1.8151,17,0.6512,11.07,2.01169,4.98904,5114.556,6653.538,9283.426,0.189691,0.647974,82.743,100.547,0.43461,0.78886,0.816305,C,0.0,0.015713
11154.916,0.68209,165.938,3.8359,18,0.8933,16.08,1.96993,8.64772,2703.392,8451.525,10370.047,0.14116,0.855117,83.005,103.071,0.24235,0.92964,0.949845,C,-0.001,0.003136
11407.099,0.33125,172.052,2.8694,18,0.7609,13.696,1.95927,6.83113,5530.95,5876.149,15870.391,0.065182,0.581678,82.237,101.568,0.48487,1.39127,0.904588,C,0.0,0.056563
11809.718,0.45638,178.943,3.0296,21,0.8848,18.582,1.94776,9.31369,4845.302,6964.416,14679.098,0.045029,0.742565,82.227,102.958,0.41028,1.24297,0.959519,C,0.0,0.00843
10866.894,0.30612,155.27,2.0689,20,0.8752,17.504,1.98967,8.11846,5606.91,5259.984,11600.33,0.035514,0.594582,81.18,100.8,0.51596,1.06749,0.940142,C,0.0,-0.042017
11121.186,0.65304,170.345,3.7257,19,0.6638,12.612,1.9622,6.70263,3094.055,8027.132,11527.457,0.232332,0.815197,84.378,103.026,0.27821,1.03653,0.90102,C,-0.001,0.037394
10351.831,0.51104,163.199,2.8075,25,0.8856,22.139,1.97486,11.10887,4224.568,6127.263,11860.628,0.025922,0.84552,81.375,102.869,0.4081,1.14575,0.9793,C,0.0,-0.032949
9537.82,0.63125,180.699,2.0221,24,0.7319,17.565,1.94491,7.8183,2330.958,7206.862,4713.324,0.165061,0.782028,83.875,103.3,0.24439,0.49417,0.936096,C,0.0,0.03074
10640.054,0.49807,120.0,3.8203,24,0.7113,17.071,2.06808,9.8309,4042.333,6597.721,15442.989,0.042809,0.777009,79.629,99.893,0.37992,1.4514,0.967346,C,0.0,-0.045134
11296.809,0.3453,148.986,3.0478,17,0.6843,11.633,2.00204,6.08041,5466.749,5830.059,16661.354,0.088259,0.586325,81.61,100.404,0.48392,1.47487,0.87631,C,0.001,-0.010995
11823.033,0.37054,190.342,3.9125,27,0.7601,20.522,1.92981,10.74516,5678.678,6144.356,22217.901,0.01893,0.695508,82.287,103.166,0.48031,1.8792,0.975463,C,-0.001,-0.03948
11272.07,0.43975,138.934,2.8366,27,0.6829,18.438,2.02312,9.60594,4448.7,6823.369,12619.266,0.040097,0.700315,80.526,100.582,0.39467,1.11952,0.964014,C,0.001,0.005597
11206.272,0.32579,161.337,3.1183,19,0.8889,16.889,1.97826,8.72409,6064.155,5142.117,18909.975,0.029442,0.675266,81.348,101.65,0.54114,1.68745,0.951095,C,0.0,0.053725
12231.487,0.42142,155.776,2.3135,19,0.7305,13.88,1.9887,6.66238,5290.078,6941.41,12238.599,0.100966,0.665643,82.065,101.296,0.4325,1.00058,0.896381,C,-0.001,-0.02574
8626.139,0.34448,155.205,2.4475,21,0.7046,14.797,1.98979,7.2279,4155.734,4470.405,10171.191,0.054625,0.613935,81.429,100.924,0.48176,1.17911,0.923606,C,0.0,-0.012701
9740.15,0.58853,159.445,2.1177,23,0.7768,17.866,1.98176,8.30075,2623.162,7116.987,5555.148,0.118678,0.761706,82.449,102.123,0.26931,0.57033,0.945692,C,0.001,0.00716
11070.909,0.62918,165.47,1.9204,24,0.8923,21.416,1.97077,9.55394,3424.372,7646.537,6576.157,0.074111,0.877759,82.101,103.197,0.30931,0.594,0.963566,C,0.0,-0.005779
10096.122,0.58051,163.753,2.7433,24,0.7449,17.877,1.97385,8.90881,3082.065,7014.057,8454.933,0.084373,0.798514,82.169,102.587,0.30527,0.83744,0.95563,C,0.0,0.034001
9028.4,0.36669,156.718,3.7386,22,0.8718,19.18,1.9869,10.38937,4301.104,4727.296,16080.242,0.019691,0.6824,81.031,101.456,0.4764,1.78107,0.974418,C,-0.0,0.024167
11629.649,0.66714,182.009,2.5433,25,0.7679,19.198,1.94281,9.15157,3319.386,8310.263,8442.319,0.099629,0.893819,83.059,104.099,0.28542,0.72593,0.957375,C,-0.0,0.025962
10076.134,0.55632,186.651,3.052,22,0.8916,19.615,1.93548,9.75636,3162.863,6913.27,9653.005,0.058416,0.784109,82.679,103.586,0.3139,0.95801,0.967039,C,0.001,0.035835
8540.014,0.44983,179.264,3.5233,19,0.7381,14.024,1.94724,7.2796,3417.787,5122.226,12041.878,0.084099,0.69387,82.754,102.652,0.40021,1.41005,0.925178,C,0.001,-0.036926
13000.0,0.4102,123.87,1.5771,24,0.8781,21.075,2.05825,9.30995,5690.863,7309.137,8975.202,0.039269,0.699012,79.784,99.636,0.43776,0.6904,0.958093,C,0.0,-0.048972
8197.314,0.52823,199.682,3.7328,25,0.8531,21.327,1.91599,10.93722,2624.935,5572.38,9798.286,0.033942,0.76107,82.8,104.002,0.32022,1.1953,0.979424,C,-0.001,0.000384
10251.224,0.45178,177.791,3.005,22,0.7471,16.436,1.94965,8.2338,4534.395,5716.829,13625.813,0.057661,0.764386,82.351,103.048,0.44233,1.32919,0.943546,C,0.0,-0.023823
9053.301,0.63796,158.271,1.4927,25,0.7511,18.778,1.98396,7.70368,2398.055,6655.245,3579.546,0.157851,0.810961,82.918,102.387,0.26488,0.39539,0.93446,C,0.001,-0.035614
10180.678,0.33808,190.19,1.2695,26,0.6939,18.042,1.93004,6.63629,5233.53,4947.147,6644.175,0.064806,0.627181,82.887,102.708,0.51407,0.65263,0.90146,C,0.001,-0.03713
10942.42,0.38089,187.191,1.1855,17,0.7842,13.331,1.93464,4.7722,5513.612,5428.808,6536.433,0.146284,0.619161,83.858,102.521,0.50387,0.59735,0.806483,C,0.0,-0.001054
8895.15,0.62412,191.317,3.0719,21,0.8043,16.891,1.92833,8.36745,2206.264,6688.887,6777.448,0.13009,0.787065,83.788,103.813,0.24803,0.76193,0.948301,C,-0.001,0.039288
9903.968,0.43589,154.254,4.0942,20,0.7048,14.095,1.99163,7.80455,3971.441,5932.528,16259.706,0.070578,0.680443,81.6,101.312,0.40099,1.64174,0.935072,C,-0.001,-0.002901
9926.987,0.38665,126.555,1.7646,23,0.8521,19.598,2.05164,8.98956,4435.904,5491.084,7827.628,0.037133,0.669005,79.892,99.612,0.44685,0.78852,0.957085,C,-0.001,-0.011551
9011.228,0.64305,199.087,1.0198,24,0.8746,20.99,1.91685,6.89599,2402.12,6609.108,2449.694,0.209481,0.800631,85.097,104.238,0.26657,0.27185,0.913162,C,0.0,0.014919
12000.712,0.5888,171.361,1.8413,26,0.8876,23.078,1.96046,10.06785,3859.398,8141.315,7106.341,0.05723,0.84079,82.106,103.244,0.3216,0.59216,0.968741,C,-0.001,0.009639
10412.459,0.47038,159.101,1.0266,16,0.7642,12.227,1.98241,4.23836,4081.953,6330.505,4190.542,0.275569,0.595993,84.506,101.011,0.39203,0.40245,0.770334,C,0.001,0.016092
9593.037,0.42539,160.125,2.7624,17,0.7679,13.055,1.9805,6.54981,4064.792,5528.245,11228.746,0.100179,0.664506,82.232,101.517,0.42372,1.17051,0.900213,C,0.0,0.02324
8982.951,0.4773,168.062,1.2311,22,0.8316,18.295,1.96618,6.82541,3014.468,5968.484,3711.232,0.12649,0.654479,82.893,101.853,0.33558,0.41314,0.911068,C,-0.001,0.015015
9584.867,0.67731,188.998,3.6104,19,0.6959,13.223,1.93186,6.81847,2123.309,7461.558,7666.1,0.277643,0.791039,85.655,103.737,0.22153,0.79981,0.909191,C,0.0,0.021008
10287.687,0.40323,145.523,3.8638,19,0.6786,12.893,2.00911,7.14604,4678.719,5608.968,18077.416,0.073326,0.678426,81.261,100.818,0.45479,1.75719,0.917299,C,0.0,-0.037445
9240.82,0.46265,143.178,2.6891,19,0.6994,13.288,2.01401,6.7815,3591.922,5648.898,9658.987,0.108349,0.687938,81.619,100.747,0.3887,1.04525,0.90897,C,0.0,-0.007376
12060.877,0.50267,207.373,2.744,20,0.8226,16.452,1.90516,7.77223,4354.376,7706.501,11948.554,0.097362,0.731684,83.886,104.128,0.36103,0.99069,0.930072,C,0.0,-0.033192
7048.43,0.39832,136.055,2.4382,16,0.843,13.489,2.02949,6.77024,3073.213,3975.218,7493.055,0.077871,0.646064,80.89,100.052,0.43601,1.06308,0.914761,C,-0.001,-0.028774
7382.317,0.64003,180.202,3.5518,18,0.6727,12.109,1.94572,6.28962,1869.494,5512.823,6640.156,0.257698,0.76969,85.08,103.196,0.25324,0.89947,0.898038,C,0.0,-0.02525
9750.89,0.31086,162.902,3.0824,27,0.7263,19.609,1.9754,10.07921,4400.016,5350.874,13562.802,0.020083,0.549969,81.287,100.903,0.45124,1.39093,0.970848,C,0.0,-0.018679
7541.297,0.53437,174.574,3.1828,20,0.811,16.219,1.955,8.2737,2596.871,4944.426,8265.379,0.079421,0.773321,82.52,102.954,0.34435,1.09602,0.948821,C,-0.0,-0.031673
10153.7,0.65808,197.85,2.6083,23,0.8494,19.535,1.91864,9.20164,2644.296,7509.405,6897.027,0.101371,0.854113,83.629,104.539,0.26043,0.67926,0.959884,C,-0.001,0.011533
9571.005,0.31524,162.376,2.9207,17,0.6701,11.393,1.97636,5.78166,4812.815,4758.19,14056.762,0.081798,0.55136,82.08,100.886,0.50285,1.46868,0.86952,C,0.0,0.009336
10827.615,0.44336,192.569,3.5029,24,0.8904,21.37,1.92644,10.89996,4970.326,5857.289,17410.524,0.021814,0.801067,82.401,103.96,0.45904,1.60797,0.977415,C,0.0,0.027768
10720.698,0.62846,171.695,1.9165,26,0.668,17.368,1.95988,7.67933,2657.959,8062.739,5093.932,0.176182,0.777558,83.689,102.843,0.24793,0.47515,0.930496,C,0.0,-0.001879
11877.521,0.42814,147.003,1.7987,22,0.7817,17.197,2.00606,7.69422,5214.892,6662.628,9380.045,0.069714,0.708685,81.279,101.101,0.43906,0.78973,0.928509,C,0.001,-0.013664
11492.843,0.54944,153.718,1.8706,19,0.7182,13.646,1.99267,6.1312,4131.557,7361.286,7728.489,0.186765,0.752985,83.111,101.762,0.35949,0.67246,0.877801,C,0.0,0.059476
11934.829,0.49388,159.287,3.3835,20,0.7505,15.009,1.98206,7.92578,4269.913,7664.915,14447.457,0.091154,0.718222,82.079,101.828,0.35777,1.21053,0.933967,C,0.001,0.043116
10774.198,0.44913,190.493,2.8462,18,0.8023,14.441,1.92958,7.02431,4793.243,5980.955,13642.628,0.088385,0.738232,83.209,103.454,0.44488,1.26623,0.91245,C,0.0,0.032394
11699.8,0.50815,192.965,1.1388,17,0.69,11.729,1.92585,4.09299,3617.163,8082.637,4119.397,0.412337,0.551022,87.569,102.327,0.30916,0.35209,0.749127,C,0.0,0.052425
11243.586,0.54414,172.682,1.5398,24,0.7689,18.453,1.9582,7.51823,4031.926,7211.66,6208.196,0.113296,0.785016,82.896,102.94,0.3586,0.55215,0.925336,C,0.0,0.015311
9093.038,0.6958,155.913,2.0739,17,0.7469,12.697,1.98843,5.88817,2194.107,6898.931,4550.402,0.357218,0.803476,85.453,102.213,0.2413,0.50043,0.87612,C,0.0,0.035842
8522.271,0.45887,149.703,1.8114,21,0.7339,15.411,2.00059,6.88567,3307.961,5214.31,5992.205,0.101472,0.685597,81.815,101.099,0.38815,0.70312,0.914165,C,0.0,0.033782
8377.432,0.55987,168.228,1.8535,20,0.8956,17.911,1.96589,7.8642,2815.385,5562.046,5218.417,0.101066,0.792104,82.564,102.769,0.33607,0.62291,0.939334,C,0.001,0.014269
10778.396,0.53789,189.139,2.3209,26,0.8714,22.657,1.93164,10.42477,3491.753,7286.643,8103.875,0.044221,0.774449,82.579,103.633,0.32396,0.75186,0.973367,C,0.0,0.04923
7000.0,0.37883,183.994,2.4607,27,0.8954,24.177,1.93965,11.38888,3206.905,3793.095,7891.345,0.013975,0.687302,81.999,102.827,0.45813,1.12733,0.9831,C,0.0,-0.008277
10293.69,0.41408,155.085,1.5735,19,0.7204,13.688,1.99002,5.75929,4180.747,6112.943,6578.486,0.13702,0.60357,82.512,100.849,0.40615,0.63908,0.865606,C,0.0,-0.023805
8924.53,0.30905,191.229,3.7812,19,0.886,16.834,1.92846,8.7432,4533.15,4391.38,17140.687,0.027604,0.599573,82.432,102.572,0.50794,1.92063,0.954631,C,0.0,0.040043
11110.767,0.33188,138.695,1.8478,17,0.7093,12.058,2.02365,5.51507,5573.754,5537.013,10298.93,0.099199,0.566105,81.295,99.682,0.50165,0.92693,0.850056,C,0.0,-0.000215
10305.282,0.48682,129.352,3.9699,24,0.7157,17.178,2.04493,9.81574,3790.634,6514.648,15048.403,0.043018,0.745048,80.108,100.292,0.36783,1.46026,0.967496,C,0.0,0.026427
9450.577,0.66912,138.309,1.6294,19,0.7655,14.545,2.02449,6.35724,2494.929,6955.648,4065.118,0.269381,0.812507,83.523,101.285,0.264,0.43014,0.893718,C,-0.0,-0.029076
10175.281,0.32765,179.529,1.3371,18,0.8877,15.978,1.94681,6.08983,5766.049,4409.232,7709.654,0.068973,0.665922,82.564,102.479,0.56667,0.75768,0.88071,C,0.0,0.02453
7024.554,0.32016,139.387,3.571,17,0.8164,13.879,2.02214,7.63514,3535.43,3489.125,12624.909,0.040029,0.604011,80.546,99.973,0.5033,1.79725,0.937074,C,-0.001,-0.008399
10521.42,0.50787,158.602,3.3992,18,0.7875,14.175,1.98334,7.50021,3626.975,6894.445,12328.936,0.108384,0.718024,82.279,101.791,0.34472,1.17179,0.926432,C,0.0,0.03054
11337.919,0.61684,168.136,1.125,24,0.747,17.928,1.96605,6.41641,3155.179,8182.741,3549.489,0.244038,0.760586,84.448,102.557,0.27829,0.31306,0.889903,C,-0.001,0.020137
7597.007,0.5762,157.001,3.8247,27,0.7292,19.689,1.98636,10.71206,2317.26,5279.747,8862.879,0.041256,0.810991,81.327,102.32,0.30502,1.16663,0.978161,C,-0.0,-0.032744
11332.358,0.39476,177.687,2.2855,17,0.7095,12.062,1.94982,5.60256,5102.178,6230.18,11660.937,0.128327,0.612962,83.28,102.044,0.45023,1.02899,0.853643,C,0.0,-0.049145
10048.634,0.61832,167.033,2.2966,17,0.742,12.614,1.96799,5.94918,2802.199,7246.435,6435.555,0.276794,0.750382,84.838,102.434,0.27886,0.64044,0.875164,C,0.0,0.045117
10674.617,0.49197,166.084,2.0124,27,0.7879,21.274,1.96967,9.63392,3638.174,7036.444,7321.52,0.05055,0.720205,81.814,102.188,0.34082,0.68588,0.96498,C,-0.001,-0.000521
8010.347,0.69847,184.161,1.8498,24,0.8055,19.332,1.93939,8.3115,1852.332,6158.015,3426.431,0.154873,0.86198,83.865,103.987,0.23124,0.42775,0.948726,C,-0.0,0.025086
10882.788,0.40336,130.854,1.0408,17,0.7965,13.541,2.04139,4.92823,5081.135,5801.653,5288.473,0.158024,0.618233,81.7,99.549,0.4669,0.48595,0.817086,C,0.0,-0.033249
10916.955,0.62593,185.951,2.7348,26,0.6691,17.395,1.93657,8.41859,2990.38,7926.575,8178.063,0.123321,0.815545,83.512,103.762,0.27392,0.74912,0.946032,C,0.0,-0.005617
10054.939,0.60712,159.664,4.2657,19,0.77,14.631,1.98136,8.10423,3184.719,6870.22,13585.144,0.112572,0.836367,82.377,102.627,0.31673,1.35109,0.941272,C,0.0,0.019088
8638.634,0.36243,151.536,2.7895,24,0.8713,20.91,1.99695,10.6455,4062.254,4576.381,11331.552,0.017809,0.668329,80.789,101.085,0.47024,1.31173,0.976893,C,-0.001,0.027302
12043.031,0.68212,168.598,3.6239,20,0.781,15.62,1.96524,8.27106,2917.103,9125.928,10571.344,0.165292,0.847324,83.426,103.152,0.24222,0.8778,0.941304,C,0.0,0.0007
12593.95,0.6064,179.468,2.5575,20,0.8184,16.368,1.94691,7.8397,3571.528,9022.421,9134.283,0.148236,0.787762,83.608,103.281,0.28359,0.72529,0.930675,C,0.001,0.021844
10549.206,0.48169,163.663,2.8266,21,0.8204,17.228,1.97402,8.65475,3402.482,7146.723,9617.62,0.073408,0.67607,82.021,101.774,0.32253,0.91169,0.950847,C,0.001,-0.007379
11409.706,0.66507,178.926,1.4749,18,0.8708,15.675,1.94779,6.22774,2642.279,8767.427,3896.976,0.338468,0.763501,86.1,103.095,0.23158,0.34155,0.882144,C,0.0,-0.013001
9210.622,0.39686,156.666,3.357,22,0.7552,16.614,1.987,8.78923,4071.644,5138.979,13668.447,0.040435,0.679255,81.303,101.433,0.44206,1.48399,0.95496,C,-0.001,0.013341
10755.052,0.43094,159.535,2.3248,21,0.7002,14.705,1.9816,7.03206,4988.393,5766.66,11597.103,0.081077,0.733578,81.956,101.942,0.46382,1.07829,0.912736,C,-0.001,0.04326
11133.423,0.43298,199.057,2.0413,25,0.7287,18.217,1.91689,7.956,4758.976,6374.447,9714.41,0.06468,0.707947,83.185,103.625,0.42745,0.87254,0.936146,C,0.0,-0.031707
10354.449,0.53334,192.916,2.7841,16,0.7679,12.286,1.92592,5.92441,3601.562,6752.887,10027.087,0.194853,0.71387,84.697,103.4,0.34783,0.96838,0.872923,C,0.0,-0.016773
13000.0,0.49324,139.901,2.7274,17,0.8442,14.352,2.02102,7.38876,5148.045,7851.955,14040.695,0.102252,0.749585,81.391,100.964,0.396,1.08005,0.917906,C,0.0,0.014414
11344.27,0.64146,181.466,3.6147,20,0.8797,17.595,1.94368,9.15937,3328.01,8016.26,12029.61,0.092189,0.869496,82.941,103.913,0.29336,1.06041,0.957838,C,0.0,-0.016485
9227.017,0.68912,142.45,3.8418,16,0.7814,12.503,2.01555,6.95323,1786.814,7440.203,6864.649,0.304912,0.781391,84.181,101.322,0.19365,0.74397,0.914316,C,0.0,-0.006738
11286.955,0.31116,154.678,2.5548,24,0.6543,15.703,1.99081,7.77055,5669.343,5617.612,14484.166,0.042397,0.582398,81.246,100.688,0.50229,1.28327,0.931561,C,0.0,-0.000211
8439.09,0.59563,180.46,1.7959,22,0.7876,17.327,1.9453,7.40596,2359.942,6079.148,4238.198,0.15199,0.767856,83.694,103.196,0.27964,0.50221,0.928642,C,0.0,-0.022675
11066.783,0.62825,188.148,1.6756,18,0.7605,13.69,1.93316,5.65118,3088.497,7978.286,5175.195,0.321432,0.747018,86.204,103.408,0.27908,0.46763,0.857214,C,0.0,0.041401
11439.743,0.58693,201.289,3.0807,27,0.7876,21.266,1.91369,10.41969,3417.077,8022.667,10526.865,0.053443,0.814159,83.11,104.42,0.2987,0.9202,0.972802,C,-0.001,-0.017029
9351.996,0.6454,195.98,4.3117,18,0.8039,14.471,1.92137,7.67085,2563.672,6788.324,11053.773,0.157526,0.829649,84.308,104.297,0.27413,1.18197,0.933092,C,0.0,0.007005
9535.567,0.61604,159.04,2.1635,20,0.6648,13.297,1.98252,6.22345,2559.869,6975.699,5538.392,0.256248,0.748072,84.249,102.012,0.26845,0.58081,0.888334,C,-0.001,0.004281
8619.153,0.5572,150.116,3.1855,27,0.7347,19.838,1.99977,10.46353,2548.81,6070.343,8119.201,0.046374,0.771688,81.105,101.69,0.29571,0.942,0.975389,C,0.0,-0.017312
10906.979,0.3872,155.122,1.7619,25,0.715,17.874,1.98995,7.84625,5278.459,5628.52,9300.223,0.052739,0.700852,81.401,101.493,0.48395,0.85269,0.934082,C,0.0,0.042121
9111.531,0.51991,155.289,1.748,22,0.823,18.105,1.98963,7.92275,2821.779,6289.752,4932.42,0.102089,0.707351,82.059,101.545,0.30969,0.54134,0.939189,C,0.0,0.041119
12681.714,0.43137,199.534,2.3506,21,0.8551,17.956,1.9162,8.1925,5505.196,7176.518,12940.541,0.061035,0.715466,83.153,103.695,0.43411,1.02041,0.938579,C,0.0,-0.053297
10869.028,0.60685,167.149,2.4804,26,0.7792,20.259,1.96779,9.77322,3403.196,7465.832,8441.352,0.065014,0.853842,82.047,103.123,0.31311,0.77664,0.966456,C,0.0,-0.026669
9765.622,0.56959,176.574,4.1524,22,0.7553,16.616,1.95166,8.95427,3144.432,6621.19,13056.918,0.076485,0.803764,82.555,103.25,0.32199,1.33703,0.956763,C,0.0,0.024594
7936.104,0.65773,120.0,3.2915,17,0.7302,12.413,2.06808,6.91756,1922.664,6013.44,6328.453,0.226207,0.795706,82.05,100.016,0.24227,0.79743,0.91668,C,0.0,-0.03666
12834.993,0.62283,177.017,4.3206,27,0.8206,22.157,1.95093,12.02455,4155.949,8679.044,17956.314,0.03103,0.906212,81.971,103.947,0.3238,1.39901,0.983868,C,0.0,0.005771
12254.979,0.51725,158.982,3.5705,27,0.8791,23.736,1.98263,12.69111,3938.829,8316.15,14063.666,0.020229,0.752651,81.131,102.039,0.32141,1.14759,0.98743,C,0.0,0.050702
10893.836,0.31114,157.439,2.6025,25,0.8929,22.323,1.98553,11.06101,5455.47,5438.367,14198.095,0.013289,0.609927,80.976,101.016,0.50078,1.30331,0.978611,C,-0.001,0.003523
10413.211,0.65386,178.077,2.6266,22,0.7839,17.246,1.94918,8.3364,1965.988,8447.223,5163.835,0.18953,0.761922,84.103,103.045,0.1888,0.49589,0.945274,C,0.0,0.043396
10390.991,0.62175,173.865,2.5297,22,0.8713,19.168,1.95619,9.21772,2714.046,7676.945,6865.815,0.095631,0.80775,82.707,103.147,0.26119,0.66075,0.959826,C,0.0,-0.000603
9759.994,0.59575,156.771,2.704,23,0.7962,18.313,1.9868,9.17817,2245.399,7514.594,6071.64,0.103508,0.742836,82.139,101.858,0.23006,0.62209,0.960028,C,0.001,-0.011283
12850.785,0.32139,156.155,2.6335,23,0.8657,19.911,1.98797,9.91577,6408.941,6441.844,16877.94,0.021757,0.619497,81.035,101.011,0.49872,1.31338,0.966239,C,0.0,-0.028571
10613.981,0.4513,170.728,3.8689,25,0.8463,21.158,1.96154,11.32705,4849.234,5764.747,18761.422,0.019092,0.814867,81.578,103.042,0.45687,1.76761,0.980672,C,0.0,0.005956
7859.204,0.60462,148.542,1.9402,21,0.7765,16.306,2.00293,7.47396,2402.629,5456.575,4661.562,0.135294,0.811266,82.211,101.864,0.30571,0.59313,0.931592,C,0.0,0.036861
9111.713,0.34771,197.809,3.1248,21,0.6732,14.138,1.9187,6.97939,4394.106,4717.607,13730.735,0.061,0.614767,83.095,102.957,0.48225,1.50693,0.915398,C,0.0,-0.035841
7000.0,0.68993,163.157,3.0576,17,0.8084,13.744,1.97493,7.04797,1611.695,5388.305,4927.917,0.231391,0.827077,84.086,102.745,0.23024,0.70399,0.92278,C,0.0,0.035148
11373.305,0.48906,135.421,2.7251,20,0.7297,14.594,2.03091,7.56397,3984.689,7388.617,10858.523,0.102954,0.697287,81.192,100.352,0.35035,0.95474,0.926246,C,-0.001,0.00229
11215.213,0.53176,160.923,3.9346,17,0.7948,13.512,1.97902,7.35394,3701.291,7513.922,14562.969,0.12732,0.730978,82.623,101.997,0.33002,1.2985,0.920981,C,0.0,0.041619
12806.758,0.33421,150.894,2.3387,23,0.8711,20.035,1.99822,9.71515,6419.544,6387.214,15013.666,0.024118,0.645874,80.845,100.902,0.50126,1.17232,0.963828,C,0.0,-0.015426
13000.0,0.59909,165.024,3.5149,22,0.6872,15.119,1.97157,7.99009,3790.557,9209.443,13323.488,0.13666,0.789425,82.909,102.591,0.29158,1.02488,0.933487,C,0.0,-0.01206
9076.238,0.33479,170.152,3.0773,20,0.8647,17.294,1.96254,8.80041,4327.37,4748.867,13316.743,0.031373,0.611267,81.718,101.67,0.47678,1.46721,0.955321,C,0.001,0.045457
10770.432,0.65329,192.702,3.2383,27,0.7583,20.474,1.92624,10.2551,3089.305,7681.127,10004.217,0.064357,0.890161,82.967,104.554,0.28683,0.92886,0.971744,C,0.0,-0.042572
12198.242,0.36115,195.868,3.3041,21,0.8704,18.277,1.92154,9.16396,5420.406,6777.837,17909.385,0.035054,0.621941,82.688,102.921,0.44436,1.46819,0.956869,C,-0.001,-0.026535
11494.276,0.5814,163.415,2.6115,27,0.7434,20.071,1.97447,9.87336,3768.534,7725.742,9841.492,0.058486,0.836474,81.814,102.821,0.32786,0.85621,0.967019,C,0.0,-0.016727
9505.174,0.5693,132.823,2.6714,23,0.8913,20.501,2.03682,10.61174,2984.674,6520.501,7973.153,0.04354,0.809955,80.284,100.937,0.31401,0.83882,0.975985,C,-0.001,0.030465
11511.902,0.63555,126.01,3.0293,17,0.65,11.05,2.05297,5.97573,3656.487,7855.415,11076.731,0.258327,0.81114,82.784,100.515,0.31763,0.9622,0.870897,C,0.0,-0.021324
11556.163,0.49471,203.847,3.5086,20,0.8337,16.674,1.91007,8.39684,4272.658,7283.504,14991.014,0.07412,0.741438,83.466,104.047,0.36973,1.29723,0.944605,C,0.001,-0.006652
12112.023,0.32059,158.322,2.1155,19,0.8789,16.699,1.98387,7.76762,5958.613,6153.411,12605.225,0.045708,0.586763,81.44,100.91,0.49196,1.04072,0.929858,C,-0.001,0.043272
10148.346,0.35413,172.674,3.7668,17,0.6919,11.763,1.95821,6.24652,4968.911,5179.434,18716.853,0.081608,0.615574,82.477,101.822,0.48963,1.84433,0.887166,C,0.001,0.005975
9827.103,0.3175,157.725,2.7369,18,0.8907,16.032,1.98499,8.05037,5047.561,4779.542,13814.523,0.036741,0.614009,81.297,101.058,0.51364,1.40576,0.940563,C,0.0,-0.02904
9319.883,0.42147,164.174,2.0208,20,0.7663,15.326,1.97309,6.96756,3604.516,5715.367,7283.996,0.093174,0.628525,82.302,101.487,0.38676,0.78155,0.914502,C,0.0,-0.047129
9558.809,0.48084,184.913,2.6001,21,0.7359,15.453,1.9382,7.3858,3659.468,5899.341,9515.094,0.093441,0.721157,83.081,103.092,0.38284,0.99543,0.925604,C,-0.0,-0.037687
9423.966,0.46381,159.79,2.7277,18,0.7501,13.501,1.98112,6.7542,3809.536,5614.43,10391.43,0.106042,0.706573,82.296,101.777,0.40424,1.10266,0.907579,C,0.0,-0.045794
9778.225,0.47282,167.693,1.8662,20,0.7084,14.168,1.96683,6.23977,4019.757,5758.468,7501.81,0.128646,0.71308,82.908,102.221,0.41109,0.7672,0.88815,C,0.0,-0.033676
10877.365,0.56319,180.194,2.5674,21,0.8505,17.86,1.94573,8.55576,3539.049,7338.316,9086.181,0.088935,0.791911,82.852,103.342,0.32536,0.83533,0.948622,C,0.0,-0.01529
10820.787,0.62364,144.566,1.296,21,0.8525,17.903,2.0111,7.06056,2711.007,8109.78,3513.415,0.215478,0.76009,83.095,101.303,0.25054,0.32469,0.913436,C,0.0,-0.049442
12706.558,0.61918,152.658,2.1743,25,0.8398,20.994,1.99474,9.92975,3388.467,9318.091,7367.657,0.077695,0.816084,81.627,102.122,0.26667,0.57983,0.966538,C,0.0,0.034663
11769.769,0.49618,178.416,2.5639,16,0.8159,13.054,1.94863,6.26524,4255.095,7514.674,10909.582,0.161298,0.685803,83.742,102.559,0.36153,0.92692,0.882475,C,0.0,-0.000304
11231.123,0.39599,161.508,1.1173,26,0.7688,19.99,1.97795,7.1946,4800.918,6430.204,5363.876,0.077434,0.633831,81.988,101.386,0.42747,0.47759,0.916411,C,0.001,-0.004519
8427.328,0.38427,163.517,2.2429,24,0.6981,16.756,1.97428,7.88271,3772.646,4654.682,8461.663,0.051819,0.653717,81.73,101.619,0.44767,1.00407,0.939631,C,0.0,0.029834
11043.295,0.36855,133.139,2.7582,26,0.6509,16.923,2.0361,8.83124,4980.381,6062.914,13736.76,0.038313,0.639823,80.23,99.833,0.45099,1.2439,0.953118,C,0.0,0.001211
11845.542,0.53361,177.179,2.912,26,0.8006,20.815,1.95066,10.3527,4406.188,7439.354,12830.616,0.040409,0.825722,82.101,103.424,0.37197,1.08316,0.971832,C,-0.0,0.011752
8091.689,0.64681,176.89,2.4327,21,0.7601,15.962,1.95114,7.56107,1918.296,6173.393,4666.669,0.182386,0.791122,83.965,103.182,0.23707,0.57672,0.933151,C,0.0,0.008011
8591.172,0.34414,200.281,2.3902,26,0.8625,22.425,1.91513,10.27328,4480.944,4110.228,10710.472,0.017342,0.700418,82.6,103.627,0.52158,1.24668,0.973717,C,0.0,-0.020274
9104.791,0.37609,170.898,1.2611,19,0.8423,16.004,1.96125,6.01256,4262.303,4842.488,5375.122,0.095316,0.623221,82.591,101.786,0.46814,0.59036,0.881355,C,-0.0,0.014961
8862.133,0.55666,164.919,3.9575,24,0.8121,19.491,1.97176,10.56349,2564.277,6297.856,10148.182,0.046068,0.764554,81.709,102.422,0.28935,1.14512,0.976054,C,0.0,0.012847
10289.602,0.5264,187.605,3.818,16,0.8666,13.865,1.934,7.24733,3265.972,7023.63,12469.368,0.132385,0.709613,83.689,103.137,0.31741,1.21184,0.920175,C,0.0,0.021634
9049.393,0.33642,167.603,2.8328,16,0.8739,13.983,1.96699,6.99147,4684.953,4364.439,13271.439,0.05464,0.638902,81.927,101.727,0.51771,1.46656,0.915917,C,0.001,-0.037845
11275.254,0.37731,198.563,3.0605,25,0.8049,20.122,1.9176,9.87475,5101.147,6174.106,15612.19,0.027319,0.666478,82.675,103.331,0.45242,1.38464,0.967242,C,0.001,0.002033
8278.3,0.65428,172.174,3.1157,23,0.7466,17.171,1.95906,8.74118,1981.024,6297.276,6172.27,0.121646,0.821841,82.987,103.159,0.2393,0.7456,0.955508,C,0.0,-0.017127
9951.247,0.48334,159.366,3.7345,19,0.8818,16.754,1.98191,9.0402,3904.597,6046.65,14581.906,0.051973,0.76189,81.565,102.12,0.39237,1.46533,0.957808,C,0.0,0.019937
9314.998,0.48535,185.618,3.1508,22,0.7828,17.222,1.93709,8.64352,3508.683,5806.315,11055.077,0.061268,0.741618,82.681,103.259,0.37667,1.1868,0.952451,C,0.0,-0.003428
8783.085,0.33017,185.264,1.3749,18,0.671,12.078,1.93765,4.6254,4684.894,4098.19,6441.212,0.118157,0.572539,83.419,102.127,0.5334,0.73337,0.809114,C,0.001,-0.01545
11877.11,0.44213,172.5,2.9682,27,0.817,22.06,1.95851,11.09163,5088.172,6788.938,15102.567,0.022466,0.756664,81.69,102.744,0.4284,1.27157,0.978231,C,0.0,-0.029211
10285.417,0.47144,198.673,2.5012,23,0.6591,15.159,1.91745,7.04973,3999.373,6286.044,10003.247,0.103701,0.705411,83.687,103.592,0.38884,0.97257,0.914469,C,0.0,-0.026573
11484.781,0.44676,143.309,3.6703,22,0.7758,17.068,2.01374,9.38954,4751.245,6733.536,17438.341,0.042177,0.732229,80.752,101.047,0.4137,1.51839,0.960944,C,0.0,0.057167
9651.672,0.53982,172.482,1.7234,17,0.7955,13.523,1.95854,5.75253,3076.722,6574.95,5302.508,0.223767,0.687711,84.346,102.288,0.31878,0.54939,0.86786,C,0.0,0.031288
11862.574,0.34775,184.057,2.8904,23,0.7498,17.245,1.93955,8.48746,6087.347,5775.227,17595.065,0.036687,0.675626,82.301,102.752,0.51316,1.48324,0.945863,C,0.0,-0.009908
10948.733,0.55004,197.498,2.1643,27,0.8682,23.441,1.91915,10.4518,3794.128,7154.605,8211.75,0.042085,0.819409,82.835,104.294,0.34654,0.75002,0.973486,C,0.0,0.017494
9784.365,0.60736,143.412,1.9986,21,0.8269,17.365,2.01352,8.10034,2492.899,7291.466,4982.334,0.139053,0.767476,82.035,101.285,0.25478,0.50921,0.941668,C,0.0,-0.038318
7420.629,0.4171,204.047,3.0144,18,0.6744,12.139,1.90978,5.89736,3569.616,3851.013,10760.341,0.101547,0.709598,83.835,103.845,0.48104,1.45006,0.882887,C,0.0,-0.010563
11248.389,0.3833,168.874,4.135,24,0.8125,19.499,1.96476,10.60476,4890.459,6357.93,20222.236,0.02235,0.660932,81.55,101.935,0.43477,1.79779,0.974648,C,0.0,0.046354
11160.579,0.51846,189.112,2.089,22,0.8209,18.059,1.93168,8.04084,3940.892,7219.687,8232.403,0.091084,0.751748,83.197,103.482,0.35311,0.73763,0.937966,C,0.0,-0.023681
10352.799,0.50328,172.061,1.6967,23,0.7803,17.948,1.95926,7.59486,3607.361,6745.438,6120.698,0.102284,0.717728,82.727,102.466,0.34844,0.59121,0.929184,C,0.0,-0.008357
10500.748,0.43389,129.925,1.8096,22,0.7509,16.519,2.04357,7.60429,4438.367,6062.381,8031.729,0.072774,0.698267,80.529,100.019,0.42267,0.76487,0.929108,C,0.0,0.011236
10337.174,0.67983,158.102,1.2958,19,0.6938,13.183,1.98428,5.09872,2254.549,8082.625,2921.402,0.528556,0.722023,87.805,101.791,0.2181,0.28261,0.83043,C,0.0,0.024449
10075.613,0.5466,173.476,2.2774,27,0.8644,23.338,1.95685,10.88692,3725.105,6350.509,8483.421,0.032805,0.847983,81.863,103.394,0.36971,0.84198,0.977811,C,-0.001,0.004323
8658.265,0.30823,158.164,2.0404,27,0.843,22.76,1.98416,10.46607,4306.966,4351.299,8788.06,0.015255,0.598217,81.032,100.977,0.49744,1.01499,0.97538,C,0.0,0.013221
9866.357,0.53294,152.38,3.8064,27,0.7571,20.442,1.99528,11.18331,3409.595,6456.762,12978.381,0.030654,0.798186,80.994,101.988,0.34558,1.31542,0.980123,C,0.0,-0.038459
10619.086,0.6625,173.968,1.4802,19,0.7758,14.74,1.95602,5.90188,2406.675,8212.411,3562.462,0.377349,0.746064,86.43,102.745,0.22664,0.33548,0.870911,C,0.0,0.00387
9199.005,0.58499,155.925,3.1604,24,0.6931,16.635,1.98841,8.68566,2778.745,6420.26,8781.881,0.090412,0.799043,81.932,102.184,0.30207,0.95466,0.953314,C,-0.0,0.030231
8738.242,0.68729,156.294,3.7344,18,0.7184,12.93,1.98771,7.00666,2377.517,6360.725,8878.632,0.209241,0.865973,83.515,102.646,0.27208,1.01607,0.917166,C,0.0,0.016199
12865.843,0.59631,183.777,2.4749,21,0.7491,15.731,1.93999,7.42483,3987.535,8878.308,9868.843,0.155393,0.794346,83.858,103.523,0.30993,0.76706,0.919235,C,0.0,-0.052633
11021.244,0.66829,151.74,3.4296,24,0.8011,19.228,1.99654,10.29302,2595.824,8425.42,8902.624,0.0797,0.849635,81.615,102.293,0.23553,0.80777,0.971911,C,0.0,-0.031742
10221.455,0.50737,143.804,1.9761,27,0.7897,21.322,2.01269,9.90301,3607.657,6613.798,7129.265,0.045207,0.759475,80.814,101.255,0.35295,0.69748,0.968552,C,0.0,-0.045963
9934.433,0.53528,150.992,3.2538,18,0.7789,14.021,1.99802,7.42311,3481.746,6452.687,11328.944,0.113433,0.762905,82.028,101.68,0.35047,1.14037,0.925731,C,0.0,-0.028774
7337.103,0.44388,174.813,1.1862,16,0.82,13.12,1.9546,4.77091,3012.398,4324.705,3573.426,0.187296,0.622607,83.952,101.971,0.41057,0.48704,0.82676,C,0.0,-0.008422
7804.086,0.61533,143.83,1.8618,20,0.8078,16.157,2.01264,7.35187,1980.566,5823.52,3687.328,0.172798,0.765835,82.499,101.299,0.25379,0.47249,0.928732,C,0.0,-0.005044
9864.062,0.63814,158.128,1.8522,23,0.6721,15.458,1.98423,6.87858,2983.729,6880.334,5526.528,0.18918,0.832843,83.326,102.524,0.30248,0.56027,0.910327,C,-0.001,-0.047337
11934.989,0.41212,180.888,2.8641,21,0.8012,16.825,1.94461,8.29392,5155.724,6779.266,14766.703,0.055381,0.683429,82.434,102.658,0.43198,1.23726,0.94195,C,-0.001,-0.028467
7000.129,0.31601,147.943,2.5418,17,0.8062,13.705,2.00415,6.83788,3777.119,3223.009,9600.58,0.048676,0.629312,81.042,100.63,0.53958,1.37149,0.916888,C,0.001,-0.022519
9046.462,0.54848,149.031,4.0027,24,0.7369,17.685,2.00195,9.82151,2356.8,6689.662,9433.492,0.065737,0.718553,81.314,101.279,0.26052,1.04278,0.968776,C,0.0,-0.002183
12966.295,0.66151,143.31,3.6548,18,0.7693,13.847,2.01373,7.6106,3191.067,9775.227,11662.808,0.203989,0.810868,82.888,101.566,0.2461,0.89947,0.924109,C,0.001,-0.027528
11215.865,0.47566,188.259,2.2272,27,0.8227,22.212,1.93299,10.10299,4278.544,6937.321,9529.123,0.037645,0.745802,82.461,103.405,0.38147,0.84961,0.969809,C,0.0,0.004681
10802.155,0.41047,182.294,2.8706,26,0.6566,17.073,1.94235,8.40626,4776.686,6025.469,13712.108,0.050143,0.696113,82.416,102.807,0.4422,1.26939,0.945981,C,0.0,0.035895
11946.066,0.30342,165.598,2.0215,23,0.8853,20.361,1.97054,9.2402,6110.489,5835.576,12352.142,0.024734,0.595235,81.454,101.339,0.51151,1.03399,0.958303,C,0.001,-0.00057
10025.493,0.39725,184.166,3.4122,24,0.7442,17.862,1.93938,9.14968,4384.56,5640.933,14961.121,0.036965,0.677289,82.309,102.768,0.43734,1.49231,0.959304,C,0.0,0.009963
9894.091,0.51154,158.325,3.3939,20,0.7053,14.107,1.98386,7.4643,4125.985,5768.106,14003.019,0.089691,0.813288,82.021,102.405,0.41702,1.41529,0.926882,C,0.0,0.028197
11888.88,0.39601,145.186,2.4293,21,0.7842,16.468,2.00981,8.14342,5217.255,6671.626,12674.285,0.055146,0.662563,81.007,100.694,0.43883,1.06606,0.93889,C,-0.001,0.032087
11269.611,0.45278,140.615,2.7741,24,0.8137,19.53,2.01948,10.08922,4870.514,6399.097,13511.474,0.031832,0.773174,80.494,101.161,0.43218,1.19893,0.969616,C,0.0,0.000843
8396.981,0.41716,180.008,2.5711,21,0.7232,15.187,1.94603,7.27988,3620.612,4776.369,9308.994,0.072058,0.678765,82.622,102.587,0.43118,1.10861,0.925522,C,0.0,-0.04157
12404.756,0.30471,152.278,1.8887,23,0.8043,18.499,1.99548,8.35657,6662.58,5742.175,12583.817,0.032648,0.620383,81.016,100.809,0.5371,1.01443,0.942452,C,0.001,-0.014464
7396.509,0.43787,171.456,3.0774,24,0.7412,17.789,1.96029,9.03709,3286.324,4110.185,10113.3,0.03843,0.75724,81.861,102.698,0.44431,1.36731,0.961004,C,0.0,0.019475
9035.231,0.62439,156.516,2.7886,27,0.7299,19.707,1.98728,9.96192,2422.055,6613.177,6754.169,0.069218,0.827725,81.676,102.405,0.26807,0.74754,0.970283,C,-0.001,-0.033851
13000.0,0.52658,188.175,2.1871,25,0.7612,19.031,1.93312,8.60814,5095.49,7904.51,11144.306,0.071975,0.81963,82.912,103.889,0.39196,0.85725,0.946425,C,0.0,0.018576
9288.019,0.36176,174.105,4.0637,22,0.8004,17.609,1.95579,9.47927,4444.338,4843.681,18060.245,0.026809,0.669104,81.808,102.244,0.4785,1.94447,0.964539,C,0.0,-0.040836
10884.409,0.57462,140.968,1.4552,25,0.8619,21.548,2.01872,8.9714,3048.689,7835.72,4436.404,0.091152,0.762726,81.293,101.113,0.2801,0.40759,0.955568,C,0.0,-0.002373
8591.426,0.32334,140.224,4.1984,16,0.771,12.336,2.02032,7.00669,4473.205,4118.221,18780.337,0.051206,0.618938,80.731,100.12,0.52066,2.18594,0.917546,C,0.0,-0.026722
9667.99,0.49396,166.873,2.9088,25,0.715,17.875,1.96827,9.00774,3912.355,5755.635,11380.288,0.051646,0.794612,81.859,102.718,0.40467,1.17711,0.957689,C,0.0,0.046215
9023.618,0.68137,182.371,2.9242,25,0.8713,21.783,1.94223,10.7756,1961.032,7062.586,5734.508,0.070055,0.851107,82.681,103.833,0.21732,0.6355,0.977656,C,0.0,0.026117
9401.065,0.5468,168.549,1.6268,20,0.851,17.021,1.96533,7.12223,3211.196,6189.869,5223.904,0.129975,0.763035,82.958,102.593,0.34158,0.55567,0.918806,C,0.0,0.040449
11204.473,0.5839,189.505,2.2003,23,0.6803,15.648,1.93108,7.07986,3041.624,8162.849,6692.509,0.187016,0.731785,84.476,103.368,0.27147,0.59731,0.913053,C,0.0,0.008975
12893.532,0.55431,191.287,1.2896,24,0.7208,17.3,1.92837,6.39881,4550.835,8342.697,5868.704,0.181781,0.757525,84.469,103.617,0.35295,0.45517,0.884252,C,0.0,-0.043159
11293.069,0.43555,163.951,2.5744,27,0.8868,23.944,1.9735,11.72341,4324.794,6968.275,11133.72,0.019517,0.693763,81.321,101.906,0.38296,0.98589,0.982839,C,0.0,-0.04217
12940.99,0.6813,157.906,2.26,22,0.76,16.721,1.98465,7.94554,3692.663,9248.327,8345.328,0.161043,0.889029,82.946,102.883,0.28535,0.64488,0.932551,C,0.0,-0.011945
9346.786,0.50512,161.561,1.5274,21,0.7779,16.337,1.97785,6.73341,3251.942,6094.844,4967.098,0.13484,0.702684,82.748,101.843,0.34792,0.53142,0.907124,C,0.0,0.007324
12828.189,0.53479,168.537,1.6466,27,0.8089,21.841,1.96535,9.18127,4092.101,8736.088,6738.022,0.073145,0.751024,82.208,102.513,0.31899,0.52525,0.95637,C,0.0,0.058714
10942.866,0.42514,181.99,2.4387,23,0.6838,15.727,1.94284,7.40741,4940.537,6002.329,12048.611,0.072453,0.715445,82.699,102.92,0.45148,1.10105,0.923058,C,0.0,-0.042947
12466.182,0.55774,175.307,3.7435,27,0.8586,23.182,1.95377,12.25326,3884.308,8581.874,14540.87,0.026383,0.798249,81.847,103.154,0.31159,1.16643,0.985261,C,0.0,-0.063688
9322.105,0.348,147.445,2.7944,18,0.7996,14.393,2.00516,7.37466,4811.922,4510.183,13446.507,0.04999,0.665952,81.038,100.844,0.51618,1.44243,0.925851,C,0.0,-0.02083
9578.902,0.41383,170.991,3.5956,27,0.8322,22.47,1.96109,11.84038,4074.918,5503.984,14651.767,0.015231,0.708931,81.537,102.356,0.42541,1.52959,0.984343,C,0.0,0.027057
12287.373,0.5351,155.687,3.4255,24,0.8853,21.248,1.98887,11.30837,4653.474,7633.899,15940.503,0.028843,0.843709,81.109,102.466,0.37872,1.29731,0.979587,C,0.0,-0.03615
11032.381,0.58941,184.482,2.8852,20,0.7723,15.446,1.93888,7.5947,3410.313,7622.068,9839.353,0.137759,0.79149,83.65,103.536,0.30912,0.89186,0.927751,C,-0.0,0.003775
10667.395,0.58058,146.765,3.7387,23,0.799,18.376,2.00655,10.09668,3618.308,7049.087,13527.687,0.050968,0.852432,81.021,102.036,0.33919,1.26813,0.970223,C,0.0,-0.009063
9446.525,0.35499,200.368,2.795,26,0.8005,20.814,1.915,9.95964,4145.241,5301.284,11585.877,0.024365,0.613509,82.696,103.057,0.43881,1.22647,0.969882,C,0.0,0.037667
10357.454,0.49058,172.868,2.0811,24,0.6698,16.076,1.95788,7.29543,3717.946,6639.508,7737.438,0.107488,0.705094,82.826,102.422,0.35896,0.74704,0.921349,C,0.0,0.04795
10782.373,0.55416,154.289,2.7301,17,0.7226,12.285,1.99156,6.1942,4103.034,6679.339,11201.645,0.170524,0.789829,82.921,102.036,0.38053,1.03888,0.882905,C,0.0,-0.041591
11340.244,0.4731,156.336,1.059,18,0.7123,12.821,1.98763,4.52968,4712.66,6627.584,4990.742,0.24261,0.637001,83.958,101.137,0.41557,0.44009,0.786894,C,0.0,-0.046642
9176.295,0.41976,158.324,3.4611,18,0.6528,11.75,1.98386,6.2447,4030.504,5145.791,13949.867,0.104767,0.666473,82.22,101.436,0.43923,1.52021,0.890372,C,0.0,0.047011
9765.764,0.53642,177.795,2.8985,23,0.7333,16.867,1.94965,8.37242,3284.002,6481.762,9518.815,0.08455,0.765366,82.707,103.055,0.33628,0.97471,0.946997,C,0.0,-0.031499
10651.542,0.53817,191.037,1.5613,16,0.7963,12.74,1.92875,5.10138,4179.256,6472.285,6525.099,0.234538,0.734226,85.157,103.452,0.39236,0.6126,0.829006,C,0.001,0.026088
8459.387,0.36632,178.612,1.8219,16,0.6733,10.772,1.94831,4.63874,4070.534,4388.853,7416.197,0.143182,0.573264,83.51,101.825,0.48119,0.87668,0.811918,C,0.0,0.04402
12069.678,0.65801,175.768,3.6526,27,0.683,18.441,1.953,9.69073,2863.422,9206.256,10458.956,0.099124,0.831836,82.824,103.397,0.23724,0.86655,0.964261,C,0.0,0.039812
10014.061,0.37344,187.767,3.4652,22,0.8491,18.68,1.93375,9.55971,4591.136,5422.926,15908.975,0.028707,0.665288,82.326,102.852,0.45847,1.58866,0.964757,C,-0.001,0.045606
10020.127,0.42103,202.902,3.2128,20,0.7912,15.824,1.9114,7.81814,4139.757,5880.37,13300.29,0.066084,0.670911,83.33,103.542,0.41314,1.32736,0.935154,C,0.0,-0.002548
7099.46,0.57064,192.542,3.2393,21,0.8455,17.757,1.92648,8.89649,2466.062,4633.397,7988.424,0.066643,0.838888,82.992,104.209,0.34736,1.12522,0.959433,C,0.001,-0.011058
7561.451,0.32377,128.838,1.8432,19,0.6619,12.576,2.04615,5.83695,3512.703,4048.749,6474.576,0.083749,0.53202,80.621,98.854,0.46455,0.85626,0.879837,C,-0.001,-0.029816
8449.054,0.64712,166.481,4.0553,22,0.7968,17.53,1.96897,9.52765,2205.331,6243.722,8943.218,0.084216,0.845939,82.274,103.038,0.26102,1.05849,0.966032,C,0.001,0.019724
9678.789,0.63422,179.762,3.4317,23,0.8678,19.959,1.94643,10.29341,3216.359,6462.43,11037.419,0.051507,0.924243,82.342,104.195,0.33231,1.14037,0.973012,C,0.0,-0.039134
8834.533,0.44802,169.734,1.3878,18,0.8459,15.227,1.96326,5.97033,3821.323,5013.21,5303.265,0.12368,0.695241,82.921,102.204,0.43254,0.60029,0.880591,C,0.0,0.037112
10488.667,0.62743,176.263,1.9636,26,0.8478,22.044,1.95218,9.77035,3085.627,7403.04,6059.015,0.070818,0.859433,82.469,103.603,0.29419,0.57767,0.966795,C,0.0,-0.030473
10189.316,0.51242,207.391,2.3274,25,0.7378,18.445,1.90513,8.31569,3892.939,6296.377,9060.461,0.073441,0.78383,83.571,104.473,0.38206,0.88921,0.945242,C,0.0,0.018788
9994.021,0.43847,180.137,3.6066,17,0.8967,15.243,1.94582,7.94455,4218.81,5775.211,15215.449,0.06439,0.711738,82.526,102.81,0.42213,1.52246,0.938009,C,0.0,-0.007915
7000.0,0.69095,171.706,3.1222,16,0.6725,10.759,1.95986,5.48344,1630.523,5369.477,5090.813,0.396057,0.780496,86.591,102.863,0.23293,0.72726,0.866481,C,0.0,0.014632
12128.234,0.49014,164.291,1.1381,17,0.8408,14.293,1.97288,5.16984,4252.452,7875.782,4839.913,0.243517,0.623308,84.291,101.458,0.35062,0.39906,0.8258,C,0.0,-0.049668
9672.674,0.48587,141.264,1.2429,16,0.8595,13.752,2.01808,5.35091,3897.593,5775.081,4844.376,0.183499,0.689946,82.525,100.65,0.40295,0.50083,0.847819,C,0.0,-0.036337
11007.782,0.53716,146.221,2.2059,19,0.7272,13.816,2.00767,6.62573,4108.445,6899.337,9062.739,0.145858,0.770174,82.25,101.463,0.37323,0.8233,0.898655,C,0.0,0.000634
8964.124,0.56059,137.305,2.7461,18,0.7738,13.929,2.02671,7.21299,2707.302,6256.822,7434.472,0.14405,0.740832,81.822,100.752,0.30202,0.82936,0.922395,C,0.0,-0.042536
9999.553,0.62312,207.252,2.8588,16,0.6743,10.788,1.90532,5.15234,3293.749,6705.804,9416.209,0.311662,0.7761,86.711,104.416,0.32939,0.94166,0.835251,C,0.0,0.01058
10946.712,0.31336,174.698,2.1501,24,0.6898,16.554,1.95479,7.5737,5483.33,5463.382,11789.706,0.045417,0.582282,82.075,101.699,0.50091,1.07701,0.9274,C,0.0,-0.003724
10259.905,0.59143,143.441,1.4299,18,0.7225,13.004,2.01346,5.35563,3188.884,7071.021,4559.642,0.294243,0.725451,84.085,101.01,0.31081,0.44441,0.845368,C,0.0,0.029564
11324.74,0.62606,154.491,3.724,24,0.8802,21.125,1.99117,11.46911,3237.96,8086.78,12058.065,0.041111,0.860269,81.221,102.512,0.28592,1.06475,0.981225,C,0.0,0.044807
10282.587,0.63441,170.25,1.8464,21,0.818,17.178,1.96237,7.51193,3094.871,7187.716,5714.269,0.153343,0.841554,83.332,103.195,0.30098,0.55572,0.927251,C,0.0,-0.051936
13000.0,0.45012,161.792,1.9482,19,0.7984,15.169,1.97743,6.83432,4885.704,8114.296,9518.469,0.119381,0.649266,82.553,101.502,0.37582,0.73219,0.900324,C,0.0,-0.036736
7258.437,0.30774,187.542,3.9525,27,0.8857,23.914,1.9341,12.58956,3569.699,3688.738,14109.154,0.007006,0.598775,82.032,102.403,0.4918,1.94383,0.988804,C,0.0,-0.022005
9200.049,0.37242,180.295,3.1276,16,0.8005,12.809,1.94557,6.45953,4617.018,4583.031,14440.063,0.075517,0.671528,82.678,102.552,0.50185,1.56956,0.898239,C,0.0,-0.014741
12130.709,0.34707,194.43,2.6962,27,0.6796,18.35,1.92366,8.75729,6199.19,5931.519,16713.974,0.033709,0.674568,82.621,103.206,0.51103,1.37782,0.950366,C,0.0,0.023768
10044.152,0.58492,158.046,3.2041,17,0.8169,13.887,1.98439,7.25342,3187.858,6856.294,10214.27,0.145727,0.789118,82.749,102.231,0.31738,1.01694,0.920926,C,0.0,0.043396
9787.235,0.46517,146.104,1.9639,27,0.6833,18.45,2.00791,8.52182,4116.314,5670.921,8083.867,0.055673,0.762411,81.054,101.405,0.42058,0.82596,0.949664,C,0.0,-0.011995
7328.367,0.3642,154.004,2.773,26,0.6783,17.636,1.99211,8.93336,3507.04,3821.327,9724.993,0.030706,0.670261,81.064,101.232,0.47856,1.32703,0.959652,C,0.0,0.017635
12435.778,0.45246,168.378,1.1191,23,0.8628,19.844,1.96563,7.08231,4872.512,7563.266,5452.932,0.103895,0.677012,82.607,102.017,0.39181,0.43849,0.91003,C,0.0,0.040638
7133.085,0.41356,183.523,4.388,16,0.791,12.656,1.94039,6.83233,3293.924,3839.161,14453.621,0.074905,0.704118,82.786,102.916,0.46178,2.02628,0.916361,C,0.0,0.00489
10805.855,0.63035,126.473,2.9675,19,0.7205,13.69,2.05184,7.35927,2905.17,7900.686,8621.221,0.182731,0.794941,81.809,100.438,0.26885,0.79783,0.922063,C,-0.001,0.02685
10938.457,0.69278,190.343,1.5314,21,0.7925,16.643,1.9298,6.61933,2390.221,8548.237,3660.41,0.321375,0.796627,86.279,103.833,0.21852,0.33464,0.898632,C,-0.001,0.03057
11812.439,0.66925,170.682,3.3064,22,0.7147,15.723,1.96162,8.13366,2862.786,8949.653,9465.652,0.168964,0.829285,83.555,103.135,0.24235,0.80133,0.938814,C,0.0,-0.045961
12368.415,0.41666,176.532,3.0546,24,0.6868,16.483,1.95173,8.30385,5770.751,6597.663,17627.428,0.052295,0.735356,82.234,102.797,0.46657,1.4252,0.94144,C,0.001,0.011297
8746.549,0.68303,189.039,1.0518,16,0.7454,11.927,1.93179,4.02572,2186.922,6559.627,2300.211,0.642505,0.696543,90.473,103.115,0.25003,0.26298,0.764803,C,0.0,-0.015226
9184.81,0.38486,159.911,1.4073,17,0.8728,14.838,1.9809,5.92936,4237.949,4946.861,5964.169,0.102138,0.627071,82.25,101.258,0.46141,0.64935,0.877548,C,0.0,-0.022732
9458.689,0.56841,173.642,2.7802,27,0.7854,21.204,1.95657,10.46729,2977.542,6481.147,8278.034,0.045547,0.808618,82.038,103.142,0.31479,0.87518,0.974775,C,0.0,0.023184
7704.764,0.39593,182.733,3.7727,24,0.7541,18.098,1.94165,9.49253,3424.519,4280.245,12919.821,0.029916,0.688776,82.164,102.779,0.44447,1.67686,0.966417,C,0.0,-0.03073
11303.732,0.41078,165.444,1.6936,23,0.8589,19.755,1.97082,8.42713,5590.074,5713.658,9467.285,0.045199,0.768452,81.718,102.474,0.49453,0.83754,0.945586,C,0.0,0.009359
9928.361,0.56036,146.811,3.1828,21,0.8727,18.326,2.00646,9.71051,3230.369,6697.992,10281.61,0.057429,0.802918,81.108,101.712,0.32537,1.03558,0.966654,C,0.0,0.001168
10256.361,0.48279,176.346,2.7774,19,0.8246,15.668,1.95204,7.70562,4075.555,6180.806,11319.346,0.082531,0.746721,82.626,102.863,0.39737,1.10364,0.932072,C,0.0,-0.02874
8317.366,0.31549,158.745,1.8396,27,0.868,23.436,1.98307,10.39481,3701.743,4615.623,6809.89,0.017702,0.554318,81.088,100.718,0.44506,0.81876,0.975028,C,0.0,-0.005365
10399.143,0.48045,166.409,3.3488,23,0.6944,15.972,1.9691,8.33366,3866.16,6532.983,12946.806,0.070761,0.722896,82.094,102.222,0.37178,1.24499,0.945244,C,0.0,0.027628
9153.779,0.37867,180.721,1.5032,21,0.6748,14.172,1.94488,5.66099,4428.836,4724.943,6657.44,0.105175,0.635016,83.085,102.331,0.48383,0.72729,0.865617,C,0.0,0.044264
9785.082,0.48551,150.525,1.9746,16,0.76,12.159,1.99895,5.59056,3637.356,6147.726,7182.329,0.183395,0.664263,82.932,101.003,0.37172,0.73401,0.859587,C,0.0,-0.024658
8341.079,0.31565,199.212,1.7762,23,0.6543,15.049,1.91667,6.26427,4618.111,3722.968,8202.907,0.060479,0.632175,83.135,103.132,0.55366,0.98343,0.893918,C,0.0,-0.004444
11441.403,0.66677,179.82,1.5374,25,0.68,17.0,1.94634,6.85952,2971.003,8470.4,4567.718,0.242814,0.815479,84.87,103.48,0.25967,0.39923,0.905438,C,0.0,-0.050166
9222.805,0.63286,198.767,1.5426,22,0.7246,15.942,1.91731,6.29558,2670.121,6552.684,4118.897,0.235746,0.794675,85.433,104.185,0.28951,0.4466,0.892154,C,0.0,0.019869
7080.59,0.61162,158.992,4.1054,21,0.6536,13.727,1.98261,7.55455,2148.829,4931.761,8821.707,0.130685,0.821166,82.589,102.492,0.30348,1.2459,0.935155,C,0.0,0.016285
11431.392,0.36091,169.473,2.9543,16,0.841,13.456,1.96372,6.78431,5619.701,5811.691,16602.522,0.071253,0.64099,82.219,101.833,0.4916,1.45236,0.902944,C,0.0,0.047317
9556.392,0.35872,165.984,2.472,24,0.8435,20.244,1.96985,9.7719,4565.974,4990.418,11287.248,0.024229,0.664754,81.463,101.817,0.47779,1.18112,0.967728,C,0.0,0.039627
8716.51,0.49922,153.685,1.039,22,0.839,18.458,1.99273,6.48525,3175.268,5541.243,3299.142,0.136153,0.707271,82.442,101.459,0.36428,0.37849,0.90065,C,-0.001,-0.02662
12897.449,0.32539,153.353,1.631,25,0.756,18.901,1.99338,8.08277,6647.386,6250.063,10842.083,0.040537,0.628358,81.166,100.92,0.5154,0.84064,0.935791,C,0.0,-0.041243
9784.263,0.637,167.046,3.7262,20,0.7014,14.029,1.96797,7.48792,2851.795,6932.469,10626.261,0.157959,0.834066,83.269,102.987,0.29147,1.08606,0.927724,C,-0.001,-0.027844
7937.822,0.49921,162.043,3.7646,23,0.7303,16.797,1.97697,9.04549,2531.676,5406.146,9530.704,0.061929,0.703982,81.805,101.876,0.31894,1.20067,0.960434,C,0.0,0.026484
9385.024,0.42553,153.16,1.0447,24,0.837,20.089,1.99376,7.08253,3546.351,5838.673,3705.018,0.092669,0.627714,81.846,100.905,0.37787,0.39478,0.91771,C,0.0,-0.044322
11134.448,0.38754,125.364,2.741,27,0.6645,17.943,2.05455,9.46616,5762.011,5372.437,15793.556,0.028188,0.772946,79.713,100.221,0.51749,1.41844,0.96236,C,0.0,0.020722
9494.816,0.60948,145.884,2.6913,17,0.8565,14.56,2.00836,7.40232,2850.973,6643.844,7672.734,0.149846,0.806715,82.287,101.685,0.30027,0.8081,0.926177,C,-0.001,0.004943
12422.709,0.42469,205.113,3.1964,22,0.815,17.93,1.90829,8.82533,4964.773,7457.936,15869.296,0.051926,0.672844,83.214,103.647,0.39965,1.27744,0.951135,C,0.0,-0.028008
11717.768,0.6626,154.763,3.2288,27,0.6547,17.677,1.99064,9.2921,3775.644,7942.125,12190.865,0.083656,0.937824,81.794,103.038,0.32222,1.04037,0.959319,C,-0.001,0.022366
8908.865,0.41349,181.672,1.5934,26,0.7754,20.16,1.94335,8.22969,4208.375,4700.49,6705.76,0.047509,0.741146,82.359,103.075,0.47238,0.75271,0.945724,C,0.0,0.041539
10399.723,0.43891,153.797,1.0448,22,0.7591,16.701,1.99251,5.88293,5012.572,5387.151,5237.203,0.117568,0.737906,82.201,101.667,0.48199,0.50359,0.870892,C,0.0,0.013311
11002.538,0.69926,133.498,1.93,23,0.8293,19.073,2.03527,8.92808,2821.72,8180.818,5446.049,0.123421,0.897871,81.371,101.559,0.25646,0.49498,0.954734,C,0.0,0.055979
9112.275,0.62651,174.292,2.3525,23,0.659,15.157,1.95547,7.13255,2292.768,6819.507,5393.68,0.199666,0.770023,84.096,102.919,0.25161,0.59191,0.919812,C,0.0,-0.033644
9444.113,0.66795,185.451,3.8447,24,0.7584,18.202,1.93736,9.55255,2337.947,7106.166,8988.802,0.093702,0.856875,83.103,104.012,0.24756,0.95179,0.965272,C,-0.0,0.028977
11312.254,0.63997,179.643,1.6073,26,0.6594,17.143,1.94662,7.03937,2793.505,8518.749,4489.898,0.229255,0.774647,84.684,103.202,0.24695,0.39691,0.911537,C,0.0,0.054847
10636.075,0.4988,172.08,3.6288,26,0.7293,18.961,1.95922,9.99716,3936.281,6699.793,14284.164,0.041518,0.767466,81.926,102.795,0.37009,1.34299,0.969196,C,0.001,-0.015639
7837.03,0.57382,167.318,3.5014,19,0.7099,13.488,1.96749,7.10044,2626.613,5210.417,9196.726,0.133384,0.795841,82.956,102.749,0.33515,1.1735,0.922093,C,-0.0,0.032931
9039.342,0.4437,187.673,2.2586,17,0.7417,12.609,1.9339,5.76418,4020.479,5018.863,9080.711,0.128848,0.695927,83.645,103.05,0.44478,1.00458,0.87084,C,0.0,-0.036904
9333.059,0.3519,161.19,2.6402,17,0.6853,11.65,1.97853,5.76588,4665.192,4667.867,12316.996,0.0917,0.61196,82.163,101.225,0.49986,1.31972,0.869746,C,-0.0,-0.042534
9717.102,0.52509,175.368,2.3665,19,0.8845,16.805,1.95367,7.91138,3156.759,6560.343,7470.544,0.100524,0.729381,82.828,102.702,0.32487,0.7688,0.937807,C,0.0,0.03351
8825.305,0.61261,211.352,2.5406,26,0.7668,19.937,1.89973,9.18044,2093.998,6731.307,5320.115,0.100209,0.772016,84.05,104.555,0.23727,0.60283,0.961188,C,0.0,-0.044054
12410.781,0.42139,130.415,1.1601,17,0.8583,14.59,2.04242,5.59591,5175.091,7235.69,6003.734,0.152862,0.613451,81.61,99.49,0.41698,0.48375,0.848738,C,0.0,-0.037021
8370.98,0.38202,168.309,2.9431,16,0.7557,12.091,1.96575,6.09956,3951.082,4419.898,11628.484,0.09104,0.642135,82.435,101.783,0.472,1.38914,0.887517,C,0.0,0.004072
8295.941,0.61417,203.734,2.5733,21,0.8021,16.844,1.91022,7.85087,2572.101,5723.84,6618.769,0.120427,0.836045,84.074,104.667,0.31004,0.79783,0.939207,C,0.0,-0.020136
10233.885,0.57418,128.882,3.9618,26,0.7618,19.807,2.04604,11.32213,3168.597,7065.288,12553.393,0.035503,0.815763,79.986,100.729,0.30962,1.22665,0.980856,C,0.0,-0.003145
7324.956,0.65496,138.023,1.0578,19,0.7891,14.992,2.02512,5.43796,2116.758,5208.198,2239.11,0.310767,0.794856,84.056,101.152,0.28898,0.30568,0.862886,C,0.0,-0.032781
8519.58,0.5697,156.502,1.2453,26,0.7618,19.808,1.98731,7.54505,2383.509,6136.071,2968.253,0.138755,0.737101,82.594,101.806,0.27977,0.3484,0.93186,C,0.0,-0.023135
11600.648,0.66487,166.119,3.0136,26,0.8125,21.125,1.96961,10.75171,2151.934,9448.715,6485.111,0.08719,0.796434,82.299,102.693,0.1855,0.55903,0.975674,C,-0.001,0.017828
7898.72,0.66143,189.275,2.3106,27,0.8023,21.661,1.93143,9.95161,2036.923,5861.797,4706.487,0.07381,0.865627,82.974,104.241,0.25788,0.59585,0.971223,C,0.0,-0.024669
8532.613,0.59853,156.257,3.748,23,0.8929,20.538,1.98778,11.13792,2553.994,5978.619,9572.251,0.038761,0.837659,81.264,102.457,0.29932,1.12184,0.980616,C,0.0,-0.014515
12083.183,0.46209,133.947,1.6103,19,0.6753,12.832,2.03425,5.62115,5083.15,7000.033,8185.166,0.163179,0.679139,81.917,100.142,0.42068,0.6774,0.851442,C,0.0,0.059287
10604.28,0.62227,200.517,2.826,21,0.7827,16.436,1.91479,7.88624,3252.871,7351.409,9192.528,0.130695,0.839777,84.104,104.557,0.30675,0.86687,0.935573,C,0.0,0.047144
10109.111,0.33946,170.436,1.0278,22,0.6969,15.333,1.96205,5.23783,4995.292,5113.819,5134.198,0.110204,0.563408,82.77,101.369,0.49414,0.50788,0.839582,C,0.0,-0.028875
10345.137,0.49799,165.003,3.2878,27,0.7135,19.264,1.9716,10.02731,3822.725,6522.412,12568.273,0.040726,0.765985,81.642,102.436,0.36952,1.2149,0.96978,C,0.0,0.02072
9417.205,0.58444,169.223,2.6284,16,0.726,11.616,1.96415,5.68038,3196.532,6220.673,8401.702,0.231678,0.765705,84.327,102.644,0.33944,0.89217,0.865444,C,0.0,0.02473
10533.496,0.32029,146.309,3.1631,25,0.6854,17.136,2.00749,9.07329,4767.942,5765.555,15081.372,0.030027,0.560323,80.724,100.083,0.45265,1.43175,0.957565,C,-0.001,0.033365
9335.267,0.30895,158.174,3.9252,20,0.6683,13.366,1.98414,7.29885,4868.885,4466.381,19111.386,0.045123,0.596561,81.426,100.966,0.52156,2.04722,0.923826,C,0.001,-0.036674
13000.0,0.48407,175.444,3.1346,25,0.7436,18.591,1.95354,9.43829,5052.852,7947.148,15838.887,0.049899,0.760118,82.162,102.909,0.38868,1.21838,0.959934,C,0.0,0.007495
10830.757,0.67053,177.612,1.2913,19,0.7132,13.552,1.94995,5.10021,3219.641,7611.116,4157.607,0.387892,0.790085,86.704,103.209,0.29727,0.38387,0.828033,C,0.0,0.04592
9339.47,0.474,139.08,4.5349,17,0.7524,12.79,2.0228,7.38263,3243.032,6096.438,14706.791,0.100988,0.672419,81.336,100.406,0.34724,1.57469,0.926018,C,-0.0,0.040721
10422.224,0.4932,174.089,1.4338,17,0.6604,11.226,1.95582,4.43658,4479.002,5943.222,6422.069,0.245976,0.679509,84.7,102.312,0.42975,0.61619,0.785665,C,0.0,0.041043
10147.564,0.40531,143.011,3.1845,25,0.7078,17.694,2.01436,9.43017,4720.817,5426.747,15033.662,0.032258,0.72984,80.608,101.014,0.46522,1.4815,0.962974,C,0.0,-0.03198
7847.996,0.65295,187.124,3.8293,19,0.8482,16.117,1.93475,8.43409,2225.817,5622.179,8523.239,0.112501,0.866914,83.41,104.154,0.28362,1.08604,0.951134,C,0.0,-0.003336
8666.292,0.55127,167.833,1.4948,16,0.7779,12.446,1.96658,5.04347,2787.857,5878.434,4167.347,0.281558,0.679178,84.932,102.004,0.32169,0.48087,0.835698,C,0.001,0.020302
12284.901,0.49709,161.901,1.98,25,0.7038,17.594,1.97723,7.9691,4788.123,7496.777,9480.578,0.083773,0.761068,82.087,102.245,0.38976,0.77173,0.934315,C,0.001,0.028932
8249.709,0.52888,179.486,3.4861,23,0.6849,15.752,1.94688,8.15519,2146.02,6103.689,7481.217,0.110949,0.67582,83.117,102.543,0.26013,0.90685,0.945429,C,0.0,0.012223
9102.509,0.53596,205.447,3.1164,21,0.8402,17.644,1.90783,8.62845,3045.624,6056.885,9491.338,0.07607,0.76721,83.544,104.283,0.33459,1.04272,0.952511,C,0.0,-0.002635
11994.965,0.41678,177.714,3.2942,24,0.8233,19.759,1.94978,10.12092,5127.166,6867.799,16890.126,0.029913,0.705591,81.982,102.656,0.42744,1.4081,0.969322,C,0.0,0.035432
11992.261,0.37582,214.95,1.8616,22,0.8969,19.733,1.89493,8.20522,5696.315,6295.946,10604.439,0.047454,0.672906,83.465,104.045,0.475,0.88427,0.940022,C,0.0,0.038758
8539.029,0.41944,182.056,3.275,22,0.714,15.709,1.94273,7.99187,3932.563,4606.466,12878.957,0.053107,0.732185,82.446,103.034,0.46054,1.50825,0.94169,C,0.0,-0.021608
12009.869,0.33561,170.892,1.0165,18,0.6525,11.744,1.96126,3.98778,6228.85,5781.019,6331.632,0.169918,0.514141,83.575,101.066,0.51864,0.5272,0.737413,C,0.0,-0.020489
9498.414,0.63246,178.888,1.9855,19,0.6952,13.209,1.94785,5.857,3068.738,6429.675,6093.1,0.248234,0.815849,84.907,103.439,0.32308,0.64149,0.873196,C,0.001,-0.042109
12330.106,0.61149,177.111,3.6789,27,0.8737,23.59,1.95077,12.39448,3546.182,8783.923,13046.163,0.029713,0.846364,81.958,103.557,0.2876,1.05807,0.986025,C,0.001,-0.027394
11089.385,0.52555,175.123,3.9611,16,0.7589,12.143,1.95408,6.49505,3938.391,7150.994,15600.169,0.157363,0.728329,83.569,102.683,0.35515,1.40677,0.893659,C,0.0,-0.007045
9670.639,0.52063,208.184,2.7565,21,0.7597,15.954,1.90404,7.539,3430.539,6240.1,9456.24,0.103839,0.749771,83.998,104.28,0.35474,0.97783,0.929248,C,-0.0,-0.044974
11087.222,0.59402,149.032,1.5836,23,0.8701,20.012,2.00194,8.51418,2839.434,8247.788,4496.509,0.12166,0.756637,82.053,101.531,0.2561,0.40556,0.947549,C,-0.0,0.004503
10668.723,0.53854,168.269,3.3619,26,0.6752,17.555,1.96582,9.14537,3036.066,7632.656,10206.953,0.078618,0.721484,82.27,102.305,0.28458,0.95672,0.958457,C,0.001,0.005466
8799.744,0.59338,168.936,3.4934,22,0.8218,18.079,1.96465,9.49199,3024.77,5774.974,10566.739,0.060031,0.872737,82.05,103.336,0.34373,1.2008,0.965225,C,0.0,-0.021357
13000.0,0.37009,176.859,1.0193,23,0.7646,17.586,1.95119,5.93369,6373.982,6626.018,6497.133,0.103117,0.626915,82.917,102.097,0.49031,0.49978,0.863388,C,0.0,-0.045976
9548.57,0.64276,175.494,1.3051,17,0.6828,11.608,1.95346,4.40089,2537.202,7011.369,3311.386,0.511399,0.690291,88.256,102.45,0.26572,0.34679,0.788588,C,-0.001,0.031369
11427.271,0.37221,181.011,1.1163,27,0.6515,17.59,1.94441,6.16988,5430.428,5996.843,6062.25,0.094246,0.623919,82.952,102.271,0.47522,0.53051,0.879672,C,0.0,0.004134
9276.286,0.45874,147.811,2.5046,26,0.865,22.489,2.00442,11.17576,3540.632,5735.654,8867.799,0.023527,0.727391,80.704,101.27,0.38169,0.95596,0.980424,C,0.0,0.039892
7264.848,0.39333,198.565,2.4908,25,0.6694,16.736,1.9176,7.77505,3510.623,3754.224,8744.374,0.049157,0.715172,82.964,103.652,0.48323,1.20366,0.939607,C,0.001,-0.004917
8318.61,0.63861,199.153,3.8269,17,0.8803,14.964,1.91675,7.71916,2079.206,6239.404,7956.871,0.162769,0.797175,84.483,104.218,0.24995,0.95651,0.936293,C,0.0,0.020367
9808.775,0.5535,163.048,3.1463,25,0.668,16.701,1.97513,8.62577,3013.947,6794.828,9482.899,0.087489,0.760203,82.182,102.298,0.30727,0.96678,0.951431,C,-0.0,0.021123
11024.177,0.65065,175.673,3.0821,23,0.7455,17.147,1.95316,8.66724,2853.691,8170.486,8795.379,0.124733,0.834332,83.159,103.409,0.25886,0.79783,0.950376,C,0.0,0.0334
12773.766,0.56773,142.25,1.2913,20,0.6878,13.755,2.01598,5.43501,3739.437,9034.329,4828.717,0.313493,0.672956,84.286,100.595,0.29274,0.37802,0.83835,C,0.0,0.056941
10233.723,0.59468,196.425,3.6778,21,0.6809,14.298,1.92072,7.3375,3471.993,6761.73,12769.462,0.135347,0.830535,84.03,104.322,0.33927,1.24778,0.922783,C,0.0,0.013132
9598.446,0.52126,194.38,4.3218,17,0.7465,12.691,1.92374,6.74285,3548.014,6050.433,15333.757,0.131546,0.749796,83.911,103.701,0.36964,1.59752,0.906717,C,-0.001,-0.031549
8222.705,0.38717,205.476,3.828,18,0.8008,14.414,1.90779,7.38196,4035.806,4186.899,15448.905,0.056378,0.706019,83.285,103.881,0.49081,1.87881,0.92853,C,0.0,0.023779
9937.6,0.60737,174.531,3.805,22,0.7916,17.416,1.95507,9.24625,2933.54,7004.06,11162.054,0.080737,0.827949,82.535,103.313,0.2952,1.12321,0.96076,C,0.0,-0.04958
10371.643,0.65867,219.444,3.6924,22,0.8629,18.984,1.88906,9.50177,2427.825,7943.818,8964.527,0.102285,0.828709,84.326,105.249,0.23408,0.86433,0.963649,C,0.0,0.046544
7010.077,0.46128,180.246,2.3519,18,0.663,11.935,1.94565,5.57373,2806.499,4203.578,6600.698,0.149102,0.669703,83.648,102.538,0.40035,0.9416,0.870592,C,0.0,0.004907
12075.751,0.69415,199.747,3.7363,20,0.7057,14.115,1.91589,7.23963,2930.331,9145.42,10948.595,0.241124,0.839304,85.537,104.521,0.24266,0.90666,0.915707,C,0.0,0.021837
11740.888,0.62693,185.907,3.8405,16,0.7619,12.191,1.93664,6.39293,2863.582,8877.307,10997.527,0.288653,0.736053,85.692,103.235,0.2439,0.93669,0.887704,C,-0.001,-0.03507
13000.0,0.54098,174.163,1.9466,16,0.6791,10.865,1.95569,4.81441,4536.367,8463.633,8830.594,0.313353,0.662978,85.592,102.206,0.34895,0.67928,0.797875,C,0.0,0.053312
8625.615,0.39071,157.839,2.9995,24,0.6881,16.515,1.98478,8.49056,3352.515,5273.1,10055.99,0.049363,0.607736,81.469,101.023,0.38867,1.16583,0.950895,C,0.0,-0.028863
10674.999,0.64176,181.761,3.093,18,0.7699,13.858,1.9432,6.95709,2694.007,7980.991,8332.692,0.227272,0.781666,84.735,103.347,0.25237,0.78058,0.910627,C,0.001,0.045688
10505.846,0.31299,165.952,3.6737,27,0.7806,21.077,1.96991,11.23247,4937.221,5568.624,18137.77,0.013263,0.578725,81.317,101.247,0.46995,1.72645,0.980085,C,0.001,0.040453
7985.881,0.34591,198.773,3.6064,24,0.8071,19.37,1.9173,9.87141,3912.828,4073.053,14111.219,0.020953,0.658089,82.598,103.284,0.48997,1.76702,0.970321,C,0.0,-0.020764
8855.39,0.57073,154.632,3.7781,18,0.803,14.454,1.9909,7.87001,2964.434,5890.956,11199.853,0.104775,0.805213,82.067,102.156,0.33476,1.26475,0.938545,C,0.0,-0.036191
8450.866,0.5777,153.794,1.8813,16,0.7567,12.108,1.99252,5.45025,2533.303,5917.562,4766.007,0.272769,0.708241,84.25,101.471,0.29977,0.56397,0.85846,C,0.001,-0.001266
10754.705,0.52345,180.71,2.7464,22,0.8331,18.329,1.9449,8.93798,3642.058,7112.647,10002.618,0.069222,0.756034,82.61,103.129,0.33865,0.93007,0.955216,C,0.0,0.036831
10430.879,0.44673,161.582,2.6807,18,0.8715,15.687,1.97781,7.79181,4061.928,6368.952,10888.85,0.076003,0.683163,81.972,101.715,0.38941,1.04391,0.933748,C,-0.001,0.035507
11916.013,0.59571,189.678,2.5314,18,0.8122,14.619,1.93082,6.89473,3155.583,8760.43,7988.193,0.212979,0.73357,84.825,103.388,0.26482,0.67037,0.905321,C,0.0,0.026557
9460.578,0.61549,184.963,1.6183,21,0.7324,15.381,1.93812,6.29048,2761.663,6698.915,4469.167,0.229461,0.774631,84.878,103.447,0.29191,0.4724,0.891172,C,0.0,0.009974
8392.85,0.34094,187.444,2.0509,23,0.8933,20.546,1.93425,9.11176,3847.648,4545.203,7891.034,0.029169,0.604861,82.321,102.438,0.45844,0.94021,0.960779,C,-0.001,0.010203
10614.813,0.30644,187.765,1.2617,20,0.7485,14.97,1.93375,5.50723,5585.553,5029.26,7047.337,0.086299,0.550922,83.087,102.097,0.5262,0.66392,0.851809,C,0.0,0.04568
10505.838,0.5126,171.941,2.3916,18,0.6855,12.339,1.95946,5.85278,3937.905,6567.933,9417.757,0.178996,0.712615,83.735,102.427,0.37483,0.89643,0.869112,C,0.0,0.015741
11397.171,0.31395,167.442,2.136,22,0.6702,14.744,1.96727,6.79515,5481.656,5915.515,11708.903,0.063051,0.546442,82.032,101.109,0.48097,1.02735,0.903406,C,0.0,0.032095
11729.757,0.53563,158.476,1.4961,22,0.8425,18.534,1.98358,7.60855,4021.725,7708.032,6016.936,0.114601,0.755299,82.356,102.03,0.34287,0.51296,0.926642,C,0.0,0.047174
8998.179,0.35789,180.138,1.3155,20,0.708,14.16,1.94582,5.35502,4278.327,4719.851,5627.94,0.112045,0.58073,83.155,101.946,0.47547,0.62545,0.851144,C,0.001,0.034062
11171.42,0.34211,160.458,2.8548,25,0.8147,20.368,1.97988,10.30285,5392.629,5778.791,15394.809,0.019925,0.642764,81.187,101.39,0.48272,1.37805,0.971885,C,0.0,0.007545
8499.892,0.5935,207.194,2.16,19,0.6871,13.055,1.9054,5.75323,2360.008,6139.885,5097.603,0.272532,0.716878,86.193,104.023,0.27765,0.59973,0.872505,C,-0.001,-0.040277
10238.378,0.31647,198.708,1.7248,22,0.7005,15.411,1.91739,6.35046,5122.068,5116.31,8834.736,0.069011,0.564201,83.231,102.662,0.50028,0.8629,0.890905,C,0.0,0.033233
10955.276,0.34085,152.674,2.5219,27,0.7752,20.931,1.99471,10.34928,5199.266,5756.011,13112.115,0.019742,0.630893,80.863,100.9,0.47459,1.19688,0.972512,C,-0.001,0.034867
9778.471,0.56379,190.235,2.3751,20,0.8583,17.165,1.92997,7.94216,2854.775,6923.696,6780.435,0.119039,0.747171,83.604,103.502,0.29194,0.6934,0.938359,C,0.0,-0.01026
10463.989,0.63024,145.154,4.1594,20,0.6519,13.037,2.00988,7.33712,3090.76,7373.229,12855.789,0.165912,0.82488,82.467,101.764,0.29537,1.22857,0.922243,C,-0.0,0.001117
7915.524,0.52266,162.253,3.69,22,0.7007,15.415,1.97658,8.26393,3159.47,4756.053,11658.385,0.068061,0.824656,81.894,102.683,0.39915,1.47285,0.948023,C,0.001,-0.016557
9023.657,0.56881,202.772,3.2634,26,0.6743,17.531,1.91158,8.69466,2396.261,6627.396,7820.042,0.099149,0.738623,83.762,103.984,0.26555,0.86662,0.953711,C,0.0,0.012341
10173.242,0.5235,145.1,3.1884,23,0.7554,17.373,2.00999,9.23289,4544.239,5629.003,14488.713,0.046531,0.908559,80.889,102.313,0.44669,1.4242,0.960297,C,0.0,-0.037135
8557.655,0.43556,162.353,2.2299,21,0.6662,13.991,1.9764,6.58053,3586.736,4970.919,7998.058,0.099364,0.678135,82.311,101.721,0.41913,0.93461,0.904385,C,0.0,0.02562
9085.59,0.65305,165.582,2.5063,26,0.8401,21.842,1.97057,10.59036,2374.754,6710.835,5951.817,0.059681,0.86303,81.915,103.105,0.26138,0.65508,0.976114,C,0.001,-0.035074
12810.465,0.3156,135.151,1.8159,16,0.787,12.592,2.03152,5.75557,7031.584,5778.882,12768.812,0.083164,0.598417,80.918,99.683,0.54889,0.99675,0.855359,C,-0.001,0.026872
10474.532,0.39045,141.823,1.3299,19,0.779,14.802,2.01689,5.92724,4760.913,5713.618,6331.439,0.109445,0.624607,81.573,100.251,0.45452,0.60446,0.872597,C,0.001,-0.042902
9151.877,0.44113,183.435,2.2194,19,0.8938,16.982,1.94053,7.76124,3795.659,5356.218,8423.989,0.068528,0.705178,82.699,102.919,0.41474,0.92047,0.935572,C,0.0,-0.028516
8546.801,0.56192,172.492,2.1108,27,0.809,21.844,1.95852,9.96322,2661.922,5884.88,5618.672,0.052782,0.792222,82.09,102.979,0.31145,0.6574,0.970745,C,-0.001,-0.014552
12039.665,0.49711,195.0,1.7227,19,0.7725,14.678,1.92282,6.07157,4544.543,7495.122,7828.737,0.166907,0.697326,84.399,103.381,0.37746,0.65025,0.873265,C,0.0,-0.021614
7000.0,0.50027,165.636,1.8296,25,0.7114,17.785,1.97047,7.79987,2385.669,4614.331,4364.859,0.087123,0.71388,82.279,102.124,0.34081,0.62355,0.940648,C,0.0,-0.035255
9923.424,0.5959,123.813,2.1431,21,0.731,15.352,2.0584,7.55672,3576.452,6346.972,7664.644,0.117149,0.865668,80.809,100.732,0.36041,0.77238,0.929147,C,0.0,0.020029
11469.813,0.59891,168.652,1.703,19,0.7591,14.423,1.96515,6.13897,3305.04,8164.773,5628.455,0.253127,0.738879,84.588,102.439,0.28815,0.49072,0.878214,C,0.0,0.011534
9168.237,0.31324,134.919,3.422,25,0.7344,18.36,2.03204,10.07435,4326.338,4841.899,14804.9,0.019043,0.576119,80.06,99.522,0.47188,1.6148,0.971312,C,-0.0,-0.037907
11131.778,0.64452,184.953,3.7383,25,0.7678,19.194,1.93814,10.02074,2476.34,8655.437,9257.255,0.089807,0.803226,83.034,103.635,0.22246,0.83161,0.969003,C,0.001,-0.01115
8697.979,0.43743,151.304,2.1143,21,0.7273,15.274,1.9974,7.17393,3539.716,5158.264,7484.02,0.083868,0.68005,81.651,101.15,0.40696,0.86043,0.921975,C,-0.001,0.010619
10120.268,0.49413,211.406,3.1515,19,0.6995,13.291,1.89966,6.47418,3875.775,6244.494,12214.551,0.13432,0.717447,84.502,104.197,0.38297,1.20694,0.895896,C,-0.001,0.040442
9975.057,0.37951,136.266,2.5621,16,0.7308,11.693,2.02902,5.95093,4757.68,5217.377,12189.471,0.099052,0.635265,81.18,99.993,0.47696,1.222,0.875516,C,0.0,-0.040837
9838.094,0.68142,161.66,4.0568,25,0.8303,20.756,1.97767,11.35515,2406.481,7431.612,9762.709,0.052097,0.885202,81.66,103.052,0.24461,0.99234,0.981299,C,0.001,0.025767
10183.516,0.36445,215.261,3.3992,27,0.7811,21.09,1.89452,10.41229,4732.476,5451.04,16086.573,0.020612,0.662954,83.12,103.991,0.46472,1.57967,0.973716,C,0.0,0.047839
10262.192,0.56007,186.651,1.8966,24,0.8296,19.91,1.93548,8.60863,3157.551,7104.641,5988.655,0.090157,0.768917,83.098,103.486,0.30769,0.58356,0.95047,C,0.0,-0.008696
11621.452,0.43609,176.595,3.8078,16,0.7243,11.589,1.95163,6.13723,5065.42,6556.032,19287.944,0.122454,0.678422,83.163,102.424,0.43587,1.65968,0.877609,C,-0.0,-0.03828
9504.996,0.53991,179.265,3.3729,24,0.8662,20.788,1.94724,10.68528,3284.256,6220.74,11077.602,0.036572,0.805654,82.127,103.389,0.34553,1.16545,0.976595,C,0.0,-0.033484
8997.728,0.58628,199.081,1.3734,19,0.8183,15.548,1.91685,5.85428,2840.096,6157.633,3900.474,0.232156,0.749619,85.396,103.901,0.31565,0.4335,0.875011,C,-0.001,-0.036047
9358.454,0.33894,155.738,1.2076,23,0.8272,19.025,1.98877,7.1552,4126.834,5231.62,4983.595,0.061612,0.557711,81.544,100.581,0.44097,0.53252,0.919842,C,0.0,-0.040119
9423.496,0.39379,166.818,2.3207,21,0.8146,17.106,1.96837,8.09591,4263.248,5160.248,9893.895,0.050298,0.677565,81.84,101.943,0.45241,1.04992,0.942214,C,0.0,0.042206
7986.996,0.45643,200.886,2.5638,24,0.7206,17.293,1.91426,8.07825,3300.556,4686.44,8461.985,0.061404,0.734636,83.202,103.879,0.41324,1.05947,0.944406,C,0.0,0.009708
7097.336,0.6476,193.933,1.0321,16,0.807,12.912,1.9244,4.29311,1658.708,5438.629,1711.973,0.562989,0.673407,89.591,103.177,0.23371,0.24121,0.796827,C,-0.001,-0.010404
7661.378,0.51871,150.621,2.9063,19,0.8908,16.925,1.99876,8.72074,2623.135,5038.243,7623.731,0.066564,0.754112,81.394,101.601,0.34238,0.99509,0.956063,C,-0.0,0.027519
10196.963,0.63179,180.446,4.0376,18,0.7543,13.577,1.94532,7.24121,3272.826,6924.137,13214.519,0.157034,0.856191,83.76,103.778,0.32096,1.29593,0.920224,C,0.0,0.010514
8717.313,0.49848,174.808,1.4361,18,0.891,16.038,1.95461,6.33615,3558.629,5158.684,5110.571,0.127818,0.754176,83.167,102.839,0.40823,0.58626,0.895325,C,0.0,-0.006322
9130.788,0.43013,148.511,1.2448,23,0.8547,19.657,2.003,7.57188,4201.575,4929.213,5230.074,0.06431,0.741956,81.273,101.405,0.46015,0.5728,0.931202,C,0.0,-0.036606
12982.421,0.49951,184.781,3.8417,16,0.8628,13.805,1.93841,7.24967,5246.251,7736.171,20154.37,0.106486,0.766037,83.248,103.382,0.4041,1.55244,0.913852,C,-0.001,0.003605
11620.398,0.68706,198.164,1.7737,22,0.7369,16.212,1.91818,6.75283,2791.18,8829.218,4950.675,0.282222,0.81504,86.027,104.294,0.2402,0.42603,0.901335,C,-0.0,0.012409
9476.407,0.51298,136.225,3.3993,24,0.814,19.537,2.02911,10.68196,3119.732,6356.675,10604.841,0.036481,0.746841,80.352,100.727,0.32921,1.11908,0.976588,C,0.0,-0.029194
9309.024,0.54069,162.664,3.531,16,0.8176,13.081,1.97583,6.94197,2804.726,6504.298,9903.395,0.154761,0.707102,83.055,101.928,0.30129,1.06385,0.913761,C,0.0,0.031862
12011.662,0.5514,147.482,1.2243,21,0.7559,15.873,2.00509,6.07815,3887.566,8124.096,4759.506,0.215251,0.712256,83.221,101.151,0.32365,0.39624,0.873657,C,0.0,-0.008163
8522.423,0.30471,137.496,3.078,26,0.8196,21.31,2.02628,11.35913,3478.877,5043.547,10708.078,0.013387,0.505651,80.107,99.211,0.4082,1.25646,0.982066,C,-0.001,0.021202
11592.419,0.36735,159.172,2.263,22,0.656,14.431,1.98227,6.84841,5364.671,6227.748,12140.475,0.075682,0.618591,81.87,101.164,0.46277,1.04728,0.904657,C,0.0,0.037226
10665.394,0.39271,128.723,4.0226,16,0.6861,10.978,2.04642,6.29583,4903.402,5761.992,19724.299,0.096194,0.645035,80.779,99.592,0.45975,1.84937,0.887384,C,0.0,0.042516
11681.52,0.65048,176.562,1.1496,27,0.8909,24.054,1.95168,8.60185,3480.833,8200.687,4001.401,0.112958,0.878636,83.036,103.744,0.29798,0.34254,0.948255,C,0.0,-0.011627
8698.438,0.39106,177.041,2.458,19,0.8229,15.635,1.95089,7.42731,4017.309,4681.129,9874.693,0.060461,0.674777,82.361,102.421,0.46184,1.13523,0.928595,C,0.0,0.002462
11207.285,0.56542,136.779,2.1095,19,0.6528,12.403,2.02787,5.94896,3487.8,7719.485,7357.341,0.234701,0.714849,82.994,100.549,0.31121,0.65648,0.870821,C,0.0,-0.033196
7027.48,0.57846,142.038,3.4114,17,0.7358,12.508,2.01643,6.78357,2133.667,4893.813,7278.731,0.161532,0.760241,82.27,101.159,0.30362,1.03575,0.915216,C,0.0,-0.016706
9498.61,0.32522,188.961,1.8577,18,0.8069,14.525,1.93191,6.21769,4530.56,4968.05,8416.288,0.076207,0.5523,82.995,102.159,0.47697,0.88605,0.888234,C,0.0,0.023543
11419.311,0.62713,159.228,3.208,23,0.6695,15.398,1.98217,8.03173,2949.225,8470.086,9461.092,0.152248,0.792481,82.883,102.315,0.25827,0.82852,0.937301,C,0.0,-0.003324
11482.176,0.66391,199.478,2.5235,26,0.8632,22.443,1.91628,10.4542,2920.24,8561.936,7369.354,0.070232,0.866394,83.272,104.689,0.25433,0.64181,0.973096,C,0.0,0.027194
7000.0,0.45367,152.278,1.5944,22,0.7113,15.649,1.99548,6.64439,2777.807,4222.193,4428.805,0.101674,0.68525,81.928,101.237,0.39683,0.63269,0.911065,C,0.0,0.001498
10901.442,0.34223,154.035,2.173,23,0.8527,19.613,1.99205,9.25677,5608.382,5293.06,12187.079,0.026761,0.676495,81.013,101.274,0.51446,1.11793,0.959772,C,0.0,-0.01404
10394.711,0.56418,171.817,3.6349,19,0.7706,14.641,1.95967,7.72492,3103.422,7291.29,11280.526,0.128024,0.749824,83.057,102.666,0.29856,1.08522,0.932251,C,-0.001,-0.008679
9787.464,0.48924,143.986,1.1275,19,0.8002,15.203,2.01231,5.6342,4098.863,5688.6,4621.562,0.161559,0.72534,82.358,101.04,0.41879,0.47219,0.861705,C,0.001,0.041556
8676.889,0.60642,162.681,2.6533,22,0.6943,15.275,1.9758,7.55459,2498.931,6177.958,6630.294,0.143705,0.793583,82.91,102.5,0.288,0.76413,0.931752,C,0.0,0.007705
9867.244,0.61636,176.963,3.4262,18,0.8064,14.515,1.95102,7.50946,2831.508,7035.736,9701.251,0.154462,0.802254,83.599,103.259,0.28696,0.98318,0.928087,C,0.0,-0.033226
8931.323,0.46292,212.628,2.7809,20,0.7156,14.312,1.89802,6.74554,3716.444,5214.879,10335.091,0.101578,0.720434,84.108,104.266,0.41611,1.15717,0.908693,C,0.0,0.002957
11265.772,0.59833,164.863,1.0635,20,0.7985,15.971,1.97186,5.5888,2934.336,8331.436,3120.675,0.337182,0.690308,85.55,101.929,0.26046,0.277,0.853219,C,0.0,-0.012843
10289.239,0.6437,175.871,2.8339,17,0.8408,14.293,1.95283,7.07109,3183.207,7106.032,9021.006,0.176655,0.852914,83.851,103.541,0.30937,0.87674,0.915097,C,0.0,0.019534
11662.256,0.45136,142.766,2.1919,20,0.6539,13.077,2.01488,6.29132,4533.463,7128.792,9937.063,0.134807,0.652672,81.95,100.491,0.38873,0.85207,0.883899,C,0.001,-0.029611
10583.487,0.66927,166.27,1.7116,19,0.8387,15.935,1.96934,6.81669,2481.381,8102.106,4247.04,0.267249,0.792394,84.682,102.674,0.23446,0.40129,0.906378,C,0.0,0.003572
8177.579,0.3989,150.088,2.6584,26,0.7636,19.854,1.99982,9.99869,3412.162,4765.417,9070.787,0.027303,0.664979,80.853,100.984,0.41726,1.10923,0.971441,C,0.0,-0.028227
10045.45,0.69856,144.655,2.3198,26,0.7849,20.407,2.01092,9.96191,2143.665,7901.786,4972.796,0.100315,0.860857,81.579,101.973,0.2134,0.49503,0.969356,C,-0.001,7e-06
13000.0,0.33844,152.62,1.9924,24,0.7448,17.874,1.99481,8.21833,6653.637,6346.363,13256.542,0.040606,0.650704,81.136,101.028,0.51182,1.01973,0.938593,C,0.0,-0.061374
8113.649,0.51964,144.537,2.3482,20,0.816,16.321,2.01116,7.99763,2624.765,5488.884,6163.407,0.092228,0.724023,81.467,101.063,0.3235,0.75963,0.942584,C,0.0,0.02148
10762.706,0.63122,189.834,2.7743,19,0.7278,13.828,1.93058,6.68605,2585.984,8176.722,7174.275,0.258824,0.748999,85.436,103.496,0.24027,0.66659,0.90148,C,0.0,-0.036043
8487.776,0.62528,171.857,2.9515,23,0.734,16.882,1.95961,8.48294,2725.1,5762.676,8043.128,0.095474,0.875813,82.629,103.5,0.32106,0.94761,0.950977,C,0.0,0.033824
8545.697,0.52115,135.494,1.1146,18,0.8338,15.009,2.03075,5.60424,3236.179,5309.518,3606.988,0.185115,0.725966,82.28,100.545,0.37869,0.42208,0.865487,C,0.0,-0.004828
10084.836,0.67826,195.029,1.3488,17,0.8324,14.151,1.92278,5.31261,2541.934,7542.902,3428.645,0.420212,0.765215,87.743,103.831,0.25206,0.33998,0.84384,C,0.0,0.047941
11720.888,0.30146,179.143,2.7172,24,0.8488,20.371,1.94744,9.92496,6355.164,5365.724,17268.17,0.018126,0.637033,81.879,102.271,0.54221,1.47328,0.967399,C,0.0,0.041937
11093.292,0.46445,153.567,1.5584,17,0.7172,12.193,1.99296,5.12177,4844.778,6248.514,7549.975,0.182903,0.682755,83.054,101.291,0.43673,0.68059,0.828015,C,-0.0,-0.049137
10618.415,0.51122,144.772,1.7828,23,0.8072,18.565,2.01067,8.30719,4497.268,6121.147,8017.686,0.06714,0.837487,81.147,101.825,0.42353,0.75507,0.944376,C,0.0,0.018505
11226.905,0.41026,173.886,2.2589,17,0.6951,11.817,1.95616,5.49574,3880.714,7346.191,8766.043,0.179779,0.532018,83.819,101.329,0.34566,0.78081,0.848529,C,0.0,-0.02668
7774.317,0.36583,176.867,2.704,26,0.7135,18.552,1.95118,9.05268,3605.46,4168.857,9749.327,0.030969,0.655428,81.965,102.285,0.46377,1.25404,0.96074,C,0.0,0.035292
11240.732,0.38306,135.439,3.2162,24,0.6935,16.645,2.03087,8.99541,5346.038,5894.694,17194.173,0.035857,0.697955,80.307,100.357,0.4756,1.52963,0.955481,C,0.0,-0.049235
10269.463,0.41818,131.41,1.7017,16,0.8877,14.204,2.04009,6.37861,4087.932,6181.53,6956.284,0.113588,0.619609,81.14,99.593,0.39807,0.67738,0.891875,C,0.001,0.012396
9453.793,0.40115,194.693,1.461,24,0.8701,20.881,1.92327,8.10759,4189.536,5264.257,6120.882,0.052142,0.678905,82.874,103.246,0.44316,0.64745,0.942397,C,0.0,0.007877
9693.293,0.41734,149.575,1.1582,21,0.7429,15.602,2.00085,5.80711,3921.017,5772.276,4541.474,0.133922,0.609864,82.238,100.592,0.40451,0.46852,0.870196,C,0.0,-0.014869
8369.547,0.5375,176.543,1.7313,23,0.8172,18.796,1.95171,7.96699,2948.321,5421.226,5104.324,0.089273,0.781273,82.723,103.1,0.35227,0.60987,0.941492,C,0.0,-0.031449
11367.098,0.66988,155.198,3.281,19,0.8683,16.498,1.98981,8.69987,3159.064,8208.035,10364.868,0.119436,0.881732,82.285,102.691,0.27791,0.91183,0.950449,C,-0.001,-0.001476
8684.269,0.45422,159.781,1.2206,22,0.8446,18.58,1.98114,6.98246,3431.896,5252.372,4189.103,0.095856,0.68837,82.161,101.656,0.39519,0.48238,0.916602,C,0.001,0.025529
7665.351,0.63543,181.802,3.6344,19,0.8861,16.835,1.94314,8.77049,1988.293,5677.058,7226.327,0.105789,0.820924,83.132,103.608,0.25939,0.94273,0.956816,C,0.0,0.021296
10235.648,0.37989,153.802,2.4851,19,0.8715,16.558,1.9925,8.13957,4985.189,5250.459,12388.768,0.04549,0.697401,81.25,101.4,0.48704,1.21036,0.94168,C,-0.0,-0.031286
8922.328,0.38456,200.829,1.251,26,0.8992,23.38,1.91434,8.43776,4046.766,4875.562,5062.606,0.042805,0.668219,82.955,103.438,0.45355,0.56741,0.949515,C,0.0,0.005473
10122.43,0.32274,180.676,2.4984,21,0.7967,16.73,1.94495,7.94798,5316.785,4805.645,13283.344,0.038192,0.637561,82.2,102.346,0.52525,1.31227,0.937845,C,0.0,-0.037426
12172.113,0.69705,213.273,2.602,26,0.8123,21.119,1.89716,9.76898,2838.771,9333.343,7386.524,0.104232,0.877358,84.163,105.327,0.23322,0.60684,0.965126,C,-0.001,-0.00256
9528.366,0.45506,169.479,1.144,20,0.792,15.84,1.96371,5.70363,3833.057,5695.31,4385.202,0.151488,0.659362,83.278,101.955,0.40228,0.46023,0.866081,C,-0.001,0.045101
9926.307,0.47209,168.116,1.5142,23,0.8875,20.412,1.96609,8.31104,3631.969,6294.338,5499.547,0.070211,0.703977,82.153,102.182,0.36589,0.55404,0.945583,C,0.0,0.036914
13000.0,0.40976,159.828,1.1636,17,0.7209,12.255,1.98105,4.50552,5715.149,7284.851,6649.99,0.209904,0.566556,83.669,100.855,0.43963,0.51154,0.774797,C,0.0,-0.028679
7680.362,0.56137,166.109,1.4215,23,0.6529,15.016,1.96963,5.97523,2535.509,5144.853,3604.306,0.195429,0.741716,83.728,102.331,0.33013,0.46929,0.885073,C,0.0,-0.00696
10292.234,0.33758,205.013,2.3341,24,0.8492,20.382,1.90843,9.22157,5325.356,4966.878,12429.667,0.026099,0.67154,82.87,103.634,0.51741,1.20767,0.959998,C,0.0,0.008635
12273.305,0.45335,144.184,1.0507,20,0.8401,16.803,2.0119,6.01858,4664.108,7609.197,4900.789,0.155037,0.636202,82.281,100.463,0.38002,0.3993,0.87004,C,0.0,0.00716
12143.116,0.47607,208.509,1.4983,19,0.8847,16.809,1.9036,6.4895,5104.293,7038.824,7647.945,0.124366,0.731108,84.279,104.171,0.42034,0.62982,0.890191,C,-0.001,0.032194
12886.092,0.50226,178.384,3.8707,27,0.8829,23.84,1.94868,12.63927,4859.392,8026.7,18809.107,0.017351,0.795821,81.841,103.283,0.3771,1.45964,0.986973,C,0.0,0.036837
8808.06,0.53286,154.688,1.5296,18,0.8116,14.608,1.99079,6.08205,2441.121,6366.938,3733.892,0.220596,0.65258,83.599,101.152,0.27715,0.42392,0.885265,C,0.001,0.024923
10874.121,0.54536,163.269,2.89,27,0.7292,19.69,1.97473,9.95339,3630.729,7243.392,10492.701,0.051449,0.792924,81.715,102.526,0.33389,0.96492,0.968501,C,0.0,0.053894
10097.551,0.5783,189.821,1.8457,23,0.6582,15.139,1.9306,6.4591,3078.887,7018.665,5682.555,0.198353,0.744966,84.637,103.469,0.30491,0.56277,0.895416,C,-0.001,0.04048
9244.339,0.63879,175.998,2.6847,17,0.6847,11.64,1.95262,5.67543,2452.486,6791.853,6584.28,0.322837,0.752874,85.786,102.887,0.2653,0.71225,0.865922,C,0.0,0.028552
8780.362,0.31381,183.518,1.5194,22,0.7428,16.342,1.9404,6.53337,4638.697,4141.665,7048.267,0.058143,0.600154,82.565,102.23,0.5283,0.80273,0.902114,C,-0.0,0.020823
7539.073,0.51161,176.096,3.3137,17,0.7332,12.464,1.95246,6.4063,3072.673,4466.401,10181.791,0.123495,0.778606,83.158,103.062,0.40757,1.35054,0.901618,C,-0.001,0.038768
10206.748,0.48999,195.663,1.825,16,0.7915,12.665,1.92184,5.3449,3550.537,6656.212,6479.749,0.218284,0.634919,85.099,102.998,0.34786,0.63485,0.845031,C,-0.001,0.023567
10884.178,0.36653,179.015,2.04,21,0.6947,14.588,1.94765,6.52564,5207.257,5676.921,10622.748,0.080121,0.629243,82.693,102.213,0.47842,0.97598,0.895419,C,0.0,0.004323
8644.611,0.52394,161.806,1.7195,16,0.6786,10.857,1.9774,4.68034,2554.238,6090.374,4392.114,0.330607,0.605024,85.342,101.211,0.29547,0.50808,0.813557,C,-0.001,-0.013914
11199.531,0.50063,181.035,1.2804,20,0.7102,14.204,1.94437,5.30287,3780.717,7418.814,4840.799,0.24013,0.633388,84.878,102.335,0.33758,0.43223,0.838079,C,0.0,-0.030131
8868.248,0.57746,167.107,3.3563,17,0.7841,13.329,1.96786,6.95196,3007.484,5860.765,10094.015,0.144357,0.799714,83.092,102.764,0.33913,1.13822,0.915223,C,-0.001,-0.028699
8217.222,0.30666,173.178,3.7134,17,0.8525,14.493,1.95736,7.66828,4123.292,4093.93,15311.639,0.039507,0.575737,81.94,101.583,0.50179,1.86336,0.935356,C,0.0,-0.032575
7000.0,0.5709,194.647,1.284,16,0.7294,11.671,1.92334,4.29121,2287.589,4712.411,2937.203,0.354035,0.67618,86.857,103.226,0.3268,0.4196,0.797342,C,0.0,-0.024642
11491.072,0.3044,175.966,3.1836,18,0.6591,11.863,1.95267,6.04133,5517.672,5973.4,17565.944,0.079939,0.511743,82.578,101.294,0.48017,1.52866,0.873903,C,0.0,-0.040501
10866.443,0.35378,138.057,1.585,23,0.7498,17.245,2.02505,7.46083,5633.185,5233.258,8928.669,0.051422,0.679254,80.635,100.391,0.5184,0.82167,0.924651,C,0.0,-0.050864
9486.823,0.39283,133.506,2.0178,16,0.8768,14.028,2.03525,6.66538,4367.608,5119.214,8812.806,0.081504,0.658438,80.818,99.979,0.46039,0.92895,0.904478,C,0.001,0.046129
9770.025,0.53534,152.909,2.0474,25,0.6943,17.357,1.99425,8.0496,3719.246,6050.779,7614.698,0.083465,0.813102,81.714,102.115,0.38068,0.77939,0.940649,C,-0.0,-0.04219
7765.407,0.33593,138.772,2.2045,23,0.7159,16.466,2.02348,7.98366,4034.442,3730.965,8893.777,0.036894,0.659299,80.476,100.301,0.51954,1.14531,0.942941,C,0.0,-0.035023
11065.513,0.39781,160.692,3.9978,20,0.6889,13.779,1.97945,7.5258,4692.121,6373.392,18758.3,0.069502,0.639512,81.85,101.381,0.42403,1.6952,0.925917,C,0.0,-0.000732
9653.105,0.38666,152.518,1.0374,24,0.6828,16.388,1.99501,5.76284,4590.464,5062.641,4762.054,0.10706,0.640181,82.009,100.953,0.47554,0.49332,0.86833,C,0.0,0.007925
10729.818,0.37443,205.235,3.8136,25,0.8804,22.01,1.90812,11.26683,5070.266,5659.551,19336.214,0.015694,0.69581,82.74,103.803,0.47254,1.8021,0.980193,C,0.001,0.020818
10168.201,0.53695,181.997,4.2758,20,0.8176,16.352,1.94283,8.80168,3241.334,6926.867,13859.238,0.077761,0.751824,82.77,103.161,0.31877,1.363,0.953836,C,-0.0,-0.018702
7793.125,0.32038,193.865,2.0182,20,0.6674,13.349,1.9245,5.84371,4311.071,3482.054,8700.797,0.06995,0.63044,83.081,102.891,0.55319,1.11647,0.879221,C,0.0,-0.024153
7506.726,0.61394,172.278,1.6895,22,0.723,15.905,1.95889,6.71803,2518.392,4988.334,4254.721,0.161261,0.842482,83.514,103.3,0.33548,0.56679,0.91188,C,0.0,-0.020657
10828.403,0.49958,164.896,2.3091,19,0.8496,16.142,1.9718,7.64779,4310.453,6517.95,9953.343,0.088474,0.771445,82.268,102.466,0.39807,0.91919,0.929503,C,0.0,0.050614
7339.048,0.53283,133.328,1.6767,19,0.7561,14.366,2.03566,6.39678,2369.316,4969.732,3972.591,0.161862,0.70969,81.87,100.306,0.32284,0.5413,0.901929,C,0.0,-0.006384
10330.828,0.4685,154.389,1.0393,23,0.7601,17.481,1.99137,6.1369,4242.046,6088.781,4408.846,0.134502,0.701189,82.45,101.456,0.41062,0.42677,0.882114,C,0.001,0.042986
11283.953,0.63187,182.578,2.9596,17,0.8261,14.043,1.9419,6.96629,3233.108,8050.845,9568.633,0.199979,0.805308,84.404,103.541,0.28652,0.84799,0.909319,C,-0.0,0.027792
7905.488,0.69901,148.684,2.4888,25,0.7816,19.54,2.00265,9.68013,1729.932,6175.556,4305.451,0.10111,0.866503,81.766,102.236,0.21883,0.54462,0.968348,C,0.0,-0.036058
10819.323,0.68892,193.74,3.6135,22,0.69,15.181,1.92469,7.78532,2716.62,8102.703,9816.607,0.184287,0.858113,84.586,104.388,0.25109,0.90732,0.932833,C,0.0,-0.024528
9899.803,0.5415,176.185,2.2696,16,0.8366,13.385,1.95231,6.2159,3341.174,6558.629,7583.23,0.181626,0.724825,83.929,102.711,0.3375,0.766,0.886797,C,0.0,0.040991
10815.221,0.43971,173.235,3.2147,21,0.6579,13.816,1.95726,7.07656,4509.898,6305.322,14498.054,0.090754,0.689299,82.619,102.335,0.417,1.34052,0.913933,C,0.001,0.017394
8719.324,0.53462,168.828,3.4638,20,0.8723,17.445,1.96484,9.14315,3086.799,5632.525,10692.106,0.059185,0.795166,82.035,102.819,0.35402,1.22625,0.960808,C,0.0,0.040424
9898.64,0.52956,187.766,1.3199,25,0.7074,17.686,1.93375,6.63573,3537.816,6360.823,4669.712,0.144804,0.743553,83.859,103.368,0.3574,0.47175,0.90227,C,0.001,0.024866
11021.447,0.62806,161.964,3.1176,17,0.749,12.733,1.97711,6.57139,3210.531,7810.916,10009.312,0.222791,0.794636,83.925,102.47,0.2913,0.90817,0.896668,C,0.0,0.017544
12583.848,0.52367,162.409,1.9894,20,0.8332,16.664,1.9763,7.55435,4439.242,8144.606,8831.376,0.113684,0.74713,82.502,102.18,0.35277,0.7018,0.923416,C,0.0,0.033414
11004.722,0.53027,164.361,2.7112,25,0.7311,18.278,1.97276,9.07221,3617.283,7387.439,9807.095,0.069436,0.755913,81.996,102.337,0.3287,0.89117,0.956958,C,0.0,0.043096
10837.011,0.67413,145.257,3.9214,21,0.8969,18.835,2.00966,10.47515,2456.448,8380.563,9632.764,0.077958,0.848871,81.311,101.928,0.22667,0.88888,0.973787,C,0.0,0.037558
8132.196,0.6025,153.426,1.8863,22,0.8623,18.97,1.99324,8.55134,2463.963,5668.233,4647.695,0.094114,0.823492,81.876,102.212,0.30299,0.57152,0.952671,C,0.0,0.010147
10877.471,0.57347,146.136,1.8357,23,0.877,20.171,2.00784,9.1019,3930.188,6947.283,7214.469,0.067359,0.859792,81.21,102.05,0.36131,0.66325,0.957561,C,-0.0,-0.048584
8942.711,0.49786,180.608,2.4818,21,0.7997,16.794,1.94506,7.96392,3354.07,5588.641,8324.148,0.079152,0.749149,82.738,103.079,0.37506,0.93083,0.94037,C,0.0,0.011933
9741.027,0.33408,168.914,2.1631,21,0.8491,17.83,1.96469,8.23462,4670.413,5070.614,10102.469,0.038728,0.606118,81.768,101.576,0.47946,1.03711,0.944419,C,0.0,0.016129
10249.745,0.59337,131.023,2.9831,23,0.8855,20.368,2.04099,10.88281,2807.479,7442.266,8374.998,0.048389,0.79896,80.261,100.753,0.27391,0.81709,0.977663,C,0.0,-0.032754
11779.768,0.50119,191.049,2.4938,19,0.8142,15.47,1.92873,7.2532,5039.522,6740.246,12567.573,0.09746,0.803042,83.348,103.907,0.42781,1.06688,0.916808,C,0.0,0.049481
11006.421,0.52803,151.723,3.2572,21,0.8895,18.679,1.99658,9.88152,4232.744,6773.677,13787.039,0.044523,0.83017,81.15,102.164,0.38457,1.25264,0.967574,C,0.0,-0.037416
10755.238,0.33868,159.437,1.4364,26,0.8321,21.636,1.98178,8.72461,5704.358,5050.879,8193.632,0.030815,0.686376,81.289,101.625,0.53038,0.76183,0.951743,C,0.001,0.00209
9708.154,0.35226,150.332,1.8868,25,0.7363,18.407,1.99934,8.33496,4294.449,5413.705,8102.656,0.042691,0.597831,81.066,100.554,0.44235,0.83462,0.946391,C,0.0,-0.020668
12677.239,0.65072,145.057,3.8139,17,0.7151,12.157,2.01008,6.72449,3382.844,9294.394,12901.897,0.25035,0.796445,83.577,101.57,0.26684,1.01772,0.897338,C,0.001,-0.035663
8470.131,0.32813,155.219,3.3097,20,0.6896,13.792,1.98977,7.28709,4162.531,4307.6,13776.768,0.049718,0.597162,81.365,100.814,0.49144,1.62651,0.925538,C,-0.0,0.016338
10339.825,0.41491,181.879,2.3388,22,0.7663,16.859,1.94302,7.84432,4460.179,5879.646,10431.387,0.062396,0.682315,82.562,102.697,0.43136,1.00886,0.93513,C,0.0,0.028801
12175.831,0.65994,143.213,3.1365,18,0.657,11.826,2.01394,6.27755,2972.247,9203.584,9322.516,0.320019,0.769721,84.415,101.289,0.24411,0.76566,0.881626,C,0.0,-0.049483
9793.957,0.58419,166.235,1.3945,26,0.7476,19.438,1.96941,7.67199,2868.646,6925.311,4000.186,0.135199,0.77017,82.937,102.525,0.2929,0.40843,0.932214,C,0.0,0.026896
11140.11,0.6714,156.119,3.5941,18,0.833,14.994,1.98804,8.06025,2247.126,8892.984,8076.49,0.204959,0.789264,83.452,102.13,0.20171,0.72499,0.938422,C,0.0,-0.010968
11250.819,0.67422,171.854,1.4503,21,0.728,15.288,1.95961,6.08762,2667.278,8583.541,3868.333,0.350413,0.774844,85.994,102.833,0.23707,0.34383,0.876786,C,0.0,-0.026942
13000.0,0.54203,168.401,1.322,16,0.661,10.576,1.96559,4.06921,4044.663,8955.337,5347.123,0.457061,0.5804,87.27,101.381,0.31113,0.41132,0.737643,C,0.0,0.05469
11686.05,0.57125,120.0,3.9524,17,0.6575,11.177,2.06808,6.48133,3866.4,7819.65,15281.64,0.187689,0.760907,81.542,99.786,0.33086,1.30768,0.891295,C,0.0,-0.05111
7815.801,0.66148,173.54,2.762,16,0.8727,13.963,1.95674,6.88179,2082.578,5733.223,5752.144,0.208643,0.825975,84.187,103.252,0.26646,0.73596,0.915955,C,0.0,-0.018144
9961.368,0.31623,172.591,3.0191,25,0.8317,20.792,1.95835,10.49752,5540.605,4420.763,16727.679,0.014408,0.694517,81.587,102.339,0.55621,1.67926,0.974658,C,0.0,-0.040691
10389.195,0.5034,140.017,2.5235,20,0.7317,14.634,2.02077,7.37307,4045.148,6344.046,10207.984,0.099054,0.761224,81.354,101.047,0.38936,0.98256,0.923385,C,0.001,-0.007399
11796.456,0.67256,159.296,1.7834,18,0.8581,15.446,1.98204,6.77074,2651.202,9145.254,4728.188,0.294892,0.782043,84.769,102.249,0.22475,0.40081,0.901457,C,-0.0,0.024313
11032.218,0.42156,165.326,3.672,17,0.8252,14.029,1.97103,7.48198,4882.399,6149.819,17928.181,0.07159,0.699409,82.062,102.013,0.44256,1.62507,0.924845,C,0.0,-0.027881
12745.204,0.60041,154.219,2.7454,26,0.7307,18.999,1.9917,9.59526,3740.037,9005.167,10267.982,0.077051,0.817773,81.684,102.217,0.29345,0.80563,0.962342,C,0.0,-0.00809
11709.667,0.3825,154.007,1.4677,20,0.7459,14.919,1.99211,6.11541,5057.824,6651.844,7423.399,0.109491,0.59009,82.104,100.703,0.43194,0.63395,0.876359,C,-0.001,-0.025206
7995.374,0.66362,201.373,2.6124,19,0.6956,13.217,1.91357,6.20305,2403.876,5591.497,6279.997,0.236605,0.847195,85.531,104.642,0.30066,0.78545,0.892803,C,0.001,0.032712
8914.878,0.47588,159.419,2.6342,16,0.7834,12.535,1.98181,6.21474,3509.49,5405.388,9244.622,0.132843,0.698604,82.635,101.705,0.39367,1.03699,0.890108,C,0.0,-0.024716
7000.0,0.51331,154.926,2.6276,27,0.821,22.167,1.99033,11.05142,2842.476,4157.524,7468.83,0.024042,0.847825,81.014,102.453,0.40607,1.06698,0.980981,C,0.0,-0.021593
12264.115,0.49997,169.375,4.2083,24,0.7102,17.045,1.96389,9.29506,4488.359,7775.756,18888.328,0.056383,0.756012,82.019,102.588,0.36597,1.54013,0.958727,C,-0.0,0.057586
9780.111,0.31137,160.134,2.3131,26,0.8525,22.165,1.98048,10.57454,5400.373,4379.738,12491.596,0.013835,0.678252,81.093,101.608,0.55218,1.27724,0.975466,C,0.0,-0.047056
9665.356,0.51669,205.741,1.1463,26,0.7362,19.142,1.90742,6.60169,3392.537,6272.819,3888.838,0.144566,0.71795,84.457,103.97,0.351,0.40235,0.901793,C,0.0,-0.023113
7887.24,0.69839,184.682,1.796,17,0.675,11.475,1.93856,4.87908,1516.172,6371.068,2723.03,0.61688,0.717785,89.982,103.059,0.19223,0.34524,0.830204,C,0.0,0.016316
9323.814,0.64802,196.003,1.7643,27,0.718,19.386,1.92134,8.07997,2046.545,7277.268,3610.792,0.171034,0.782165,84.487,103.985,0.2195,0.38727,0.942068,C,0.001,-0.035154
10534.915,0.63396,148.827,2.7324,23,0.8851,20.357,2.00236,10.34747,2370.31,8164.604,6476.639,0.076551,0.795782,81.448,101.778,0.225,0.61478,0.972831,C,0.001,0.020212
9609.365,0.45862,191.499,2.4385,22,0.7175,15.785,1.92805,7.34921,4273.482,5335.883,10421.028,0.077829,0.763587,83.104,103.666,0.44472,1.08447,0.924529,C,0.0,0.035253
9240.156,0.4129,174.903,3.9298,18,0.7329,13.193,1.95445,7.04721,3851.534,5388.622,15135.785,0.082164,0.649301,82.568,102.151,0.41683,1.63804,0.917055,C,0.0,-0.03468
9366.669,0.3537,181.164,1.302,17,0.872,14.824,1.94416,5.57425,4449.922,4916.747,5793.731,0.10381,0.57987,83.083,101.988,0.47508,0.61855,0.860567,C,0.0,-0.02966
12557.028,0.39768,136.458,1.3996,25,0.8956,22.389,2.02859,9.23687,5107.79,7449.238,7148.883,0.041519,0.641888,80.429,100.049,0.40677,0.56931,0.957531,C,0.0,0.032081
8863.272,0.55962,151.651,2.2424,27,0.8874,23.961,1.99672,11.45884,3092.999,5770.273,6935.798,0.028071,0.844536,80.929,102.255,0.34897,0.78253,0.982495,C,0.0,0.037423
7902.029,0.32572,166.163,2.9369,27,0.6575,17.752,1.96953,8.97584,3694.737,4207.292,10851.221,0.02821,0.586977,81.522,101.313,0.46757,1.37322,0.959504,C,0.0,0.036719
8969.292,0.41792,162.554,3.7929,27,0.7605,20.533,1.97603,11.06728,3527.685,5441.607,13380.289,0.021402,0.674968,81.29,101.711,0.39331,1.49179,0.979858,C,0.0,0.036405
9209.941,0.31775,175.282,3.5742,24,0.6948,16.676,1.95381,8.72756,4793.917,4416.024,17134.547,0.028094,0.632185,81.868,102.057,0.52052,1.86044,0.953978,C,0.0,0.034316
9477.187,0.4167,179.996,2.1043,20,0.703,14.06,1.94605,6.34546,4659.224,4817.963,9804.5,0.090531,0.73213,82.866,102.938,0.49163,1.03454,0.893192,C,0.0,-0.035636
9837.022,0.40801,183.911,2.0123,21,0.8574,18.005,1.93978,7.96945,4369.139,5467.883,8791.8,0.056187,0.689143,82.553,102.835,0.44415,0.89375,0.938837,C,0.0,-0.038761
7953.244,0.383,175.159,2.0982,25,0.7592,18.981,1.95402,8.61101,3431.208,4522.036,7199.256,0.040915,0.642571,82.033,102.119,0.43142,0.9052,0.953913,C,-0.0,-0.024618
9420.53,0.68958,146.535,2.7716,25,0.7209,18.023,2.00702,9.22697,2167.601,7252.928,6007.657,0.116556,0.86083,81.877,102.079,0.23009,0.63772,0.961108,C,0.001,0.024165
10725.221,0.68756,181.595,1.7312,27,0.7959,21.488,1.94347,9.05039,3079.956,7645.266,5331.865,0.102999,0.923056,83.088,104.272,0.28717,0.49713,0.956981,C,-0.001,-0.00809
8047.629,0.47,150.393,2.3105,27,0.8327,22.484,1.99922,10.87098,3020.519,5027.11,6978.821,0.026245,0.736633,80.852,101.474,0.37533,0.86719,0.979041,C,0.0,-0.023012
12916.814,0.55961,180.841,3.3089,17,0.6721,11.426,1.94469,5.83582,4711.063,8205.751,15588.539,0.216418,0.756647,84.558,103.139,0.36472,1.20684,0.858951,C,0.0,-0.037427
12512.852,0.36272,139.776,3.913,16,0.7129,11.406,2.02129,6.39297,6328.469,6184.383,24763.566,0.082309,0.649672,81.122,100.297,0.50576,1.97905,0.885234,C,0.0,-0.04875
7373.844,0.60238,184.539,1.2804,24,0.8897,21.354,1.93879,7.93804,2303.081,5070.763,2948.903,0.11041,0.825826,83.291,103.766,0.31233,0.39991,0.942753,C,0.0,0.00505
9647.072,0.59596,120.0,3.4093,25,0.6598,16.496,2.06808,9.26769,3063.114,6583.959,10442.976,0.072462,0.839518,80.021,100.305,0.31752,1.0825,0.961394,C,-0.001,-0.042429
11249.952,0.30663,195.513,2.4843,27,0.7695,20.777,1.92206,9.6792,5909.591,5340.362,14681.164,0.020461,0.623294,82.483,102.915,0.5253,1.305,0.964947,C,-0.001,0.041048
11983.643,0.61044,172.065,3.004,25,0.8466,21.164,1.95925,10.67932,3209.762,8773.881,9642.221,0.057487,0.812724,82.136,103.093,0.26785,0.80462,0.974776,C,0.0,0.031783
12134.354,0.37106,180.802,1.3515,25,0.6605,16.511,1.94475,6.31191,5391.985,6742.369,7287.207,0.097553,0.589796,82.988,102.036,0.44436,0.60054,0.883178,C,0.0,-0.053184
7072.209,0.3631,161.561,1.5679,27,0.8968,24.213,1.97785,10.08266,3260.303,3811.907,5111.705,0.021077,0.655634,81.246,101.532,0.461,0.72279,0.97324,C,-0.001,-0.014152
8021.348,0.52966,161.236,2.5257,16,0.8116,12.986,1.97845,6.34727,2462.37,5558.977,6219.279,0.175997,0.686309,83.278,101.718,0.30698,0.77534,0.897996,C,0.001,0.041503
9491.246,0.36007,156.063,2.8563,20,0.8981,17.962,1.98815,9.1426,4455.883,5035.363,12727.27,0.030789,0.651463,81.15,101.217,0.46947,1.34095,0.959856,C,0.0,-0.031921
10577.784,0.6865,187.977,1.1417,20,0.8611,17.222,1.93343,6.05288,2582.219,7995.564,2948.142,0.343913,0.797139,86.494,103.731,0.24412,0.27871,0.877705,C,0.001,0.014142
8002.047,0.31494,161.453,1.4121,20,0.7372,14.743,1.97805,5.8873,3747.43,4254.617,5291.566,0.080532,0.521412,82.027,100.641,0.46831,0.66128,0.880252,C,-0.0,-0.03171
10741.063,0.30075,161.314,3.5691,23,0.8274,19.029,1.9783,10.14126,5727.597,5013.466,20442.474,0.01657,0.625402,81.177,101.32,0.53324,1.90321,0.97062,C,0.0,0.036752
10149.259,0.33956,156.202,3.901,19,0.8236,15.649,1.98788,8.55813,4555.647,5593.612,17771.408,0.038008,0.585156,81.251,100.787,0.44886,1.75101,0.949757,C,0.0,-0.004269
11348.755,0.58252,137.687,3.4725,26,0.8157,21.209,2.02586,11.62546,3391.693,7957.062,11777.769,0.034671,0.816039,80.396,101.271,0.29886,1.0378,0.982212,C,-0.0,0.010457
7773.393,0.39113,151.261,2.4647,21,0.658,13.819,1.99749,6.80153,3850.354,3923.04,9489.89,0.068163,0.708104,81.442,101.333,0.49532,1.22082,0.913678,C,-0.001,0.035208
9992.135,0.34176,153.488,1.7579,18,0.8068,14.522,1.99312,6.38421,4836.249,5155.885,8501.788,0.07557,0.591449,81.634,100.684,0.48401,0.85085,0.892977,C,0.001,-0.006307
9965.595,0.31339,141.934,1.5136,23,0.7724,17.765,2.01665,7.50367,5067.568,4898.027,7670.082,0.044541,0.591543,80.721,100.039,0.50851,0.76966,0.927728,C,-0.0,0.009685
9213.491,0.68017,183.556,1.6788,23,0.7161,16.469,1.94034,6.84151,2462.085,6751.405,4133.263,0.226694,0.845545,84.791,103.851,0.26723,0.44861,0.910937,C,0.001,-0.016464
11631.449,0.59847,154.56,3.2101,21,0.8299,17.427,1.99104,9.15061,3674.211,7957.238,11794.617,0.080787,0.837501,81.748,102.365,0.31589,1.01403,0.957359,C,0.0,0.050017
9335.349,0.36432,167.329,3.7772,20,0.8662,17.323,1.96747,9.26942,4416.939,4918.41,16683.499,0.029428,0.665069,81.584,101.886,0.47314,1.78713,0.961782,C,0.0,-0.009354
11940.93,0.32243,169.307,3.0536,19,0.8112,15.413,1.964,7.83715,5546.011,6394.919,16935.09,0.047293,0.561041,81.896,101.297,0.46445,1.41824,0.931875,C,0.0,0.014811
9343.844,0.65442,146.197,3.1285,16,0.8846,14.154,2.00772,7.47559,2417.622,6926.222,7563.446,0.181154,0.819618,82.714,101.788,0.25874,0.80946,0.928377,C,0.0,-0.019729
12234.24,0.49999,179.66,2.3488,17,0.8248,14.021,1.9466,6.55046,5240.561,6993.679,12308.936,0.125791,0.780396,83.319,103.241,0.42835,1.00611,0.892233,C,0.0,-0.056868
12912.318,0.46928,162.564,1.4042,21,0.7022,14.746,1.97601,5.86599,5815.31,7097.009,8165.735,0.145409,0.734658,82.927,102.105,0.45037,0.6324,0.86045,C,-0.001,0.019741
8467.164,0.69836,169.392,2.7671,23,0.7451,17.137,1.96386,8.49564,1698.172,6768.991,4699.007,0.169836,0.830958,83.517,103.083,0.20056,0.55497,0.951226,C,0.001,-0.029312
10164.915,0.51545,156.162,2.3593,21,0.6763,14.202,1.98796,6.85359,3628.103,6536.812,8559.619,0.131821,0.728367,82.488,101.73,0.35692,0.84207,0.90872,C,0.0,0.047125
10398.604,0.65662,171.181,2.0868,16,0.8605,13.768,1.96076,6.26729,2500.77,7897.835,5218.532,0.308126,0.766963,85.411,102.748,0.24049,0.50185,0.887147,C,-0.001,0.031876
8741.465,0.31998,184.701,2.7164,17,0.8875,15.087,1.93853,7.29938,4465.469,4275.996,12130.002,0.046838,0.605232,82.458,102.317,0.51084,1.38764,0.925225,C,0.0,-0.029277
11068.032,0.54257,171.64,3.6146,27,0.7789,21.03,1.95998,11.08492,3723.724,7344.308,13459.733,0.03438,0.800233,81.815,102.99,0.33644,1.21609,0.978682,C,0.0,0.002867
10616.107,0.58296,156.414,1.7331,16,0.6578,10.525,1.98748,4.58427,3848.663,6767.444,6670.055,0.329176,0.727295,85.104,101.737,0.36253,0.6283,0.795294,C,0.0,-0.049939
8340.737,0.60581,213.379,4.0768,24,0.772,18.529,1.89702,9.52703,2721.224,5619.513,11093.944,0.062873,0.868728,83.62,105.275,0.32626,1.33009,0.96614,C,-0.0,-0.017924
9908.057,0.40138,170.858,3.9087,19,0.8612,16.363,1.96132,8.77698,4733.304,5174.753,18501.054,0.03882,0.733012,81.844,102.509,0.47772,1.86727,0.953797,C,0.0,-0.006989
11231.505,0.34494,167.733,2.0402,25,0.8897,22.242,1.96676,10.09583,5775.865,5455.64,11783.979,0.020311,0.68863,81.479,102.062,0.51426,1.04919,0.96972,C,-0.0,-0.035633
9622.203,0.48104,167.912,3.9701,26,0.7003,18.208,1.96644,9.83533,3484.379,6137.825,13833.244,0.042013,0.730276,81.773,102.345,0.36212,1.43764,0.968374,C,-0.001,-0.030974
9034.568,0.66527,176.646,1.3168,17,0.797,13.549,1.95154,5.14904,2099.047,6935.521,2763.962,0.458615,0.727813,87.602,102.753,0.23234,0.30593,0.839836,C,0.0,0.010268
12305.629,0.49292,136.251,1.0015,22,0.8571,18.855,2.02905,6.67573,5038.013,7267.616,5045.577,0.124433,0.748362,81.514,100.739,0.40941,0.41002,0.896649,C,0.0,-0.01207
8814.677,0.3991,194.006,2.3501,26,0.8961,23.298,1.92429,10.69782,3900.265,4914.412,9166.031,0.020577,0.699517,82.434,103.353,0.44247,1.03986,0.977187,C,0.0,-0.032901
10356.905,0.65533,203.858,2.5973,23,0.6916,15.906,1.91005,7.43194,2541.082,7815.823,6599.928,0.200271,0.803277,85.132,104.456,0.24535,0.63725,0.92502,C,0.0,0.014668
12223.376,0.60341,153.376,3.6718,25,0.8625,21.562,1.99333,11.6902,3079.22,9144.157,11306.359,0.042703,0.792225,81.195,102.003,0.25191,0.92498,0.982172,C,-0.001,-0.014399
11126.859,0.64235,182.762,1.3545,19,0.6538,12.422,1.94161,4.74183,3031.162,8095.698,4105.844,0.463663,0.709255,87.891,102.915,0.27242,0.369,0.803362,C,-0.001,-0.014073
7397.831,0.33466,184.725,3.6716,23,0.7937,18.255,1.9385,9.49662,3889.098,3508.733,14279.146,0.021137,0.682167,82.119,102.826,0.52571,1.93018,0.966796,C,0.0,0.012394
9977.067,0.50183,168.237,3.1855,25,0.7451,18.627,1.96587,9.58242,3450.958,6526.109,10993.014,0.050672,0.740403,81.899,102.428,0.34589,1.10183,0.965074,C,-0.0,-0.026093
10144.684,0.43507,144.419,3.3464,19,0.6871,13.054,2.01141,7.02368,4506.24,5638.444,15079.705,0.084187,0.715496,81.356,101.0,0.4442,1.48646,0.914047,C,-0.0,-0.003287
9678.389,0.36131,136.47,3.7254,26,0.6998,18.195,2.02856,10.14643,4503.224,5175.165,16776.413,0.022063,0.656514,80.173,100.146,0.46529,1.73339,0.971588,C,0.0,-0.024176
11227.879,0.61127,171.557,2.9333,26,0.711,18.487,1.96012,9.27855,3306.799,7921.08,9699.753,0.08365,0.831532,82.462,103.193,0.29452,0.8639,0.959697,C,0.0,0.020365
10629.889,0.32209,206.103,3.0936,16,0.8104,12.966,1.90691,6.32485,5673.993,4955.896,17553.032,0.067197,0.613913,83.448,103.299,0.53378,1.65129,0.888639,C,0.0,0.016659
10075.302,0.31469,194.402,2.5216,24,0.6957,16.697,1.92371,7.82225,5292.046,4783.257,13344.318,0.038859,0.619857,82.688,102.844,0.52525,1.32446,0.93514,C,-0.001,0.017837
10266.559,0.62275,203.302,3.2658,18,0.7236,13.025,1.91083,6.45686,3211.083,7055.475,10486.913,0.209453,0.810855,85.235,104.483,0.31277,1.02146,0.894805,C,0.001,-0.038531
11373.513,0.44839,154.11,2.6629,20,0.7946,15.892,1.99191,7.96123,4947.372,6426.141,13174.552,0.066158,0.74267,81.536,101.715,0.43499,1.15835,0.935819,C,0.0,-0.040879
12314.677,0.31775,155.836,3.5238,26,0.6927,18.01,1.98858,9.644,6854.679,5459.999,24154.643,0.020882,0.690452,81.01,101.463,0.55663,1.96145,0.96342,C,-0.001,-0.01802
7013.15,0.32102,159.254,3.0128,16,0.7997,12.795,1.98212,6.57219,3757.17,3255.98,11319.754,0.054679,0.628359,81.597,101.233,0.53573,1.61408,0.908749,C,0.0,-0.001222
12906.222,0.48417,200.565,2.8643,24,0.6921,16.61,1.91472,7.99707,5198.792,7707.43,14890.708,0.079546,0.757099,83.431,104.013,0.40281,1.15376,0.93382,C,-0.0,-0.025148
9141.79,0.36236,151.394,2.0188,26,0.7468,19.417,1.99723,8.98243,4704.584,4437.206,9497.767,0.029577,0.715188,80.938,101.387,0.51462,1.03894,0.957994,C,0.0,0.035059
10909.795,0.5038,152.285,1.1267,27,0.8676,23.426,1.99547,8.57423,4371.204,6538.591,4924.954,0.064248,0.797653,81.434,101.98,0.40067,0.45142,0.948904,C,0.0,-0.013121
7625.601,0.40123,182.607,3.1692,26,0.8204,21.331,1.94185,10.76055,3741.789,3883.812,11858.421,0.017574,0.770862,81.997,103.315,0.49069,1.55508,0.978508,C,-0.0,-0.021397
9205.334,0.30766,159.706,1.4308,26,0.6846,17.798,1.98128,7.16322,4760.504,4444.831,6811.47,0.047332,0.586482,81.518,100.98,0.51715,0.73995,0.920441,C,-0.001,-0.024491
7911.062,0.42568,145.911,2.1717,17,0.8438,14.344,2.00831,6.84863,3365.199,4545.863,7308.077,0.085346,0.677616,81.437,100.835,0.42538,0.92378,0.914714,C,0.0,0.025096
11393.465,0.55596,187.988,1.343,27,0.816,22.032,1.93341,8.32579,3439.599,7953.866,4619.346,0.104095,0.75136,83.329,103.43,0.30189,0.40544,0.943475,C,0.0,0.048986
11276.153,0.3323,129.302,2.2615,19,0.7401,14.062,2.04504,6.97549,5206.818,6069.335,11775.438,0.065034,0.561584,80.396,99.078,0.46175,1.04428,0.909631,C,0.0,0.004013
9932.415,0.67164,156.276,1.1411,16,0.7491,11.986,1.98774,4.38832,2535.321,7397.094,2892.965,0.565248,0.708106,88.214,101.603,0.25526,0.29127,0.785177,C,0.0,-0.004558
9754.397,0.33355,168.467,2.4934,21,0.6692,14.054,1.96547,6.77806,5017.583,4736.814,12511.089,0.060029,0.623275,82.032,101.667,0.51439,1.28261,0.907423,C,0.0,0.040884
10918.681,0.57743,155.691,3.6632,19,0.7958,15.121,1.98886,8.16695,3447.62,7471.061,12629.353,0.107784,0.794153,82.151,102.14,0.31575,1.15667,0.94106,C,0.0,0.010189
8458.29,0.65156,167.878,1.6545,23,0.6831,15.711,1.9665,6.6222,2132.057,6326.232,3527.586,0.242818,0.78932,84.422,102.733,0.25207,0.41706,0.906062,C,0.001,-0.039826
9609.177,0.5598,177.636,3.4583,25,0.8877,22.194,1.94991,11.49631,3119.029,6490.148,10786.65,0.030486,0.814174,81.987,103.369,0.32459,1.12254,0.982323,C,0.0,0.020809
9141.174,0.40425,147.672,2.9603,18,0.8265,14.877,2.0047,7.73402,3860.993,5280.181,11429.542,0.062233,0.654342,81.209,100.78,0.42237,1.25034,0.934977,C,0.0,-0.005784
11072.001,0.63881,176.393,2.7965,22,0.6854,15.078,1.95196,7.42843,2994.622,8077.379,8374.453,0.181077,0.808517,83.929,103.273,0.27047,0.75636,0.923334,C,0.0,-0.050446
9877.889,0.44381,159.69,1.5413,24,0.7843,18.824,1.98131,7.80628,4278.008,5599.881,6593.837,0.066443,0.732096,81.77,101.94,0.43309,0.66754,0.935162,C,0.0,0.011751
8393.084,0.53211,164.067,3.0472,25,0.7148,17.871,1.97329,9.14575,3357.739,5035.345,10231.745,0.051551,0.852563,81.748,102.96,0.40006,1.21907,0.961242,C,0.0,0.000285
10477.349,0.63264,147.034,2.3151,21,0.6755,14.185,2.006,6.89578,2998.813,7478.536,6942.422,0.200657,0.80586,83.009,101.744,0.28622,0.66261,0.909219,C,0.0,0.00423
11403.394,0.59122,167.644,3.1353,27,0.8962,24.198,1.96691,12.41069,3361.2,8042.194,10538.44,0.027148,0.826968,81.566,102.97,0.29475,0.92415,0.986465,C,0.0,0.027655
12103.513,0.56546,162.568,3.6917,25,0.7194,17.985,1.97601,9.63847,3971.493,8132.02,14661.434,0.062786,0.810955,81.837,102.609,0.32813,1.21134,0.963567,C,0.0,-0.003978
9177.973,0.51658,165.305,1.5842,25,0.7782,19.454,1.97106,8.09273,3563.987,5613.986,5645.912,0.076381,0.796043,82.125,102.649,0.38832,0.61516,0.942584,C,0.0,-0.037856
10418.561,0.60072,151.469,1.4375,25,0.7119,17.798,1.99708,7.25986,2410.288,8008.273,3464.674,0.207161,0.719171,83.286,101.417,0.23135,0.33255,0.920219,C,0.0,0.00259
13000.0,0.46026,162.3,3.2278,24,0.8508,20.419,1.9765,10.62128,5520.876,7479.124,17820.021,0.028701,0.778825,81.376,102.383,0.42468,1.37077,0.973517,C,0.0,-0.003411
9586.18,0.34825,171.119,1.74,21,0.7517,15.786,1.96087,6.75067,4457.04,5129.14,7755.115,0.069653,0.590334,82.26,101.58,0.46494,0.80899,0.907007,C,0.0,0.035245
9342.053,0.6422,201.76,1.4039,25,0.8167,20.418,1.91301,7.73523,1863.205,7478.848,2615.809,0.210578,0.749725,85.2,104.015,0.19944,0.28,0.934602,C,0.0,0.037137
10710.375,0.46732,183.285,4.1134,21,0.81,17.011,1.94077,9.07386,4360.76,6349.615,17937.763,0.048951,0.75465,82.435,103.239,0.40715,1.6748,0.957352,C,0.0,-0.028078
9152.745,0.44089,164.747,2.909,22,0.6787,14.931,1.97206,7.54545,3321.197,5831.549,9661.304,0.084426,0.64391,82.209,101.617,0.36286,1.05556,0.930516,C,-0.001,-0.034351
9740.607,0.65142,182.031,3.8534,21,0.7023,14.748,1.94277,7.77617,2451.457,7289.15,9446.455,0.1689,0.813705,83.974,103.571,0.25167,0.9698,0.934746,C,0.0,-0.042676
9321.145,0.65449,175.705,3.4754,23,0.6818,15.682,1.95311,8.15216,2480.934,6840.21,8622.139,0.13889,0.841503,83.347,103.458,0.26616,0.92501,0.943518,C,0.001,-0.037968
8754.634,0.37941,166.352,3.8146,25,0.7349,18.373,1.9692,9.86391,4163.653,4590.981,15882.739,0.024322,0.701448,81.478,102.077,0.47559,1.81421,0.969513,C,0.0,-0.007123
11242.164,0.34237,152.243,3.1456,20,0.842,16.84,1.99555,8.8286,6050.763,5191.401,19032.983,0.030023,0.706421,80.98,101.375,0.53822,1.693,0.952803,C,0.0,0.002945
9373.867,0.37979,208.32,1.7266,27,0.7301,19.712,1.90386,8.03708,4842.822,4531.045,8361.453,0.043298,0.739445,83.203,104.218,0.51663,0.892,0.941102,C,0.0,-0.042129
8422.716,0.69915,163.015,1.4766,20,0.8973,17.946,1.97519,7.28293,1937.467,6485.248,2860.92,0.226312,0.840411,84.013,102.826,0.23003,0.33967,0.925541,C,0.001,-0.003897
9574.651,0.48698,178.856,2.1003,25,0.7749,19.372,1.94791,8.75024,3965.969,5608.682,8329.693,0.05428,0.792943,82.346,103.286,0.41422,0.86997,0.95383,C,0.0,0.025616
9812.111,0.54339,151.465,2.7537,19,0.8007,15.214,1.99709,7.71978,3516.948,6295.163,9684.478,0.101118,0.790483,81.886,101.888,0.35843,0.98699,0.933302,C,0.0,-0.043085
10261.34,0.68176,168.114,1.7072,17,0.8036,13.661,1.96609,5.82403,2950.345,7310.994,5036.84,0.311233,0.83129,85.334,103.022,0.28752,0.49086,0.868743,C,0.001,-0.029769
11850.26,0.4293,137.496,3.6427,25,0.7472,18.68,2.02628,10.35032,5511.14,6339.119,20075.527,0.026027,0.779905,80.273,101.022,0.46506,1.6941,0.971804,C,0.001,-0.032426
12699.198,0.36739,161.764,2.9208,21,0.8108,17.028,1.97748,8.64866,6042.134,6657.065,17647.842,0.040449,0.664136,81.51,101.599,0.47579,1.38968,0.947617,C,-0.001,-0.036446
8125.358,0.54792,178.813,1.3,21,0.6934,14.561,1.94798,5.48771,3191.468,4933.89,4149.012,0.192877,0.777574,84.174,103.183,0.39278,0.51063,0.861735,C,0.0,0.020799
9658.323,0.50679,140.058,3.3614,26,0.7117,18.505,2.02068,10.03265,3811.762,5846.561,12812.859,0.037944,0.812465,80.549,101.388,0.39466,1.32661,0.970452,C,0.0,-0.018167
7141.089,0.3016,148.96,3.905,26,0.781,20.307,2.00209,11.22268,3526.729,3614.36,13771.948,0.01099,0.585157,80.589,100.395,0.49386,1.92855,0.982004,C,0.0,0.025636
10175.692,0.48333,159.829,3.8206,25,0.7387,18.469,1.98105,10.00653,3698.689,6477.002,14131.346,0.040273,0.736336,81.43,101.975,0.36348,1.38874,0.969713,C,0.001,0.010168
10945.318,0.40155,184.401,3.6814,26,0.8341,21.686,1.93901,11.29237,4409.033,6536.285,16231.508,0.019692,0.659134,82.089,102.659,0.40282,1.48296,0.980245,C,0.0,-0.017912
8963.98,0.46327,172.207,3.4046,25,0.8394,20.986,1.95901,10.9078,3312.519,5651.461,11277.772,0.026696,0.719162,81.735,102.483,0.36954,1.25812,0.978705,C,0.0,-0.003988
8628.893,0.63654,142.683,1.4994,23,0.7773,17.879,2.01506,7.51475,2664.417,5964.476,3994.975,0.142453,0.857252,82.047,101.836,0.30878,0.46298,0.930897,C,0.0,0.022375
8513.853,0.47689,155.582,2.5947,21,0.8341,17.516,1.98907,8.69433,3298.3,5215.554,8558.253,0.05609,0.743002,81.464,101.796,0.3874,1.00521,0.954435,C,-0.001,0.002657
7829.345,0.52396,157.344,1.3685,25,0.6813,17.033,1.98571,6.751,2402.921,5426.424,3288.383,0.150267,0.689435,82.78,101.536,0.30691,0.42001,0.91198,C,0.0,0.017246
10947.546,0.57632,171.249,2.3383,21,0.7267,15.26,1.96065,7.19639,3676.786,7270.759,8597.44,0.142172,0.79587,83.223,102.942,0.33585,0.78533,0.917149,C,0.001,-0.025274
12794.249,0.4592,157.135,2.4696,24,0.8545,20.508,1.98611,10.01623,5343.351,7450.898,13195.729,0.035782,0.762857,81.26,102.009,0.41764,1.03138,0.967457,C,0.0,-0.04634
8248.123,0.56161,151.282,1.608,20,0.8372,16.744,1.99745,7.14285,2877.47,5370.653,4626.938,0.125199,0.795436,82.196,101.91,0.34886,0.56097,0.922229,C,0.0,-0.038748
12377.078,0.42895,161.991,4.0264,22,0.6801,14.962,1.97706,8.16922,5152.193,7224.886,20744.626,0.063271,0.68973,81.82,101.779,0.41627,1.67605,0.9386,C,-0.001,-0.057416
10386.462,0.46244,178.717,3.8952,24,0.8596,20.629,1.94813,10.94677,3880.45,6506.011,15115.323,0.027146,0.722062,81.983,102.812,0.37361,1.45529,0.978069,C,0.001,0.033477
7693.945,0.65434,159.981,1.7603,25,0.681,17.024,1.98077,7.42055,2034.018,5659.927,3580.57,0.171598,0.827817,83.169,102.587,0.26437,0.46537,0.93067,C,0.0,0.038761
10809.773,0.65877,156.384,1.592,17,0.8678,14.753,1.98753,6.2243,2833.625,7976.148,4511.102,0.29142,0.789274,84.604,102.144,0.26214,0.41732,0.884039,C,-0.0,0.012925
11095.991,0.5762,131.013,1.8913,22,0.662,14.565,2.04102,6.79742,3917.239,7178.752,7408.77,0.156164,0.805401,81.683,100.795,0.35303,0.6677,0.90432,C,0.0,0.004263
10447.138,0.50572,170.768,3.6607,21,0.654,13.734,1.96147,7.26742,3826.673,6620.465,14008.339,0.109953,0.734484,82.779,102.514,0.36629,1.34088,0.920363,C,0.0,-0.053162
9495.184,0.4919,162.372,2.4146,21,0.7565,15.887,1.97636,7.65362,3579.724,5915.459,8643.43,0.088213,0.736193,82.165,102.105,0.377,0.9103,0.932392,C,0.001,-0.016691
13000.0,0.38039,159.034,2.0026,23,0.8751,20.127,1.98253,9.18719,5439.193,7560.807,10892.733,0.039772,0.625425,81.391,101.202,0.4184,0.8379,0.956253,C,0.0,0.024698
9469.351,0.63542,139.514,2.8285,20,0.8389,16.777,2.02186,8.72635,2632.733,6836.618,7446.796,0.106065,0.83927,81.423,101.533,0.27803,0.78641,0.953591,C,0.0,0.005798
11374.804,0.34002,163.814,4.0621,18,0.7032,12.658,1.97374,6.90663,5432.572,5942.232,22067.635,0.066095,0.590453,81.93,101.217,0.4776,1.94005,0.907162,C,0.0,-0.013701
10876.885,0.37597,212.593,2.8608,21,0.7863,16.513,1.89807,7.8412,5709.6,5167.286,16333.787,0.047255,0.739186,83.389,104.388,0.52493,1.5017,0.934023,C,-0.001,-0.010164
8492.772,0.33649,130.247,2.7364,22,0.7137,15.701,2.04281,8.21405,4507.713,3985.059,12334.802,0.034152,0.678483,80.035,99.909,0.53077,1.45239,0.94613,C,0.0,-0.00935
7161.582,0.38107,150.898,3.974,24,0.6782,16.278,1.99821,9.00294,3405.345,3756.237,13532.963,0.031385,0.698089,80.941,101.247,0.4755,1.88966,0.960837,C,0.0,-0.000431
7615.358,0.38608,170.407,1.9999,25,0.8612,21.529,1.9621,9.67386,3177.417,4437.941,6354.543,0.02908,0.641678,81.698,101.884,0.41724,0.83444,0.968573,C,0.0,0.009025
9299.409,0.53564,136.165,1.033,22,0.8265,18.182,2.02924,6.53806,2891.544,6407.864,2987.067,0.171068,0.700154,82.126,100.415,0.31094,0.32121,0.900695,C,0.001,-0.006823
10399.589,0.51449,145.226,3.1627,21,0.8924,18.74,2.00973,9.93827,3723.322,6676.267,11775.831,0.044874,0.776393,80.873,101.448,0.35803,1.13234,0.968773,C,0.0,-0.002772
7176.391,0.41233,171.45,3.2862,26,0.841,21.866,1.9603,11.28391,2880.903,4295.488,9467.156,0.018113,0.676721,81.593,102.166,0.40144,1.31921,0.982365,C,0.0,0.01257
8839.688,0.33841,151.537,1.109,18,0.7794,14.03,1.99694,5.10244,4742.836,4096.852,5259.894,0.102064,0.612032,81.901,100.714,0.53654,0.59503,0.838182,C,0.0,-0.038521
12226.185,0.41412,161.242,1.9176,16,0.7397,11.835,1.97844,5.30745,5788.619,6437.566,11100.156,0.145602,0.655563,82.877,101.515,0.47346,0.9079,0.833533,C,0.0,0.043149
7204.598,0.62472,168.721,3.1174,22,0.8057,17.725,1.96503,9.06558,2241.946,4962.652,6989.107,0.077025,0.872145,82.266,103.322,0.31118,0.97009,0.961632,C,0.0,0.018443
10649.918,0.54599,149.338,1.2907,24,0.8861,21.267,2.00133,8.31393,3423.98,7225.937,4419.356,0.094328,0.760006,81.705,101.57,0.3215,0.41497,0.944455,C,0.001,0.016068
10250.746,0.42135,182.898,2.6431,23,0.7707,17.726,1.94139,8.53184,4558.168,5692.578,12047.738,0.048195,0.720149,82.412,102.993,0.44467,1.1753,0.949139,C,0.0,-0.033434
11616.349,0.52304,153.365,2.5011,21,0.8023,16.849,1.99336,8.30285,4706.345,6910.004,11770.937,0.074034,0.828861,81.609,102.244,0.40515,1.01331,0.942654,C,0.0,-0.04719
7508.513,0.42142,151.178,1.309,16,0.8678,13.885,1.99765,5.44692,2862.144,4646.369,3746.553,0.152015,0.587365,82.545,100.531,0.38119,0.49897,0.862497,C,0.0,0.034201
10271.43,0.45966,158.976,2.0034,16,0.6572,10.516,1.98264,4.80087,4458.074,5813.356,8931.201,0.198929,0.659611,83.489,101.425,0.43403,0.86952,0.812166,C,0.0,-0.028253
8096.928,0.39912,163.59,3.6191,17,0.8562,14.555,1.97415,7.75606,3720.334,4376.594,13464.368,0.054246,0.692279,81.765,101.878,0.45947,1.6629,0.937551,C,0.0,0.008547
12422.93,0.30214,186.652,2.828,26,0.8879,23.087,1.93548,11.26278,5954.059,6468.872,16838.036,0.013125,0.568149,82.082,102.161,0.47928,1.3554,0.979179,C,-0.001,0.033888
8563.396,0.46937,176.143,3.5993,27,0.8467,22.861,1.95238,11.96945,2974.47,5588.925,10706.045,0.019599,0.708737,81.788,102.603,0.34735,1.25021,0.985496,C,0.001,0.026605
10942.629,0.56681,162.479,2.8753,20,0.8185,16.369,1.97617,8.27285,3470.861,7471.768,9979.841,0.101563,0.782935,82.345,102.419,0.31719,0.91201,0.943165,C,0.0,-0.028191
8693.504,0.48252,158.654,1.6837,22,0.7556,16.623,1.98324,7.14118,4024.62,4668.884,6776.236,0.082251,0.827555,81.936,102.516,0.46295,0.77946,0.921086,C,0.0,0.002232
10102.987,0.511,148.572,2.3828,24,0.7393,17.744,2.00287,8.68131,3394.563,6708.424,8088.622,0.073087,0.732592,81.392,101.346,0.336,0.80062,0.951943,C,-0.0,-0.009824
7944.488,0.36586,184.825,3.8691,19,0.7414,14.086,1.93834,7.40808,3730.788,4213.701,14434.644,0.054687,0.641366,82.566,102.561,0.46961,1.81694,0.929805,C,-0.001,0.020221
10701.784,0.68357,153.048,3.4263,17,0.7545,12.826,1.99397,6.85191,2534.633,8167.151,8684.518,0.267832,0.812593,84.153,102.12,0.23684,0.8115,0.907202,C,0.0,-0.007069
10670.6,0.55138,190.167,4.0008,17,0.8702,14.793,1.93007,7.78205,3740.596,6930.004,14965.429,0.105307,0.792162,83.421,103.796,0.35055,1.40249,0.933049,C,0.0,-0.041344
10135.092,0.5311,140.312,2.2102,26,0.6615,17.2,2.02013,8.32683,3417.971,6717.121,7554.309,0.085761,0.757705,81.192,101.041,0.33724,0.74536,0.945543,C,0.0,0.022583
13000.0,0.39996,178.484,2.3334,20,0.832,16.639,1.94852,7.76986,5728.737,7271.263,13367.678,0.065206,0.663707,82.476,102.416,0.44067,1.02828,0.928157,C,0.0,-0.056177
10362.404,0.53091,160.097,3.4496,27,0.6752,18.23,1.98055,9.65811,3740.012,6622.392,12901.628,0.050611,0.802167,81.577,102.424,0.36092,1.24504,0.965594,C,0.0,-0.046163
11060.728,0.57697,145.414,2.6648,21,0.6998,14.695,2.00934,7.45629,3456.676,7604.052,9211.504,0.14012,0.77555,82.138,101.453,0.31252,0.83281,0.924103,C,0.0,0.036264
10437.401,0.57695,120.0,3.2211,19,0.6926,13.16,2.06808,7.29712,4042.24,6395.16,13020.511,0.117378,0.867436,80.614,100.49,0.38728,1.24749,0.921209,C,0.001,-0.00355
12672.92,0.36464,161.72,1.9583,16,0.6925,11.081,1.97756,5.00147,5902.057,6770.863,11557.774,0.146891,0.554444,82.913,100.872,0.46572,0.91201,0.812388,C,0.0,0.030129
9226.465,0.59905,183.342,3.2145,24,0.8702,20.884,1.94068,10.56123,2407.642,6818.823,7739.257,0.055638,0.790928,82.526,103.481,0.26095,0.83881,0.975764,C,0.0,-0.040565
9526.164,0.45821,166.49,2.6478,24,0.8207,19.696,1.96895,9.68577,3811.051,5715.113,10090.773,0.038059,0.738384,81.665,102.328,0.40006,1.05927,0.966771,C,0.0,-0.009181
10056.623,0.3313,136.056,1.9636,18,0.6798,12.237,2.02948,5.73846,5083.982,4972.64,9983.055,0.088094,0.579954,81.025,99.616,0.50554,0.99268,0.865577,C,0.001,-0.011569
11461.085,0.61177,206.84,3.9282,21,0.7132,14.977,1.90589,7.6992,3817.793,7643.292,14997.086,0.129519,0.852658,84.294,104.905,0.33311,1.30852,0.929477,C,-0.0,-0.042831
10085.705,0.49251,159.594,1.4748,27,0.6627,17.894,1.98149,7.29204,3710.093,6375.611,5471.498,0.104578,0.718258,82.269,101.844,0.36786,0.5425,0.921891,C,0.001,-0.017142
11219.156,0.38873,145.228,1.5556,16,0.6573,10.517,2.00972,4.46821,4841.613,6377.543,7531.389,0.19545,0.535459,82.86,99.858,0.43155,0.6713,0.78302,C,0.0,0.016454
10280.516,0.36587,169.875,1.1143,16,0.8035,12.856,1.96302,4.57013,4919.552,5360.964,5481.894,0.155731,0.558698,83.349,101.31,0.47853,0.53323,0.796312,C,0.0,0.045772
9223.272,0.60647,152.17,2.697,27,0.8815,23.801,1.9957,11.998,3369.154,5854.118,9086.589,0.024333,0.9415,80.902,102.923,0.36529,0.98518,0.985344,C,0.0,0.004049
10339.555,0.65768,200.58,3.7912,20,0.7294,14.589,1.9147,7.49853,2223.999,8115.556,8431.698,0.223865,0.776566,85.336,104.142,0.2151,0.81548,0.926785,C,0.0,-0.021864
10962.491,0.53811,171.691,2.9993,19,0.6532,12.411,1.95989,6.26293,3470.968,7491.523,10410.391,0.195302,0.696937,83.941,102.311,0.31662,0.94964,0.885085,C,0.0,0.019475
7059.496,0.48292,156.609,2.6361,27,0.7391,19.955,1.98711,9.93426,2748.43,4311.065,7245.154,0.034948,0.768516,81.228,102.019,0.38932,1.0263,0.971826,C,0.001,-0.002753
12624.818,0.68582,170.823,2.994,25,0.833,20.826,1.96138,10.51652,2763.167,9861.651,8272.824,0.085193,0.854114,82.454,103.306,0.21887,0.65528,0.972812,C,0.0,-0.023988
9403.108,0.47548,161.462,3.6894,22,0.686,15.091,1.97803,8.09861,3576.607,5826.5,13195.421,0.072122,0.723081,81.916,101.972,0.38036,1.4033,0.942305,C,0.001,0.006295
9784.454,0.64854,172.874,3.8892,22,0.6638,14.604,1.95787,7.80493,2220.003,7564.451,8633.969,0.184897,0.78461,83.848,102.947,0.22689,0.88242,0.935314,C,0.0,-0.005997
10082.109,0.44723,201.5,3.043,23,0.706,16.237,1.91338,7.92987,4498.197,5583.912,13687.858,0.062625,0.75706,83.238,104.052,0.44616,1.35764,0.937525,C,0.0,-0.034398
9555.735,0.49492,193.866,2.8774,19,0.6545,12.435,1.9245,6.04109,3791.971,5763.764,10911.015,0.14854,0.722802,84.118,103.5,0.39683,1.14183,0.880901,C,0.0,0.004847
7701.241,0.55274,189.972,2.9793,21,0.866,18.186,1.93037,8.95544,2288.613,5412.628,6818.441,0.075374,0.754581,83.019,103.539,0.29717,0.88537,0.959476,C,0.0,0.015785
9656.871,0.3925,176.521,3.0316,21,0.737,15.476,1.95175,7.78227,4210.979,5445.892,12766.048,0.058462,0.650799,82.315,102.238,0.43606,1.32197,0.93505,C,0.0,-0.041455
11953.356,0.35404,164.017,3.3608,26,0.819,21.295,1.97338,11.15592,6027.162,5926.194,20256.216,0.014977,0.698886,81.263,101.943,0.50422,1.6946,0.97867,C,0.0,-0.036667
11608.463,0.48612,202.299,1.669,20,0.8903,17.805,1.91225,7.21806,3923.173,7685.29,6547.817,0.120554,0.672737,84.029,103.529,0.33796,0.56406,0.916189,C,0.0,-0.027103
11793.231,0.34823,164.287,2.8575,27,0.6618,17.87,1.97289,8.99485,5761.586,6031.645,16463.881,0.032246,0.65007,81.502,101.634,0.48855,1.39604,0.954761,C,0.0,-0.022736
9477.915,0.50407,192.342,1.5641,22,0.7659,16.85,1.92678,6.7413,3700.345,5777.571,5787.754,0.120063,0.750014,83.69,103.613,0.39042,0.61066,0.907008,C,-0.001,-0.001044
9524.178,0.69393,173.679,2.0794,21,0.6771,14.219,1.95651,6.44415,2167.705,7356.474,4507.627,0.315041,0.805574,85.596,103.124,0.2276,0.47328,0.89667,C,-0.001,0.012703
11472.142,0.60809,150.481,1.9277,23,0.7496,17.241,1.99904,7.86317,3057.877,8414.265,5894.623,0.151963,0.773858,82.515,101.724,0.26655,0.51382,0.933389,C,0.0,-0.035618
12172.143,0.38616,146.745,1.2394,19,0.7537,14.319,2.00659,5.51931,5287.949,6884.194,6553.749,0.137187,0.577406,82.158,100.22,0.43443,0.53842,0.845665,C,0.0,-0.018039
10458.016,0.37495,182.073,3.0904,19,0.8891,16.894,1.94271,8.47606,4811.612,5646.404,14869.732,0.042528,0.658226,82.307,102.547,0.46009,1.42185,0.947816,C,0.0,-0.005055
8483.634,0.57406,139.593,1.3238,27,0.7843,21.177,2.02169,8.49243,3061.283,5422.35,4052.641,0.077722,0.854283,81.053,101.637,0.36085,0.4777,0.951146,C,0.001,-0.035528
7384.051,0.69807,168.142,1.5013,24,0.768,18.432,1.96604,7.4789,1445.731,5938.32,2170.547,0.239772,0.809651,84.392,102.881,0.19579,0.29395,0.93275,C,0.0,-0.028058
12565.914,0.55755,189.022,1.36,23,0.8018,18.442,1.93182,6.9979,4062.818,8503.096,5525.311,0.160382,0.74732,84.108,103.449,0.32332,0.43971,0.906995,C,0.0,-0.011228
7955.561,0.6289,177.785,1.9951,27,0.6584,17.776,1.94966,7.90557,2247.898,5707.663,4484.804,0.131316,0.824868,83.323,103.447,0.28256,0.56373,0.941002,C,0.0,-0.001224
10442.681,0.66833,150.046,2.9661,23,0.8045,18.504,1.99991,9.59135,2496.783,7945.898,7405.712,0.098681,0.847322,81.793,102.185,0.23909,0.70918,0.964697,C,0.0,0.037764
11711.101,0.32822,169.961,3.0544,21,0.6539,13.732,1.96287,6.97662,5518.509,6192.592,16855.496,0.06371,0.563932,82.138,101.349,0.47122,1.43928,0.908531,C,0.0,0.03257
12916.456,0.67648,208.88,1.5775,23,0.8175,18.804,1.90309,7.40537,2717.458,10198.998,4286.798,0.261832,0.786961,86.105,104.554,0.21039,0.33189,0.918569,C,0.0,-0.006973
10319.328,0.5409,164.175,2.2127,17,0.6851,11.647,1.97309,5.45135,3146.035,7173.294,6961.195,0.265779,0.661557,84.58,101.705,0.30487,0.67458,0.850198,C,-0.001,0.03162
9743.565,0.50311,188.665,4.1357,25,0.8754,21.885,1.93237,11.6096,3269.903,6473.662,13523.475,0.025574,0.744313,82.316,103.413,0.3356,1.38794,0.982941,C,0.0,0.029704
10768.41,0.55697,174.262,1.5298,20,0.7522,15.044,1.95553,6.10135,3690.893,7077.518,5646.359,0.196484,0.744966,84.053,102.752,0.34275,0.52434,0.879087,C,-0.001,-0.030377
11333.684,0.47691,201.222,1.6193,21,0.8671,18.21,1.91378,7.30714,4686.293,6647.391,7588.489,0.092962,0.747584,83.63,103.978,0.41348,0.66955,0.919401,C,0.0,0.016913
11948.218,0.5905,169.67,1.0108,26,0.7146,18.58,1.96337,6.30153,3797.376,8150.842,3838.464,0.216699,0.76465,84.146,102.659,0.31782,0.32126,0.883368,C,0.0,-0.006188
11476.878,0.38212,195.038,3.8435,18,0.7992,14.386,1.92276,7.46305,5574.64,5902.238,21426.287,0.060287,0.686082,82.993,103.309,0.48573,1.86691,0.923366,C,0.0,0.047048
8882.191,0.35389,173.038,3.8192,27,0.784,21.168,1.95759,11.26831,4328.469,4553.722,16531.293,0.013596,0.677343,81.593,102.247,0.48732,1.86117,0.981277,C,0.0,0.036988
7000.0,0.35407,172.737,1.7633,20,0.7093,14.187,1.9581,6.0831,3373.8,3626.2,5948.914,0.079516,0.609506,82.452,101.785,0.48197,0.84984,0.891759,C,0.0,0.028262
10891.616,0.57589,152.314,3.3277,17,0.6733,11.446,1.99541,6.08006,3473.408,7418.208,11558.294,0.220774,0.742158,83.501,101.615,0.31891,1.06121,0.877742,C,0.0,0.052148
8929.533,0.64236,158.742,1.7003,20,0.7679,15.358,1.98308,6.62085,2127.5,6802.033,3617.405,0.257141,0.762844,84.248,102.094,0.23825,0.40511,0.904625,C,0.0,0.017279
12316.667,0.46544,167.003,1.3705,18,0.7613,13.704,1.96805,5.36411,4901.902,7414.766,6717.86,0.191343,0.646645,83.708,101.748,0.39799,0.54543,0.836386,C,-0.001,0.003494
8345.697,0.67051,170.147,2.2045,24,0.8066,19.358,1.96255,8.97898,1721.006,6624.691,3793.972,0.133398,0.810048,83.065,102.982,0.20621,0.4546,0.958974,C,0.0,-0.023158
10370.511,0.62873,172.145,2.055,21,0.8565,17.986,1.95911,8.13616,2786.422,7584.089,5726.203,0.137183,0.809331,83.191,103.075,0.26869,0.55216,0.941375,C,0.0,-0.036683
8854.034,0.51733,161.057,1.1946,23,0.7504,17.26,1.97878,6.41195,3187.979,5666.054,3808.328,0.147083,0.725644,82.889,101.968,0.36006,0.43012,0.897631,C,0.001,0.021805
8542.957,0.58903,183.708,1.6296,16,0.7194,11.511,1.9401,4.72762,2172.46,6370.497,3540.147,0.423422,0.645511,87.393,102.538,0.2543,0.41439,0.8172,C,0.0,-0.035285
12699.943,0.51523,161.151,3.8277,24,0.6789,16.294,1.9786,8.8156,4386.109,8313.834,16788.725,0.073714,0.748156,81.924,102.122,0.34536,1.32195,0.950589,C,-0.0,0.029203
10760.246,0.56617,180.975,4.0814,18,0.687,12.366,1.94447,6.60509,3748.383,7011.863,15298.499,0.164711,0.780775,83.88,103.305,0.34835,1.42176,0.898656,C,0.0,0.041232
10171.786,0.3422,151.837,1.9317,20,0.8095,16.189,1.99635,7.37442,4732.017,5439.769,9140.8,0.055967,0.591196,81.306,100.593,0.46521,0.89864,0.923915,C,0.0,-0.0213
11024.056,0.52588,168.098,1.6118,18,0.8802,15.844,1.96612,6.6104,3783.306,7240.749,6098.074,0.156207,0.719041,83.287,102.281,0.34319,0.55316,0.898061,C,0.001,-0.043713
8931.28,0.41718,163.672,4.4581,21,0.7911,16.613,1.974,9.22799,3884.754,5046.526,17318.656,0.036732,0.710049,81.537,101.999,0.43496,1.9391,0.961703,C,0.0,-0.024133
9455.526,0.50239,169.984,3.5769,17,0.8116,13.798,1.96283,7.272,3725.612,5729.914,13326.161,0.098403,0.765056,82.597,102.677,0.39401,1.40935,0.922824,C,0.0,0.045224
9491.295,0.51126,141.426,1.1422,16,0.6789,10.863,2.01774,4.06584,3445.555,6045.74,3935.677,0.3342,0.612163,84.522,100.146,0.36302,0.41466,0.762698,C,0.0,0.036665
13000.0,0.54005,166.222,1.2113,17,0.8101,13.772,1.96943,5.11285,4812.06,8187.94,5829.057,0.265645,0.701315,84.659,102.07,0.37016,0.44839,0.817922,C,0.0,0.02518
10976.707,0.60478,145.618,1.9676,27,0.6563,17.721,2.00892,8.19643,3680.111,7296.596,7240.849,0.105408,0.85665,81.689,102.0,0.33527,0.65966,0.941567,C,0.0,-0.049244
11594.61,0.65414,184.47,2.078,21,0.7286,15.3,1.9389,6.83927,3306.623,8287.987,6871.297,0.219405,0.827585,84.728,103.774,0.28519,0.59263,0.904346,C,0.0,-0.005155
11813.374,0.37027,148.759,2.5087,24,0.7559,18.141,2.00249,9.00684,5656.013,6157.361,14189.115,0.034859,0.678365,80.895,100.999,0.47878,1.20111,0.954925,C,0.0,0.036839
9676.712,0.59829,191.988,3.3613,27,0.8714,23.529,1.92732,11.89831,3054.049,6622.663,10265.513,0.029171,0.860735,82.478,104.329,0.31561,1.06085,0.984612,C,0.0,0.032522
9524.833,0.64526,175.433,4.2971,20,0.8287,16.574,1.95356,9.00369,2498.828,7026.005,10737.744,0.10376,0.837843,82.873,103.421,0.26235,1.12734,0.957813,C,0.0,0.026241
7536.018,0.67272,196.835,3.3201,21,0.6632,13.927,1.92012,6.9828,1603.145,5932.874,5322.604,0.254241,0.7858,85.613,104.044,0.21273,0.70629,0.919603,C,-0.001,-0.007548
11262.857,0.44651,179.563,2.6353,25,0.8253,20.632,1.94675,9.96367,5032.777,6230.08,13263.123,0.031719,0.781585,82.074,103.244,0.44685,1.1776,0.968257,C,0.0,0.006549
10450.638,0.33356,183.7,1.8281,23,0.8771,20.173,1.94011,8.64196,5749.285,4701.353,10510.185,0.029849,0.704972,82.198,102.93,0.55014,1.0057,0.95077,C,0.0,-0.017824
9205.674,0.58738,142.177,1.3355,23,0.752,17.296,2.01613,6.93496,2405.621,6800.052,3212.615,0.193702,0.726646,82.701,100.945,0.26132,0.34898,0.913823,C,0.001,0.02461
11788.563,0.62954,166.192,2.8453,16,0.7626,12.202,1.96948,6.1195,3688.397,8100.166,10494.765,0.248979,0.802827,84.438,102.739,0.31288,0.89025,0.876258,C,0.0,0.006585
7345.804,0.69613,144.935,1.8359,25,0.8088,20.219,2.01033,9.14045,2025.441,5320.363,3718.448,0.094797,0.92505,81.519,102.412,0.27573,0.5062,0.962452,C,0.0,0.027015
10750.991,0.44361,168.706,3.8004,18,0.7136,12.845,1.96505,6.86957,4462.199,6288.792,16958.348,0.098715,0.68833,82.552,102.108,0.41505,1.57738,0.907641,C,0.0,-0.003054
7789.63,0.43247,157.942,4.0162,26,0.7949,20.667,1.98458,11.34138,3068.777,4720.853,12324.784,0.019354,0.701007,81.077,101.644,0.39396,1.5822,0.982369,C,0.0,0.037177
8311.896,0.47069,186.336,3.3201,22,0.7427,16.339,1.93597,8.29519,2904.515,5407.381,9643.262,0.070129,0.68585,82.823,102.923,0.34944,1.16018,0.947936,C,0.0,-0.016663
10065.94,0.31714,183.043,2.9349,17,0.7013,11.923,1.94116,5.89829,5422.341,4643.599,15913.892,0.074855,0.600061,82.769,102.207,0.53868,1.58096,0.872855,C,0.0,-0.019783
11964.779,0.50068,177.259,2.5252,18,0.7147,12.865,1.95053,6.15673,4468.771,7496.008,11284.656,0.164554,0.701062,83.743,102.605,0.37349,0.94316,0.877247,C,0.0,0.005046
8067.766,0.38279,167.108,3.6541,26,0.8227,21.391,1.96786,11.36932,3527.341,4540.424,12889.205,0.015423,0.668182,81.39,101.896,0.43721,1.59762,0.982384,C,0.001,0.028378
8555.522,0.66736,181.63,2.0899,22,0.8093,17.804,1.94341,8.00101,2311.292,6244.229,4830.303,0.14366,0.86121,83.626,103.866,0.27015,0.56458,0.941846,C,0.001,-0.019504
8305.901,0.33028,172.527,1.6239,20,0.7503,15.006,1.95846,6.24236,3997.338,4308.563,6491.252,0.07328,0.568712,82.362,101.505,0.48126,0.78152,0.89322,C,0.0,0.016573
13000.0,0.54142,154.793,1.978,18,0.8593,15.467,1.99059,7.07232,4097.286,8902.714,8104.292,0.157541,0.718092,82.771,101.59,0.31518,0.62341,0.908291,C,0.0,0.001765
10648.808,0.64086,162.349,3.2999,22,0.8685,19.106,1.97641,9.98949,2848.247,7800.561,9398.834,0.074033,0.847828,81.977,102.841,0.26747,0.88262,0.969101,C,0.0,-0.003207
10602.603,0.37335,187.879,2.8178,23,0.8452,19.439,1.93358,9.46016,5140.804,5461.799,14485.613,0.028596,0.697836,82.329,103.072,0.48486,1.36623,0.962863,C,0.0,0.035432
13000.0,0.44789,174.722,2.8535,26,0.7607,19.779,1.95475,9.81701,5623.101,7376.899,16045.431,0.036337,0.761603,81.956,102.884,0.43255,1.23426,0.964908,C,0.0,-0.02503
10624.359,0.32759,163.364,3.1813,17,0.8616,14.647,1.97456,7.58172,5289.711,5334.648,16828.411,0.047187,0.605638,81.663,101.294,0.49789,1.58395,0.928284,C,0.0,-0.037374
7415.639,0.63222,161.576,1.6034,24,0.7556,18.134,1.97782,7.61702,2337.563,5078.076,3748.118,0.128646,0.864033,82.667,102.908,0.31522,0.50543,0.935858,C,0.0,-0.028082
9194.812,0.36983,150.897,2.2761,26,0.7391,19.216,1.99821,9.2421,4110.806,5084.007,9356.677,0.031781,0.64316,80.946,100.884,0.44708,1.0176,0.96158,C,-0.001,0.041854
8037.891,0.35139,167.703,2.152,18,0.8355,15.039,1.96681,6.94501,3980.78,4057.111,8566.482,0.058743,0.638531,81.985,101.73,0.49525,1.06576,0.917208,C,0.0,0.000415
13000.0,0.35396,171.699,1.9262,16,0.7894,12.63,1.95988,5.59425,6286.037,6713.963,12108.432,0.112617,0.57992,82.85,101.539,0.48354,0.93142,0.846155,C,0.0,0.003948
8236.362,0.46062,179.921,2.9512,20,0.7798,15.596,1.94617,7.75633,3649.086,4587.276,10769.154,0.065208,0.775167,82.529,103.219,0.44305,1.30751,0.93728,C,0.0,-0.021511
10310.151,0.37408,147.302,1.4811,17,0.7579,12.884,2.00545,5.3522,5014.071,5296.08,7426.568,0.119265,0.61533,81.946,100.502,0.48632,0.72032,0.84495,C,0.0,-0.018798
9069.187,0.65147,147.017,1.6316,26,0.8307,21.599,2.00603,9.32252,2266.749,6802.438,3698.327,0.096986,0.836238,81.639,101.944,0.24994,0.40779,0.962791,C,0.0,0.003188
9295.969,0.61854,143.726,2.0161,23,0.8524,19.605,2.01286,9.16764,2651.892,6644.077,5346.577,0.085768,0.831186,81.346,101.724,0.28527,0.57515,0.960443,C,-0.0,0.017407
9983.248,0.69052,176.87,1.2185,19,0.862,16.378,1.95117,6.01301,2285.517,7697.732,2785.003,0.367491,0.786424,86.407,103.15,0.22894,0.27897,0.878161,C,-0.001,0.044291
9827.978,0.59688,143.391,3.1028,18,0.7179,12.922,2.01356,6.83992,2835.753,6992.225,8798.901,0.187821,0.762772,82.678,101.253,0.28854,0.89529,0.909205,C,-0.0,0.036097
9472.574,0.38123,193.162,1.4395,26,0.8803,22.887,1.92555,8.84867,4704.4,4768.174,6771.83,0.034135,0.723674,82.584,103.475,0.49663,0.71489,0.955532,C,0.0,0.041141
8041.595,0.34516,153.523,4.0748,17,0.6983,11.871,1.99305,6.57353,3764.921,4276.674,15341.156,0.06952,0.58781,81.556,100.662,0.46818,1.90773,0.905701,C,0.0,0.027878
9049.63,0.47593,152.581,3.4244,16,0.7316,11.705,1.99489,6.25649,3518.073,5531.556,12047.248,0.133136,0.693939,82.356,101.311,0.38875,1.33124,0.891249,C,0.001,0.0458
8307.449,0.4388,156.155,1.0496,21,0.6668,14.003,1.98797,4.92715,2833.971,5473.479,2974.552,0.217656,0.553308,83.621,100.575,0.34114,0.35806,0.83079,C,-0.001,-0.041889
8512.997,0.59446,173.965,3.0423,21,0.835,17.535,1.95603,8.85405,2727.474,5785.522,8297.835,0.079943,0.837019,82.504,103.345,0.32039,0.97473,0.956914,C,0.001,0.001904
10774.691,0.5806,202.886,2.5009,16,0.844,13.504,1.91142,6.24963,3906.092,6868.599,9768.643,0.183889,0.806207,84.884,104.435,0.36252,0.90663,0.885181,C,0.0,-0.014351
10255.862,0.40228,155.673,2.0869,22,0.8036,17.679,1.98889,8.21769,4359.811,5896.051,9098.677,0.053733,0.660012,81.437,101.253,0.4251,0.88717,0.943219,C,-0.0,-0.001972
11286.601,0.68688,155.206,2.4388,19,0.8107,15.403,1.98979,7.51576,2412.793,8873.808,5884.414,0.240409,0.80827,83.882,102.207,0.21377,0.52136,0.925178,C,0.0,0.05055
9682.548,0.68446,203.244,4.1913,24,0.8812,21.149,1.91091,11.05744,2722.145,6960.403,11409.377,0.050293,0.932474,83.132,105.283,0.28114,1.17834,0.979342,C,0.0,0.017139
13000.0,0.65564,209.462,2.72,26,0.6682,17.372,1.9023,8.16835,3110.021,9889.979,8459.215,0.17126,0.807957,84.928,104.716,0.23923,0.65071,0.93751,C,0.0,0.020041
9244.785,0.44833,206.216,2.7996,26,0.6553,17.039,1.90676,8.10258,3637.232,5607.554,10182.888,0.065336,0.696753,83.427,103.85,0.39344,1.10147,0.942664,C,-0.001,-0.007803
8875.92,0.54993,161.782,3.7336,20,0.7419,14.838,1.97744,7.97916,3017.152,5858.769,11264.895,0.095757,0.783825,82.241,102.39,0.33993,1.26915,0.940811,C,-0.001,-0.02835
11624.559,0.48839,209.743,2.5342,19,0.8033,15.263,1.90191,7.0359,4426.18,7198.38,11216.823,0.114632,0.718215,84.189,104.135,0.38076,0.96492,0.910631,C,-0.001,-0.047987
8877.361,0.43828,171.62,3.3666,23,0.8983,20.66,1.96001,10.71927,4182.487,4694.874,14080.777,0.021104,0.809919,81.639,103.053,0.47114,1.58614,0.977314,C,0.0,0.034918
10115.578,0.35791,202.078,2.8661,19,0.8245,15.665,1.91256,7.53034,4120.03,5995.547,11808.354,0.063203,0.560432,83.265,102.779,0.4073,1.16734,0.928077,C,0.001,-0.02813
11475.669,0.57908,145.145,3.4836,24,0.7447,17.872,2.00989,9.69362,3367.79,8107.879,11732.183,0.069266,0.790841,81.191,101.539,0.29347,1.02235,0.964896,C,0.0,0.013926
9803.853,0.66856,160.658,1.3717,16,0.8839,14.143,1.97951,5.58555,2300.34,7503.513,3155.424,0.401018,0.750585,86.225,102.112,0.23464,0.32186,0.85926,C,0.0,-0.03809
9392.534,0.65,135.353,1.1297,27,0.8951,24.169,2.03106,9.08412,2566.321,6826.213,2899.205,0.097181,0.857828,81.112,101.407,0.27323,0.30867,0.959149,C,0.0,0.032814
11427.524,0.32452,171.607,2.6043,21,0.7862,16.511,1.96003,8.02834,5433.678,5993.846,14150.713,0.042853,0.57987,81.925,101.534,0.47549,1.2383,0.937212,C,0.0,-0.040795
10585.292,0.41058,186.9,1.8125,27,0.7474,20.181,1.9351,8.58559,5561.365,5023.927,10079.935,0.039396,0.82148,82.437,103.844,0.52539,0.95226,0.949589,C,0.0,-0.041898
9043.774,0.52182,186.433,1.6276,20,0.8358,16.716,1.93582,6.83946,3273.529,5770.245,5328.121,0.12782,0.745348,83.588,103.32,0.36196,0.58915,0.911337,C,0.0,-0.040898
8183.73,0.61423,188.092,1.8222,16,0.8635,13.817,1.93325,5.88065,2130.948,6052.782,3882.972,0.284774,0.730221,85.718,103.295,0.26039,0.47447,0.879277,C,0.0,-0.014633
9405.489,0.37167,195.302,1.3169,21,0.6907,14.506,1.92237,5.38855,4863.207,4542.281,6404.398,0.107085,0.654955,83.619,103.115,0.51706,0.68092,0.851027,C,0.001,-0.028077
7817.549,0.64371,192.097,3.0841,17,0.8139,13.837,1.92715,6.85496,2294.52,5523.03,7076.449,0.186075,0.833838,84.553,104.156,0.29351,0.9052,0.915157,C,-0.001,-0.030631
8637.044,0.679,161.873,2.0816,19,0.7743,14.711,1.97728,6.77433,1758.917,6878.126,3661.394,0.298635,0.776271,84.922,102.344,0.20365,0.42392,0.910433,C,0.001,-0.01105
8282.173,0.46499,161.904,1.229,16,0.803,12.848,1.97722,4.8293,3034.914,5247.259,3730.022,0.222023,0.605523,83.912,101.219,0.36644,0.45037,0.825034,C,0.0,-0.029099
10517.224,0.61576,168.284,2.5509,23,0.7597,17.473,1.96579,8.48397,3150.53,7366.694,8036.562,0.107159,0.833276,82.647,103.044,0.29956,0.76413,0.947869,C,0.0,-0.011104
11018.525,0.30998,164.564,4.1644,20,0.7537,15.073,1.97239,8.25602,5441.605,5576.92,22660.882,0.035963,0.577344,81.562,101.168,0.49386,2.05662,0.942703,C,0.0,0.024638
8821.035,0.58101,190.893,1.5004,26,0.725,18.851,1.92897,7.4315,2754.957,6066.077,4133.526,0.13315,0.784416,83.813,103.777,0.31232,0.4686,0.928427,C,0.001,-0.040835
9202.013,0.40369,182.534,2.8034,16,0.7992,12.787,1.94197,6.2555,4255.936,4946.077,11931.155,0.095402,0.668961,83.022,102.639,0.4625,1.29658,0.8907,C,0.0,0.003206
8628.396,0.48752,175.605,3.7771,17,0.8699,14.789,1.95327,7.82859,3428.895,5199.501,12951.157,0.075954,0.758938,82.512,102.908,0.3974,1.50099,0.938087,C,0.0,-0.021563
8165.815,0.44476,185.059,1.6852,21,0.8709,18.29,1.93797,7.59468,3065.058,5100.757,5165.388,0.078467,0.664861,82.888,102.727,0.37535,0.63256,0.933777,C,0.0,0.027574
9416.317,0.43475,168.561,1.1045,18,0.7268,13.083,1.96531,4.63918,4007.836,5408.481,4426.816,0.197863,0.610283,83.855,101.586,0.42563,0.47012,0.806287,C,0.0,0.037351
10815.27,0.43612,164.071,4.2195,16,0.7327,11.723,1.97328,6.44142,3849.114,6966.156,16241.274,0.131722,0.604312,82.807,101.322,0.3559,1.5017,0.892507,C,0.0,0.010893
10808.49,0.36224,181.734,1.4587,22,0.6676,14.687,1.94325,5.78896,5281.072,5527.418,7703.365,0.100117,0.612682,83.055,102.23,0.4886,0.71271,0.864958,C,0.0,-0.007183
10677.736,0.46834,175.069,2.8631,20,0.8321,16.642,1.95417,8.26324,4469.307,6208.43,12796.153,0.063315,0.759909,82.325,102.889,0.41856,1.1984,0.943415,C,-0.001,-0.005127
9417.001,0.60471,187.439,1.7239,19,0.6886,13.083,1.93426,5.4624,2563.159,6853.842,4418.722,0.322641,0.710198,86.195,103.133,0.27218,0.46923,0.854777,C,0.0,-0.010389
7038.75,0.33841,156.346,2.2815,20,0.7114,14.228,1.98761,6.79513,3422.271,3616.48,7807.933,0.058795,0.603006,81.532,100.913,0.4862,1.10928,0.915527,C,-0.001,0.011825
11455.081,0.53699,208.389,3.2934,24,0.8127,19.505,1.90376,9.6331,4398.977,7056.104,14487.38,0.050108,0.840527,83.295,104.888,0.38402,1.26471,0.964166,C,0.0,-0.00592
12002.119,0.30831,178.592,2.4651,27,0.75,20.25,1.94834,9.60828,6460.556,5541.563,15925.793,0.021029,0.643235,81.897,102.286,0.53828,1.32692,0.963285,C,0.0,-0.013
12026.288,0.34231,179.213,3.9313,22,0.8105,17.83,1.94732,9.47319,5721.949,6304.339,22494.827,0.027713,0.627837,82.008,102.213,0.47579,1.87047,0.961481,C,0.0,0.048988
11721.478,0.6542,196.694,2.606,19,0.6598,12.535,1.92033,5.91099,3177.946,8543.532,8281.586,0.320571,0.778295,86.484,103.989,0.27112,0.70653,0.867144,C,0.0,0.045342
11639.71,0.30543,147.716,4.0746,19,0.7684,14.6,2.00461,8.1527,5776.33,5863.38,23536.238,0.037224,0.569661,80.881,100.223,0.49626,2.02206,0.939519,C,0.0,-0.040397
12958.826,0.59648,131.747,1.9591,19,0.7558,14.36,2.03931,6.77511,3554.777,9404.049,6964.195,0.221026,0.738399,82.575,100.398,0.27431,0.53741,0.898353,C,-0.0,0.042014
10590.69,0.61769,151.199,3.9294,21,0.8623,18.108,1.99761,9.98794,3070.649,7520.041,12065.712,0.06575,0.843069,81.408,102.22,0.28994,1.13928,0.969137,C,0.0,-0.045311
12451.27,0.55605,192.711,2.2612,26,0.8599,22.359,1.92623,10.16305,3548.127,8903.142,8023.188,0.059749,0.75384,82.907,103.655,0.28496,0.64437,0.96938,C,0.001,-0.012922
11110.398,0.58291,166.561,1.9697,22,0.8349,18.369,1.96883,8.25349,3530.456,7579.942,6953.861,0.105481,0.805278,82.558,102.773,0.31776,0.62589,0.942499,C,-0.0,0.005535
11502.012,0.57547,130.28,1.8937,27,0.7411,20.01,2.04273,9.35347,3537.924,7964.088,6699.851,0.074035,0.798231,80.563,100.702,0.30759,0.58249,0.960428,C,0.0,-0.049286
10282.035,0.50893,156.005,2.6105,26,0.8124,21.123,1.98826,10.4963,3656.772,6625.263,9546.066,0.036629,0.769612,81.225,101.994,0.35565,0.92842,0.974403,C,0.0,0.010263
9255.329,0.56031,161.6,2.9845,27,0.7752,20.929,1.97778,10.69112,3666.883,5588.447,10943.724,0.032781,0.906444,81.402,103.189,0.39619,1.18242,0.97682,C,-0.001,0.035048
8311.583,0.60448,201.677,1.7621,25,0.8116,20.289,1.91313,8.39702,2838.36,5473.223,5001.558,0.08893,0.871832,83.591,104.817,0.34149,0.60176,0.94976,C,0.0,0.039383
10852.766,0.55793,166.041,1.1883,24,0.8025,19.26,1.96975,7.09006,3613.439,7239.327,4293.899,0.1437,0.764684,83.042,102.479,0.33295,0.39565,0.914245,C,0.0,0.035022
9567.007,0.61679,188.795,3.5522,17,0.8186,13.917,1.93217,7.15262,2611.485,6955.522,9276.397,0.182443,0.779867,84.391,103.654,0.27297,0.96962,0.919258,C,0.0,0.005014
8599.877,0.30655,165.295,2.3715,27,0.874,23.597,1.97108,11.26318,4610.325,3989.552,10933.311,0.010631,0.648519,81.256,101.675,0.53609,1.27133,0.981408,C,0.0,-0.020344
8785.661,0.57777,169.372,2.8311,19,0.7127,13.542,1.96389,6.75406,3189.332,5596.329,9029.429,0.144237,0.824846,83.178,103.042,0.36302,1.02775,0.909376,C,0.0,-0.037914
8190.75,0.31892,169.123,2.3771,22,0.8547,18.803,1.96432,8.93595,3929.574,4261.177,9340.98,0.02755,0.587608,81.628,101.464,0.47976,1.14043,0.958555,C,-0.001,0.032532
12216.646,0.48292,164.299,2.2487,17,0.8518,14.481,1.97287,6.81098,5165.675,7050.971,11616.309,0.112297,0.754444,82.559,102.324,0.42284,0.95086,0.901673,C,0.0,0.010116
9981.972,0.57584,121.543,3.8816,23,0.8462,19.462,2.06412,11.21496,3523.967,6458.005,13678.624,0.032177,0.872499,79.57,100.627,0.35303,1.37033,0.980273,C,0.0,0.025166
9948.0,0.56977,142.289,2.4739,19,0.8924,16.956,2.01589,8.46555,2984.812,6963.188,7383.982,0.09796,0.772013,81.442,101.251,0.30004,0.74226,0.948414,C,0.0,0.008119
8022.527,0.37276,199.477,3.4369,22,0.6816,14.994,1.91628,7.55423,4326.39,3696.137,14869.251,0.046216,0.754989,82.955,103.953,0.53928,1.85344,0.933139,C,0.0,-0.014053
8525.604,0.31676,154.998,3.1847,23,0.8336,19.174,1.99019,10.04266,4271.478,4254.126,13603.224,0.017977,0.616769,80.937,100.932,0.50102,1.59557,0.971566,C,0.0,-0.031076
12148.889,0.48414,186.559,3.1771,25,0.7045,17.612,1.93563,8.84696,4663.196,7485.693,14815.271,0.060701,0.747926,82.706,103.343,0.38384,1.21948,0.951875,C,0.0,-0.041963
9708.492,0.45837,136.925,3.6697,24,0.7397,17.753,2.02755,9.86113,4396.112,5312.38,16132.574,0.03181,0.811354,80.323,101.195,0.45281,1.6617,0.968576,C,0.0,0.020393
10648.172,0.32697,174.664,2.8894,26,0.7453,19.377,1.95485,9.64937,5136.827,5511.345,14842.224,0.023589,0.609734,81.786,101.879,0.48241,1.39388,0.965196,C,0.0,0.005755
12891.796,0.62449,162.057,3.4363,23,0.705,16.216,1.97694,8.56055,3451.383,9440.413,11860.053,0.126691,0.80648,82.66,102.553,0.26772,0.91997,0.945687,C,0.0,0.034244
13000.0,0.43367,120.0,3.8206,18,0.8167,14.701,2.06808,8.46588,5755.641,7244.359,21990.079,0.055157,0.734402,79.792,99.612,0.44274,1.69154,0.94369,C,0.0,-0.025629
11113.626,0.65063,177.394,2.0533,19,0.6616,12.57,1.95031,5.64652,2661.95,8451.676,5465.668,0.389019,0.733021,86.711,102.822,0.23952,0.4918,0.856787,C,0.0,0.053364
10771.529,0.58891,158.723,1.4214,16,0.8396,13.434,1.98311,5.39911,2835.779,7935.75,4030.823,0.345865,0.675756,85.419,101.518,0.26327,0.37421,0.845384,C,0.0,0.033763
10405.026,0.36831,158.787,4.3782,24,0.7979,19.15,1.98299,10.67265,5183.203,5221.823,22693.156,0.017858,0.716177,81.091,101.788,0.49814,2.18098,0.975847,C,-0.0,-0.036044
9610.05,0.45954,202.125,3.1428,25,0.6913,17.284,1.9125,8.50173,3667.326,5942.724,11525.704,0.060715,0.705654,83.233,103.739,0.38161,1.19934,0.94958,C,0.0,0.033717
12887.898,0.53614,179.735,3.1765,27,0.7052,19.041,1.94648,9.64505,4502.206,8385.692,14301.166,0.057022,0.793381,82.414,103.33,0.34934,1.10966,0.962846,C,0.0,-0.055861
8001.506,0.54334,149.918,3.6916,25,0.6582,16.454,2.00016,8.97507,2343.741,5657.765,8652.041,0.075378,0.737192,81.48,101.451,0.29291,1.0813,0.959364,C,0.0,0.012665
9879.045,0.6896,203.106,3.7939,16,0.813,13.009,1.91111,6.6679,2059.581,7819.465,7813.794,0.319456,0.787088,86.681,104.318,0.20848,0.79095,0.903421,C,-0.001,0.036856
7330.907,0.56404,141.712,2.8653,18,0.8766,15.78,2.01713,8.20766,2321.281,5009.626,6651.179,0.092663,0.782465,81.346,101.286,0.31664,0.90728,0.947981,C,0.0,-0.029085
7947.096,0.69194,153.584,3.674,17,0.7601,12.922,1.99293,7.00471,1731.285,6215.811,6360.779,0.256784,0.813149,84.03,102.152,0.21785,0.80039,0.919154,C,0.0,-0.03318
11006.6,0.54343,147.449,3.5922,26,0.8621,22.413,2.00515,12.19778,4055.36,6951.24,14567.68,0.021261,0.848059,80.659,102.046,0.36845,1.32354,0.985585,C,0.0,0.033986
10736.915,0.54894,156.467,3.5773,26,0.7186,18.683,1.98738,10.02824,2977.417,7759.498,10651.052,0.060497,0.736355,81.559,101.799,0.27731,0.992,0.969439,C,0.0,0.052174
10700.421,0.34275,188.4,3.4952,16,0.7401,11.842,1.93278,6.06763,5378.326,5322.095,18798.249,0.083265,0.604974,83.069,102.482,0.50263,1.75678,0.877895,C,0.0,0.013883
9492.191,0.56396,181.668,2.8065,16,0.7142,11.427,1.94335,5.59787,3367.524,6124.667,9450.846,0.22067,0.752709,84.644,103.152,0.35477,0.99564,0.861184,C,0.0,0.012542
8980.14,0.44704,197.033,2.7837,19,0.814,15.466,1.91983,7.42152,3927.433,5052.707,10932.63,0.073778,0.737168,83.238,103.732,0.43735,1.21742,0.927821,C,0.0,0.02972
9447.672,0.38842,193.649,1.9414,22,0.8466,18.625,1.92483,8.04992,4764.301,4683.371,9249.617,0.045264,0.737501,82.747,103.588,0.50428,0.97904,0.941233,C,0.0,0.022642
9572.213,0.61051,175.919,1.4546,22,0.7604,16.729,1.95275,6.63465,2590.742,6981.471,3768.607,0.218366,0.756034,84.404,102.904,0.27065,0.3937,0.903194,C,0.0,-0.027655
12378.676,0.67911,160.584,3.4348,25,0.8298,20.744,1.97965,10.97228,2765.578,9613.097,9499.124,0.069975,0.854349,81.852,102.793,0.22341,0.76738,0.976979,C,0.001,0.021529
12341.304,0.39616,170.082,1.9346,21,0.8001,16.802,1.96266,7.46878,5166.009,7175.295,9994.264,0.074179,0.627976,82.281,101.777,0.4186,0.80982,0.92162,C,0.0,0.008558
10666.731,0.59081,161.733,1.0742,23,0.7766,17.861,1.97753,6.30716,2732.16,7934.571,2934.882,0.258743,0.705155,84.39,101.868,0.25614,0.27514,0.887826,C,0.0,-0.018346
9075.488,0.35309,165.996,3.1328,27,0.7379,19.923,1.96983,10.23862,4562.847,4512.64,14294.549,0.018967,0.690926,81.394,101.99,0.50277,1.57507,0.972993,C,0.001,0.020234
8525.299,0.54672,167.004,2.4671,24,0.8162,19.589,1.96804,9.43721,3025.96,5499.339,7465.268,0.054135,0.817761,81.897,102.878,0.35494,0.87566,0.964855,C,0.0,-0.003835
10378.623,0.45738,186.852,2.0304,20,0.8283,16.567,1.93517,7.32815,4431.303,5947.32,8997.122,0.083346,0.736064,83.016,103.278,0.42696,0.86689,0.922196,C,0.0,0.035059
9607.404,0.69384,157.813,3.773,21,0.887,18.627,1.98482,10.09404,2083.892,7523.511,7862.477,0.092367,0.860436,82.035,102.689,0.2169,0.81838,0.971125,C,0.001,0.018628
7138.278,0.32363,191.896,2.0694,22,0.7848,17.265,1.92745,7.6381,3384.095,3754.183,7003.138,0.043073,0.576535,82.659,102.449,0.47408,0.98107,0.936904,C,0.0,-0.020111
12136.357,0.66032,175.145,3.0913,18,0.8649,15.567,1.95404,7.87963,2550.893,9585.464,7885.47,0.212031,0.779614,84.291,103.023,0.21019,0.64974,0.932508,C,0.0,0.04893
10415.182,0.41692,171.544,3.0489,20,0.7797,15.595,1.96014,7.90346,4887.564,5527.618,14901.835,0.056578,0.735528,82.104,102.559,0.46927,1.43078,0.936317,C,0.0,0.051271
9511.494,0.56077,181.138,1.0765,24,0.6874,16.497,1.94421,5.68593,3319.872,6191.622,3573.85,0.216384,0.745433,84.568,103.079,0.34904,0.37574,0.865318,C,0.0,-0.046055
9022.056,0.5484,153.504,3.838,21,0.7612,15.985,1.99308,8.7458,3496.563,5525.493,13419.877,0.064334,0.854719,81.486,102.422,0.38756,1.48745,0.954535,C,0.0,0.003775
9086.753,0.63421,198.051,3.2142,25,0.6743,16.858,1.91835,8.37636,2292.23,6794.523,7367.784,0.130343,0.8042,84.018,104.218,0.25226,0.81083,0.948155,C,0.0,-0.021911
11165.167,0.53488,169.383,2.7522,17,0.6881,11.698,1.96387,5.79128,4195.023,6970.144,11545.699,0.194096,0.739985,83.837,102.482,0.37572,1.03408,0.863658,C,-0.0,-0.014667
8456.96,0.69441,173.15,3.7938,16,0.7212,11.539,1.9574,6.13322,2114.385,6342.575,8021.582,0.309594,0.82269,85.504,103.212,0.25002,0.94852,0.888533,C,0.0,0.023657
10022.766,0.35396,169.728,1.1647,20,0.7803,15.607,1.96327,5.66479,5177.636,4845.13,6030.607,0.094416,0.631325,82.534,101.782,0.51659,0.60169,0.862206,C,0.0,-0.045124
11575.433,0.59232,173.976,3.1828,21,0.7004,14.708,1.95601,7.50855,3208.347,8367.086,10211.463,0.161639,0.757465,83.582,102.821,0.27717,0.88217,0.924363,C,0.0,-0.008323
12966.686,0.46685,145.597,2.2106,17,0.7231,12.293,2.00896,5.90482,5080.701,7885.985,11231.253,0.164271,0.661794,82.465,100.712,0.39183,0.86616,0.862128,C,0.0,-0.012032
10979.8,0.34764,142.534,1.6477,27,0.6825,18.428,2.01538,8.03673,5223.116,5756.684,8605.925,0.045162,0.622086,80.756,100.275,0.4757,0.7838,0.938202,C,0.0,-0.021216
10076.04,0.45323,161.015,1.4258,16,0.7315,11.704,1.97885,4.69541,4399.366,5676.674,6272.824,0.201136,0.648598,83.601,101.458,0.43662,0.62255,0.806236,C,0.0,0.013326
9288.867,0.44649,182.929,3.8374,23,0.8968,20.627,1.94134,10.85474,4022.997,5265.87,15437.87,0.02259,0.770345,82.075,103.326,0.4331,1.66198,0.978088,C,0.0,-0.029901
11383.305,0.55133,157.984,1.0861,20,0.8826,17.652,1.9845,6.29876,4058.295,7325.01,4407.776,0.177651,0.758366,83.168,102.024,0.35651,0.38721,0.885124,C,0.0,-0.041153
12204.943,0.44129,158.39,3.4698,19,0.6502,12.354,1.98374,6.56899,5227.021,6977.921,18136.655,0.110234,0.689278,82.295,101.59,0.42827,1.48601,0.893018,C,0.001,-0.003567
9831.369,0.38882,172.704,2.863,23,0.7046,16.205,1.95816,8.07097,4478.607,5352.762,12822.424,0.050374,0.671992,82.066,102.195,0.45554,1.30424,0.940982,C,0.0,0.014304
10946.435,0.56711,130.941,3.452,25,0.776,19.4,2.04119,10.73303,3303.522,7642.912,11403.776,0.045151,0.792716,80.214,100.706,0.30179,1.04178,0.975973,C,0.001,0.016802
10180.384,0.34073,176.097,3.8215,23,0.6882,15.829,1.95245,8.39458,4314.225,5866.159,16486.881,0.042817,0.559836,82.093,101.618,0.42378,1.61948,0.946747,C,0.0,-0.046921
7456.393,0.52446,172.381,3.2808,18,0.8494,15.289,1.95871,7.87752,2619.65,4836.743,8594.627,0.087523,0.761116,82.544,102.768,0.35133,1.15265,0.94137,C,0.0,-0.022239
8714.866,0.38842,198.84,3.9534,25,0.8372,20.93,1.9172,10.87259,4273.89,4440.977,16896.565,0.016943,0.745913,82.548,103.867,0.49041,1.93882,0.978608,C,-0.001,0.033256
11951.16,0.42199,173.427,2.5741,16,0.652,10.432,1.95693,5.04426,5370.488,6580.672,13823.918,0.170084,0.627576,83.673,101.937,0.44937,1.1567,0.818882,C,0.0,-0.035884
12996.275,0.5879,182.662,2.5183,19,0.7977,15.155,1.94176,7.19855,3675.243,9321.033,9255.358,0.182396,0.747787,84.175,103.165,0.28279,0.71215,0.912264,C,-0.001,0.013146
11059.611,0.41948,154.846,2.9396,26,0.6515,16.939,1.99048,8.70057,4771.441,6288.17,14026.303,0.04774,0.701554,81.324,101.483,0.43143,1.26825,0.9509,C,0.0,0.006213
9609.621,0.51948,159.089,1.9436,21,0.8916,18.723,1.98243,8.45981,3558.063,6051.558,6915.564,0.071784,0.782706,81.816,102.243,0.37026,0.71965,0.948836,C,0.0,0.003167
8848.893,0.3619,131.5,3.7444,23,0.822,18.906,2.03988,10.6374,4264.136,4584.757,15966.658,0.017517,0.682206,79.876,100.012,0.48188,1.80437,0.976675,C,0.0,-0.029228
10996.735,0.58898,205.413,1.4352,25,0.8537,21.341,1.90787,8.1249,3424.736,7572.0,4915.041,0.113376,0.80409,84.035,104.525,0.31143,0.44695,0.94005,C,-0.001,0.004632
11005.131,0.32796,158.135,1.5802,27,0.7888,21.298,1.98422,8.93782,6139.692,4865.439,9701.783,0.026522,0.708353,81.179,101.702,0.55789,0.88157,0.954884,C,-0.0,-0.04246
7413.306,0.61387,154.801,1.9011,24,0.706,16.943,1.99057,7.64325,2002.134,5411.173,3806.157,0.144451,0.787561,82.598,102.049,0.27007,0.51342,0.936449,C,-0.001,-0.032923
10869.541,0.61832,161.966,1.9535,17,0.7714,13.114,1.97711,5.91224,3228.36,7641.181,6306.7,0.26974,0.765588,84.545,102.279,0.29701,0.58022,0.87043,C,0.0,0.040285
8928.865,0.60327,167.291,3.6031,23,0.8705,20.02,1.96754,10.60592,2369.374,6559.491,8537.202,0.053747,0.801766,81.903,102.786,0.26536,0.95614,0.976358,C,0.0,-0.007217
11065.753,0.55863,165.807,2.2215,26,0.7469,19.419,1.97017,9.08098,3884.385,7181.367,8629.206,0.068409,0.823787,82.039,102.858,0.35103,0.77981,0.957014,C,0.001,0.017928
11491.205,0.58878,183.99,2.0559,16,0.7443,11.909,1.93965,5.30779,3971.529,7519.676,8165.103,0.277696,0.753084,85.48,103.261,0.34561,0.71055,0.836993,C,0.0,-0.033718
11607.867,0.46265,185.189,2.5623,19,0.6794,12.909,1.93777,6.14268,4765.067,6842.799,12209.68,0.137624,0.688994,83.673,102.892,0.4105,1.05185,0.877889,C,0.001,-0.055367
11547.606,0.45174,223.14,3.9427,18,0.8754,15.757,1.88433,7.96345,4656.681,6890.924,18359.939,0.072201,0.708222,84.04,104.596,0.40326,1.58993,0.935547,C,0.001,-0.005468
11239.064,0.58948,150.175,2.7953,26,0.8506,22.116,1.99965,11.28769,3811.698,7427.365,10654.883,0.034687,0.874194,80.954,102.37,0.33915,0.94802,0.980043,C,0.001,0.029159
8428.328,0.54498,189.349,1.8183,27,0.7108,19.192,1.93132,8.15016,2460.714,5967.614,4474.303,0.10262,0.727381,83.357,103.332,0.29196,0.53086,0.945024,C,0.0,0.022684
8434.441,0.66181,131.285,3.5797,18,0.6734,12.121,2.04038,6.75619,1869.334,6565.107,6691.578,0.267452,0.774093,83.165,100.605,0.22163,0.79336,0.910433,C,0.0,0.036908
11902.414,0.38989,172.066,1.2598,27,0.6628,17.897,1.95925,6.71028,6014.269,5888.145,7577.053,0.077897,0.708574,82.405,102.406,0.5053,0.6366,0.899046,C,0.0,-0.047773
10960.2,0.58714,185.096,1.1286,17,0.8953,15.22,1.93791,5.33895,3143.86,7816.34,3548.187,0.325008,0.692575,86.144,102.911,0.28684,0.32373,0.84122,C,0.0,-0.009498
7524.011,0.53354,189.83,3.872,27,0.697,18.819,1.93059,9.83873,2892.068,4631.943,11198.081,0.041056,0.841041,82.561,104.104,0.38438,1.48831,0.970422,C,0.0,-0.029888
7084.522,0.60368,152.335,2.1367,24,0.824,19.776,1.99537,9.30651,2276.14,4808.382,4863.504,0.066001,0.858207,81.459,102.382,0.32128,0.6865,0.964874,C,0.0,-0.030366
11297.185,0.57122,155.015,1.4568,26,0.8581,22.31,1.99016,9.10441,3235.16,8062.025,4713.139,0.085617,0.766082,81.831,101.918,0.28637,0.4172,0.957078,C,0.0,0.021086
12825.667,0.57584,179.354,3.0887,18,0.7866,14.158,1.94709,7.12689,3988.9,8836.766,12320.437,0.165789,0.760937,83.836,103.098,0.31101,0.96061,0.910458,C,0.001,-0.005867
11831.131,0.35359,120.0,3.8368,19,0.6981,13.263,2.06808,7.64485,5543.413,6287.718,21269.025,0.054819,0.616991,79.788,98.837,0.46854,1.79772,0.927359,C,0.0,0.019837
9761.638,0.51846,160.649,2.0562,26,0.7125,18.525,1.97953,8.51065,3724.974,6036.664,7659.2,0.068604,0.796042,81.837,102.412,0.38159,0.78462,0.949506,C,0.0,0.032637
10925.263,0.47662,165.346,2.8725,24,0.6701,16.083,1.97099,8.09487,3868.414,7056.849,11112.02,0.08138,0.693281,82.192,101.973,0.35408,1.01709,0.939543,C,0.0,0.007988
7046.801,0.39773,143.824,4.3496,26,0.8056,20.946,2.01265,11.91218,3065.89,3980.911,13335.528,0.012884,0.694113,80.388,100.825,0.43508,1.89242,0.985906,C,0.0,0.021158
8927.986,0.62243,182.438,2.1803,21,0.8983,18.864,1.94212,8.58423,2417.171,6510.815,5270.258,0.110283,0.812563,83.215,103.582,0.27074,0.59031,0.952029,C,0.0,0.026088
11400.383,0.33379,162.271,2.8305,19,0.6759,12.842,1.97655,6.46544,5423.093,5977.29,15349.882,0.076076,0.567607,82.0,100.988,0.47569,1.34644,0.891581,C,0.0,0.014973
11340.313,0.32288,193.802,1.9408,26,0.7915,20.58,1.9246,8.89238,5396.895,5943.418,10474.504,0.031403,0.587552,82.57,102.605,0.4759,0.92365,0.953714,C,0.0,0.014435
7301.45,0.52108,178.419,3.5599,21,0.791,16.611,1.94862,8.65117,3075.259,4226.191,10947.707,0.055051,0.860194,82.34,103.71,0.42118,1.49939,0.955503,C,0.0,-0.000658
12604.875,0.52424,173.441,2.0675,22,0.8965,19.724,1.95691,8.92501,4899.033,7705.842,10128.835,0.063975,0.81686,82.273,103.187,0.38866,0.80356,0.95257,C,0.0,-0.030062
10910.743,0.61133,184.446,1.5138,18,0.8722,15.699,1.93893,6.25987,3021.851,7888.892,4574.624,0.253539,0.748384,85.177,103.25,0.27696,0.41928,0.885135,C,0.0,-0.013113
11398.038,0.38211,173.632,2.6448,21,0.6987,14.672,1.95659,7.14617,5447.418,5950.62,14407.601,0.068303,0.66939,82.338,102.223,0.47793,1.26404,0.914571,C,0.0,-0.056213
9667.693,0.4163,144.654,1.795,23,0.7094,16.317,2.01092,7.32058,4161.221,5506.473,7469.427,0.07386,0.675086,81.23,100.747,0.43043,0.77262,0.923634,C,-0.001,-0.030019
10001.338,0.65107,126.718,3.5916,16,0.737,11.792,2.05125,6.62708,2167.709,7833.629,7785.597,0.295372,0.749504,83.308,100.154,0.21674,0.77846,0.901671,C,0.0,-0.045681
8476.24,0.31073,183.996,3.4753,17,0.8477,14.411,1.93965,7.41413,4457.429,4018.811,15491.012,0.042093,0.608683,82.37,102.308,0.52587,1.82758,0.928763,C,0.0,0.01356
10592.505,0.43978,166.969,3.4513,16,0.7377,11.803,1.96811,6.19607,4730.56,5861.945,16326.627,0.114591,0.702204,82.694,102.113,0.4466,1.54134,0.883633,C,-0.0,0.011021
11311.59,0.32054,152.754,2.8268,23,0.8557,19.682,1.99455,10.03796,5738.82,5572.77,16222.574,0.019568,0.630472,80.864,100.902,0.50734,1.43416,0.969029,C,0.0,0.044381
8537.447,0.64901,165.364,2.9688,21,0.7784,16.346,1.97096,8.29671,2673.766,5863.681,7937.882,0.108603,0.895426,82.552,103.308,0.31318,0.92977,0.947593,C,0.0,0.017045
10938.154,0.39116,151.973,2.764,27,0.683,18.442,1.99608,9.36035,4868.166,6069.988,13455.425,0.034134,0.677493,81.023,101.17,0.44506,1.23014,0.961162,C,0.0,0.02396
9135.518,0.65288,169.681,3.3223,17,0.8274,14.065,1.96335,7.29379,2432.654,6702.864,8082.034,0.185949,0.822336,83.741,103.04,0.26629,0.88468,0.924158,C,0.0,0.041043
11745.771,0.67334,166.529,3.4216,20,0.696,13.92,1.96888,7.2973,2861.647,8884.124,9791.373,0.226182,0.817373,84.15,102.851,0.24363,0.83361,0.918161,C,0.0,0.001317
11507.6,0.66738,162.712,2.15,21,0.7109,14.928,1.97574,6.93811,2820.436,8687.164,6063.798,0.250982,0.802577,84.327,102.561,0.24509,0.52694,0.907828,C,0.0,-0.054602
7134.934,0.48493,147.539,1.4119,25,0.7238,18.096,2.00497,7.36878,2792.494,4342.44,3942.726,0.085896,0.741542,81.516,101.348,0.39138,0.55259,0.930675,C,0.0,-0.022162
11186.377,0.58062,168.926,2.2594,24,0.8381,20.115,1.96467,9.4165,3833.875,7352.502,8662.381,0.064982,0.849488,82.115,103.182,0.34273,0.77437,0.961642,C,0.0,0.03913
11616.177,0.49331,131.612,2.939,23,0.6838,15.728,2.03962,8.36423,4626.324,6989.853,13596.595,0.069522,0.773796,80.568,100.623,0.39827,1.17049,0.943873,C,0.0,0.024687
9614.884,0.31792,150.831,1.27,22,0.7349,16.168,1.99834,6.26236,5415.277,4199.607,6877.385,0.06233,0.647496,81.347,100.909,0.56322,0.71529,0.889578,C,0.0,0.000972
10156.682,0.42192,182.233,4.0185,16,0.6593,10.549,1.94245,5.60846,4248.139,5908.543,17071.225,0.142335,0.622928,83.63,102.321,0.41826,1.68079,0.858898,C,0.0,0.051531
10133.719,0.53279,172.436,3.0196,25,0.7984,19.959,1.95862,10.0795,3269.684,6864.036,9873.135,0.04869,0.763385,82.034,102.786,0.32265,0.97429,0.970513,C,-0.001,0.04111
8291.847,0.42382,182.943,4.2664,17,0.8055,13.693,1.94132,7.35875,3702.361,4589.485,15795.729,0.068542,0.710422,82.682,102.931,0.44651,1.90497,0.927789,C,0.001,0.012255
9913.949,0.47238,198.405,1.7199,17,0.7539,12.816,1.91783,5.27731,4413.959,5499.991,7591.575,0.166887,0.717555,84.512,103.661,0.44523,0.76575,0.842707,C,-0.001,-0.027189
13000.0,0.55018,184.757,3.3915,19,0.7488,14.228,1.93845,7.27286,4177.452,8822.548,14167.665,0.146375,0.741383,83.774,103.218,0.32134,1.08982,0.914507,C,0.0,-0.02164
10977.905,0.31765,188.975,2.3449,16,0.6615,10.584,1.93189,4.88574,5516.185,5461.719,12934.805,0.11769,0.519604,83.543,101.944,0.50248,1.17826,0.81383,C,0.001,0.000671
12568.969,0.44113,183.14,3.2116,21,0.8376,17.589,1.941,8.89551,5598.533,6970.436,17980.199,0.047412,0.757358,82.41,103.25,0.44543,1.43052,0.952126,C,-0.0,-0.00382
11696.856,0.30427,174.743,1.258,16,0.8695,13.913,1.95472,5.19525,6030.135,5666.721,7585.974,0.100664,0.520938,82.806,101.297,0.51553,0.64855,0.829443,C,0.0,-0.025439
11864.213,0.52333,168.335,2.5628,26,0.8011,20.828,1.9657,10.12584,4200.161,7664.052,10764.311,0.045105,0.785408,81.83,102.73,0.35402,0.90729,0.969488,C,0.0,0.042574
10809.369,0.3404,188.254,2.0331,27,0.6895,18.617,1.933,8.22458,6259.442,4549.927,12726.207,0.033846,0.762133,82.411,103.513,0.57908,1.17733,0.942422,C,0.0,0.002619
11056.921,0.47083,179.997,2.2727,25,0.8211,20.529,1.94605,9.49164,4465.876,6591.045,10149.716,0.04339,0.760457,82.244,103.125,0.4039,0.91795,0.962778,C,0.0,-0.050553
13000.0,0.42073,149.784,2.7712,17,0.711,12.087,2.00043,6.15842,6364.206,6635.794,17636.724,0.108525,0.720155,81.912,101.331,0.48955,1.35667,0.873722,C,0.0,0.014316
12424.851,0.3159,175.958,2.3951,21,0.8777,18.431,1.95269,8.7011,6917.806,5507.044,16568.5,0.028958,0.676341,81.905,102.38,0.55677,1.3335,0.948961,C,0.001,0.044959
10488.291,0.64407,178.685,3.6741,23,0.7533,17.325,1.94819,9.08237,3051.046,7437.244,11209.922,0.093531,0.869919,82.858,103.786,0.2909,1.0688,0.957756,C,0.001,0.026338
9288.979,0.37689,168.589,2.8623,17,0.6519,11.083,1.96526,5.549,4624.313,4664.666,13236.398,0.106245,0.645198,82.647,101.817,0.49783,1.42496,0.859663,C,0.0,-0.020013
8960.389,0.57948,133.69,3.4966,23,0.7916,18.207,2.03483,10.05824,2809.415,6150.973,9823.352,0.052979,0.819952,80.45,101.056,0.31354,1.09631,0.971335,C,0.001,0.023607
10896.727,0.32944,170.588,1.5286,26,0.6757,17.569,1.96179,7.15665,5846.232,5050.495,8936.281,0.05151,0.651153,82.001,101.955,0.53651,0.82009,0.916113,C,0.0,0.033362
10772.646,0.33533,127.258,2.8979,16,0.7073,11.316,2.04994,6.03888,5467.965,5304.681,15845.558,0.081656,0.596803,80.514,99.181,0.50758,1.47091,0.876399,C,0.0,0.049698
7058.674,0.31093,170.816,2.148,20,0.7986,15.973,1.96139,7.34191,3581.736,3476.938,7693.407,0.042774,0.587173,81.894,101.544,0.50742,1.08992,0.930195,C,0.0,-0.015785
10225.168,0.4106,144.502,3.7808,16,0.7659,12.254,2.01123,6.77164,4662.338,5562.829,17627.419,0.084742,0.683708,81.367,100.795,0.45597,1.72392,0.905895,C,0.001,0.007444
11099.552,0.68337,186.344,2.5639,17,0.8465,14.39,1.93596,6.83893,2940.707,8158.845,7539.609,0.243256,0.841995,85.109,103.954,0.26494,0.67927,0.90569,C,0.0,0.049532
10365.39,0.56422,149.455,3.1269,20,0.879,17.581,2.00109,9.24039,3790.421,6574.968,11852.101,0.061449,0.854066,81.276,102.197,0.36568,1.14343,0.960174,C,0.001,-0.013854
9193.744,0.65304,193.143,1.3448,21,0.8924,18.741,1.92558,7.04268,2500.778,6692.966,3363.008,0.199166,0.822627,84.762,104.128,0.27201,0.36579,0.917042,C,0.0,-0.001911
13000.0,0.50892,197.469,2.5286,23,0.7188,16.534,1.91919,7.72376,5534.502,7465.498,13994.729,0.087278,0.821498,83.43,104.307,0.42573,1.07652,0.926988,C,0.0,0.028058
11907.763,0.37698,148.058,1.4322,17,0.8776,14.919,2.00391,6.10669,5412.421,6495.342,7751.803,0.103441,0.604913,81.77,100.475,0.45453,0.65099,0.87528,C,0.0,0.00544
7870.52,0.58954,168.699,3.0426,26,0.8128,21.133,1.96506,10.7443,2363.669,5506.851,7191.693,0.042766,0.824235,81.813,103.005,0.30032,0.91375,0.978215,C,0.0,-0.037642
8819.637,0.3676,187.23,2.5005,18,0.6551,11.791,1.93458,5.55818,4567.452,4252.185,11420.704,0.097868,0.657339,83.221,102.775,0.51787,1.29492,0.862126,C,0.0,-0.035867
11333.652,0.44705,145.477,2.5067,23,0.8354,19.215,2.00921,9.58374,4756.752,6576.899,11923.96,0.038699,0.742398,80.802,101.238,0.4197,1.05208,0.963669,C,0.001,-0.049083
10751.371,0.58588,124.4,1.305,22,0.7105,15.631,2.05694,6.38279,3233.947,7517.424,4220.427,0.213312,0.746154,82.108,99.981,0.30079,0.39255,0.890484,C,0.0,0.017552
10113.557,0.41171,162.693,3.0622,26,0.738,19.187,1.97578,9.84948,3986.006,6127.551,12205.933,0.033364,0.657826,81.454,101.605,0.39413,1.20689,0.968061,C,0.0,0.001084
10002.406,0.67376,153.402,3.6107,19,0.6619,12.577,1.99328,6.79362,2831.611,7170.795,10223.96,0.220779,0.852635,83.547,102.403,0.28309,1.02215,0.907236,C,0.0,-0.009973
10074.731,0.66391,168.606,1.9881,17,0.7149,12.153,1.96523,5.46308,2654.023,7420.708,5276.453,0.373254,0.76786,86.172,102.628,0.26343,0.52373,0.851896,C,0.0,0.025112
9357.021,0.67348,179.33,2.3645,19,0.7021,13.34,1.94713,6.24705,2230.848,7126.173,5274.789,0.311143,0.786906,85.754,103.269,0.23841,0.56373,0.889854,C,0.0,0.025473
8791.647,0.31019,132.051,1.5616,20,0.735,14.7,2.0386,6.3829,4690.149,4101.498,7324.198,0.060015,0.59628,80.464,99.479,0.53348,0.83309,0.896785,C,0.0,-0.039537
11125.4,0.55105,180.998,3.0096,23,0.827,19.02,1.94443,9.49341,3565.549,7559.851,10730.757,0.064088,0.780724,82.553,103.305,0.32049,0.96453,0.962727,C,0.0,-0.014346
7027.786,0.32205,155.94,1.6572,21,0.7122,14.955,1.98838,6.4107,3654.113,3373.673,6055.676,0.059834,0.606055,81.529,100.911,0.51995,0.86168,0.903396,C,0.0,0.026894
9159.724,0.44059,169.731,3.6339,17,0.802,13.633,1.96327,7.2124,4179.426,4980.298,15187.653,0.075406,0.747052,82.283,102.546,0.45628,1.65809,0.921908,C,0.0,-0.012581
12640.268,0.64619,205.454,2.7586,22,0.8281,18.217,1.90782,8.63672,3541.529,9098.74,9769.696,0.121122,0.850566,84.139,104.834,0.28018,0.7729,0.947483,C,-0.001,-0.021183
8742.87,0.64463,172.297,3.7276,19,0.8183,15.548,1.95885,8.24283,2271.75,6471.12,8468.143,0.133344,0.824124,83.146,103.18,0.25984,0.96858,0.946251,C,0.0,-0.013243
8288.988,0.69143,163.133,3.2137,17,0.8773,14.914,1.97498,7.74081,1492.132,6796.856,4795.239,0.242623,0.78996,84.233,102.499,0.18001,0.57851,0.936833,C,0.0,-0.014935
12767.151,0.55974,136.541,1.4088,27,0.7524,20.314,2.0284,8.40269,3782.092,8985.058,5328.217,0.108081,0.74986,81.312,100.766,0.29624,0.41734,0.9428,C,0.001,-0.022777
12006.656,0.46167,197.056,1.8029,22,0.7991,17.58,1.9198,7.37517,5051.531,6955.125,9107.303,0.088039,0.733046,83.427,103.706,0.42073,0.75852,0.91977,C,0.0,-0.045423
10294.877,0.4082,153.311,2.9215,20,0.7505,15.009,1.99346,7.7139,5021.282,5273.595,14669.623,0.056751,0.742842,81.378,101.673,0.48775,1.42494,0.932191,C,0.0,-0.04184
9058.286,0.47668,183.154,1.6823,24,0.8809,21.141,1.94098,8.79346,3448.982,5609.304,5802.391,0.056041,0.735324,82.524,103.105,0.38075,0.64056,0.955237,C,0.0,-0.036484
9485.872,0.56289,164.813,1.1377,25,0.726,18.149,1.97195,6.55872,3495.415,5990.457,3976.582,0.151464,0.802961,83.096,102.67,0.36849,0.41921,0.900847,C,0.0,-0.030391
9397.129,0.38254,180.956,3.3083,23,0.6827,15.703,1.9445,8.01866,4237.453,5159.676,14018.823,0.050325,0.655379,82.37,102.476,0.45093,1.49182,0.940679,C,0.0,-0.015392
9590.975,0.61263,135.622,1.7277,21,0.7371,15.48,2.03046,6.94434,2688.289,6902.686,4644.492,0.189962,0.777247,82.35,100.892,0.28029,0.48426,0.913088,C,0.0,-0.045726
8837.153,0.5561,159.299,3.5014,16,0.7357,11.771,1.98204,6.264,3127.832,5709.321,10951.689,0.169298,0.768003,83.111,102.157,0.35394,1.23928,0.892246,C,0.0,0.029425
10790.648,0.55547,170.621,3.6701,20,0.7474,14.949,1.96173,7.91594,3653.46,7137.187,13408.613,0.10518,0.785962,82.71,102.846,0.33858,1.24261,0.935889,C,0.001,0.052553
9037.5,0.30992,153.635,3.6272,19,0.7656,14.547,1.99283,7.8632,4692.245,4345.256,17019.643,0.036979,0.604653,81.131,100.779,0.5192,1.88322,0.93805,C,-0.001,0.015396
7125.662,0.58433,125.398,1.952,25,0.8982,22.455,2.05447,10.69086,2189.314,4936.348,4273.451,0.041207,0.825214,79.887,100.568,0.30724,0.59973,0.978333,C,0.0,-0.020464
7963.425,0.44112,191.107,3.5217,23,0.7811,17.965,1.92864,9.19022,3690.01,4273.415,12994.933,0.035835,0.791069,82.536,103.83,0.46337,1.63183,0.962357,C,0.0,0.028397
9818.713,0.45293,181.104,4.3139,21,0.8554,17.964,1.94426,9.69614,4254.75,5563.962,18354.773,0.034914,0.772579,82.172,103.257,0.43333,1.86937,0.966597,C,0.001,0.03914
8826.776,0.66941,152.489,3.1832,22,0.7054,15.52,1.99507,8.15662,2226.893,6599.882,7088.676,0.147367,0.845551,82.54,102.307,0.25229,0.80309,0.94446,C,0.001,0.024756
7001.535,0.68837,162.026,3.3622,25,0.7192,17.98,1.977,9.44528,1642.894,5358.64,5523.788,0.097895,0.869407,82.279,102.967,0.23465,0.78894,0.96663,C,0.001,-0.023587
12415.896,0.64224,176.989,3.6153,21,0.8145,17.103,1.95097,8.95407,3556.09,8859.806,12856.505,0.104724,0.85799,82.943,103.628,0.28641,1.03549,0.953297,C,0.0,-0.047872
11268.231,0.32151,183.48,2.563,16,0.8508,13.612,1.94046,6.49123,6272.894,4995.337,16077.437,0.061818,0.647619,82.612,102.541,0.55669,1.42679,0.892964,C,0.0,-0.003965
9153.553,0.47671,189.856,1.0674,25,0.7921,19.803,1.93055,6.72537,3375.616,5777.936,3602.994,0.119687,0.6853,83.6,103.077,0.36878,0.39362,0.907412,C,0.001,-0.046642
9277.966,0.66124,166.734,3.0296,21,0.8293,17.415,1.96852,8.86778,2620.686,6657.28,7939.662,0.102791,0.881077,82.529,103.282,0.28246,0.85575,0.95609,C,0.0,0.003013
10761.337,0.45751,160.396,2.0924,23,0.6533,15.027,1.98,6.94535,4353.703,6407.634,9109.553,0.101741,0.699233,82.264,101.76,0.40457,0.84651,0.910031,C,0.0,0.040049
11970.802,0.49274,149.763,1.5349,24,0.8503,20.407,2.00047,8.56775,4563.685,7407.117,7004.747,0.068242,0.754285,81.379,101.555,0.38123,0.58515,0.947201,C,0.0,-0.019261
8946.818,0.43136,169.5,2.7832,19,0.8445,16.045,1.96367,7.9655,3922.891,5023.927,10918.068,0.058637,0.722389,82.053,102.372,0.43847,1.22033,0.940396,C,0.0,0.043251
10606.049,0.46013,165.498,2.5098,18,0.8249,14.848,1.97072,7.20293,4072.35,6533.7,10220.824,0.098072,0.68579,82.419,101.931,0.38396,0.96368,0.918161,C,-0.001,0.031694
8918.1,0.46581,196.827,3.9298,23,0.6681,15.365,1.92013,7.99094,3887.497,5030.602,15277.265,0.063072,0.777034,83.09,103.986,0.43591,1.71306,0.940977,C,0.001,-0.000844
10873.927,0.69298,145.354,3.8485,26,0.7276,18.917,2.00946,10.47858,2702.494,8171.433,10400.674,0.073081,0.897997,81.251,102.258,0.24853,0.95648,0.97379,C,0.0,-0.009351
8495.704,0.3148,164.675,2.5302,16,0.7063,11.3,1.97219,5.50066,4570.469,3925.235,11564.252,0.081491,0.58647,82.167,101.234,0.53797,1.36119,0.860739,C,0.0,-0.037041
7000.0,0.49292,188.663,3.536,26,0.7394,19.224,1.93237,9.87174,2692.669,4307.331,9521.193,0.03683,0.778035,82.465,103.636,0.38467,1.36017,0.971259,C,0.0,0.014726
10490.845,0.60472,191.481,2.5326,21,0.8285,17.398,1.92808,8.18889,3299.436,7191.409,8356.111,0.111054,0.831211,83.542,104.112,0.31451,0.79651,0.942242,C,0.0,0.029957
10365.331,0.60852,161.994,1.9531,25,0.7378,18.446,1.97706,8.31544,2759.595,7605.736,5389.821,0.125827,0.783658,82.646,102.399,0.26623,0.51999,0.944949,C,0.0,-0.016202
10938.654,0.49022,176.841,1.8478,16,0.8231,13.169,1.95122,5.71168,4777.253,6161.401,8827.181,0.156331,0.749104,83.619,102.902,0.43673,0.80697,0.860727,C,0.0,-0.01591
8840.402,0.34873,140.57,3.811,27,0.8343,22.526,2.01957,12.54238,4067.99,4772.412,15503.196,0.009073,0.63826,80.191,100.268,0.46016,1.75368,0.988029,C,0.0,-0.035167
12087.334,0.48837,204.448,3.8362,26,0.7226,18.788,1.90922,9.63757,4837.427,7249.907,18557.142,0.044453,0.784569,83.094,104.357,0.40021,1.53526,0.963572,C,0.0,0.000878
10002.106,0.35671,153.383,3.1549,23,0.6634,15.258,1.99332,7.99186,5402.355,4599.751,17043.926,0.040278,0.728357,81.164,101.582,0.54012,1.70403,0.939013,C,0.0,-0.005663
12244.95,0.38054,175.405,3.3527,27,0.6698,18.084,1.95361,9.32837,5728.468,6516.482,19205.987,0.033165,0.685903,81.94,102.417,0.46782,1.56848,0.959228,C,0.0,0.034079
9848.054,0.55058,164.241,3.4943,25,0.8097,20.243,1.97297,10.69526,3337.951,6510.103,11663.772,0.038282,0.813247,81.58,102.709,0.33895,1.18437,0.976433,C,0.0,0.036397
12341.953,0.51903,131.496,1.5988,17,0.6744,11.465,2.03989,5.02817,4745.164,7596.789,7586.717,0.248607,0.687938,82.927,100.049,0.38447,0.61471,0.815841,C,0.0,0.043048
9855.943,0.47172,147.234,3.0412,26,0.7834,20.368,2.00559,10.66724,3274.897,6581.046,9959.464,0.033795,0.689641,80.815,100.988,0.33228,1.0105,0.976195,C,0.0,0.011143
10567.703,0.42181,212.999,2.4653,17,0.6634,11.278,1.89752,5.13941,3814.275,6753.428,9403.236,0.196705,0.54895,85.375,103.149,0.36094,0.88981,0.831683,C,0.0,-0.018462
11380.84,0.6224,172.837,2.4786,20,0.7783,15.566,1.95793,7.45203,3462.819,7918.02,8582.832,0.156931,0.825963,83.478,103.218,0.30427,0.75415,0.923282,C,0.001,0.019614
7082.782,0.31496,135.825,2.2018,25,0.8648,21.621,2.03,10.52731,3794.106,3288.676,8353.754,0.013471,0.662793,80.03,100.148,0.53568,1.17945,0.977089,C,0.0,-0.028815
8698.006,0.3732,145.093,1.1006,27,0.7616,20.564,2.01,7.52208,4071.911,4626.095,4481.586,0.055065,0.653221,81.001,100.627,0.46814,0.51524,0.930926,C,-0.0,0.013658
12629.736,0.41623,177.901,3.8286,22,0.7378,16.232,1.94947,8.59188,5266.404,7363.332,20163.145,0.053235,0.675851,82.297,102.469,0.41698,1.59648,0.946668,C,0.0,0.002703
7467.007,0.47512,169.204,2.349,25,0.6607,16.516,1.96418,7.82055,3243.517,4223.49,7619.048,0.065443,0.789737,82.132,102.802,0.43438,1.02036,0.940169,C,0.0,0.012561
9227.017,0.6709,173.372,3.7116,23,0.8083,18.591,1.95703,9.83295,1752.128,7474.889,6503.28,0.11049,0.80226,82.885,103.087,0.18989,0.70481,0.968727,C,0.0,0.008633
11268.721,0.34272,164.277,3.6693,16,0.8846,14.154,1.97291,7.55808,5974.926,5293.795,21923.844,0.047627,0.675776,81.705,101.804,0.53022,1.94555,0.926316,C,-0.0,0.028651
12633.76,0.46546,174.462,3.2364,27,0.7756,20.941,1.95519,10.72616,5142.931,7490.829,16644.794,0.028895,0.765185,81.848,102.895,0.40708,1.31749,0.974729,C,0.0,0.03495
9586.631,0.65398,175.322,3.0992,25,0.6997,17.492,1.95375,8.85731,2553.69,7032.941,7914.464,0.109222,0.85179,82.941,103.508,0.26638,0.82557,0.955512,C,0.0,-0.043002
10091.495,0.49513,164.315,2.3822,16,0.6951,11.122,1.97284,5.32258,3914.415,6177.08,9324.747,0.198678,0.682991,83.7,101.853,0.38789,0.92402,0.844353,C,0.0,0.00373
8489.798,0.68805,132.7,1.4966,22,0.6785,14.927,2.0371,6.36703,2275.109,6214.689,3405.03,0.263981,0.843299,83.188,101.149,0.26798,0.40107,0.897185,C,0.0,-0.021054
9017.178,0.6662,160.069,2.6937,24,0.7918,19.004,1.9806,9.4714,2096.882,6920.296,5648.475,0.101023,0.83745,82.241,102.655,0.23254,0.62641,0.964737,C,0.0,0.008788
11474.96,0.48002,162.91,2.7371,19,0.8995,17.09,1.97538,8.521,4035.374,7439.586,11045.032,0.07223,0.701221,81.975,101.902,0.35167,0.96253,0.947084,C,0.0,-0.058699
10425.037,0.51727,191.264,4.0089,18,0.7172,12.909,1.92841,6.78501,3833.944,6591.093,15370.008,0.132528,0.741067,83.818,103.507,0.36776,1.47434,0.905776,C,0.0,0.012442
9978.846,0.58021,190.634,3.5541,25,0.8889,22.222,1.92936,11.39744,3134.989,6843.857,11142.082,0.034175,0.83033,82.498,104.068,0.31416,1.11657,0.981495,C,0.0,0.028206
10584.809,0.67699,168.15,3.5215,25,0.7379,18.448,1.96603,9.71283,2991.848,7592.961,10535.865,0.081377,0.911682,82.301,103.555,0.28265,0.99538,0.966024,C,-0.0,-0.02364
10434.248,0.35561,200.066,1.4958,22,0.7506,16.513,1.91544,6.43242,4187.601,6246.647,6263.769,0.09448,0.530662,83.612,102.498,0.40133,0.60031,0.893371,C,0.0,0.020198
10285.386,0.35258,173.597,2.5994,22,0.8587,18.891,1.95665,9.15738,5274.097,5011.289,13709.486,0.028124,0.694048,81.806,102.384,0.51278,1.33291,0.959097,C,0.0,0.017584
9319.401,0.66338,188.674,3.7344,16,0.8757,14.011,1.93235,7.28006,2233.386,7086.015,8340.314,0.212148,0.805605,84.779,103.818,0.23965,0.89494,0.923361,C,0.0,-0.033252
8353.721,0.47973,176.91,1.0727,24,0.8177,19.625,1.95111,6.78888,3120.21,5233.511,3347.118,0.113439,0.698108,83.055,102.569,0.37351,0.40067,0.911677,C,-0.0,0.021176
11055.934,0.40513,182.183,2.5809,18,0.8034,14.462,1.94253,6.92084,4670.546,6385.388,12054.346,0.087777,0.63726,82.908,102.413,0.42245,1.09031,0.908472,C,-0.0,-0.028332
8104.246,0.60434,146.061,1.6576,23,0.7175,16.503,2.008,7.17603,2399.081,5705.165,3976.812,0.156221,0.792776,82.379,101.603,0.29603,0.49071,0.923477,C,0.0,0.015307
11328.871,0.35421,161.059,2.9736,26,0.8075,20.994,1.97877,10.72225,5288.22,6040.651,15725.026,0.018505,0.648097,81.192,101.457,0.46679,1.38805,0.975613,C,0.0,0.013095
13000.0,0.36616,187.615,3.1875,22,0.7866,17.306,1.93399,8.6886,6696.524,6303.476,21345.027,0.037026,0.715827,82.431,103.178,0.51512,1.64193,0.947913,C,0.0,-0.063812
12780.548,0.39925,186.794,1.4501,24,0.842,20.209,1.93526,7.89707,5989.459,6791.089,8685.45,0.058186,0.700046,82.681,103.037,0.46864,0.67958,0.931701,C,0.0,0.056438
13000.0,0.5561,185.709,3.2932,20,0.806,16.12,1.93695,8.1751,4284.722,8715.278,14110.573,0.105186,0.777782,83.264,103.502,0.32959,1.08543,0.937657,C,0.0,0.020878
8388.1,0.51178,161.256,2.4531,23,0.8527,19.611,1.97841,9.50553,3063.105,5324.995,7514.057,0.047884,0.778632,81.588,102.328,0.36517,0.8958,0.965833,C,0.0,-0.023409
10085.999,0.55694,145.749,2.1067,16,0.7854,12.566,2.00864,5.94341,3050.82,7035.178,6427.15,0.230577,0.698471,83.347,100.963,0.30248,0.63723,0.874772,C,0.001,-0.020453
8636.417,0.43827,158.541,3.331,23,0.6913,15.901,1.98345,8.3751,3467.682,5168.735,11550.996,0.055828,0.694846,81.583,101.634,0.40152,1.33748,0.948853,C,0.0,0.013888
8868.88,0.38707,167.947,1.1956,19,0.6963,13.231,1.96638,4.87171,3848.737,5020.143,4601.504,0.156614,0.563747,83.287,101.248,0.43396,0.51884,0.824413,C,-0.0,0.020729
7330.278,0.42989,164.042,3.787,18,0.785,14.13,1.97333,7.59823,3070.623,4259.655,11628.36,0.066075,0.692147,81.939,101.9,0.4189,1.58635,0.935614,C,0.0,0.014365
8111.752,0.60518,151.326,2.0068,27,0.7343,19.826,1.99736,9.15442,2144.004,5967.748,4302.558,0.08769,0.791098,81.703,101.884,0.26431,0.53041,0.961702,C,0.0,-0.011143
11310.161,0.63781,169.563,2.2776,26,0.6913,17.974,1.96356,8.42768,3087.024,8223.136,7030.942,0.127154,0.829516,82.96,103.082,0.27294,0.62165,0.945586,C,0.001,-0.016544
11120.709,0.52529,156.978,2.6589,26,0.8162,21.222,1.98641,10.58438,3819.501,7301.209,10155.833,0.038907,0.779732,81.295,102.112,0.34346,0.91324,0.974561,C,-0.001,0.005609
11781.343,0.69331,120.0,2.8263,21,0.6549,13.753,2.06808,7.38127,2357.921,9423.423,6664.078,0.275566,0.797835,82.702,100.03,0.20014,0.56565,0.920451,C,-0.001,0.023368
11733.659,0.41563,142.603,1.3677,23,0.8329,19.157,2.01523,7.75447,4579.8,7153.859,6263.823,0.074235,0.634182,81.143,100.359,0.39031,0.53383,0.930287,C,0.0,0.030629
11279.264,0.48707,158.151,1.2747,22,0.7691,16.919,1.98419,6.49661,4319.326,6959.938,5505.707,0.135927,0.704987,82.624,101.681,0.38294,0.48813,0.893131,C,0.0,0.01228
9217.387,0.67628,159.363,1.0383,19,0.8761,16.646,1.98192,5.8006,2128.483,7088.904,2210.106,0.375522,0.766581,85.836,102.151,0.23092,0.23978,0.871775,C,0.0,0.02317
9873.725,0.68181,178.044,2.4663,27,0.8888,23.999,1.94924,11.39666,2750.033,7123.692,6782.534,0.045168,0.92758,82.196,104.137,0.27852,0.68693,0.981549,C,0.0,-0.003274
11093.044,0.53184,121.375,2.4273,25,0.6872,17.181,2.06454,8.82058,3581.17,7511.874,8692.565,0.077636,0.748376,80.161,99.796,0.32283,0.78361,0.952874,C,0.0,-0.00941
12570.818,0.53683,174.579,3.6634,24,0.7305,17.532,1.95499,9.23275,4393.018,8177.8,16093.343,0.065358,0.790099,82.334,103.065,0.34946,1.28021,0.957454,C,0.0,0.001754
9252.001,0.38716,153.86,1.4746,27,0.7546,20.373,1.99239,8.36859,3836.055,5415.945,5656.647,0.04879,0.626821,81.296,100.937,0.41462,0.6114,0.947749,C,0.001,0.015523
9051.216,0.33081,163.66,2.2571,17,0.8821,14.996,1.97402,7.06741,4840.507,4210.709,10925.389,0.050651,0.652875,81.72,101.621,0.53479,1.20706,0.918118,C,0.0,-0.010393
9361.8,0.35846,142.293,2.4809,16,0.885,14.161,2.01589,7.07546,4452.008,4909.792,11044.872,0.062139,0.627162,80.97,100.295,0.47555,1.17978,0.917565,C,0.0,-0.047467
12661.92,0.46674,184.094,1.7511,19,0.8385,15.931,1.93949,6.71733,5133.548,7528.371,8989.414,0.118432,0.70425,83.381,102.943,0.40543,0.70996,0.897124,C,0.001,-0.007093
11356.597,0.55282,165.264,1.6462,25,0.7171,17.928,1.97114,7.56872,3300.609,8055.988,5433.489,0.13999,0.721965,82.963,102.158,0.29063,0.47844,0.926404,C,0.0,-0.039677
9599.27,0.52583,190.563,3.4345,17,0.7288,12.39,1.92947,6.30683,3540.311,6058.958,12159.245,0.154928,0.742549,84.089,103.486,0.36881,1.26668,0.891335,C,0.001,0.017638
8765.503,0.57208,136.511,2.753,27,0.7045,19.022,2.02847,9.86927,2956.354,5809.15,8138.724,0.051633,0.836935,80.565,101.339,0.33727,0.92849,0.96956,C,-0.001,0.042575
10602.378,0.64202,172.266,2.1788,21,0.796,16.715,1.95891,7.70351,2253.087,8349.291,4909.008,0.20749,0.759283,84.123,102.75,0.21251,0.46301,0.931321,C,0.0,-0.029016
7752.639,0.46734,182.279,2.4345,18,0.766,13.789,1.94238,6.48901,3105.608,4647.031,7560.468,0.112271,0.704625,83.235,102.862,0.40059,0.97521,0.903764,C,0.0,0.034376
9788.179,0.30871,181.199,2.9609,19,0.8133,15.452,1.94411,7.67905,4906.373,4881.806,14527.425,0.041637,0.577126,82.264,101.971,0.50125,1.48418,0.932393,C,0.0,0.004917
9318.958,0.45719,190.418,2.7845,16,0.8005,12.808,1.92969,6.19458,3892.608,5426.35,10839.152,0.122647,0.697168,83.658,103.18,0.41771,1.16313,0.887943,C,0.0,0.040138
9043.946,0.59927,181.606,3.7643,19,0.7179,13.64,1.94345,7.16118,2930.447,6113.499,11031.031,0.146516,0.81629,83.663,103.568,0.32402,1.21971,0.920779,C,0.0,0.020048
10866.586,0.69101,177.667,1.8903,23,0.6665,15.329,1.94986,6.69458,2270.653,8595.933,4292.325,0.325819,0.787477,85.887,103.195,0.20896,0.395,0.901474,C,-0.0,-0.001829
11074.164,0.49414,149.22,3.1963,23,0.7359,16.926,2.00156,8.9466,4800.567,6273.597,15344.054,0.051372,0.832942,81.133,102.045,0.43349,1.38557,0.954933,C,0.0,0.030239
12995.741,0.30229,135.53,1.1599,27,0.6999,18.897,2.03067,7.18828,5670.041,7325.701,6576.581,0.061005,0.489036,80.643,98.984,0.4363,0.50606,0.911949,C,-0.001,0.050181
9881.606,0.56747,207.895,4.4612,22,0.8059,17.73,1.90444,9.33012,3943.218,5938.388,17591.605,0.054096,0.908361,83.332,105.315,0.39905,1.78024,0.961959,C,0.0,0.002574
11059.676,0.58115,197.864,4.1304,23,0.6655,15.307,1.91862,8.03005,2832.833,8226.843,11700.791,0.140866,0.732752,84.151,103.738,0.25614,1.05797,0.937913,C,-0.0,0.045192
8855.997,0.49186,153.263,3.8336,21,0.6688,14.045,1.99355,7.68527,3329.083,5526.913,12762.382,0.085784,0.736463,81.759,101.629,0.37591,1.4411,0.934439,C,0.001,-0.0383
7444.533,0.6416,138.773,3.1871,24,0.7303,17.528,2.02347,9.40346,1689.7,5754.833,5385.176,0.097118,0.80147,81.271,101.24,0.22697,0.72337,0.965644,C,0.0,-0.013916
11672.501,0.42752,192.407,3.8263,27,0.7109,19.195,1.92668,9.98004,5289.773,6382.728,20240.3,0.030127,0.756874,82.505,103.662,0.45318,1.73402,0.968065,C,0.0,-0.058236
12984.273,0.62882,186.313,1.7839,27,0.7907,21.348,1.93601,9.03731,2790.734,10193.54,4978.48,0.134824,0.764068,83.676,103.438,0.21493,0.38342,0.953917,C,-0.001,-0.045094
8420.72,0.51038,161.555,2.7014,27,0.7174,19.37,1.97786,9.64135,3106.031,5314.689,8390.728,0.045128,0.782283,81.563,102.368,0.36886,0.99644,0.967386,C,-0.0,0.007252
10127.137,0.53317,166.212,3.9596,16,0.676,10.815,1.96945,5.85221,3263.681,6863.455,12922.823,0.214164,0.684868,83.979,101.961,0.32227,1.27606,0.870551,C,0.001,-0.038042
11667.573,0.3917,158.906,2.4329,26,0.8361,21.739,1.98277,10.54547,5045.704,6621.869,12275.791,0.023728,0.672088,81.174,101.503,0.43246,1.05213,0.973803,C,0.0,-0.014813
10274.625,0.4658,190.727,1.1371,26,0.7123,18.521,1.92922,6.47559,3679.718,6594.907,4184.28,0.135959,0.649846,83.845,102.881,0.35814,0.40724,0.895467,C,0.0,-0.044389
7000.0,0.40257,159.665,2.0181,25,0.8877,22.193,1.98135,10.14729,3020.474,3979.526,6095.734,0.024349,0.689642,81.213,101.659,0.4315,0.87082,0.973901,C,0.0,-0.003791
11621.913,0.51968,183.461,3.4948,21,0.8254,17.334,1.94049,8.93465,4818.88,6803.033,16840.884,0.057624,0.846972,82.556,103.856,0.41464,1.44906,0.954023,C,0.0,0.014141
9710.341,0.30772,173.875,2.2208,25,0.7157,17.893,1.95618,8.27825,4739.337,4971.003,10525.334,0.03448,0.568234,81.9,101.567,0.48807,1.08393,0.945312,C,0.001,-0.039126
11260.3,0.31913,189.082,4.4592,27,0.6674,18.021,1.93173,9.69177,5525.411,5734.889,24638.811,0.022704,0.604737,82.293,102.511,0.4907,2.18811,0.965091,C,0.0,-0.048962
8612.918,0.38959,158.728,3.9923,18,0.7776,13.997,1.98311,7.66385,4321.705,4291.213,17253.461,0.050899,0.73068,81.525,101.881,0.50177,2.00321,0.934444,C,0.0,0.032746
11217.221,0.30966,183.012,2.4509,18,0.8096,14.573,1.94121,6.86539,5858.793,5358.428,14359.253,0.055588,0.587458,82.513,102.123,0.5223,1.28011,0.90624,C,0.0,-0.005326
11845.58,0.66248,127.521,4.0605,26,0.8681,22.572,2.0493,12.99477,3439.398,8406.182,13965.596,0.025492,0.923098,79.786,101.351,0.29035,1.17897,0.988827,C,-0.0,0.052913
8903.043,0.49961,176.764,3.334,25,0.7253,18.132,1.95135,9.32453,3178.6,5724.444,10597.511,0.051766,0.748286,82.236,102.893,0.35702,1.19032,0.963008,C,-0.001,-0.015397
10884.568,0.62951,134.962,2.5132,16,0.6668,10.669,2.03195,5.41126,3438.539,7446.029,8641.715,0.307814,0.778074,83.874,100.857,0.31591,0.79394,0.845529,C,-0.0,-0.04761
8951.093,0.46581,172.815,2.5198,20,0.6817,13.634,1.95797,6.55798,3755.896,5195.198,9464.133,0.108307,0.724275,82.835,102.546,0.4196,1.05732,0.902438,C,-0.001,-0.033229
9773.327,0.57848,168.069,1.7284,16,0.7434,11.895,1.96617,5.09453,3812.102,5961.225,6588.895,0.247638,0.790044,84.493,102.748,0.39005,0.67417,0.833024,C,-0.0,0.022844
8610.493,0.65603,180.39,1.2052,25,0.6895,17.239,1.94541,6.26961,2159.554,6450.939,2602.607,0.279318,0.782145,85.372,103.287,0.2508,0.30226,0.893215,C,0.0,-0.030266
9285.243,0.37342,166.506,2.5197,27,0.8666,23.399,1.96893,11.34876,4623.916,4661.327,11650.861,0.01382,0.730135,81.346,102.275,0.49799,1.25477,0.981569,C,0.0,-0.005067
8896.434,0.4532,194.945,2.9912,26,0.8696,22.609,1.9229,11.07858,3709.063,5187.371,11094.64,0.021759,0.761683,82.481,103.804,0.41692,1.24709,0.979983,C,-0.0,0.026082
11775.87,0.5526,181.949,1.7588,27,0.7066,19.079,1.9429,8.07867,3353.656,8422.213,5898.248,0.120906,0.724501,83.337,102.978,0.28479,0.50088,0.93769,C,0.001,-0.033111
9748.52,0.51692,155.073,2.8626,18,0.7081,12.747,1.99005,6.50081,3342.434,6406.085,9568.197,0.15377,0.706403,82.733,101.527,0.34287,0.9815,0.898007,C,0.001,-0.03878
8574.771,0.35291,184.92,3.1329,19,0.8396,15.953,1.93819,8.00266,3944.62,4630.151,12358.029,0.044614,0.61556,82.436,102.395,0.46003,1.44121,0.941844,C,0.0,0.001407
12234.531,0.66675,177.552,1.2596,23,0.8343,19.189,1.95005,7.14395,2472.943,9761.587,3114.819,0.288809,0.762493,85.394,103.024,0.20213,0.25459,0.912446,C,0.001,0.023593
10990.74,0.67036,178.326,3.518,27,0.8886,23.993,1.94877,12.46507,3151.37,7839.37,11086.417,0.030678,0.927511,82.015,104.15,0.28673,1.00871,0.986878,C,0.0,-0.027171
11443.7,0.49293,136.833,1.4426,21,0.8629,18.121,2.02775,7.5656,4913.309,6530.391,7087.906,0.084801,0.800001,81.018,101.115,0.42935,0.61937,0.926138,C,0.0,-0.029806
10308.715,0.58648,171.455,3.3693,21,0.8288,17.405,1.96029,9.03401,3088.768,7219.946,10406.836,0.083653,0.801595,82.458,102.99,0.29963,1.00952,0.957263,C,0.001,-0.00215
11650.579,0.48399,169.242,1.244,19,0.7159,13.602,1.96412,5.09032,4712.012,6938.567,5861.817,0.211459,0.669075,84.061,102.007,0.40444,0.50314,0.823297,C,0.0,-0.055331
9857.431,0.58568,160.881,2.8873,21,0.8834,18.551,1.9791,9.40586,3335.1,6522.331,9629.374,0.064082,0.852393,81.786,102.796,0.33833,0.97686,0.962981,C,0.0,-0.008978
9000.786,0.33285,139.952,2.4628,27,0.8205,22.153,2.02091,11.08455,4360.407,4640.379,10738.602,0.013769,0.632682,80.225,100.195,0.48445,1.19307,0.97996,C,0.0,-0.01109
10192.637,0.32649,181.219,2.4374,23,0.8997,20.694,1.94407,9.75487,4673.65,5518.986,11391.425,0.023563,0.583011,82.026,102.011,0.45853,1.11761,0.966907,C,0.001,0.039292
10304.102,0.40112,168.722,2.6259,26,0.78,20.279,1.96502,9.92063,4189.753,6114.349,11001.779,0.030908,0.654808,81.657,101.887,0.40661,1.06771,0.968669,C,0.0,-0.040131
10691.47,0.45788,143.831,1.9324,24,0.7707,18.498,2.01264,8.52601,4170.825,6520.644,8059.697,0.060605,0.711995,81.018,100.943,0.39011,0.75384,0.948366,C,0.001,-0.02849
11378.702,0.67747,147.464,1.3199,17,0.7096,12.063,2.00512,4.77473,3018.154,8360.547,3983.636,0.500111,0.741492,86.98,101.343,0.26525,0.3501,0.804193,C,0.001,0.038513
7748.158,0.59662,167.997,1.306,25,0.6951,17.377,1.96629,6.65418,2530.323,5217.834,3304.643,0.165916,0.805486,83.411,102.846,0.32657,0.42651,0.909183,C,0.001,-0.007282
11028.68,0.34473,180.32,3.0203,17,0.8284,14.082,1.94553,7.04096,5241.399,5787.281,15830.787,0.063607,0.59933,82.522,102.077,0.47525,1.43542,0.91231,C,0.0,0.036068
8748.739,0.51888,156.418,0.9901,20,0.7139,14.277,1.98747,4.87868,3229.157,5519.582,3197.035,0.245318,0.678919,83.997,101.418,0.3691,0.36543,0.825495,C,-0.0,0.026264
9470.698,0.57308,139.608,1.448,22,0.8115,17.853,2.02165,7.43339,2624.578,6846.119,3800.511,0.150901,0.734935,82.019,100.85,0.27713,0.40129,0.927029,C,0.001,-0.036302
10972.462,0.31469,155.407,2.7469,25,0.7746,19.366,1.9894,9.76536,5529.494,5442.968,15188.992,0.021068,0.612986,80.995,100.929,0.50394,1.38428,0.966262,C,0.0,-0.034495
10681.422,0.43413,171.747,1.2847,19,0.8171,15.524,1.95979,5.87344,4180.162,6501.261,5370.057,0.144897,0.620096,83.278,101.807,0.39135,0.50275,0.869381,C,-0.001,0.026858
8942.5,0.66544,148.423,3.5218,18,0.8775,15.795,2.00317,8.54673,2682.666,6259.833,9447.933,0.107862,0.904385,81.844,102.472,0.29999,1.05652,0.951374,C,0.001,0.040412
11109.526,0.49274,151.116,3.7547,24,0.6825,16.381,1.99778,8.95191,4649.259,6460.267,17456.641,0.053019,0.809194,81.236,101.992,0.41849,1.57132,0.95497,C,0.0,-0.000516
9987.831,0.49992,175.745,2.7976,20,0.8023,16.047,1.95304,7.91298,3628.615,6359.216,10151.538,0.086233,0.735967,82.653,102.764,0.3633,1.01639,0.937332,C,0.0,0.036994
12119.827,0.5128,196.489,3.7826,17,0.7247,12.32,1.92063,6.35961,4804.662,7315.166,18174.288,0.148551,0.752037,84.207,103.807,0.39643,1.49955,0.885159,C,-0.001,0.034448
11926.988,0.54103,193.322,3.3497,25,0.6741,16.853,1.92531,8.50223,4267.121,7659.867,14293.372,0.081594,0.796971,83.216,103.966,0.35777,1.19841,0.946044,C,-0.0,-0.005016
10239.851,0.5492,183.109,2.9642,24,0.8817,21.161,1.94105,10.49442,3951.334,6288.518,11712.494,0.036409,0.871415,82.264,104.001,0.38588,1.14381,0.974418,C,-0.001,-0.046863
8466.006,0.56023,175.558,2.2865,18,0.6828,12.291,1.95335,5.72529,2364.955,6101.051,5407.49,0.257927,0.677406,84.913,102.368,0.27935,0.63873,0.871389,C,-0.0,0.036239
10224.375,0.67317,175.518,1.8645,17,0.8382,14.25,1.95342,6.21053,2894.633,7329.742,5397.022,0.27231,0.831481,85.101,103.383,0.28311,0.52786,0.885477,C,0.0,-0.036201
11205.983,0.47379,180.422,3.0838,20,0.6781,13.562,1.94536,6.81467,4227.79,6978.193,13037.794,0.119813,0.688246,83.268,102.668,0.37728,1.16347,0.904592,C,0.0,0.025063
10589.91,0.58717,167.688,3.3287,16,0.8894,14.23,1.96684,7.40208,3395.837,7194.073,11303.831,0.139697,0.798388,83.053,102.784,0.32067,1.06742,0.923708,C,0.0,0.027659
8197.269,0.58808,195.544,1.81,16,0.8549,13.678,1.92202,5.75649,2883.881,5313.388,5219.934,0.210853,0.79283,84.997,104.035,0.35181,0.63679,0.873861,C,0.0,-0.038415
7345.327,0.57964,176.743,3.5508,17,0.6796,11.553,1.95138,6.02664,2763.817,4581.51,9813.822,0.172007,0.825539,83.822,103.402,0.37627,1.33606,0.888342,C,0.0,0.034288
9037.387,0.56634,160.066,1.3314,22,0.8105,17.831,1.98061,6.95908,2720.787,6316.6,3622.398,0.159917,0.741395,83.019,102.021,0.30106,0.40082,0.914989,C,0.0,0.038002
8576.862,0.34573,161.893,2.9841,25,0.7824,19.559,1.97724,9.98671,4297.504,4279.359,12824.168,0.02004,0.672801,81.246,101.663,0.50106,1.49521,0.970957,C,-0.001,-0.000495
10996.201,0.64606,168.349,4.2575,23,0.6661,15.321,1.96568,8.38479,2866.303,8129.898,12203.231,0.135666,0.826009,83.026,102.999,0.26066,1.10977,0.945264,C,-0.0,-0.023162
10330.734,0.55759,178.736,1.7997,18,0.8637,15.547,1.9481,6.66444,3729.882,6600.853,6712.796,0.151364,0.787129,83.623,103.242,0.36105,0.64979,0.90199,C,-0.001,0.021291
11287.133,0.63982,142.193,3.0205,21,0.6778,14.234,2.0161,7.49779,3147.858,8139.275,9507.969,0.172739,0.820458,82.425,101.565,0.27889,0.84237,0.924705,C,0.0,0.042305
9824.254,0.48084,150.899,2.2991,26,0.7448,19.365,1.99821,9.34222,3805.671,6018.583,8749.7,0.046938,0.755205,81.146,101.624,0.38738,0.89062,0.962185,C,0.0,-0.000267
12747.919,0.40726,172.1,2.5212,18,0.8269,14.884,1.95919,7.16737,6055.71,6692.209,15267.691,0.075525,0.70745,82.375,102.4,0.47504,1.19766,0.911907,C,0.0,-0.043263
10048.377,0.435,175.189,0.9957,22,0.8949,19.688,1.95397,6.57992,3808.594,6239.783,3792.288,0.114891,0.630392,83.011,102.04,0.37903,0.3774,0.899894,C,0.0,-0.038463
11105.908,0.45503,200.323,1.5389,22,0.8422,18.528,1.91507,7.29701,4609.501,6496.408,7093.504,0.088094,0.715391,83.536,103.728,0.41505,0.63871,0.919646,C,-0.001,-0.019879
9828.296,0.36847,186.014,2.4966,17,0.7653,13.01,1.93648,6.13887,4534.123,5294.173,11319.69,0.092687,0.604662,83.109,102.373,0.46133,1.15174,0.883954,C,0.0,-0.007266
10821.649,0.65264,129.844,2.7381,19,0.7402,14.063,2.04376,7.36307,3106.017,7715.632,8504.562,0.177064,0.844091,81.902,100.977,0.28702,0.78588,0.922131,C,0.0,-0.018321
11783.613,0.42776,120.0,2.7306,27,0.8541,23.062,2.06808,12.2652,4888.105,6895.508,13347.385,0.014846,0.720459,79.26,99.519,0.41482,1.13271,0.985602,C,0.0,0.058692
11324.629,0.63049,210.524,3.8725,19,0.8925,16.957,1.90085,8.65602,3183.314,8141.315,12327.441,0.112722,0.832947,84.189,104.924,0.2811,1.08855,0.949745,C,0.0,-0.048088
12526.021,0.32522,158.228,3.5854,22,0.8814,19.39,1.98404,10.38787,6534.525,5991.496,23428.836,0.017681,0.660629,81.066,101.392,0.52168,1.87041,0.971638,C,0.0,0.019602
9053.331,0.47842,139.591,3.36,16,0.8524,13.638,2.02169,7.39823,3402.661,5650.671,11432.928,0.092839,0.710603,81.252,100.688,0.37585,1.26284,0.927065,C,-0.001,0.011208
11326.367,0.66023,174.484,1.331,25,0.7581,18.951,1.95515,7.25521,3293.827,8032.54,4383.946,0.186302,0.854567,83.927,103.486,0.29081,0.38706,0.91794,C,0.0,0.017116
13000.0,0.6561,159.846,3.0723,24,0.7427,17.825,1.98102,9.1931,3248.652,9751.348,9980.981,0.114619,0.836489,82.412,102.637,0.2499,0.76777,0.956344,C,0.0,0.047419
10526.958,0.44506,169.85,2.9718,16,0.742,11.872,1.96306,5.99167,4701.129,5825.828,13970.743,0.124331,0.703871,82.934,102.267,0.44658,1.32714,0.875244,C,0.001,0.000478
10001.533,0.45036,186.177,3.5408,17,0.8577,14.58,1.93622,7.51218,4068.302,5933.231,14404.961,0.079865,0.704398,82.946,103.038,0.40677,1.44028,0.927865,C,0.0,0.019413
9685.068,0.52549,158.344,1.5917,21,0.7599,15.958,1.98383,6.71374,3461.433,6223.635,5509.689,0.138924,0.740484,82.671,101.925,0.3574,0.56888,0.905514,C,0.0,0.028126
9192.342,0.68362,213.138,2.4576,16,0.663,10.608,1.89734,4.82895,2314.03,6878.311,5686.937,0.48888,0.74913,89.236,104.476,0.25173,0.61866,0.819975,C,0.001,0.036732
10297.933,0.38353,166.674,3.6483,23,0.8161,18.771,1.96863,9.97905,5138.278,5159.655,18746.197,0.023592,0.741987,81.481,102.361,0.49896,1.82038,0.969308,C,0.0,-0.052946
12284.613,0.47508,162.07,3.5504,20,0.7989,15.978,1.97692,8.49646,5128.636,7155.978,18208.841,0.062148,0.771025,81.809,102.32,0.41748,1.48225,0.945386,C,-0.001,0.001536
10809.125,0.6954,141.359,2.2434,16,0.8793,14.069,2.01788,6.83161,2042.248,8766.877,4581.494,0.345072,0.777013,84.662,101.23,0.18894,0.42385,0.906246,C,0.0,-0.034475
10012.973,0.67538,177.393,2.6148,21,0.8509,17.869,1.95031,8.63426,2343.197,7669.776,6127.071,0.140616,0.838754,83.432,103.52,0.23402,0.61191,0.951277,C,0.0,0.015416
8874.148,0.52661,166.729,3.7605,22,0.7941,17.47,1.96853,9.34663,3533.89,5340.258,13289.144,0.048498,0.842993,81.812,103.031,0.39822,1.49751,0.963326,C,0.0,0.028369
8407.285,0.54625,178.206,4.2056,17,0.8249,14.023,1.94897,7.56012,2769.967,5637.318,11649.441,0.111981,0.759627,83.084,103.036,0.32947,1.38564,0.932458,C,0.0,0.036796
12892.64,0.69353,181.19,2.5661,17,0.74,12.58,1.94412,6.018,3267.086,9625.554,8383.76,0.361939,0.806083,86.492,103.482,0.25341,0.65027,0.867753,C,0.0,-0.048666
9848.716,0.39811,177.827,2.4324,27,0.8487,22.914,1.94959,10.84108,4023.761,5824.955,9787.422,0.021822,0.658046,81.88,102.348,0.40856,0.99378,0.977605,C,0.0,-0.022524
10255.472,0.57131,192.643,3.0746,27,0.8628,23.296,1.92633,11.52458,3443.8,6811.672,10588.168,0.030362,0.844797,82.516,104.252,0.3358,1.03244,0.982154,C,0.0,0.012982
9815.747,0.36979,148.885,1.7869,24,0.7515,18.036,2.00224,8.02875,4464.759,5350.989,7978.052,0.048673,0.637732,81.083,100.738,0.45486,0.81278,0.940132,C,-0.001,-0.045049
10728.883,0.36173,137.61,2.4276,24,0.8734,20.962,2.02603,10.48257,4736.133,5992.75,11497.247,0.021357,0.630737,80.217,100.044,0.44144,1.07162,0.973938,C,0.0,-0.039902
9450.845,0.34884,142.918,1.9885,16,0.7034,11.255,2.01456,5.2451,5121.068,4329.777,10183.12,0.100982,0.641986,81.511,100.429,0.54186,1.07748,0.843139,C,-0.0,0.040864
10195.767,0.58229,169.146,1.5323,24,0.7723,18.536,1.96428,7.57241,3106.727,7089.04,4760.349,0.135759,0.777974,83.058,102.721,0.30471,0.46689,0.928958,C,0.0,0.038211
12206.167,0.43976,217.83,2.3381,27,0.7781,21.01,1.89115,9.37683,5141.302,7064.865,12021.031,0.041807,0.729368,83.479,104.53,0.42121,0.98483,0.959957,C,0.0,-0.044868
8929.232,0.43708,170.285,3.3299,16,0.7723,12.356,1.96231,6.40577,4254.334,4674.898,14166.509,0.094334,0.748994,82.554,102.586,0.47645,1.58653,0.897169,C,0.0,-0.010174
10823.902,0.64683,193.054,1.1988,26,0.6569,17.078,1.92571,6.10175,2855.076,7968.826,3422.773,0.296944,0.772185,86.049,103.791,0.26378,0.31622,0.878907,C,0.0,0.018938
10478.446,0.4679,184.682,3.6167,21,0.8255,17.335,1.93856,8.98943,4300.793,6177.652,15554.554,0.049736,0.759018,82.495,103.331,0.41044,1.48443,0.956372,C,0.001,0.011577
11059.801,0.69229,163.086,1.9722,16,0.8578,13.725,1.97506,6.19834,2546.152,8513.65,5021.518,0.354466,0.793317,85.708,102.519,0.23022,0.45403,0.882124,C,-0.001,0.042042
9068.936,0.49965,173.399,2.7302,20,0.6947,13.895,1.95698,6.82796,3046.309,6022.627,8317.081,0.132518,0.68535,83.176,102.317,0.33591,0.9171,0.910911,C,-0.0,-0.004318
10627.361,0.60235,188.918,2.9071,23,0.7839,18.03,1.93198,8.83458,3048.183,7579.178,8861.262,0.097151,0.805533,83.27,103.829,0.28682,0.83382,0.953739,C,0.0,-0.02112
8617.101,0.58919,145.451,2.1544,21,0.7885,16.558,2.00926,7.89103,2524.271,6092.829,5438.363,0.121792,0.782836,81.898,101.503,0.29294,0.63111,0.939447,C,0.001,-0.012158
7384.827,0.32107,143.531,1.0197,16,0.7574,12.119,2.01327,4.28156,3945.503,3439.324,4023.404,0.123749,0.547429,81.839,99.84,0.53427,0.54482,0.794077,C,0.0,0.008656
8442.494,0.39567,195.106,1.819,25,0.658,16.45,1.92266,6.93906,4181.938,4260.556,7606.883,0.067126,0.718156,83.085,103.523,0.49534,0.90102,0.915965,C,0.0,-0.019024
8571.785,0.33257,160.297,3.6061,22,0.7183,15.802,1.98018,8.45212,4099.587,4472.199,14783.408,0.03455,0.605758,81.373,101.138,0.47827,1.72466,0.950314,C,-0.001,0.007485
8135.208,0.52541,169.266,4.1926,16,0.7021,11.234,1.96408,6.123,2547.413,5587.795,10680.288,0.185802,0.680232,83.723,102.082,0.31313,1.31285,0.889265,C,-0.0,0.008237
10087.649,0.64857,167.022,2.9353,16,0.6581,10.529,1.96801,5.31692,3033.398,7054.251,8903.957,0.336333,0.782836,85.623,102.648,0.3007,0.88266,0.844062,C,-0.0,-0.006973
11712.188,0.44934,140.884,3.9174,23,0.8766,20.162,2.0189,11.28445,4971.751,6740.437,19476.146,0.021438,0.764969,80.369,101.123,0.42449,1.6629,0.979747,C,0.0,-0.055193
8282.453,0.38553,171.725,2.4003,25,0.8182,20.455,1.95983,9.7157,3799.946,4482.507,9121.186,0.026586,0.68982,81.715,102.266,0.45879,1.10127,0.968362,C,0.0,-0.014238
10762.952,0.325,148.544,3.4188,21,0.83,17.43,2.00293,9.36713,5515.805,5247.147,18857.441,0.024446,0.640946,80.748,100.74,0.51248,1.75207,0.961453,C,-0.0,-0.01785
10269.603,0.32627,154.818,3.441,16,0.8512,13.619,1.99054,7.26447,5051.011,5218.592,17380.667,0.052605,0.59114,81.387,100.753,0.49184,1.69244,0.920699,C,0.0,0.036462
9343.108,0.55661,200.882,2.9433,22,0.7944,17.476,1.91427,8.47022,2780.973,6562.135,8185.332,0.094559,0.752421,83.639,103.996,0.29765,0.87608,0.949434,C,0.0,0.013139
8596.311,0.37038,200.755,1.6715,22,0.8257,18.166,1.91445,7.38143,3762.396,4833.914,6288.88,0.061209,0.611022,83.195,103.057,0.43768,0.73158,0.92767,C,0.001,-0.018629
10850.366,0.54909,159.523,3.0908,21,0.6946,14.587,1.98162,7.53768,3897.915,6952.451,12047.518,0.112058,0.794109,82.365,102.341,0.35924,1.11033,0.926686,C,0.0,0.030997
10866.134,0.30518,144.513,3.3843,16,0.7338,11.74,2.01121,6.3323,5452.779,5413.355,18453.922,0.068019,0.544076,81.147,99.874,0.50181,1.6983,0.888156,C,0.0,-0.042336
9410.383,0.68386,177.586,3.5237,19,0.7634,14.505,1.94999,7.5454,2641.661,6768.722,9308.517,0.170618,0.884169,83.835,103.829,0.28072,0.98918,0.929963,C,0.0,-0.02456
9758.33,0.32508,147.181,3.3014,16,0.6913,11.06,2.0057,5.90826,5159.834,4598.496,17034.707,0.077178,0.603241,81.385,100.415,0.52876,1.74566,0.874464,C,0.0,0.010922
10512.78,0.45057,177.232,2.7082,19,0.812,15.427,1.95057,7.52778,4547.301,5965.478,12315.091,0.075877,0.736186,82.571,102.835,0.43255,1.17144,0.927157,C,0.001,0.00634
7938.58,0.65591,138.883,2.5484,21,0.7206,15.133,2.02324,7.65899,2293.942,5644.638,5845.954,0.145911,0.863166,81.92,101.653,0.28896,0.7364,0.935718,C,0.0,0.023033
10139.115,0.43125,184.382,2.9106,21,0.8417,17.677,1.93904,8.71215,4601.95,5537.165,13394.539,0.045219,0.752072,82.425,103.272,0.45388,1.32108,0.952408,C,0.0,0.051011
11071.539,0.6096,165.305,2.5381,23,0.7414,17.052,1.97106,8.30048,3152.733,7918.806,8001.805,0.12095,0.804141,82.713,102.703,0.28476,0.72274,0.943501,C,0.0,0.050542
13000.0,0.38423,195.238,1.3015,24,0.8359,20.063,1.92247,7.41563,5635.09,7364.91,7334.295,0.072088,0.62306,83.155,102.901,0.43347,0.56418,0.918674,C,0.0,-0.013193
8581.956,0.34454,195.581,3.6425,26,0.7464,19.407,1.92196,9.94852,3953.722,4628.234,14401.469,0.022016,0.620068,82.506,102.897,0.4607,1.67811,0.970562,C,0.0,-0.037823
8714.507,0.53357,211.344,4.4624,27,0.6916,18.674,1.89974,9.7898,2817.837,5896.67,12574.352,0.051566,0.763909,83.407,104.502,0.32335,1.44292,0.968751,C,0.0,-0.024366
10623.809,0.57875,169.554,1.2773,25,0.7645,19.113,1.96358,7.23369,3448.651,7175.158,4404.973,0.144422,0.787511,83.188,102.804,0.32462,0.41463,0.918996,C,-0.0,-0.047468
9104.813,0.33286,145.129,2.7206,20,0.6814,13.628,2.00993,6.95687,4813.217,4291.596,13095.018,0.05368,0.645978,80.985,100.581,0.52865,1.43825,0.914747,C,0.0,-0.022034
9450.748,0.59275,159.667,2.9387,23,0.7774,17.881,1.98135,9.12239,3388.997,6061.751,9959.354,0.066746,0.886835,81.773,102.96,0.3586,1.05382,0.959621,C,0.0,-0.044065
10153.242,0.42192,153.242,3.9184,17,0.884,15.028,1.99359,8.26038,3938.882,6214.36,15434.128,0.060652,0.650899,81.427,101.063,0.38794,1.52012,0.944231,C,0.0,0.034084
9445.001,0.65954,156.289,2.7189,16,0.6626,10.602,1.98772,5.32481,2399.282,7045.719,6523.522,0.395987,0.749286,85.98,101.875,0.25403,0.69069,0.847482,C,0.0,0.012872
9951.7,0.31053,176.856,2.2571,23,0.7329,16.856,1.95119,7.80797,5120.734,4830.966,11558.228,0.039192,0.598142,82.073,101.907,0.51456,1.16143,0.935057,C,0.0,0.005929
10723.076,0.56556,176.294,4.17,27,0.8467,22.861,1.95213,12.3342,3377.926,7345.151,14086.029,0.02447,0.814398,81.858,103.307,0.31501,1.31362,0.98637,C,-0.001,0.008729
7615.483,0.58213,157.406,3.0346,16,0.8111,12.978,1.98559,6.69565,2137.071,5478.412,6485.152,0.184888,0.737096,83.24,101.854,0.28062,0.85157,0.910874,C,0.0,-0.033236
11402.272,0.31926,153.84,1.5294,19,0.785,14.914,1.99243,6.21652,5680.857,5721.415,8688.473,0.075803,0.560991,81.652,100.502,0.49822,0.76199,0.881705,C,0.0,0.001033
7452.737,0.54979,177.2,1.5061,17,0.6619,11.252,1.95063,4.51808,2166.527,5286.21,3263.097,0.359305,0.627863,86.311,102.119,0.2907,0.43784,0.810018,C,0.0,-0.019378
13000.0,0.34361,143.31,3.5567,23,0.7149,16.444,2.01373,8.98439,6989.191,6010.809,24858.344,0.030016,0.708245,80.591,100.889,0.53763,1.91218,0.953035,C,0.0,0.017023
11165.875,0.47706,160.9,3.719,27,0.8968,24.213,1.97907,13.02567,4500.712,6665.163,16738.347,0.012828,0.790536,81.111,102.388,0.40308,1.49906,0.989161,C,0.0,0.005897
9534.665,0.6204,148.871,1.2373,24,0.8143,19.544,2.00227,7.50396,3130.601,6404.064,3873.419,0.134777,0.857788,82.219,102.189,0.32834,0.40625,0.928671,C,0.0,0.043905
11558.952,0.60787,160.642,1.4725,21,0.7872,16.531,1.97954,6.723,3416.539,8142.412,5031.007,0.204679,0.777041,83.633,102.286,0.29558,0.43525,0.900474,C,0.001,0.058403
9724.959,0.45772,198.196,1.2435,25,0.8807,22.018,1.91814,7.94908,4302.63,5422.328,5350.456,0.063514,0.770518,83.141,104.002,0.44243,0.55018,0.938607,C,0.001,0.029666
11163.204,0.65867,163.592,2.397,20,0.6716,13.431,1.97415,6.44596,3064.662,8098.541,7346.136,0.260116,0.809498,84.482,102.651,0.27453,0.65807,0.891585,C,0.001,-0.052785
11090.512,0.46487,173.678,3.2433,27,0.7024,18.964,1.95651,9.72829,4132.247,6958.266,13402.03,0.04279,0.715524,82.003,102.53,0.37259,1.20842,0.965703,C,-0.001,0.021143
10556.973,0.30878,168.656,1.9006,17,0.8255,14.034,1.96514,6.2121,5550.626,5006.347,10549.647,0.067886,0.575855,82.143,101.363,0.52578,0.99931,0.884405,C,0.0,0.042375
10028.685,0.55215,185.525,1.7164,22,0.7351,16.172,1.93724,6.75692,3646.094,6382.591,6257.977,0.142815,0.785982,83.754,103.547,0.36357,0.62401,0.905962,C,-0.0,0.019869
11044.171,0.54517,156.141,2.4056,26,0.7489,19.471,1.988,9.4507,3287.8,7756.37,7909.12,0.069122,0.746954,81.66,101.852,0.2977,0.71614,0.962255,C,0.001,0.039795
10305.422,0.6091,167.749,3.193,16,0.7407,11.852,1.96673,6.10436,2976.443,7328.979,9503.657,0.251266,0.754417,84.528,102.497,0.28882,0.9222,0.880854,C,0.0,0.047263
9942.071,0.39227,140.887,1.8852,24,0.7737,18.568,2.01889,8.52373,4649.362,5292.709,8764.916,0.042392,0.699626,80.645,100.692,0.46765,0.8816,0.949463,C,0.0,-0.03639
8439.07,0.60632,183.74,2.6776,18,0.7657,13.782,1.94005,6.64992,2786.243,5652.827,7460.413,0.170742,0.821013,84.059,103.697,0.33016,0.88403,0.907026,C,0.0,0.003766
7675.471,0.68106,174.439,3.7506,22,0.6956,15.303,1.95523,8.10066,2200.435,5475.036,8252.87,0.129737,0.902641,83.179,103.801,0.28668,1.07523,0.945389,C,0.0,-0.013526
12369.184,0.35954,159.408,1.8358,26,0.6522,16.957,1.98183,7.50883,5619.363,6749.822,10316.149,0.061215,0.607908,81.689,101.106,0.4543,0.83402,0.922651,C,-0.001,-0.043683
11058.997,0.38848,164.364,3.7687,16,0.8546,13.674,1.97275,7.3425,4593.385,6465.612,17311.238,0.073867,0.611991,82.054,101.387,0.41535,1.56535,0.921023,C,0.0,0.003231
8290.552,0.46641,148.995,1.1644,23,0.7022,16.15,2.00202,6.03105,3633.785,4656.767,4231.049,0.122291,0.734938,82.059,101.385,0.4383,0.51035,0.885079,C,0.0,-0.017869
10572.064,0.67577,205.425,4.2306,22,0.819,18.019,1.90786,9.41445,3007.158,7564.905,12722.218,0.089571,0.908795,83.721,105.217,0.28444,1.20338,0.962298,C,0.001,-0.018299
10334.098,0.33532,146.163,2.6921,25,0.7132,17.829,2.00779,9.0614,5304.418,5029.68,14280.245,0.027673,0.659763,80.687,100.731,0.51329,1.38186,0.957639,C,0.0,0.043816
7000.0,0.47285,152.968,1.5716,26,0.7177,18.659,1.99413,7.87074,2633.39,4366.61,4138.699,0.072773,0.714125,81.575,101.465,0.3762,0.59124,0.942102,C,0.0,0.004943
8762.978,0.47931,158.657,2.808,21,0.8423,17.689,1.98324,8.93137,3603.677,5159.3,10119.179,0.049261,0.779687,81.501,102.2,0.41124,1.15476,0.957735,C,0.001,0.023113
9847.258,0.46441,168.161,3.1561,24,0.7763,18.63,1.96601,9.56393,3672.029,6175.23,11589.147,0.043608,0.714636,81.803,102.255,0.3729,1.17689,0.964985,C,-0.001,-0.006419
13000.0,0.34743,129.789,1.8269,25,0.8316,20.789,2.04389,9.60432,6406.029,6593.971,11703.251,0.026654,0.659062,79.914,99.752,0.49277,0.90025,0.962196,C,0.0,0.007988
11436.037,0.61398,208.242,1.0261,21,0.8592,18.043,1.90396,5.88413,3181.403,8254.634,3264.462,0.29358,0.737471,86.504,104.202,0.27819,0.28545,0.866982,C,0.0,-0.051486
11818.116,0.3256,158.462,1.6609,18,0.7695,13.851,1.9836,5.92163,6338.555,5479.562,10527.752,0.080575,0.609038,81.906,101.064,0.53634,0.89081,0.867273,C,-0.001,-0.011981
10426.397,0.40308,163.422,3.8598,23,0.8723,20.064,1.97445,10.84067,4457.072,5969.325,17203.483,0.021487,0.687994,81.326,101.841,0.42748,1.64999,0.977212,C,0.0,0.043213
11495.444,0.66193,166.444,4.3162,24,0.8911,21.386,1.96904,11.76449,2726.633,8768.811,11768.815,0.047482,0.852986,81.788,103.082,0.23719,1.02378,0.982985,C,0.0,0.040239
8215.649,0.6716,161.435,2.9329,16,0.809,12.945,1.97808,6.58481,2452.719,5762.93,7193.537,0.21247,0.867003,83.767,102.921,0.29854,0.87559,0.905552,C,-0.0,0.023064
10921.416,0.31501,200.927,1.5204,24,0.8712,20.909,1.9142,8.18953,5694.367,5227.049,8657.54,0.035332,0.619694,82.859,103.122,0.52139,0.79271,0.94152,C,-0.0,-0.009024
11050.721,0.55801,202.473,1.6406,21,0.7128,14.969,1.912,6.02787,3668.349,7382.372,6018.354,0.210275,0.730805,85.219,103.92,0.33196,0.54461,0.87491,C,-0.0,-0.02363
8172.038,0.65631,192.758,2.885,23,0.8525,19.608,1.92616,9.54499,2093.614,6078.424,6040.025,0.085739,0.852833,83.251,104.31,0.25619,0.73911,0.966531,C,-0.0,0.005314
11038.971,0.5224,123.186,1.6311,22,0.7814,17.191,2.05996,7.70172,4731.015,6307.956,7716.984,0.084844,0.850573,80.35,100.591,0.42857,0.69907,0.930394,C,-0.0,-0.016845
12466.842,0.50658,178.707,3.3279,24,0.7778,18.667,1.94815,9.57218,4656.415,7810.427,15495.853,0.051093,0.778139,82.298,103.182,0.3735,1.24297,0.962329,C,0.0,-0.055247
13000.0,0.54296,179.642,1.2649,19,0.7809,14.837,1.94663,5.5194,4430.556,8569.444,5604.358,0.251602,0.693599,84.979,102.667,0.34081,0.4311,0.842071,C,0.0,-0.01454
12073.105,0.32625,151.274,1.692,26,0.8188,21.289,1.99746,9.25792,5761.434,6311.671,9748.12,0.028432,0.598108,80.918,100.608,0.47721,0.80742,0.958412,C,0.0,-0.019504
9407.819,0.67009,198.463,1.0704,25,0.7429,18.572,1.91775,6.25203,2479.07,6928.749,2653.547,0.280043,0.809653,86.008,104.271,0.26351,0.28206,0.889874,C,0.0,-0.04318
9907.128,0.49006,185.821,2.8923,20,0.8441,16.883,1.93678,8.29278,3699.837,6207.291,10701.197,0.071825,0.739351,82.827,103.253,0.37345,1.08015,0.945266,C,0.0,-0.020453
9834.771,0.34269,148.223,3.4978,26,0.8467,22.013,2.00358,11.89649,4695.746,5139.025,16424.871,0.011105,0.645683,80.558,100.753,0.47746,1.67008,0.984528,C,0.0,-0.049664
11944.679,0.5965,158.046,2.9259,24,0.6681,16.035,1.98439,8.19,3797.583,8147.095,11111.325,0.11298,0.821889,82.317,102.447,0.31793,0.93023,0.939783,C,0.001,-0.057666
8943.455,0.60455,158.338,3.2683,20,0.7418,14.836,1.98384,7.78217,2347.991,6595.464,7673.905,0.146332,0.767678,82.769,102.104,0.26254,0.85805,0.936453,C,0.0,-0.013111
8332.317,0.34168,141.425,4.2692,26,0.7547,19.623,2.01774,11.16041,4099.238,4233.079,17500.467,0.013273,0.659698,80.285,100.459,0.49197,2.10031,0.980889,C,0.0,0.023136
7509.274,0.45269,133.36,4.0318,17,0.7042,11.971,2.03559,6.81758,2899.42,4609.854,11689.931,0.099785,0.674653,81.052,100.077,0.38611,1.55673,0.91489,C,0.0,0.002792
11033.586,0.47169,188.128,2.272,27,0.7608,20.541,1.9332,9.40187,4250.151,6783.435,9656.413,0.047002,0.737777,82.58,103.346,0.3852,0.87518,0.961616,C,0.0,0.004259
10855.986,0.59195,211.278,3.6232,18,0.8903,16.025,1.89983,8.05997,3251.357,7604.63,11780.416,0.120716,0.79343,84.318,104.694,0.2995,1.08515,0.938924,C,-0.001,-0.03148
9114.551,0.47037,194.822,3.6369,21,0.8749,18.374,1.92308,9.42394,3643.275,5471.276,13250.352,0.042318,0.755411,82.748,103.757,0.39972,1.45376,0.964038,C,0.0,-0.026832
9106.822,0.51984,184.461,2.0895,21,0.7549,15.854,1.93891,7.09942,3532.836,5573.986,7381.87,0.108689,0.780436,83.266,103.462,0.38793,0.81059,0.918891,C,0.0,-0.029401
9759.907,0.46202,216.38,2.1108,24,0.6672,16.013,1.89305,6.93407,3901.781,5858.125,8236.011,0.101323,0.702265,84.22,104.295,0.39978,0.84386,0.912328,C,0.001,-0.024077
12727.168,0.45797,208.361,1.5446,20,0.8343,16.687,1.9038,6.52172,5584.248,7142.92,8625.611,0.115196,0.725948,84.153,104.13,0.43877,0.67773,0.889635,C,0.0,-0.010392
8065.124,0.54,179.516,2.6274,17,0.8092,13.757,1.94683,6.6384,2806.054,5259.07,7372.721,0.14318,0.751734,83.543,103.045,0.34792,0.91415,0.907749,C,0.0,-0.025579
10488.496,0.66385,168.157,2.8338,17,0.7584,12.893,1.96601,6.44252,2523.674,7964.822,7151.57,0.293618,0.781156,85.103,102.693,0.24061,0.68185,0.893577,C,0.0,0.023463
10958.395,0.50346,192.019,2.0386,25,0.8521,21.302,1.92727,9.37646,3925.627,7032.768,8002.623,0.054308,0.754169,82.811,103.627,0.35823,0.73027,0.961358,C,0.0,0.024986
10717.731,0.56305,134.388,2.2247,20,0.7582,15.164,2.03324,7.42387,3258.625,7459.106,7249.412,0.140739,0.747543,81.642,100.621,0.30404,0.67639,0.924002,C,0.0,0.000339
12015.312,0.58251,141.316,1.1272,19,0.8753,16.63,2.01797,6.18702,3466.463,8548.849,3907.3,0.245585,0.719132,83.347,100.845,0.2885,0.32519,0.878368,C,0.0,-0.022802
11913.493,0.60853,157.835,3.1456,19,0.6898,13.107,1.98478,6.81743,3060.806,8852.688,9628.059,0.230385,0.739269,83.858,101.891,0.25692,0.80816,0.902732,C,-0.001,0.0363
10444.729,0.38123,164.927,1.5822,16,0.766,12.257,1.97174,5.09872,4857.911,5586.818,7686.27,0.139436,0.591487,82.942,101.28,0.46511,0.7359,0.829888,C,0.0,-0.05386
12416.55,0.38073,216.25,1.4595,16,0.7457,11.931,1.89322,4.51903,6332.362,6084.188,9241.957,0.164641,0.605625,85.052,103.652,0.50999,0.74433,0.779459,C,0.0,0.050312
11872.967,0.53856,163.822,2.9853,27,0.6763,18.261,1.97373,9.30078,4124.147,7748.819,12311.613,0.063162,0.791583,81.892,102.545,0.34736,1.03694,0.959263,C,0.001,-0.017656
10355.892,0.69191,148.013,1.2395,16,0.7125,11.4,2.004,4.3859,2064.63,8291.262,2559.007,0.755676,0.67603,90.377,100.942,0.19937,0.24711,0.782258,C,0.0,0.012044
10582.266,0.44295,163.881,3.6838,21,0.6728,14.129,1.97362,7.55486,4455.014,6127.253,16411.165,0.076075,0.709692,82.064,102.007,0.42099,1.55082,0.927697,C,-0.001,0.037099
8352.555,0.66577,140.362,1.5045,19,0.662,12.578,2.02002,5.31261,2305.768,6046.787,3469.003,0.357092,0.78347,84.775,101.214,0.27606,0.41532,0.851934,C,0.0,0.033025
10715.286,0.32839,187.283,2.7829,25,0.792,19.801,1.9345,9.61157,5222.741,5492.545,14534.293,0.023808,0.618007,82.245,102.518,0.48741,1.35641,0.964663,C,0.0,0.018494
8845.302,0.56713,212.171,1.6168,26,0.8599,22.356,1.89863,8.85581,3171.574,5673.728,5127.739,0.068818,0.845686,83.661,105.074,0.35856,0.57971,0.956491,C,0.0,-0.017594
8377.268,0.52419,192.321,2.9284,20,0.6769,13.539,1.92681,6.61915,3122.067,5255.201,9142.512,0.131931,0.757235,83.846,103.66,0.37268,1.09135,0.906202,C,0.0,-0.039438
9502.715,0.43874,199.103,1.0985,26,0.8991,23.377,1.91682,7.96212,4043.114,5459.601,4441.19,0.062596,0.717294,83.159,103.689,0.42547,0.46736,0.939298,C,0.0,-0.000625
7552.763,0.30901,164.22,2.4174,24,0.7074,16.977,1.97301,8.16089,3902.29,3650.473,9433.463,0.031854,0.605287,81.494,101.336,0.51667,1.24901,0.94674,C,0.0,-0.008102
8722.703,0.3292,159.264,2.4296,26,0.8801,22.883,1.9821,11.09094,4694.661,4028.042,11406.236,0.012125,0.69875,81.035,101.698,0.53821,1.30765,0.980177,C,0.0,-0.003285
9676.889,0.43315,183.939,3.9475,25,0.8394,20.985,1.93974,11.09339,4105.72,5571.168,16207.192,0.020822,0.737015,82.087,103.152,0.42428,1.67483,0.979604,C,0.001,0.020785
10900.887,0.62155,156.821,2.6262,22,0.655,14.41,1.9867,7.16434,3332.213,7568.673,8751.043,0.170132,0.820294,83.021,102.372,0.30568,0.80278,0.916328,C,0.001,-0.006797
9680.289,0.59812,134.733,2.5072,27,0.6793,18.34,2.03246,9.29878,2585.201,7095.088,6481.719,0.085617,0.784865,80.93,100.888,0.26706,0.66958,0.961773,C,0.0,-0.04894
10564.499,0.6584,174.944,2.166,18,0.7953,14.315,1.95438,6.56244,2850.206,7714.293,6173.507,0.249602,0.809445,84.78,103.21,0.26979,0.58436,0.897722,C,0.0,-0.046874
12500.629,0.332,159.531,2.112,26,0.87,22.621,1.9816,10.49919,5879.854,6620.774,12418.01,0.01924,0.609757,81.14,101.124,0.47036,0.99339,0.972741,C,0.001,0.017145
11463.428,0.68446,144.475,1.602,20,0.7306,14.611,2.01129,6.28619,3268.716,8194.712,5236.599,0.277603,0.846743,83.911,101.869,0.28514,0.45681,0.884351,C,0.0,0.037538
8410.281,0.30834,153.82,3.4254,22,0.8449,18.588,1.99247,9.91849,3801.359,4608.923,13021.191,0.020186,0.546009,80.917,100.402,0.45199,1.54825,0.970411,C,-0.001,-0.021628
7363.22,0.56735,188.569,2.8137,17,0.7778,13.223,1.93252,6.42725,2338.416,5024.804,6579.512,0.173478,0.750644,84.265,103.451,0.31758,0.89356,0.902893,C,0.0,0.020162
9021.31,0.50084,164.826,2.0944,17,0.877,14.909,1.97192,6.85167,3859.81,5161.499,8084.147,0.103273,0.798147,82.461,102.639,0.42785,0.89612,0.911777,C,0.001,-0.0162
9051.189,0.53398,160.944,2.0636,18,0.7746,13.943,1.97899,6.4105,2836.131,6215.058,5852.707,0.17561,0.697521,83.261,101.777,0.31334,0.64662,0.896951,C,0.0,-0.032534
7000.0,0.44158,151.895,1.896,18,0.6513,11.724,1.99624,5.30569,3058.809,3941.191,5799.463,0.143586,0.672855,82.465,101.135,0.43697,0.82849,0.857911,C,0.0,0.007781
7362.874,0.44594,146.134,1.3895,24,0.6976,16.742,2.00785,6.78618,3224.759,4138.115,4480.751,0.087199,0.725502,81.471,101.163,0.43798,0.60856,0.914358,C,0.0,-0.006437
7804.622,0.39722,184.373,3.5562,23,0.8808,20.258,1.93905,10.47047,3498.475,4306.146,12441.192,0.021202,0.702714,82.108,102.946,0.44826,1.59408,0.976074,C,0.001,-0.011796
9636.099,0.35518,170.735,1.8855,23,0.8812,20.268,1.96153,8.92297,4616.349,5019.75,8704.251,0.032282,0.652125,81.753,101.969,0.47907,0.9033,0.956457,C,0.0,0.020196
12252.254,0.49388,176.46,3.7989,17,0.6843,11.633,1.95185,6.15846,4577.875,7674.379,17390.883,0.163481,0.690972,83.699,102.501,0.37364,1.4194,0.876323,C,0.0,-0.033384
12663.011,0.56325,160.211,3.0376,23,0.822,18.905,1.98034,9.71799,3711.849,8951.162,11275.028,0.069161,0.768131,81.826,102.205,0.29313,0.89039,0.964007,C,0.0,0.060739
8354.993,0.55387,165.079,3.5606,23,0.665,15.294,1.97147,8.10498,2506.557,5848.436,8924.729,0.102876,0.747157,82.466,102.315,0.30001,1.06819,0.944276,C,0.0,0.015519
9294.17,0.38718,148.674,2.8265,21,0.7072,14.852,2.00267,7.61867,4090.241,5203.928,11560.869,0.059844,0.644472,81.221,100.77,0.44009,1.24388,0.931979,C,0.001,-0.045528
7848.35,0.44439,158.853,3.6334,18,0.7162,12.892,1.98287,6.92027,3114.312,4734.038,11315.403,0.092961,0.675579,82.086,101.524,0.39681,1.44176,0.916992,C,0.0,0.002041
7846.004,0.40023,182.094,1.1116,23,0.8655,19.907,1.94267,6.95905,3410.326,4435.677,3791.018,0.075397,0.649974,82.742,102.493,0.43466,0.48318,0.918117,C,0.001,0.003109
10326.512,0.66046,176.147,2.9979,25,0.6876,17.19,1.95237,8.62428,2529.817,7796.695,7584.122,0.133054,0.831593,83.286,103.414,0.24498,0.73443,0.950647,C,0.0,-0.031141
9989.617,0.48965,176.778,4.3562,20,0.7407,14.813,1.95132,8.05403,3841.957,6147.66,16736.521,0.075946,0.748187,82.556,102.893,0.3846,1.67539,0.940348,C,0.0,0.035405
8998.81,0.44564,185.123,3.4846,27,0.7734,20.883,1.93787,10.73522,3657.233,5341.577,12743.847,0.024831,0.733762,82.182,103.185,0.40641,1.41617,0.977355,C,-0.0,-0.029287
11424.726,0.47164,221.422,3.9302,20,0.7046,14.091,1.88652,7.1301,4266.601,7158.125,16768.534,0.108581,0.688043,84.469,104.397,0.37345,1.46774,0.914024,C,0.0,-0.011832
9341.74,0.62323,159.555,3.4332,23,0.873,20.079,1.98156,10.63403,2669.549,6672.19,9165.174,0.05171,0.851901,81.57,102.724,0.28577,0.9811,0.97629,C,0.001,-0.035092
11699.693,0.36829,187.887,4.1891,23,0.7885,18.135,1.93357,9.65327,5782.873,5916.82,24225.277,0.026699,0.702143,82.304,103.1,0.49428,2.07059,0.964168,C,0.0,0.029263
9666.244,0.62886,136.072,2.1267,26,0.7027,18.27,2.02945,8.79499,2609.063,7057.181,5548.648,0.106191,0.822087,81.265,101.215,0.26991,0.57402,0.954421,C,0.0,0.038436
11136.268,0.5584,169.455,2.8127,22,0.7143,15.714,1.96375,7.82318,3977.406,7158.863,11187.175,0.104592,0.810536,82.658,102.951,0.35716,1.00457,0.933103,C,-0.001,-0.028978
9539.91,0.45668,155.587,3.0848,20,0.7719,15.438,1.98906,8.0171,3684.806,5855.104,11366.948,0.070482,0.699722,81.655,101.511,0.38625,1.19152,0.940387,C,0.0,0.028521
9821.138,0.66771,146.952,2.6144,21,0.6613,13.887,2.00617,6.99341,2599.901,7221.237,6797.112,0.21699,0.829991,83.221,101.899,0.26473,0.69209,0.913971,C,0.0,-0.042183
11021.455,0.57683,169.895,2.0502,26,0.8884,23.098,1.96298,10.47134,4034.898,6986.557,8272.18,0.041581,0.885954,81.843,103.471,0.36609,0.75055,0.97361,C,0.0,-0.037326
7743.483,0.3754,152.483,1.1629,20,0.6643,13.286,1.99508,4.93354,3617.266,4126.218,4206.395,0.133257,0.587669,82.353,100.604,0.46714,0.54322,0.834177,C,-0.001,0.027097
9302.967,0.60864,131.017,2.5188,26,0.6839,17.781,2.04101,9.08052,2513.44,6789.527,6330.865,0.091891,0.799941,80.835,100.759,0.27018,0.68052,0.95921,C,0.0,-0.025698
9730.352,0.66857,171.393,1.0891,24,0.688,16.511,1.9604,5.79421,2678.403,7051.949,2916.962,0.317055,0.80208,85.537,102.99,0.27526,0.29978,0.869463,C,0.0,-0.00688
9820.286,0.33651,165.647,2.1881,18,0.7098,12.776,1.97045,5.94759,5290.74,4529.546,11576.44,0.077482,0.639063,82.153,101.63,0.53876,1.17883,0.875949,C,0.0,0.02207
10213.365,0.62292,178.979,3.9779,27,0.6544,17.668,1.94771,9.41203,3097.416,7115.949,12321.326,0.076686,0.860687,82.646,103.739,0.30327,1.20639,0.962665,C,0.0,-0.023915
8708.175,0.37043,180.584,2.5596,19,0.676,12.843,1.9451,6.14436,4018.974,4689.201,10287.025,0.089824,0.610929,82.878,102.166,0.46152,1.18131,0.888089,C,0.0,6.7e-05
7898.95,0.48526,181.93,2.1967,18,0.7389,13.301,1.94293,6.07064,2934.847,4964.103,6446.874,0.146194,0.685722,83.67,102.721,0.37155,0.81617,0.888064,C,-0.0,-0.007183
10163.476,0.61708,157.116,1.0521,27,0.7285,19.669,1.98614,6.91958,3284.036,6879.441,3455.103,0.170335,0.830345,83.036,102.454,0.32312,0.33995,0.910808,C,-0.001,-0.017939
10353.478,0.3796,211.113,2.5263,16,0.7675,12.28,1.90006,5.64717,4615.006,5738.472,11658.913,0.119243,0.588985,84.293,103.338,0.44574,1.12609,0.859979,C,0.0,-0.000843
8884.978,0.35871,180.844,3.4588,26,0.8884,23.097,1.94468,11.91656,4291.088,4593.89,14841.912,0.011084,0.683426,81.848,102.656,0.48296,1.67045,0.985077,C,0.0,-0.015828
12002.335,0.64988,175.568,3.3763,24,0.8509,20.422,1.95334,10.54913,2097.958,9904.377,7083.238,0.098206,0.766739,82.805,102.958,0.1748,0.59016,0.973586,C,-0.0,-0.02671
10828.019,0.33112,169.08,3.1594,21,0.6547,13.748,1.9644,7.05073,5515.459,5312.559,17425.743,0.056477,0.616243,82.009,101.651,0.50937,1.60932,0.913119,C,0.001,0.049778
11169.059,0.39168,161.274,2.936,21,0.8373,17.583,1.97838,8.94853,4854.593,6314.466,14253.194,0.040697,0.661522,81.494,101.556,0.43465,1.27613,0.954839,C,-0.0,-0.028519
11073.483,0.42777,184.7,2.982,25,0.8419,21.046,1.93854,10.43272,4672.222,6401.261,13932.399,0.02716,0.72018,82.198,103.076,0.42193,1.25818,0.973211,C,0.0,-0.053874
8755.876,0.61686,188.169,1.3121,27,0.8772,23.684,1.93313,8.85909,2133.963,6621.913,2799.979,0.109691,0.780297,83.409,103.629,0.24372,0.31978,0.956662,C,0.0,0.014286
13000.0,0.43852,197.113,1.0222,22,0.6513,14.328,1.91971,4.72347,4689.913,8310.087,4794.208,0.253635,0.542857,85.615,102.453,0.36076,0.36879,0.791337,C,0.0,0.045018
9033.52,0.46645,186.827,2.814,22,0.8683,19.102,1.93521,9.30477,3293.281,5740.239,9267.142,0.047853,0.706615,82.546,103.082,0.36456,1.02586,0.9626,C,0.0,-0.046953
11116.441,0.42291,170.705,1.5417,19,0.7576,14.395,1.96158,5.88278,4381.38,6735.061,6754.779,0.141485,0.605989,83.193,101.663,0.39414,0.60764,0.868142,C,0.0,-0.018366
11156.316,0.485,176.051,3.2838,23,0.8091,18.608,1.95253,9.5447,4676.135,6480.181,15355.36,0.042399,0.804379,82.086,103.23,0.41915,1.37638,0.963357,C,0.0,0.0283
10482.386,0.43227,169.087,4.2373,26,0.7325,19.045,1.96439,10.40363,4444.41,6037.976,18832.082,0.027118,0.7305,81.621,102.405,0.42399,1.79655,0.973402,C,0.0,-0.043982
10181.226,0.42753,161.604,4.2451,20,0.6682,13.364,1.97777,7.37608,3560.081,6621.145,15112.984,0.092999,0.607407,82.197,101.216,0.34967,1.4844,0.923938,C,0.0,-0.034242
8715.403,0.48508,175.314,2.2661,17,0.8238,14.004,1.95376,6.50779,3455.083,5260.32,7829.592,0.120607,0.724479,83.091,102.667,0.39643,0.89836,0.901434,C,0.0,-0.030881
9385.296,0.51974,217.232,2.2762,19,0.7495,14.24,1.89193,6.30818,3630.538,5754.758,8263.758,0.144983,0.756169,84.822,104.684,0.38683,0.8805,0.892092,C,0.0,-0.02215
9907.676,0.43926,151.682,1.9614,22,0.677,14.893,1.99666,6.8206,4116.924,5790.752,8074.808,0.096864,0.682681,81.839,101.188,0.41553,0.81501,0.908369,C,0.0,0.027667
12138.394,0.45938,156.274,2.9554,24,0.8265,19.837,1.98775,10.18245,4495.532,7642.862,13286.259,0.037394,0.707598,81.246,101.599,0.37036,1.09456,0.969853,C,0.0,-0.044353
9064.768,0.64306,156.787,1.0867,27,0.7125,19.237,1.98677,6.87768,2388.83,6675.938,2595.969,0.213616,0.796724,83.594,102.215,0.26353,0.28638,0.912459,C,0.0,0.017374
11300.29,0.62495,140.01,1.0993,25,0.7466,18.665,2.02078,6.87584,3854.929,7445.361,4237.814,0.171549,0.8597,82.31,101.697,0.34114,0.37502,0.906358,C,0.0,0.030169
11119.987,0.57443,203.078,2.5465,26,0.7054,18.34,1.91115,8.52929,3589.832,7530.155,9141.472,0.092927,0.803976,83.69,104.428,0.32283,0.82208,0.947776,C,0.0,-0.002082
10423.155,0.53942,150.512,1.234,22,0.8885,19.547,1.99898,7.47838,3431.713,6991.442,4234.712,0.121103,0.744742,82.109,101.534,0.32924,0.40628,0.926083,C,0.0,0.047033
9553.072,0.62019,191.4,1.0766,18,0.7812,14.061,1.9282,4.7865,3107.027,6446.045,3344.973,0.352286,0.749318,86.723,103.568,0.32524,0.35015,0.815254,C,0.0,0.020063
10234.937,0.48652,210.522,3.8323,18,0.7007,12.613,1.90085,6.42467,3916.474,6318.463,15008.986,0.135137,0.704326,84.485,104.075,0.38266,1.46645,0.893713,C,0.0,-0.016769
7516.054,0.54328,160.706,3.2032,17,0.8162,13.875,1.97942,7.21987,2409.85,5106.204,7719.181,0.125299,0.740544,82.587,102.048,0.32063,1.02703,0.926052,C,0.0,0.001287
10146.567,0.60393,166.394,2.2884,18,0.8182,14.727,1.96912,6.94446,2947.074,7199.493,6743.959,0.183754,0.77592,83.585,102.571,0.29045,0.66465,0.911626,C,-0.0,0.048964
10700.809,0.39759,140.396,2.0976,17,0.6624,11.261,2.01995,5.36153,4743.576,5957.232,9950.106,0.140221,0.602526,81.914,100.022,0.44329,0.92985,0.843661,C,0.001,-0.001488
9388.323,0.3395,171.892,1.4731,22,0.6758,14.867,1.95955,5.95706,4610.75,4777.573,6791.975,0.084356,0.585727,82.484,101.587,0.49112,0.72345,0.877971,C,0.0,0.037731
11219.532,0.47326,151.994,2.0563,23,0.7546,17.355,1.99604,8.07034,3859.192,7360.339,7935.696,0.084618,0.677031,81.69,101.168,0.34397,0.70731,0.938498,C,0.001,0.020932
11070.286,0.31084,178.842,1.1097,23,0.7815,17.975,1.94793,6.30425,5287.476,5782.81,5867.468,0.073945,0.527443,82.605,101.533,0.47763,0.53002,0.886378,C,0.0,0.002633
8906.242,0.63436,132.54,3.8648,26,0.7966,20.711,2.03747,11.71007,2098.295,6807.947,8109.468,0.043222,0.816555,80.266,100.963,0.2356,0.91054,0.983947,C,0.0,0.008006
11577.635,0.55123,149.6,1.5693,24,0.8138,19.532,2.0008,8.27416,3978.083,7599.552,6242.849,0.092824,0.791182,81.696,101.79,0.3436,0.53922,0.942139,C,0.0,0.049414
9373.642,0.39386,147.022,1.4854,25,0.6901,17.252,2.00602,7.17759,4364.926,5008.716,6483.604,0.0673,0.678444,81.248,100.903,0.46566,0.69168,0.920431,C,0.0,0.0098
13000.0,0.38264,156.353,3.6868,23,0.7195,16.55,1.98759,8.94269,6618.103,6381.897,24399.833,0.035819,0.742295,81.229,101.832,0.50908,1.87691,0.952345,C,0.0,0.015935
8584.183,0.34985,188.21,3.2959,18,0.709,12.762,1.93307,6.4537,4451.177,4133.007,14670.541,0.067495,0.653936,82.854,102.797,0.51853,1.70902,0.899961,C,-0.001,0.022165
8970.519,0.64699,180.113,2.3433,25,0.8557,21.392,1.94586,9.98152,2622.219,6348.3,6144.768,0.065193,0.887303,82.536,103.968,0.29232,0.685,0.970545,C,0.0,0.02013
9211.39,0.68353,147.06,1.6023,19,0.7964,15.132,2.00595,6.48582,2261.719,6949.672,3624.018,0.280792,0.814604,84.067,101.803,0.24554,0.39343,0.899136,C,-0.001,-0.041805
10455.111,0.48058,196.421,2.5963,20,0.6897,13.793,1.92073,6.49964,3702.773,6752.337,9613.575,0.141413,0.666564,84.11,103.24,0.35416,0.91951,0.895786,C,0.001,0.032246
11957.546,0.50076,178.04,1.2278,27,0.8224,22.205,1.94924,8.16816,4942.823,7014.723,6068.954,0.073535,0.801797,82.57,103.307,0.41336,0.50754,0.939299,C,0.0,0.006388
10714.181,0.56749,184.166,3.1766,17,0.7137,12.133,1.93938,6.11221,2890.829,7823.353,9182.98,0.252948,0.683724,85.159,102.811,0.26981,0.85709,0.879737,C,-0.001,-0.053045
9376.123,0.48107,182.448,3.1528,21,0.7378,15.494,1.9421,7.80801,3587.304,5788.82,11310.013,0.080245,0.729464,82.819,103.034,0.3826,1.20626,0.936181,C,-0.001,-0.02751
13000.0,0.68802,206.094,2.8748,22,0.7643,16.814,1.90693,8.05233,3013.699,9986.301,8663.817,0.193149,0.837362,85.11,104.773,0.23182,0.66645,0.93492,C,0.0,0.018074
12443.816,0.3966,161.996,3.347,22,0.8293,18.245,1.97705,9.57532,4968.23,7475.587,16628.656,0.037355,0.63535,81.478,101.421,0.39925,1.3363,0.962395,C,-0.001,0.014994
9670.075,0.48922,126.943,3.2305,24,0.8538,20.491,2.0507,11.23758,3989.079,5680.996,12886.722,0.022993,0.816601,79.724,100.611,0.41252,1.33264,0.980612,C,0.0,-0.033817
10046.311,0.33917,179.076,2.5921,25,0.8265,20.663,1.94755,9.93883,5420.894,4625.417,14051.661,0.019419,0.713922,81.894,102.775,0.53959,1.39869,0.969106,C,-0.0,-0.047994
7627.568,0.39532,155.2,3.7324,26,0.7161,18.619,1.9898,10.1033,3393.744,4233.824,12666.897,0.024036,0.692931,81.025,101.445,0.44493,1.66067,0.972948,C,0.0,0.010253
10190.21,0.4982,148.596,2.6387,23,0.7922,18.221,2.00282,9.1777,3682.092,6508.117,9716.115,0.055837,0.74847,81.165,101.452,0.36134,0.95348,0.959502,C,0.001,0.03532
12882.913,0.61375,139.927,1.4779,16,0.8887,14.22,2.02096,5.9671,3201.609,9681.304,4731.689,0.332387,0.706796,84.43,100.683,0.24852,0.36728,0.865412,C,0.0,0.007701
8385.388,0.30442,192.453,1.3319,22,0.6658,14.648,1.92662,5.48643,4166.695,4218.692,5549.482,0.085445,0.520693,83.237,102.105,0.4969,0.6618,0.86053,C,0.001,0.013167
7975.569,0.67627,170.798,1.7918,17,0.8512,14.47,1.96142,6.25658,1950.135,6025.434,3494.315,0.290794,0.801026,85.167,102.955,0.24451,0.43813,0.894859,C,0.0,0.021195
10046.883,0.67999,135.233,3.8796,20,0.8705,17.41,2.03133,9.8098,2299.373,7747.51,8920.562,0.096032,0.853305,81.091,101.37,0.22886,0.88789,0.967679,C,0.0,-0.022437
7120.278,0.42232,146.109,3.1285,23,0.8354,19.213,2.0079,10.14914,3653.972,3466.306,11431.402,0.021549,0.844785,80.604,101.949,0.51318,1.60547,0.973815,C,0.0,0.013048
12727.479,0.62743,142.666,2.8432,22,0.7755,17.06,2.01509,8.84314,3650.491,9076.988,10379.163,0.107134,0.836673,81.58,101.699,0.28682,0.81549,0.951025,C,0.0,0.039665
8078.988,0.34744,165.194,1.2928,17,0.7575,12.877,1.97126,4.92769,4049.995,4028.992,5235.822,0.116408,0.579684,82.649,101.216,0.5013,0.64808,0.832043,C,0.001,-0.030426
9059.595,0.61148,195.269,2.4211,24,0.844,20.256,1.92242,9.36927,2400.66,6658.935,5812.136,0.084446,0.80149,83.319,104.08,0.26499,0.64154,0.963406,C,-0.0,-0.034797
9752.699,0.46871,157.855,1.9283,19,0.6586,12.514,1.98475,5.64866,3944.2,5808.499,7605.669,0.159303,0.678812,82.921,101.493,0.40442,0.77985,0.862548,C,0.0,-0.014167
11808.357,0.30017,177.512,1.9959,19,0.8756,16.637,1.95011,7.40257,6292.396,5515.96,12559.245,0.044512,0.591817,82.168,101.896,0.53288,1.06359,0.920981,C,0.001,-0.011509
10679.479,0.30626,176.704,1.9737,24,0.8755,21.013,1.95145,9.3243,5736.294,4943.185,11321.615,0.022256,0.635833,81.844,102.148,0.53713,1.06013,0.960966,C,0.0,-0.009869
7216.549,0.66012,164.161,3.4677,19,0.8925,16.958,1.97312,8.94546,1791.446,5425.103,6212.239,0.106449,0.842946,82.476,102.901,0.24824,0.86083,0.959969,C,0.0,0.021817
7377.878,0.62398,187.149,3.8373,21,0.656,13.776,1.93471,7.21203,2247.207,5130.671,8623.23,0.151225,0.831039,83.922,103.918,0.30459,1.1688,0.926181,C,-0.0,0.026739
10236.078,0.5751,158.049,1.5855,18,0.8283,14.909,1.98438,6.26538,3521.754,6714.325,5583.614,0.187857,0.778217,83.305,102.159,0.34405,0.54548,0.887615,C,-0.001,-0.019542
7000.0,0.4872,151.574,2.1467,17,0.6554,11.143,1.99687,5.25708,3064.923,3935.077,6579.622,0.160819,0.741417,82.678,101.57,0.43785,0.93995,0.855473,C,0.0,-0.030836
9626.566,0.34369,146.46,3.564,16,0.8681,13.89,2.00718,7.55726,4435.462,5191.104,15807.999,0.052369,0.592601,81.026,100.304,0.46075,1.64212,0.929793,C,0.0,0.020338
8747.77,0.44578,168.8,4.3099,27,0.7492,20.228,1.96489,11.08988,3087.147,5660.623,13305.427,0.025069,0.675219,81.583,102.026,0.35291,1.52101,0.980154,C,0.0,0.029021
11822.658,0.58541,180.209,2.1141,19,0.8539,16.223,1.94571,7.33101,3693.462,8129.196,7808.506,0.15189,0.782381,83.683,103.28,0.31241,0.66047,0.918944,C,0.0,-0.026219
11863.895,0.68331,144.599,2.8668,27,0.8243,22.255,2.01103,11.52738,3231.849,8632.046,9265.158,0.046862,0.921592,80.871,102.37,0.27241,0.78095,0.981318,C,0.0,0.042647
7024.511,0.30847,151.773,2.6351,22,0.8797,19.353,1.99648,9.6994,4041.003,2983.508,10648.302,0.016383,0.704085,80.78,101.334,0.57527,1.51588,0.969447,C,0.0,0.003926
11156.362,0.45815,142.396,2.7281,16,0.6538,10.46,2.01567,5.3655,5040.696,6115.666,13751.464,0.160428,0.703545,82.272,100.805,0.45182,1.23261,0.841788,C,-0.0,-0.027764
11616.484,0.65278,175.131,3.7625,20,0.8395,16.79,1.95407,8.8859,3224.214,8392.27,12131.073,0.109976,0.861318,82.944,103.562,0.27756,1.0443,0.953239,C,0.0,0.009055
8931.39,0.36437,187.946,1.4675,18,0.7377,13.278,1.93348,5.20658,4135.339,4796.051,6068.44,0.123135,0.572368,83.579,102.246,0.46301,0.67945,0.843529,C,0.0,0.019488
9064.879,0.55223,140.933,1.965,22,0.8848,19.466,2.01879,9.06264,3586.16,5478.72,7046.87,0.056878,0.876461,80.839,101.861,0.39561,0.77738,0.959253,C,-0.001,0.040112
8178.768,0.58734,185.261,2.659,26,0.7591,19.737,1.93765,9.4873,2829.49,5349.278,7523.498,0.057992,0.867336,82.625,104.072,0.34596,0.91988,0.965841,C,0.0,0.00843
9453.589,0.55111,156.515,1.2534,27,0.8087,21.834,1.98729,8.34051,3173.561,6280.029,3977.838,0.087161,0.785557,81.913,102.126,0.3357,0.42078,0.946907,C,-0.001,0.035942
10712.495,0.57724,166.644,3.8798,21,0.6636,13.936,1.96868,7.50552,3402.503,7309.993,13200.879,0.134205,0.783449,82.94,102.633,0.31762,1.23229,0.926155,C,-0.001,0.040993
12130.288,0.33929,163.976,2.3609,20,0.6611,13.222,1.97345,6.31357,6220.625,5909.663,14686.113,0.077238,0.615131,82.084,101.388,0.51282,1.2107,0.883259,C,0.0,-0.000129
12884.864,0.3597,178.787,2.4014,19,0.8082,15.356,1.94802,7.22912,5905.943,6978.921,14182.669,0.067909,0.606627,82.523,102.053,0.45836,1.10072,0.913463,C,-0.0,0.016988
9458.226,0.307,157.084,3.1879,21,0.6731,14.135,1.9862,7.38358,4649.618,4808.608,14822.69,0.046354,0.559033,81.398,100.661,0.4916,1.56717,0.925774,C,0.0,-0.023567
8958.554,0.40363,166.712,3.1572,22,0.6643,14.615,1.96856,7.51789,3843.822,5114.732,12135.529,0.065604,0.657667,82.037,101.807,0.42907,1.35463,0.930261,C,0.0,-0.019398
11445.529,0.5218,166.186,2.6577,21,0.6757,14.19,1.96949,6.98837,3457.84,7987.689,9189.849,0.156141,0.68009,83.212,101.928,0.30211,0.80292,0.909597,C,0.0,0.019025
7026.006,0.40502,164.354,1.3522,24,0.7537,18.089,1.97277,7.06543,3025.616,4000.39,4091.272,0.072246,0.656701,82.033,101.682,0.43063,0.5823,0.923185,C,0.0,0.024183
7771.644,0.58453,166.889,1.2342,16,0.7224,11.558,1.96825,4.32355,2294.516,5477.128,2831.866,0.406805,0.658982,86.548,101.824,0.29524,0.36438,0.794525,C,0.0,0.009722
10971.459,0.40192,144.349,1.661,26,0.8909,23.164,2.01155,10.10566,4624.81,6346.649,7681.71,0.028556,0.673993,80.618,100.722,0.42153,0.70015,0.970051,C,0.0,-0.014273
12802.519,0.36987,164.514,1.3767,19,0.8616,16.371,1.97248,6.44182,5905.142,6897.377,8129.686,0.0912,0.608443,82.289,101.371,0.46125,0.63501,0.886268,C,0.0,0.057998
8797.199,0.68821,177.405,1.5852,16,0.8623,13.796,1.95029,5.6508,1988.851,6808.348,3152.633,0.406033,0.770635,86.936,103.071,0.22608,0.35837,0.866617,C,0.0,0.029925
10678.184,0.47996,161.335,1.2324,18,0.8673,15.612,1.97826,5.87959,4527.393,6150.791,5579.42,0.147532,0.724649,82.906,101.976,0.42399,0.52251,0.869674,C,-0.0,0.001301
8377.926,0.44877,147.161,1.6098,25,0.82,20.499,2.00574,8.80048,3320.355,5057.571,5344.945,0.049501,0.710894,81.019,101.125,0.39632,0.63798,0.956285,C,0.0,0.00408
10376.672,0.62971,167.568,2.9505,20,0.8525,17.049,1.96705,8.61468,3187.095,7189.577,9403.619,0.101677,0.863778,82.547,103.21,0.30714,0.90623,0.950407,C,0.0,0.041425
10185.837,0.32654,195.45,2.4452,21,0.8449,17.744,1.92215,8.22905,5016.769,5169.068,12266.911,0.037418,0.607141,82.705,102.806,0.49252,1.20431,0.943562,C,0.0,0.012637
8877.435,0.55225,182.362,3.2252,27,0.7466,20.158,1.94224,10.2148,3012.28,5865.155,9715.174,0.044053,0.813258,82.338,103.583,0.33932,1.09437,0.972933,C,0.0,-0.020717
10633.282,0.65761,145.804,1.6309,19,0.7035,13.367,2.00853,5.77869,2940.638,7692.643,4795.867,0.320618,0.786429,84.538,101.547,0.27655,0.45102,0.865168,C,0.001,0.01356
10127.847,0.31868,179.275,2.6082,16,0.8434,13.494,1.94722,6.50011,5290.214,4837.632,13798.029,0.062955,0.598336,82.476,102.022,0.52234,1.36239,0.896813,C,0.001,-0.032521
11369.296,0.42559,194.726,1.7425,25,0.8026,20.066,1.92322,8.33807,4897.501,6471.795,8533.665,0.055567,0.705595,82.92,103.424,0.43077,0.75059,0.943757,C,0.0,0.053054
9583.411,0.34314,176.767,1.7551,18,0.8782,15.808,1.95134,6.73239,4546.841,5036.569,7980.295,0.067683,0.591819,82.446,101.861,0.47445,0.83272,0.906417,C,0.001,-0.029418
8248.446,0.53967,125.543,2.5086,26,0.7145,18.578,2.05411,9.56149,2463.646,5784.8,6180.286,0.06027,0.743833,80.146,100.041,0.29868,0.74927,0.966643,C,0.0,0.02977
10621.455,0.59379,153.811,2.6425,23,0.6798,15.635,1.99249,7.81953,2864.361,7757.093,7568.98,0.145285,0.759406,82.568,101.81,0.26968,0.71261,0.934017,C,0.001,-0.01789
11273.616,0.58639,148.513,1.2267,27,0.7497,20.242,2.00299,7.74623,3453.607,7820.009,4236.509,0.132071,0.787029,82.168,101.702,0.30634,0.37579,0.931002,C,0.0,0.040493
8917.584,0.46413,190.321,2.134,26,0.7885,20.5,1.92984,9.17695,3711.261,5206.323,7919.868,0.043461,0.763995,82.61,103.617,0.41617,0.88812,0.961029,C,0.0,0.018407
12804.992,0.33766,167.113,3.8103,23,0.6894,15.857,1.96785,8.50281,6735.802,6069.19,25665.245,0.03549,0.67301,81.655,101.928,0.52603,2.00432,0.944711,C,0.0,0.054424
10717.193,0.31144,158.087,3.9719,20,0.7348,14.696,1.98431,8.04544,5497.811,5219.382,21836.78,0.037118,0.600405,81.317,100.987,0.51299,2.03755,0.938862,C,0.0,-0.04821
9514.633,0.47165,195.306,2.8785,25,0.6865,17.161,1.92237,8.32412,3964.134,5550.5,11410.947,0.060562,0.765246,83.005,103.843,0.41664,1.1993,0.946502,C,-0.001,0.002848
10544.979,0.6601,173.667,3.2891,23,0.6805,15.652,1.95653,8.05588,3039.44,7505.54,9997.033,0.1388,0.871212,83.269,103.557,0.28824,0.94804,0.939393,C,-0.001,-0.050149
9243.203,0.3297,172.34,1.0833,26,0.6597,17.151,1.95878,5.99608,5044.411,4198.792,5464.369,0.0724,0.638823,82.343,101.959,0.54574,0.59118,0.880159,C,-0.0,-0.016229
8393.694,0.40111,197.68,1.8628,26,0.7948,20.665,1.91889,8.76386,3722.586,4671.108,6934.605,0.040067,0.688832,82.814,103.44,0.4435,0.82617,0.955699,C,0.0,0.033081
11590.649,0.56906,204.607,2.1868,19,0.8372,15.907,1.909,7.0577,3447.025,8143.624,7537.85,0.169542,0.738175,84.75,104.057,0.2974,0.65034,0.911396,C,0.0,-0.060439
11265.232,0.53641,160.33,1.6682,27,0.7895,21.318,1.98012,9.10521,3821.871,7443.361,6375.769,0.067783,0.777037,81.813,102.27,0.33926,0.56597,0.957129,C,0.0,-0.041686
9239.017,0.65966,138.614,4.1457,19,0.7637,14.509,2.02382,8.24113,2441.053,6797.964,10119.953,0.136352,0.847569,81.782,101.535,0.26421,1.09535,0.945387,C,0.0,0.023946
9549.422,0.35368,143.625,1.6327,26,0.7423,19.3,2.01307,8.37415,4799.48,4749.942,7836.006,0.037032,0.67362,80.698,100.678,0.50259,0.82057,0.947375,C,0.0,0.0493
9702.424,0.33231,169.449,1.9011,20,0.6702,13.404,1.96376,5.92759,4918.376,4784.047,9350.32,0.081601,0.590058,82.354,101.496,0.50692,0.96371,0.875522,C,0.001,0.002915
11228.718,0.63242,168.979,1.3504,23,0.8355,19.217,1.96458,7.45576,3066.527,8162.19,4141.116,0.176649,0.803652,83.591,102.883,0.2731,0.3688,0.923718,C,0.001,0.006592
12159.275,0.62703,167.426,3.6872,22,0.8437,18.561,1.9673,9.87993,3370.648,8788.627,12428.198,0.075851,0.838417,82.2,103.035,0.27721,1.02212,0.966466,C,-0.0,0.028898
9002.901,0.43841,190.596,2.3146,17,0.7763,13.197,1.92942,6.05675,3661.996,5340.905,8476.148,0.12552,0.652946,83.702,102.896,0.40676,0.94149,0.883543,C,0.0,-0.014467
10295.842,0.45144,159.987,2.702,19,0.8354,15.872,1.98076,7.91782,3870.006,6425.836,10456.832,0.075833,0.677658,81.905,101.596,0.37588,1.01564,0.93686,C,0.0,-0.038425
9875.649,0.4887,140.828,2.2323,19,0.72,13.679,2.01902,6.63777,4047.277,5828.372,9034.617,0.116376,0.747253,81.619,101.003,0.40982,0.91484,0.902408,C,-0.0,-0.044704
11417.178,0.53978,194.289,2.716,21,0.8746,18.367,1.92387,8.78405,3906.986,7510.192,10611.452,0.075999,0.781043,83.175,103.903,0.3422,0.92943,0.951818,C,0.0,0.054422
12325.896,0.30685,130.672,1.5512,26,0.7978,20.743,2.04181,9.00335,6322.435,6003.461,9807.375,0.027392,0.601159,79.967,99.425,0.51294,0.79567,0.954212,C,0.0,-0.017563
8479.471,0.65135,134.087,2.435,27,0.7489,20.219,2.03393,10.17605,2125.134,6354.336,5174.631,0.070426,0.845636,80.699,101.25,0.25062,0.61025,0.972902,C,0.001,-0.016529
7000.0,0.34987,181.137,2.8998,20,0.8898,17.796,1.94421,8.79793,3531.84,3468.16,10241.758,0.029022,0.676603,82.095,102.625,0.50455,1.46311,0.958147,C,0.0,0.021479
10103.888,0.31001,197.54,3.7739,23,0.8711,20.034,1.91909,10.32384,5000.116,5103.772,18869.994,0.016943,0.597135,82.504,102.829,0.49487,1.8676,0.972954,C,0.0,-0.05154
7617.482,0.40197,184.406,1.1646,18,0.6649,11.968,1.939,4.2636,3436.004,4181.478,4001.433,0.186065,0.579382,84.285,102.133,0.45107,0.5253,0.791208,C,0.0,0.006069
12547.832,0.30059,143.12,1.0155,21,0.7971,16.739,2.01413,5.90539,6752.04,5795.792,6856.749,0.076112,0.562099,81.191,99.913,0.5381,0.54645,0.863746,C,0.0,0.032665
9314.001,0.63109,181.883,1.511,23,0.8127,18.692,1.94301,7.47129,2510.52,6803.481,3793.329,0.167792,0.802044,83.954,103.487,0.26954,0.40727,0.928335,C,0.0,0.036604
10090.287,0.48374,176.239,1.2336,23,0.6952,15.99,1.95222,5.90777,3591.567,6498.72,4430.487,0.172347,0.655828,83.808,102.258,0.35594,0.43908,0.873183,C,0.0,0.037095
10293.209,0.32212,193.753,2.6314,22,0.7758,17.068,1.92467,8.09783,5185.856,5107.354,13646.035,0.037902,0.61071,82.654,102.756,0.50381,1.32573,0.94072,C,-0.001,-0.017992
10167.295,0.32898,187.145,2.2347,24,0.7478,17.948,1.93471,8.18301,5384.474,4782.821,12032.598,0.035609,0.659256,82.396,102.784,0.52959,1.18346,0.942677,C,0.0,-0.002467
9422.561,0.61369,163.408,3.1875,19,0.8018,15.233,1.97448,7.88859,2805.681,6616.88,8943.156,0.128056,0.819604,82.732,102.709,0.29776,0.94912,0.937867,C,0.0,0.025858
10232.086,0.37689,162.808,3.9038,24,0.8285,19.883,1.97557,10.77716,4734.433,5497.653,18482.479,0.01887,0.685214,81.267,101.791,0.4627,1.80633,0.976834,C,0.0,-0.036661
11298.426,0.64713,142.212,2.3345,25,0.7116,17.791,2.01606,8.73311,2920.825,8377.601,6818.602,0.122361,0.830094,81.761,101.63,0.25852,0.6035,0.951119,C,0.0,-0.040975
9416.313,0.38709,160.1,2.7699,20,0.8628,17.257,1.98055,8.66469,4846.224,4570.089,13423.752,0.035608,0.759801,81.379,102.144,0.51466,1.42558,0.952656,C,0.0,0.038063
12940.415,0.49485,153.96,1.9181,27,0.8022,21.66,1.9922,9.81304,4838.196,8102.219,9279.984,0.046435,0.762626,81.269,101.839,0.37388,0.71713,0.964917,C,0.0,-0.060136
10985.618,0.56848,184.644,2.5447,21,0.8879,18.646,1.93862,8.86103,3379.377,7606.241,8599.64,0.085596,0.783019,82.967,103.488,0.30762,0.78281,0.953682,C,0.0,0.011745
7000.0,0.60408,191.188,4.1488,17,0.8801,14.962,1.92852,7.91801,1697.238,5302.762,7041.457,0.141882,0.752009,83.939,103.576,0.24246,1.00592,0.943052,C,0.0,0.027729
11369.13,0.65546,211.502,2.4891,21,0.7223,15.167,1.89953,6.94235,2972.239,8396.891,7398.169,0.229835,0.806124,85.765,104.786,0.26143,0.65072,0.908331,C,0.0,-0.049961
7348.305,0.37348,182.895,3.5543,20,0.8567,17.135,1.94139,8.87125,3267.848,4080.457,11615.023,0.034653,0.644839,82.233,102.496,0.44471,1.58064,0.958739,C,0.0,-0.033597
10439.14,0.53645,160.612,2.3897,20,0.7339,14.678,1.9796,7.06618,3747.318,6691.822,8954.781,0.127667,0.765369,82.615,102.208,0.35897,0.85781,0.914571,C,0.0,-0.045306
12790.102,0.57291,168.607,3.1041,23,0.7006,16.114,1.96523,8.23428,3969.023,8821.079,12320.376,0.112087,0.780261,82.724,102.71,0.31032,0.96327,0.939288,C,0.0,-0.042466
11590.949,0.44497,187.461,2.2106,17,0.7325,12.452,1.93423,5.65622,5311.657,6279.292,11741.964,0.14051,0.702516,83.791,103.084,0.45826,1.01303,0.855294,C,0.0,-0.019447
8826.22,0.55332,144.91,3.843,27,0.6567,17.73,2.01038,9.82471,2820.483,6005.737,10839.088,0.053638,0.787988,80.974,101.506,0.31956,1.22806,0.969023,C,-0.0,-0.009704
8738.55,0.57345,152.276,2.9591,23,0.7549,17.363,1.99549,8.96607,2633.795,6104.755,7793.75,0.079383,0.786605,81.633,101.906,0.3014,0.89188,0.958277,C,0.0,0.012142
10516.445,0.69156,175.507,1.3557,24,0.7938,19.051,1.95344,7.34111,2187.326,8329.119,2965.38,0.258577,0.805262,84.919,103.21,0.20799,0.28198,0.922231,C,0.0,0.037485
12285.45,0.4782,171.087,2.9953,27,0.697,18.82,1.96093,9.50163,4597.817,7687.633,13771.656,0.049088,0.734849,81.988,102.532,0.37425,1.12097,0.961583,C,0.0,-0.044873
9085.568,0.49289,151.519,1.3332,26,0.7846,20.399,1.99698,8.06172,3292.571,5792.997,4389.771,0.07872,0.728298,81.592,101.48,0.3624,0.48316,0.942122,C,0.0,-0.033707
11637.318,0.36821,194.088,3.3951,25,0.7729,19.322,1.92417,9.76874,5355.122,6282.196,18180.923,0.027487,0.658645,82.528,103.087,0.46017,1.5623,0.965648,C,0.0,0.043638
10386.935,0.62146,178.718,3.1239,18,0.7449,13.409,1.94813,6.77349,2986.01,7400.925,9328.124,0.204282,0.789777,84.321,103.259,0.28748,0.89806,0.905502,C,-0.0,-0.003813
10347.198,0.30595,180.488,2.3969,17,0.867,14.739,1.94525,6.91991,5452.011,4895.187,13067.76,0.052068,0.588717,82.376,102.015,0.52691,1.26293,0.910329,C,0.0,-0.029886
10163.061,0.33478,188.827,2.9703,23,0.6875,15.813,1.93212,7.79152,5272.133,4890.928,15659.592,0.042421,0.64992,82.544,102.798,0.51875,1.54083,0.934267,C,0.0,0.028482
12852.835,0.54477,177.308,2.5398,24,0.7541,18.098,1.95045,8.67515,4370.003,8482.832,11098.868,0.083512,0.782396,82.675,103.144,0.34,0.86353,0.947879,C,0.0,-0.042593
8232.319,0.61643,183.409,3.0444,18,0.712,12.817,1.94058,6.39629,2509.908,5722.411,7641.169,0.204094,0.797287,84.488,103.526,0.30488,0.92819,0.899056,C,0.0,-0.012661
8290.855,0.5603,194.025,3.3303,25,0.7927,19.817,1.92427,9.97579,2988.357,5302.499,9952.248,0.044914,0.850765,82.756,104.352,0.36044,1.20039,0.971107,C,-0.001,-0.033572
11299.836,0.41388,154.005,2.267,21,0.8034,16.871,1.99211,8.06831,4945.041,6354.795,11210.303,0.058342,0.690544,81.428,101.366,0.43762,0.99208,0.938311,C,0.0,0.006983
11928.651,0.33392,179.729,2.3657,19,0.659,12.521,1.94649,5.86146,6308.497,5620.154,14924.31,0.085858,0.612369,82.794,102.135,0.52885,1.25113,0.864022,C,-0.0,-0.027878
8119.791,0.55101,159.569,4.0618,17,0.8643,14.693,1.98153,8.06292,2856.113,5263.679,11601.082,0.087928,0.802281,82.048,102.397,0.35175,1.42874,0.94387,C,-0.001,0.004083
8599.871,0.53351,193.302,2.6952,22,0.6513,14.329,1.92534,6.84673,3226.123,5373.748,8694.953,0.124048,0.779324,83.776,103.849,0.37514,1.01106,0.912775,C,0.0,0.032285
8301.45,0.4213,183.686,1.3299,26,0.8707,22.638,1.94014,8.56376,3921.971,4379.479,5215.644,0.042248,0.760753,82.361,103.297,0.47244,0.62828,0.952623,C,0.0,0.003667
10940.722,0.47081,134.921,1.878,18,0.7261,13.069,2.03204,6.04668,4617.266,6323.456,8671.074,0.13819,0.713679,81.633,100.43,0.42203,0.79255,0.876128,C,0.0,0.023582
9089.847,0.36317,164.95,2.6481,25,0.8999,22.497,1.9717,11.08656,4134.959,4954.888,10949.636,0.016032,0.652872,81.314,101.686,0.4549,1.2046,0.979919,C,0.0,-0.039566
12273.887,0.54549,171.7,4.0409,20,0.6845,13.689,1.95987,7.38397,4372.841,7901.046,17670.418,0.123391,0.779109,82.992,102.854,0.35627,1.43968,0.919412,C,0.0,-0.062652
11226.135,0.3292,180.683,3.9315,22,0.7619,16.762,1.94494,8.88956,5233.033,5993.101,20573.793,0.032613,0.588179,82.126,102.02,0.46615,1.83267,0.953821,C,0.001,-0.037416
10612.422,0.5237,164.72,3.3609,24,0.7359,17.661,1.97211,9.24334,4018.776,6593.646,13506.627,0.055423,0.809111,81.825,102.706,0.37869,1.27272,0.959923,C,0.0,0.00127
10876.96,0.426,185.26,3.3758,19,0.6991,13.283,1.93766,6.77863,4488.196,6388.765,15151.127,0.098799,0.655869,83.164,102.677,0.41263,1.39296,0.904302,C,-0.001,-0.037228
10893.991,0.34986,161.417,3.6496,17,0.8026,13.644,1.97811,7.30544,5476.401,5417.59,19986.773,0.055416,0.647509,81.694,101.471,0.5027,1.83466,0.920376,C,0.0,-0.04683
11958.49,0.66241,161.157,2.8202,20,0.8514,17.028,1.97859,8.57817,2494.188,9464.303,7034.168,0.167018,0.792967,83.156,102.418,0.20857,0.58822,0.947412,C,-0.001,-0.030887
9870.372,0.66022,140.058,2.4409,21,0.788,16.548,2.02068,8.2576,2705.682,7164.69,6604.193,0.133312,0.859196,81.808,101.696,0.27412,0.66909,0.944649,C,0.0,0.044134
10506.895,0.43401,162.308,3.1327,17,0.8657,14.717,1.97648,7.60086,4370.05,6136.844,13689.886,0.074079,0.690324,81.976,101.799,0.41592,1.30294,0.929009,C,0.001,-0.042132
11277.239,0.65858,174.845,3.8732,16,0.8777,14.043,1.95454,7.47968,3107.908,8169.331,12037.637,0.181025,0.84026,83.871,103.409,0.27559,1.06743,0.924248,C,0.0,-0.007051
9995.875,0.6222,152.815,3.6497,17,0.7936,13.492,1.99443,7.31097,2595.658,7400.217,9473.379,0.185422,0.775405,83.056,101.862,0.25967,0.94773,0.922615,C,0.0,-0.023936
11408.102,0.62828,191.222,4.4813,25,0.6883,17.207,1.92847,9.23866,2794.055,8614.047,12520.995,0.10539,0.797889,83.458,103.88,0.24492,1.09755,0.958917,C,0.0,-0.036479
9886.274,0.3174,203.382,3.961,22,0.8707,19.155,1.91072,9.90221,5146.541,4739.733,20385.252,0.018988,0.641427,82.723,103.368,0.52057,2.06198,0.968858,C,-0.0,-0.011872
8909.799,0.56473,188.061,3.4971,27,0.687,18.55,1.9333,9.50932,3058.74,5851.059,10696.594,0.057053,0.830126,82.711,103.953,0.3433,1.20054,0.965317,C,0.0,0.004293
10208.576,0.3738,165.388,1.1966,23,0.658,15.134,1.97092,5.5936,5144.82,5063.757,6156.402,0.105365,0.646526,82.51,101.667,0.50397,0.60306,0.857943,C,-0.001,0.031191
12467.559,0.34154,168.122,1.7401,20,0.8547,17.094,1.96608,7.33878,5604.8,6862.759,9752.698,0.06254,0.569392,82.052,101.294,0.44955,0.78225,0.917682,C,-0.0,0.045836
12429.297,0.63405,184.706,3.5141,23,0.798,18.353,1.93853,9.45728,3079.286,9350.012,10820.766,0.100262,0.809846,83.163,103.668,0.24774,0.87059,0.960824,C,-0.001,-0.009428
7632.57,0.40136,169.88,2.1371,16,0.855,13.68,1.96301,6.2857,3316.068,4316.501,7086.746,0.095091,0.636641,82.549,101.825,0.43446,0.92849,0.897066,C,0.001,0.01856
10471.433,0.52115,177.547,3.7564,22,0.6681,14.698,1.95005,7.75245,4162.023,6309.41,15634.311,0.088179,0.806753,82.745,103.316,0.39746,1.49304,0.932748,C,0.0,0.048836
9087.362,0.60242,162.576,2.0615,20,0.7993,15.986,1.97599,7.33115,2573.449,6513.913,5305.1,0.159004,0.777601,83.107,102.389,0.28319,0.58379,0.925254,C,0.0,-0.005331
9917.503,0.55655,174.367,3.4605,20,0.7981,15.962,1.95535,8.30397,3309.247,6608.256,11451.558,0.090964,0.789697,82.664,103.052,0.33368,1.15468,0.945463,C,0.0,0.044012
9951.253,0.47119,196.744,3.1186,26,0.8747,22.743,1.92025,11.23585,4294.048,5657.205,13391.266,0.021364,0.812631,82.536,104.217,0.43151,1.34569,0.980435,C,0.0,-0.027297
9777.284,0.4623,161.6,1.2152,21,0.8815,18.512,1.97778,6.92531,4108.412,5668.872,4992.392,0.096802,0.72718,82.247,102.006,0.4202,0.51061,0.912013,C,0.0,0.045554
9170.427,0.49679,163.588,2.0962,27,0.7941,21.44,1.97415,9.87276,3860.407,5310.02,8092.322,0.036333,0.831552,81.528,102.797,0.42096,0.88244,0.969213,C,0.0,-0.041489
9550.151,0.54767,148.6,1.3945,16,0.7523,12.037,2.00282,4.86896,3399.479,6150.672,4740.544,0.276134,0.697749,84.073,101.118,0.35596,0.49638,0.820526,C,0.0,-0.005773
10509.573,0.6863,141.848,3.9423,20,0.6568,13.135,2.01683,7.35039,2163.133,8346.44,8527.786,0.258418,0.797194,83.54,101.391,0.20583,0.81143,0.922499,C,0.0,-0.004443
8358.511,0.35167,161.206,1.1682,23,0.8681,19.967,1.9785,7.3405,4220.42,4138.091,4930.123,0.050723,0.658612,81.623,101.534,0.50492,0.58983,0.927173,C,0.0,-0.03119
8643.875,0.55013,164.213,2.8401,20,0.7437,14.875,1.97302,7.47608,3257.648,5386.227,9252.146,0.102292,0.820982,82.424,102.759,0.37687,1.07037,0.929923,C,0.0,0.02821
8666.3,0.66525,174.943,2.7489,20,0.6733,13.466,1.95438,6.61655,2561.467,6104.833,7041.19,0.213236,0.854906,84.3,103.51,0.29557,0.81248,0.905261,C,0.0,0.000737
8361.558,0.35359,181.943,4.0004,18,0.8186,14.735,1.94291,7.82943,4316.113,4045.445,17266.366,0.042045,0.685987,82.296,102.724,0.51619,2.06497,0.938622,C,0.0,-0.030357
10914.783,0.68044,148.912,3.4337,26,0.8835,22.97,2.00218,12.34991,2938.113,7976.669,10088.637,0.034456,0.918374,80.896,102.591,0.26919,0.92431,0.986369,C,0.001,0.053907
8394.995,0.37484,169.742,3.0452,23,0.7324,16.845,1.96325,8.55449,4368.451,4026.544,13302.648,0.03434,0.744258,81.742,102.528,0.52036,1.58459,0.952328,C,0.0,-0.020266
9852.094,0.67305,174.803,2.258,26,0.8876,23.078,1.95462,10.7192,2850.8,7001.293,6437.067,0.054366,0.924966,82.197,103.966,0.28936,0.65337,0.976627,C,0.001,0.007293
10154.03,0.39616,163.404,2.2738,26,0.6629,17.235,1.97449,8.14348,4873.217,5280.812,11080.656,0.047958,0.717486,81.674,102.035,0.47993,1.09126,0.941901,C,0.001,0.002105
11138.735,0.45685,193.481,3.7597,26,0.8882,23.094,1.92508,11.94799,4625.529,6513.206,17390.618,0.017374,0.768959,82.374,103.788,0.41527,1.56127,0.984207,C,0.0,-0.021229
10677.036,0.32947,124.365,1.3273,24,0.691,16.583,2.05702,6.82158,5314.351,5362.685,7053.999,0.062036,0.594486,80.109,98.978,0.49774,0.66067,0.90628,C,0.0,0.040817
12023.549,0.54369,199.546,3.7277,20,0.8814,17.627,1.91618,9.03883,4315.351,7708.198,16086.51,0.067926,0.810045,83.244,104.32,0.35891,1.33792,0.95516,C,0.0,-0.028425
9979.734,0.3979,197.89,2.1179,17,0.6614,11.244,1.91858,4.97643,4595.654,5384.08,9733.104,0.151303,0.608384,84.29,102.918,0.4605,0.97529,0.824893,C,0.0,0.011795
10898.187,0.47397,173.32,1.1705,27,0.7881,21.278,1.95711,7.70487,4739.169,6159.018,5547.22,0.075473,0.780608,82.42,102.942,0.43486,0.509,0.930756,C,0.0,-0.044332
11068.77,0.41737,124.536,2.2848,26,0.6612,17.191,2.0566,8.62183,4627.402,6441.368,10572.519,0.050402,0.681001,79.965,99.56,0.41806,0.95517,0.949515,C,0.0,-0.03583
8218.798,0.54746,189.351,1.9355,17,0.7545,12.826,1.93132,5.5664,2717.959,5500.84,5260.654,0.223337,0.707616,84.951,103.202,0.3307,0.64008,0.865091,C,-0.001,-0.040054
10690.373,0.43578,154.436,1.3905,19,0.7481,14.214,1.99128,5.69491,4894.189,5796.184,6805.599,0.132385,0.691958,82.424,101.398,0.45781,0.63661,0.860922,C,0.0,0.017647
12212.569,0.48257,193.036,2.6749,16,0.7373,11.797,1.92574,5.62689,5204.051,7008.517,13920.558,0.168512,0.715766,84.353,103.418,0.42612,1.13986,0.851199,C,0.001,0.016201
10314.066,0.59784,187.645,3.4579,21,0.7144,15.003,1.93394,7.67583,3568.453,6745.613,12339.39,0.118811,0.851245,83.511,104.074,0.34598,1.19637,0.931242,C,0.0,0.02041
9643.829,0.54129,144.947,1.0409,17,0.7336,12.471,2.01031,4.44127,3106.467,6537.362,3233.37,0.351289,0.631583,84.905,100.476,0.32212,0.33528,0.790951,C,0.0,-0.046191
12902.209,0.51175,151.062,1.656,18,0.7417,13.351,1.99788,5.76094,4609.761,8292.448,7633.682,0.207308,0.680983,83.27,101.143,0.35728,0.59166,0.855264,C,0.0,0.049006
10428.586,0.69277,159.352,1.4783,23,0.8328,19.154,1.98194,7.81589,2737.044,7691.542,4046.143,0.173396,0.877584,83.168,102.883,0.26246,0.38799,0.934308,C,0.0,0.044847
11771.527,0.57887,194.033,1.1913,23,0.7099,16.328,1.92425,5.81002,3932.193,7839.334,4684.318,0.238849,0.749419,85.316,103.683,0.33404,0.39794,0.862169,C,0.0,0.037622
7000.0,0.51512,172.118,2.2063,17,0.899,15.284,1.95916,7.07286,2545.303,4454.697,5615.701,0.108445,0.747479,82.81,102.665,0.36361,0.80224,0.92345,C,0.0,0.022157
10065.752,0.55742,159.336,2.0409,16,0.7308,11.694,1.98197,5.36887,3146.901,6918.85,6422.623,0.272845,0.686851,84.48,101.623,0.31263,0.63807,0.846972,C,0.001,0.016235
9652.947,0.32046,138.687,1.2502,26,0.7525,19.565,2.02366,7.66255,4896.703,4756.245,6121.974,0.042781,0.606342,80.55,99.947,0.50728,0.63421,0.932279,C,-0.001,-0.013561
10678.463,0.40313,154.094,1.6675,21,0.6882,14.452,1.99194,6.2256,5070.874,5607.589,8455.656,0.09802,0.679045,81.956,101.294,0.47487,0.79184,0.884538,C,0.0,-0.043553
11609.515,0.47855,177.94,3.7543,17,0.7387,12.558,1.94941,6.61952,4617.403,6992.112,17335.166,0.124348,0.712463,83.237,102.712,0.39773,1.49319,0.896654,C,0.0,-0.052517
10329.676,0.60274,169.194,3.8689,24,0.8103,19.447,1.9642,10.43192,3341.513,6988.163,12927.999,0.048849,0.867586,81.912,103.315,0.32349,1.25154,0.973783,C,0.0,0.046959
10204.954,0.42635,141.312,3.2078,21,0.8654,18.174,2.01798,9.72765,4487.564,5717.391,14395.273,0.032404,0.735566,80.533,100.954,0.43974,1.41062,0.966578,C,-0.001,-0.051314
7000.0,0.6371,172.91,3.6476,21,0.8121,17.055,1.95781,8.99256,1958.263,5041.737,7143.014,0.089039,0.849979,82.584,103.38,0.27975,1.02043,0.960903,C,0.0,-0.032353
11792.847,0.68989,173.308,2.5851,16,0.8116,12.985,1.95714,6.28722,2669.602,9123.245,6901.261,0.355655,0.787694,86.118,102.988,0.22637,0.58521,0.883299,C,-0.0,-0.01543
12900.517,0.3098,167.177,1.441,21,0.6882,14.452,1.96774,5.77502,6805.026,6095.49,9806.248,0.084582,0.561243,82.306,101.193,0.5275,0.76014,0.855983,C,0.001,-0.053637
10057.877,0.48023,167.87,3.552,18,0.7284,13.111,1.96652,6.91884,4309.206,5748.671,15306.113,0.099685,0.765488,82.532,102.576,0.42844,1.5218,0.911066,C,0.0,-0.007595
9806.838,0.3304,168.085,2.3698,21,0.7294,15.317,1.96614,7.28219,4393.833,5413.005,10412.342,0.057318,0.552069,81.981,101.178,0.44804,1.06174,0.922275,C,0.0,-0.018702
10692.888,0.68093,182.442,4.1639,18,0.6576,11.837,1.94211,6.33573,2431.987,8260.901,10126.624,0.332753,0.783435,86.151,103.39,0.22744,0.94704,0.888856,C,0.0,-0.021719
11708.676,0.31883,166.761,3.0718,19,0.8965,17.033,1.96847,8.70267,6038.041,5670.635,18547.855,0.030906,0.625409,81.581,101.596,0.51569,1.58411,0.950011,C,0.0,-0.000691
10885.309,0.69758,136.289,1.2845,23,0.7604,17.49,2.02897,6.95794,2239.184,8646.124,2876.289,0.304862,0.799289,83.898,101.077,0.20571,0.26424,0.910101,C,0.001,-0.020066
13000.0,0.30837,150.716,2.61,26,0.7334,19.069,1.99857,9.5463,7063.857,5936.143,18436.506,0.021895,0.649276,80.808,100.915,0.54337,1.41819,0.96142,C,0.0,-0.048331
9308.062,0.3155,155.262,3.3549,25,0.8481,21.202,1.98968,11.23677,5241.525,4066.537,17584.681,0.010746,0.708302,80.853,101.55,0.56312,1.88919,0.980819,C,0.0,0.031843
7972.175,0.46713,188.45,1.6393,26,0.7736,20.113,1.9327,8.23155,3666.596,4305.579,6010.638,0.05349,0.81939,82.677,103.899,0.45992,0.75395,0.947335,C,0.0,-0.032489
11214.96,0.46009,143.65,1.7562,27,0.7572,20.446,2.01302,9.11464,5498.142,5716.818,9655.992,0.040042,0.864062,80.739,101.937,0.49025,0.86099,0.957333,C,0.0,0.04915
11960.993,0.5407,192.889,2.9972,25,0.7592,18.979,1.92596,9.32723,4263.128,7697.865,12777.377,0.061384,0.806153,82.934,104.008,0.35642,1.06825,0.959537,C,0.0,-0.035897
9279.622,0.32499,127.832,2.1568,23,0.7824,17.995,2.04856,8.81705,4857.139,4422.483,10475.81,0.027753,0.651443,79.832,99.578,0.52342,1.1289,0.955302,C,0.0,-0.011418
9667.72,0.45463,192.26,2.5068,24,0.8114,19.473,1.9269,9.1305,3808.138,5859.582,9546.32,0.046779,0.719688,82.72,103.41,0.3939,0.98744,0.959469,C,-0.0,0.023806
8938.505,0.62363,176.639,3.0117,24,0.7898,18.956,1.95155,9.51532,2341.921,6596.583,7053.244,0.082453,0.81576,82.636,103.333,0.262,0.78909,0.965359,C,0.001,-0.007087
8487.69,0.43889,145.366,2.9507,18,0.6623,11.921,2.00944,6.21327,4055.909,4431.781,11967.714,0.099646,0.749368,81.602,101.277,0.47786,1.41001,0.891508,C,0.0,-0.027709
8944.065,0.63604,188.946,1.8575,18,0.8644,15.559,1.93194,6.6604,2415.117,6528.948,4486.144,0.221667,0.789323,84.914,103.723,0.27002,0.50158,0.905894,C,0.0,-0.01746
7294.008,0.4371,152.218,2.9657,27,0.8971,24.221,1.9956,12.5151,2789.395,4504.613,8272.425,0.01315,0.699619,80.757,101.329,0.38242,1.13414,0.988495,C,0.0,0.01751
10448.534,0.43731,161.341,2.3159,21,0.7641,16.046,1.97825,7.64544,4590.332,5858.202,10630.768,0.069451,0.725559,81.876,101.982,0.43933,1.01744,0.930229,C,0.0,-0.025929
10672.739,0.63363,145.702,1.0545,16,0.8712,13.939,2.00874,4.99045,2618.543,8054.196,2761.381,0.459374,0.690283,86.365,100.906,0.24535,0.25873,0.822125,C,0.0,0.002463
11372.362,0.42968,177.583,3.259,20,0.876,17.521,1.95,8.95354,4982.89,6389.473,16238.991,0.044471,0.730091,82.17,102.812,0.43816,1.42793,0.954652,C,-0.001,-0.014329
8700.618,0.36409,174.918,2.0137,23,0.8533,19.625,1.95442,8.78719,4158.77,4541.848,8374.539,0.033795,0.666533,81.93,102.266,0.47799,0.96252,0.955634,C,0.0,-0.029198
9400.139,0.65053,189.748,1.175,18,0.7589,13.661,1.93071,4.8551,2407.828,6992.311,2829.137,0.455931,0.71754,88.035,103.285,0.25615,0.30097,0.820476,C,0.0,0.006161
7586.479,0.66731,162.812,2.5126,21,0.8396,17.631,1.97556,8.58664,1811.751,5774.728,4552.275,0.12836,0.836393,82.712,102.789,0.23881,0.60005,0.954063,C,0.0,0.034867
7812.639,0.56377,149.36,1.9887,24,0.8183,19.64,2.00128,9.06677,2260.08,5552.559,4494.537,0.076229,0.762215,81.467,101.586,0.28929,0.57529,0.960885,C,0.0,0.004093
11829.378,0.3947,169.261,3.5781,21,0.774,16.255,1.96408,8.57555,4896.032,6933.345,17518.389,0.050012,0.638098,81.93,101.804,0.41389,1.48092,0.947556,C,0.001,0.041566
12998.89,0.64499,161.902,3.3329,26,0.8654,22.499,1.97722,11.79775,4198.054,8800.836,13991.71,0.035038,0.935946,81.444,103.4,0.32295,1.07638,0.982456,C,0.0,-0.044606
8892.711,0.30476,195.424,1.7558,17,0.8979,15.265,1.92219,6.35534,4378.046,4514.665,7686.842,0.064716,0.537543,83.064,102.345,0.49232,0.8644,0.895456,C,0.0,-0.013589
9332.375,0.40314,178.604,2.1809,27,0.8515,22.992,1.94832,10.5138,4163.048,5169.326,9079.086,0.022342,0.709808,81.915,102.726,0.44609,0.97286,0.975278,C,0.001,0.01389
11478.881,0.53868,138.491,1.3849,22,0.7573,16.661,2.02409,6.82194,3842.274,7636.607,5321.211,0.154361,0.732044,82.014,100.765,0.33473,0.46357,0.904083,C,0.0,0.014025
9424.063,0.48416,199.605,2.555,19,0.8528,16.203,1.9161,7.57295,3627.619,5796.444,9268.524,0.087282,0.732538,83.501,103.811,0.38493,0.9835,0.930606,C,0.0,0.013006
10843.791,0.66684,161.334,4.0055,22,0.8609,18.94,1.97827,10.34,2489.165,8354.626,9970.348,0.079854,0.841725,82.013,102.749,0.22955,0.91945,0.972512,C,-0.0,0.006239
9423.548,0.3045,141.392,3.1774,23,0.859,19.758,2.01781,10.54983,4846.567,4576.98,15399.592,0.014494,0.61159,80.3,100.14,0.5143,1.63416,0.97552,C,0.001,-0.010974
9489.667,0.60671,155.437,3.791,20,0.6649,13.297,1.98935,7.23693,2657.157,6832.51,10073.378,0.169466,0.77676,82.955,102.011,0.28001,1.06151,0.92179,C,-0.0,-0.04237
11993.15,0.42766,136.534,1.4432,16,0.8474,13.559,2.02842,5.66467,5294.774,6698.376,7641.64,0.14137,0.653956,81.751,100.133,0.44148,0.63717,0.85406,C,-0.0,0.025153
9637.404,0.38681,177.135,2.9414,24,0.8147,19.552,1.95073,9.75017,4168.863,5468.541,12262.468,0.02915,0.659462,81.951,102.324,0.43257,1.27238,0.967402,C,0.0,0.0269
8040.002,0.64882,127.007,3.043,22,0.8553,18.817,2.05055,10.1705,2516.18,5523.822,7656.662,0.05551,0.919085,80.157,101.292,0.31296,0.95232,0.973225,C,0.0,-0.020997
11114.735,0.44461,145.732,3.0802,27,0.8539,23.056,2.00868,12.1398,4713.344,6401.391,14518.019,0.015472,0.760582,80.507,101.372,0.42406,1.3062,0.985243,C,0.0,0.0147
10431.932,0.49924,145.325,1.7541,22,0.7112,15.646,2.00952,6.95455,4149.028,6282.905,7277.711,0.111482,0.755304,81.756,101.314,0.39772,0.69764,0.911187,C,-0.001,-0.007486
9234.534,0.46782,195.717,3.167,25,0.8586,21.465,1.92176,10.65682,3994.088,5240.446,12649.397,0.025358,0.805053,82.554,104.123,0.43252,1.36979,0.976556,C,0.0,-0.019161
8803.785,0.37365,167.878,3.6961,24,0.7731,18.554,1.9665,9.87532,4022.461,4781.324,14867.334,0.024871,0.667079,81.545,101.927,0.4569,1.68874,0.969588,C,0.0,-0.029195
10988.353,0.43394,153.487,1.7403,20,0.8131,16.262,1.99312,7.12323,4121.897,6866.456,7173.489,0.098446,0.635328,81.936,100.973,0.37512,0.65283,0.914898,C,0.0,0.049871
8854.167,0.61374,184.522,3.8514,23,0.7892,18.152,1.93882,9.54084,1846.015,7008.152,7109.802,0.100802,0.748852,83.164,103.257,0.20849,0.80299,0.965757,C,0.0,0.005809
10156.263,0.55092,202.386,1.6018,16,0.7183,11.493,1.91213,4.58663,3599.999,6556.264,5766.478,0.313595,0.681231,86.58,103.589,0.35446,0.56778,0.798233,C,0.0,0.016445
11415.391,0.68438,178.565,2.7281,20,0.8127,16.254,1.94838,7.93334,3124.419,8290.972,8523.576,0.162252,0.881147,83.76,103.855,0.2737,0.74667,0.935111,C,0.0,-0.043044
9796.879,0.31914,174.696,2.2013,21,0.7301,15.333,1.95479,7.06714,4891.726,4905.154,10768.214,0.053546,0.584013,82.183,101.711,0.49931,1.09915,0.916224,C,-0.001,-0.030099
11742.55,0.35429,165.652,2.5958,16,0.8857,14.172,1.97044,6.93905,5668.763,6073.787,14715.14,0.068078,0.621421,82.029,101.514,0.48275,1.25315,0.907237,C,0.0,-0.028799
7957.453,0.54587,147.314,1.8938,18,0.7708,13.874,2.00543,6.31802,2501.099,5456.354,4736.653,0.178611,0.714212,82.73,101.155,0.31431,0.59525,0.897156,C,0.0,0.017573
10970.025,0.30834,154.873,2.107,21,0.7127,14.967,1.99043,6.98658,6120.956,4849.07,12896.847,0.049306,0.635327,81.345,101.048,0.55797,1.17564,0.910777,C,-0.001,-0.047444
11108.581,0.52685,168.444,1.8665,16,0.6928,11.085,1.96551,4.87771,4376.609,6731.972,8169.061,0.250606,0.706447,84.547,102.215,0.39398,0.73538,0.812595,C,0.0,-0.029999
12668.932,0.37347,177.729,3.9733,26,0.8226,21.388,1.94975,11.40923,6355.634,6313.298,25253.065,0.014827,0.734511,81.784,102.848,0.50167,1.99331,0.980084,C,0.0,0.044221
9892.867,0.32845,172.908,3.6125,25,0.7691,19.229,1.95781,10.11759,5503.718,4389.149,19882.287,0.017054,0.718927,81.634,102.515,0.55633,2.00976,0.971113,C,0.0,-0.025964
11503.685,0.35821,184.124,2.8784,25,0.8824,22.06,1.93944,10.84514,4567.809,6935.876,13148.128,0.02118,0.580172,82.099,102.125,0.39707,1.14295,0.976522,C,-0.0,-0.012241
9640.934,0.33681,200.445,2.5068,18,0.6801,12.242,1.91489,5.68536,4752.693,4888.241,11914.137,0.092399,0.574441,83.597,102.803,0.49297,1.23579,0.864761,C,-0.0,0.012852
8328.086,0.53743,145.552,1.6801,25,0.8933,22.334,2.00905,9.76765,3000.016,5328.07,5040.363,0.046417,0.813895,80.907,101.714,0.36023,0.60522,0.968887,C,0.0,0.021984
8954.402,0.4506,173.664,1.8767,21,0.8957,18.809,1.95653,8.23571,3456.328,5498.073,6486.65,0.063317,0.694069,82.273,102.387,0.38599,0.72441,0.945762,C,0.001,-0.032808
8896.107,0.31352,149.474,3.1457,25,0.8566,21.416,2.00105,11.27213,4559.184,4336.923,14341.955,0.011444,0.631086,80.617,100.726,0.51249,1.61216,0.981294,C,0.0,-0.039223
11168.938,0.51752,125.043,3.4173,25,0.8098,20.245,2.05535,11.28362,4140.288,7028.65,14148.419,0.027844,0.805964,79.693,100.418,0.3707,1.26676,0.980055,C,0.0,0.027746
8785.839,0.38251,185.916,1.9063,21,0.855,17.954,1.93663,7.78364,4154.411,4631.428,7919.643,0.051128,0.679753,82.557,102.864,0.47285,0.90141,0.936795,C,0.0,0.037473
10109.799,0.44033,171.733,2.6711,16,0.838,13.408,1.95982,6.56397,4199.076,5910.723,11216.036,0.106918,0.677192,82.776,102.183,0.41535,1.10942,0.899148,C,0.0,-0.003344
11270.884,0.5972,153.423,1.2714,18,0.657,11.827,1.99324,4.56617,2591.514,8679.37,3294.974,0.54538,0.612666,87.833,100.82,0.22993,0.29234,0.79002,C,-0.0,0.057119
11907.914,0.69273,177.095,3.1885,16,0.7564,12.102,1.9508,6.15629,2559.589,9348.324,8161.156,0.39503,0.774246,86.779,103.08,0.21495,0.68536,0.877426,C,0.001,-0.047641
11516.125,0.6242,123.656,1.207,27,0.8401,22.684,2.05879,8.95836,3102.333,8413.792,3744.598,0.105332,0.815518,80.645,100.391,0.26939,0.32516,0.954541,C,0.0,-0.008539
13000.0,0.55683,222.357,3.8779,18,0.681,12.258,1.88532,6.1791,5280.345,7719.655,20476.861,0.171865,0.820149,85.332,105.305,0.40618,1.57514,0.874633,C,0.0,0.016178
8163.038,0.67961,174.349,1.4536,24,0.7806,18.734,1.95538,7.44261,2182.984,5980.054,3173.137,0.177478,0.862914,83.806,103.535,0.26742,0.38872,0.930164,C,-0.0,-0.021697
9228.84,0.38125,157.295,2.6109,23,0.8349,19.203,1.9858,9.52562,4524.776,4704.064,11813.655,0.027081,0.721918,81.152,101.748,0.49029,1.28008,0.965173,C,0.0,0.011316
10575.204,0.51267,168.091,4.0405,24,0.6799,16.317,1.96613,8.84263,3218.371,7356.833,13003.815,0.077592,0.703006,82.249,102.174,0.30433,1.22965,0.95394,C,0.0,-0.027748
12193.109,0.40589,158.421,1.2596,24,0.6807,16.336,1.98368,6.2377,5111.501,7081.608,6438.642,0.116278,0.614932,82.376,101.101,0.41921,0.52806,0.879905,C,0.0,-0.001472
10738.343,0.3436,127.965,4.135,22,0.7234,15.914,2.04824,9.18799,5045.541,5692.801,20863.173,0.029991,0.621556,79.868,99.389,0.46986,1.94287,0.958988,C,0.001,-0.020784
8852.018,0.6795,155.557,1.2305,21,0.6892,14.473,1.98912,5.49065,2786.007,6066.011,3428.293,0.305093,0.851454,84.75,102.511,0.31473,0.38729,0.858686,C,0.0,0.025667
10122.794,0.59405,164.535,3.1302,19,0.8046,15.288,1.97245,7.87029,2444.11,7678.684,7650.647,0.157141,0.733114,83.16,102.195,0.24145,0.75578,0.936131,C,0.0,0.025144
7459.71,0.32042,141.278,4.2141,26,0.7521,19.554,2.01805,11.09625,3474.487,3985.222,14641.712,0.013076,0.588383,80.276,99.98,0.46577,1.96277,0.980993,C,0.001,-0.02899
11361.135,0.58039,185.584,1.3158,27,0.7849,21.192,1.93715,7.96141,3601.107,7760.027,4738.217,0.11747,0.79521,83.421,103.611,0.31697,0.41705,0.935846,C,0.001,0.016033
7606.716,0.4477,196.599,3.9176,23,0.7714,17.741,1.92047,9.223,3404.714,4202.002,13338.376,0.036797,0.780631,82.735,104.0,0.44759,1.7535,0.963211,C,0.0,0.030469
10252.612,0.4046,179.444,4.3489,26,0.8656,22.507,1.94695,12.19199,4600.004,5652.609,20004.767,0.01274,0.723495,81.819,102.855,0.44867,1.95119,0.985873,C,-0.001,-0.031584
12171.313,0.43799,210.136,2.7345,24,0.8547,20.514,1.90138,9.65188,4804.264,7367.049,13137.186,0.040315,0.697319,83.221,104.013,0.39472,1.07936,0.963668,C,0.0,0.046236
11324.216,0.52019,178.129,2.799,16,0.787,12.592,1.9491,6.19132,3854.127,7470.089,10787.739,0.181995,0.694672,84.005,102.604,0.34034,0.95263,0.880925,C,0.0,0.050412
8024.702,0.61638,153.332,3.1808,22,0.835,18.369,1.99342,9.64119,2110.388,5914.314,6712.795,0.075491,0.809386,81.626,102.114,0.26299,0.83652,0.967791,C,0.0,-0.012433
10358.622,0.30447,210.881,2.0865,16,0.861,13.775,1.90037,5.97889,6004.076,4354.546,12527.623,0.065499,0.633956,83.577,103.625,0.57962,1.20939,0.875308,C,0.0,0.038102
9685.114,0.65342,177.056,2.6542,25,0.8082,20.205,1.95086,9.80737,2511.774,7173.34,6666.755,0.08062,0.85399,82.627,103.605,0.25934,0.68835,0.968002,C,0.0,-0.012657
9676.013,0.63802,177.373,2.9981,23,0.7114,16.361,1.95034,8.19582,1837.152,7838.861,5508.006,0.188953,0.743265,84.069,102.889,0.18987,0.56924,0.94377,C,0.0,0.003411
12424.646,0.44427,148.139,3.7848,16,0.7105,11.368,2.00375,6.24946,5235.893,7188.753,19816.994,0.126911,0.67542,82.083,100.945,0.42141,1.59497,0.879619,C,0.0,-0.022489
10519.776,0.31112,141.083,3.4341,17,0.689,11.713,2.01847,6.37139,5311.486,5208.289,18240.235,0.067293,0.559783,80.983,99.78,0.5049,1.7339,0.890793,C,0.001,-0.02476
7779.499,0.47203,170.639,3.8441,25,0.81,20.249,1.9617,10.82745,3047.236,4732.263,11713.975,0.025425,0.759607,81.658,102.673,0.3917,1.50575,0.978901,C,0.0,0.020837
8728.127,0.36298,164.471,3.7813,19,0.8485,16.122,1.97256,8.66137,4398.012,4330.116,16630.06,0.033427,0.697696,81.525,101.958,0.50389,1.90534,0.953597,C,-0.001,0.018579
11225.793,0.53677,169.085,3.116,18,0.8285,14.913,1.96439,7.62261,3700.109,7525.684,11529.425,0.11717,0.743073,82.81,102.488,0.32961,1.02705,0.928051,C,0.0,-0.00545
10338.625,0.31325,152.028,1.372,25,0.6894,17.236,1.99597,6.89025,5177.809,5160.816,7104.03,0.056658,0.570694,81.323,100.468,0.50082,0.68713,0.909416,C,0.0,-0.036747
8151.245,0.68788,145.532,1.5017,17,0.8238,14.005,2.00909,5.86519,1187.13,6964.115,1782.695,0.572702,0.70751,87.854,101.01,0.14564,0.2187,0.878747,C,0.0,0.025682
7936.084,0.47835,147.466,2.9913,26,0.8503,22.108,2.00512,11.52688,2783.178,5152.905,8325.39,0.022643,0.724483,80.678,101.231,0.3507,1.04906,0.9834,C,0.001,0.014209
9588.825,0.58772,159.362,3.9203,27,0.8563,23.121,1.98192,12.60202,3257.475,6331.35,12770.413,0.020755,0.879424,81.153,102.895,0.33972,1.3318,0.988003,C,0.0,-0.005807
9435.137,0.42023,147.532,3.884,19,0.7183,13.649,2.00498,7.55048,3958.074,5477.063,15373.037,0.070086,0.673264,81.307,100.897,0.4195,1.62934,0.930035,C,0.0,0.012704
11853.258,0.64801,187.577,2.6509,26,0.8208,21.34,1.93405,10.22068,3515.5,8337.758,9319.134,0.06447,0.894057,82.792,104.353,0.29659,0.78621,0.970493,C,0.0,-0.045473
9321.483,0.47063,162.789,3.3254,27,0.8435,22.774,1.9756,11.92116,3620.32,5701.163,12039.145,0.018299,0.757867,81.259,102.27,0.38838,1.29155,0.984899,C,0.0,-0.001991
10781.446,0.65112,141.723,1.0458,17,0.6764,11.499,2.0171,4.12454,2799.172,7982.274,2927.395,0.605943,0.666966,88.122,100.525,0.25963,0.27152,0.758386,C,0.0,-0.02892
11847.919,0.59527,165.071,2.3247,26,0.7699,20.018,1.97148,9.50091,3079.762,8768.158,7159.44,0.086917,0.773824,82.255,102.491,0.25994,0.60428,0.962045,C,-0.001,0.015973
7416.124,0.58608,153.776,1.9501,17,0.6812,11.58,1.99255,5.27709,2086.352,5329.772,4068.568,0.303087,0.696853,84.649,101.395,0.28133,0.54861,0.854513,C,0.0,0.028178
9252.485,0.54968,189.797,1.8515,27,0.7623,20.582,1.93064,8.79163,2836.371,6416.114,5251.624,0.080798,0.756958,83.084,103.547,0.30655,0.56759,0.95494,C,0.0,0.00403
12389.218,0.41626,167.362,1.6575,27,0.6941,18.74,1.96741,7.90956,5469.243,6919.975,9065.309,0.063426,0.695124,82.034,102.086,0.44145,0.73171,0.932736,C,0.0,0.002976
9269.726,0.5195,144.912,2.2614,16,0.8614,13.782,2.01038,6.67331,3223.441,6046.286,7289.337,0.141368,0.721099,82.133,101.065,0.34774,0.78636,0.905373,C,-0.001,-0.039539
10046.662,0.501,150.531,2.5605,20,0.8723,17.446,1.99894,8.6898,3747.685,6298.978,9596.014,0.064244,0.76086,81.359,101.641,0.37303,0.95514,0.952167,C,-0.001,-0.029014
11476.255,0.37648,177.272,2.1279,21,0.7152,15.019,1.95051,6.82604,5815.888,5660.367,12375.834,0.071149,0.690203,82.51,102.534,0.50678,1.07839,0.904227,C,-0.0,-0.016417
8759.537,0.54957,148.739,3.0622,17,0.8645,14.697,2.00253,7.69317,2956.263,5803.274,9052.694,0.106147,0.775457,81.835,101.639,0.33749,1.03347,0.934815,C,0.0,-0.009146
9507.3,0.38675,166.488,4.1007,18,0.8292,14.925,1.96896,8.12934,4381.105,5126.195,17965.592,0.048056,0.676208,81.797,101.918,0.46081,1.88966,0.94274,C,0.0,0.035825
7414.68,0.52107,188.089,3.8898,19,0.8539,16.224,1.93325,8.50759,2281.164,5133.516,8873.364,0.079541,0.717275,83.009,103.209,0.30766,1.19673,0.953037,C,0.0,-0.021447
10659.224,0.42511,163.131,2.0965,21,0.65,13.651,1.97498,6.28989,4953.398,5705.826,10384.614,0.103215,0.70455,82.393,101.935,0.46471,0.97424,0.887171,C,0.0,0.038032
9435.986,0.334,169.812,2.1005,17,0.698,11.867,1.96313,5.42292,4886.612,4549.374,10264.475,0.095019,0.590689,82.545,101.518,0.51787,1.0878,0.852671,C,0.0,0.03316
9406.106,0.6695,162.012,2.7728,24,0.6536,15.686,1.97702,7.85765,2231.216,7174.89,6186.773,0.177183,0.822593,83.325,102.657,0.23721,0.65774,0.937222,C,0.0,0.040133
7000.0,0.63964,167.17,4.0264,20,0.7293,14.587,1.96775,7.90929,2226.93,4773.07,8966.399,0.114851,0.884489,82.705,103.326,0.31813,1.28091,0.942878,C,0.0,-0.013049
11330.037,0.64805,170.27,3.2114,22,0.6988,15.374,1.96233,7.90334,3006.443,8323.593,9654.761,0.159753,0.824422,83.417,103.083,0.26535,0.85214,0.934588,C,0.001,-0.010999
11454.179,0.61911,120.0,1.7549,23,0.7589,17.455,2.06808,8.07941,3769.107,7685.072,6614.497,0.11613,0.865797,80.597,100.479,0.32906,0.57747,0.938277,C,0.0,-0.021918
8785.773,0.34595,145.262,4.2438,17,0.6946,11.809,2.00965,6.67032,4573.231,4212.542,19408.082,0.062023,0.654197,81.101,100.643,0.52053,2.20904,0.90668,C,-0.0,-0.039676
11649.757,0.40815,142.973,2.1192,17,0.6559,11.151,2.01445,5.30569,4786.144,6863.613,10142.709,0.162797,0.579234,82.329,100.018,0.41084,0.87064,0.83613,C,-0.0,0.040422
7000.0,0.39664,135.603,2.7314,22,0.8789,19.335,2.0305,10.02462,3213.077,3786.923,8776.06,0.023542,0.713201,80.152,100.468,0.45901,1.25372,0.972756,C,0.0,0.000471
9660.601,0.59845,145.774,3.7333,27,0.6749,18.223,2.00859,10.02405,2866.436,6794.164,10701.268,0.05978,0.825711,81.094,101.804,0.29671,1.10772,0.970361,C,0.001,0.015174
7362.622,0.30502,207.086,3.9306,16,0.6678,10.685,1.90555,5.49235,3643.166,3719.456,14319.749,0.08303,0.522465,83.688,102.735,0.49482,1.94493,0.865306,C,0.0,-0.03069
12729.459,0.46788,171.567,1.0732,18,0.8152,14.674,1.9601,5.11217,4993.454,7736.006,5359.169,0.215607,0.630723,84.204,101.868,0.39228,0.42101,0.819234,C,-0.001,-0.041272
7000.0,0.64745,166.434,2.8194,20,0.844,16.88,1.96905,8.44249,1968.736,5031.264,5550.752,0.109113,0.858103,82.601,103.116,0.28125,0.79296,0.952602,C,0.0,-0.007423
8045.168,0.45709,157.995,3.308,24,0.6867,16.482,1.98448,8.67382,3323.118,4722.049,10993.001,0.050037,0.743545,81.484,101.927,0.41306,1.36641,0.954782,C,0.001,0.031062
8718.852,0.67237,146.815,1.5174,19,0.6914,13.137,2.00645,5.51403,1939.355,6779.497,2942.695,0.421931,0.744014,85.92,101.324,0.22243,0.33751,0.860418,C,0.0,-0.020156
11132.901,0.69666,161.14,3.4569,23,0.8336,19.174,1.97862,10.14857,2296.893,8836.008,7940.108,0.100091,0.851743,82.272,102.805,0.20632,0.71321,0.970358,C,0.0,-0.059469
11115.586,0.59428,178.488,1.4625,26,0.7655,19.903,1.94851,7.88492,3626.032,7489.554,5302.99,0.119194,0.824283,83.189,103.476,0.32621,0.47708,0.934572,C,0.0,0.05715
10665.967,0.41468,164.189,1.8244,22,0.7395,16.269,1.97307,7.14145,4962.807,5703.16,9053.897,0.074654,0.710563,82.058,102.029,0.46529,0.84886,0.916234,C,0.0,0.015323
10058.326,0.42343,198.747,1.656,26,0.8483,22.055,1.91734,8.9511,4242.684,5815.642,7025.842,0.043836,0.700353,82.9,103.562,0.42181,0.69851,0.956332,C,-0.0,0.012361
13000.0,0.45106,185.338,3.5264,18,0.6632,11.937,1.93753,6.15127,5429.14,7570.86,19145.219,0.13673,0.676471,83.667,102.816,0.41763,1.47271,0.873405,C,0.0,-0.013547
8888.499,0.59073,120.481,3.4964,22,0.7459,16.409,2.06684,9.26395,2395.967,6492.532,8377.226,0.082768,0.77819,80.182,99.933,0.26956,0.94248,0.962232,C,0.0,-0.029859
10870.648,0.58253,220.779,2.9917,18,0.7133,12.84,1.88734,6.11247,3247.807,7622.841,9716.534,0.235543,0.730374,86.125,104.651,0.29877,0.89383,0.879195,C,-0.0,-0.044497
12494.986,0.61139,144.683,2.8687,18,0.8653,15.575,2.01086,8.06771,3444.495,9050.491,9881.123,0.141565,0.790193,82.125,101.508,0.27567,0.79081,0.936169,C,0.0,0.054921
7967.66,0.67064,165.245,3.7902,27,0.6917,18.676,1.97117,10.02843,2303.523,5664.137,8730.9,0.065126,0.916888,81.974,103.444,0.28911,1.09579,0.971924,C,0.0,0.033018
9060.201,0.32734,185.233,1.5969,19,0.7286,13.843,1.9377,5.63091,4623.625,4436.576,7383.652,0.086861,0.577965,83.005,102.161,0.51032,0.81495,0.864586,C,-0.0,-0.032144
11390.889,0.43096,148.125,1.6952,21,0.8747,18.369,2.00378,8.03031,4735.05,6655.84,8027.071,0.064983,0.691328,81.265,101.049,0.41569,0.70469,0.937321,C,-0.001,-0.048786
10595.373,0.38792,146.751,1.2767,20,0.8034,16.068,2.00658,6.2749,4529.716,6065.657,5782.938,0.102724,0.6009,81.703,100.376,0.42752,0.5458,0.88679,C,0.0,-0.006744
7861.421,0.35607,201.817,1.1931,18,0.8066,14.518,1.91293,5.12307,3566.751,4294.671,4255.317,0.122248,0.550256,84.036,102.701,0.4537,0.54129,0.844231,C,-0.001,0.019513
9967.038,0.64166,148.418,3.5465,21,0.821,17.241,2.00318,9.34357,2609.185,7357.853,9253.408,0.093043,0.836202,81.648,102.022,0.26178,0.9284,0.962041,C,0.0,0.031809
13000.0,0.39306,221.102,2.0427,20,0.7962,15.925,1.88693,6.78822,5745.548,7254.452,11736.622,0.090089,0.633019,84.215,104.021,0.44197,0.90282,0.898703,C,0.0,-0.036624
9487.738,0.69553,191.544,2.1749,25,0.8229,20.573,1.92798,9.2518,2091.356,7396.382,4548.552,0.121905,0.857721,83.687,104.289,0.22043,0.47941,0.961366,C,0.0,0.027493
11146.808,0.44494,169.097,1.0896,16,0.755,12.081,1.96437,4.25315,4094.462,7052.345,4461.442,0.28278,0.53908,84.996,101.142,0.36732,0.40024,0.766548,C,0.001,0.050645
10529.739,0.47734,194.743,3.3663,19,0.7729,14.685,1.9232,7.40429,3634.656,6895.083,12235.422,0.105234,0.673495,83.576,103.213,0.34518,1.16199,0.923902,C,0.0,-0.0277
9105.331,0.62803,201.052,2.557,20,0.7667,15.335,1.91402,7.15663,2606.748,6498.584,6665.35,0.174394,0.809993,84.699,104.383,0.28629,0.73203,0.920502,C,-0.001,0.012267
12203.967,0.68751,166.919,1.1598,25,0.8992,22.48,1.96819,8.17403,2811.196,9392.771,3260.556,0.18206,0.838782,83.583,103.012,0.23035,0.26717,0.939,C,0.0,0.055763
11452.045,0.68281,136.333,1.2897,17,0.7853,13.35,2.02887,5.32014,2807.178,8644.867,3620.5,0.451602,0.757893,85.837,100.807,0.24512,0.31614,0.837878,C,0.0,-0.040538
12112.016,0.45093,189.017,1.3497,21,0.855,17.956,1.93183,6.79144,5096.005,7016.01,6877.828,0.105793,0.701617,83.387,103.147,0.42074,0.56785,0.90129,C,0.001,-0.00217
9614.043,0.63592,177.827,3.8627,17,0.7805,13.269,1.94959,7.03678,2936.01,6678.033,11340.808,0.175339,0.838411,83.906,103.538,0.30539,1.17961,0.915797,C,-0.0,0.028842
10060.062,0.36365,131.374,2.9797,23,0.7356,16.918,2.04017,9.03206,5161.573,4898.489,15379.98,0.030087,0.715118,80.036,100.221,0.51308,1.52882,0.95755,C,0.0,0.047643
10284.162,0.54178,183.886,3.7162,27,0.8133,21.958,1.93982,11.46443,3780.149,6504.014,14047.7,0.026887,0.841033,82.166,103.836,0.36757,1.36595,0.981759,C,-0.001,0.026016
10509.257,0.31512,158.78,2.2764,23,0.6814,15.672,1.98301,7.45454,5151.574,5357.683,11727.011,0.048038,0.571937,81.49,100.836,0.49019,1.11587,0.925274,C,0.0,-0.051388
9773.486,0.35089,146.016,2.224,24,0.8347,20.033,2.00809,9.63436,4708.807,5064.679,10472.209,0.024825,0.654045,80.643,100.685,0.48179,1.07149,0.965913,C,0.0,-0.005608
9177.263,0.37078,152.002,3.9929,23,0.6887,15.839,1.99603,8.75487,3846.417,5330.846,15358.277,0.040286,0.609246,81.106,100.721,0.41912,1.67351,0.954461,C,0.0,-0.007782
12315.323,0.41395,191.595,2.2213,23,0.7716,17.748,1.92791,8.03361,5441.937,6873.386,12088.029,0.06021,0.694019,82.875,103.211,0.44188,0.98154,0.935727,C,0.0,0.008451
8185.529,0.68214,204.899,3.8886,18,0.7537,13.566,1.90859,6.97501,1962.879,6222.649,7632.833,0.234151,0.823456,85.613,104.632,0.2398,0.93248,0.917687,C,0.001,-0.010984
9794.957,0.45232,198.403,3.2174,25,0.6891,17.227,1.91784,8.55841,3906.874,5888.083,12569.967,0.056368,0.715043,83.054,103.644,0.39887,1.28331,0.950293,C,0.0,-0.000256
9719.379,0.67199,173.62,2.5981,26,0.6707,17.439,1.95661,8.45188,2433.958,7285.421,6323.684,0.138135,0.850339,83.259,103.417,0.25042,0.65063,0.948523,C,0.0,0.033098
8915.908,0.46169,158.024,1.3133,20,0.6609,13.218,1.98443,5.14266,3717.011,5198.898,4881.58,0.177119,0.665152,83.163,101.411,0.4169,0.54751,0.840066,C,-0.001,-0.025109
7986.317,0.35591,183.575,3.9193,17,0.681,11.576,1.94031,6.1135,4017.129,3969.188,15744.368,0.078242,0.636935,82.832,102.475,0.503,1.97142,0.889422,C,0.0,-0.012883
9356.951,0.64382,163.293,1.0518,18,0.8256,14.86,1.97469,5.18316,2316.49,7040.46,2436.457,0.415671,0.718882,86.524,102.038,0.24757,0.26039,0.840161,C,0.001,0.034512
11131.479,0.6912,169.35,2.2756,19,0.8904,16.918,1.96393,7.93275,2322.113,8809.367,5284.267,0.213289,0.817175,84.089,102.99,0.20861,0.47471,0.935628,C,-0.001,0.002647
9247.076,0.44748,157.179,3.4406,21,0.7972,16.741,1.98602,8.89999,3606.381,5640.694,12408.104,0.049769,0.701751,81.447,101.608,0.39,1.34184,0.956624,C,0.001,0.032937
9301.459,0.46139,171.687,1.6322,24,0.7763,18.631,1.9599,7.77387,3615.705,5685.754,5901.633,0.076484,0.706154,82.372,102.372,0.38872,0.63448,0.935561,C,0.0,0.038657
12270.015,0.69334,135.036,2.5065,21,0.7247,15.218,2.03178,7.71141,2770.106,9499.909,6943.195,0.220671,0.831161,82.727,101.212,0.22576,0.56587,0.928146,C,0.0,0.056275
7826.122,0.58434,148.926,3.5833,24,0.8072,19.372,2.00216,10.51423,2608.213,5217.908,9346.02,0.041342,0.855763,80.988,102.179,0.33327,1.19421,0.976421,C,0.001,-0.005216
11430.849,0.69482,157.749,2.4898,22,0.7015,15.434,1.98495,7.54939,2670.924,8759.925,6650.16,0.220806,0.839345,83.728,102.547,0.23366,0.58177,0.925746,C,0.0,0.027208
10969.79,0.45844,186.437,2.9457,25,0.8246,20.615,1.93582,10.16562,4546.18,6423.61,13391.792,0.03244,0.759926,82.329,103.417,0.41443,1.22079,0.970674,C,0.0,0.044196
7843.741,0.51172,158.722,3.1232,21,0.8288,17.404,1.98312,9.02599,3097.579,4746.162,9674.258,0.051465,0.812104,81.532,102.418,0.39491,1.23337,0.960283,C,0.0,0.005096
9177.084,0.56458,197.458,3.1303,18,0.6619,11.915,1.91921,5.88688,3008.395,6168.689,9417.276,0.214002,0.73556,85.103,103.739,0.32782,1.02617,0.875743,C,0.0,-0.045343
9325.087,0.6508,199.626,2.05,18,0.7726,13.907,1.91607,6.07818,1738.86,7586.227,3564.58,0.407425,0.706579,87.728,103.64,0.18647,0.38226,0.883261,C,0.0,0.042897
11917.078,0.5585,144.428,2.9581,19,0.7233,13.742,2.01139,7.17713,4079.523,7837.556,12067.731,0.139934,0.776369,82.092,101.402,0.34233,1.01264,0.914229,C,-0.001,-0.011423
11133.917,0.64198,162.057,3.3243,16,0.651,10.415,1.97694,5.45701,2503.436,8630.48,8322.084,0.437199,0.701382,86.759,101.86,0.22485,0.74745,0.846875,C,0.001,-0.011003
9371.121,0.6632,172.2,1.5682,24,0.7209,17.302,1.95902,7.10443,2497.046,6874.075,3915.743,0.203163,0.830317,84.064,103.216,0.26646,0.41785,0.918373,C,0.0,-0.041241
8018.519,0.53869,156.529,4.4836,26,0.7873,20.471,1.98726,11.49484,2877.378,5141.141,12900.921,0.025268,0.826033,81.097,102.394,0.35884,1.60889,0.983168,C,0.0,0.038289
7638.447,0.68313,217.191,2.939,16,0.8039,12.862,1.89198,6.11917,1946.478,5691.969,5720.661,0.292561,0.816698,86.769,105.082,0.25483,0.74893,0.890867,C,0.0,-0.030949
9537.164,0.37067,124.442,2.4321,19,0.663,12.598,2.05683,6.43797,4742.381,4794.784,11534.093,0.077224,0.660918,80.314,99.422,0.49725,1.20938,0.896405,C,-0.001,-0.044102
8039.33,0.38644,169.177,1.5603,19,0.868,16.492,1.96423,6.7849,3731.699,4307.631,5822.405,0.072902,0.658056,82.229,101.931,0.46418,0.72424,0.912432,C,0.0,0.007939
9555.304,0.47909,172.578,3.393,24,0.8626,20.702,1.95837,10.74664,3982.742,5572.562,13513.377,0.026371,0.802649,81.744,103.052,0.41681,1.41423,0.977057,C,0.0,0.010387
9584.768,0.63335,156.992,2.9525,18,0.7643,13.757,1.98638,7.05281,2958.214,6626.555,8734.189,0.171672,0.839446,83.048,102.507,0.30864,0.91126,0.916342,C,-0.001,0.03521
10419.003,0.57739,158.056,3.1849,18,0.7932,14.277,1.98437,7.44631,3734.801,6684.203,11895.12,0.12039,0.832742,82.415,102.519,0.35846,1.14168,0.925258,C,-0.001,-0.021125
11342.241,0.4817,142.939,1.2032,22,0.7798,17.155,2.01452,6.56161,4781.146,6561.095,5752.851,0.119593,0.745578,81.757,101.114,0.42153,0.50721,0.895345,C,0.0,-0.042192
10603.313,0.51937,171.251,3.8538,18,0.8672,15.61,1.96064,8.34429,4103.371,6499.942,15813.686,0.073656,0.80074,82.318,102.975,0.38699,1.49139,0.945118,C,0.0,0.041221
10524.876,0.49631,198.105,1.7062,19,0.7999,15.198,1.91827,6.24185,3897.272,6627.604,6649.665,0.153184,0.698078,84.322,103.52,0.37029,0.6318,0.885711,C,0.0,0.016948
9611.127,0.64233,140.539,3.6734,24,0.6863,16.471,2.01964,9.10026,2918.074,6693.053,10719.175,0.086511,0.884654,81.212,101.893,0.30361,1.11529,0.959108,C,0.0,0.033597
11373.545,0.35837,163.162,2.649,24,0.7599,18.238,1.97493,9.01024,5474.468,5899.077,14502.084,0.033101,0.660225,81.469,101.644,0.48133,1.27507,0.955542,C,0.0,0.008844
11169.57,0.61378,179.614,2.9804,26,0.8454,21.981,1.94667,10.96369,3091.574,8077.996,9214.191,0.049469,0.829745,82.31,103.565,0.27679,0.82494,0.977692,C,0.0,0.044809
12221.39,0.3968,195.801,3.5809,19,0.8871,16.855,1.92164,8.60609,5577.776,6643.613,19973.603,0.045614,0.691646,82.825,103.378,0.45639,1.63432,0.947535,C,0.001,-0.005479
12003.448,0.54075,150.413,3.0221,16,0.8297,13.276,1.99918,6.91004,5078.708,6924.739,15348.29,0.120657,0.848854,82.099,102.215,0.4231,1.27866,0.905594,C,0.001,-0.009564
8663.056,0.54674,190.687,2.5431,22,0.7884,17.346,1.92928,8.18153,2912.274,5750.781,7406.282,0.089089,0.778505,83.225,103.729,0.33617,0.85493,0.945222,C,0.001,-0.024103
8116.596,0.60345,133.352,1.2063,26,0.8076,20.997,2.03561,8.1601,2538.725,5577.872,3062.589,0.104661,0.830475,81.116,101.105,0.31278,0.37732,0.945752,C,-0.001,-0.02889
10931.161,0.39325,180.268,1.8706,24,0.7188,17.252,1.94561,7.48242,4509.945,6421.216,8436.381,0.071413,0.619291,82.623,102.206,0.41258,0.77177,0.925077,C,0.0,0.009083
11684.753,0.63259,144.575,2.4458,16,0.6577,10.523,2.01108,5.21849,2535.289,9149.463,6200.769,0.493062,0.671252,86.76,100.717,0.21697,0.53067,0.830883,C,0.001,0.007898
8838.108,0.59001,190.18,3.7143,22,0.7201,15.842,1.93005,8.20699,2720.766,6117.342,10105.755,0.104624,0.805893,83.412,103.887,0.30784,1.14343,0.945411,C,0.0,-0.008417
12240.958,0.40217,192.992,2.7029,19,0.7416,14.091,1.92581,6.74043,5802.742,6438.216,15684.241,0.085562,0.687526,83.257,103.229,0.47404,1.28129,0.899146,C,0.0,0.010974
10541.377,0.54335,168.982,3.399,25,0.6573,16.431,1.96457,8.57331,3670.879,6870.499,12477.194,0.078892,0.791507,82.301,102.803,0.34824,1.18364,0.949438,C,-0.001,0.006155
9580.074,0.48687,151.057,3.5694,16,0.8337,13.338,1.9979,7.2112,3520.609,6059.464,12566.572,0.104842,0.708835,81.917,101.326,0.36749,1.31174,0.920865,C,0.001,-0.017225
10366.027,0.6445,174.734,2.362,22,0.8384,18.446,1.95473,8.68583,3293.643,7072.385,7779.57,0.098092,0.898972,82.772,103.791,0.31773,0.75049,0.951642,C,-0.001,-0.051716
7689.471,0.31256,160.428,2.4865,26,0.7126,18.527,1.97994,9.02552,4045.147,3644.324,10058.248,0.023485,0.633432,81.232,101.327,0.52606,1.30805,0.960473,C,0.0,-0.010662
7351.171,0.60084,164.112,2.1438,25,0.7367,18.417,1.97321,8.53565,1798.975,5552.196,3856.687,0.113942,0.7586,82.573,102.342,0.24472,0.52464,0.953592,C,0.0,0.002889
9274.151,0.51932,165.719,1.7383,17,0.8328,14.157,1.97032,6.09511,3332.044,5942.107,5792.152,0.167479,0.716611,83.343,102.146,0.35928,0.62455,0.884132,C,0.0,0.025461
8602.358,0.34031,158.05,3.111,26,0.8681,22.571,1.98438,11.70541,4311.825,4290.533,13414.163,0.010814,0.671441,80.968,101.454,0.50124,1.55936,0.984073,C,0.0,0.000607
10192.365,0.47142,193.346,1.3604,22,0.7475,16.446,1.92528,6.20907,4423.664,5768.701,6018.038,0.124337,0.737574,83.781,103.575,0.43402,0.59045,0.885527,C,0.0,0.015726
9841.911,0.59208,177.216,2.5696,22,0.7744,17.036,1.9506,8.1938,2826.921,7014.99,7264.023,0.116574,0.783705,83.108,103.148,0.28723,0.73807,0.943447,C,0.0,-0.029562
7000.0,0.55516,162.732,1.3558,23,0.6981,16.057,1.97571,6.29234,2272.383,4727.617,3080.831,0.172036,0.73931,83.286,102.144,0.32463,0.44012,0.899403,C,0.0,0.013794
8610.875,0.60002,189.444,3.9694,18,0.8006,14.411,1.93117,7.57561,2904.062,5706.813,11527.335,0.120284,0.844151,83.594,104.107,0.33726,1.33869,0.932392,C,0.0,-0.026877
10624.845,0.44096,161.025,4.0852,20,0.8464,16.928,1.97884,9.28136,4190.443,6434.402,17118.651,0.044231,0.699324,81.53,101.793,0.3944,1.61119,0.960439,C,-0.0,0.052423
7015.756,0.51031,166.253,3.6823,16,0.8957,14.332,1.96937,7.63853,2366.48,4649.276,8713.976,0.095058,0.721668,82.408,102.206,0.33731,1.24206,0.937167,C,0.0,0.023876
9908.11,0.42707,170.829,2.4573,21,0.6721,14.114,1.96137,6.75794,3766.101,6142.009,9254.516,0.105237,0.624404,82.719,101.79,0.3801,0.93403,0.906336,C,0.0,0.028379
7774.53,0.60535,164.481,1.7642,25,0.708,17.7,1.97254,7.67411,2252.767,5521.763,3974.336,0.132883,0.798111,82.838,102.621,0.28976,0.5112,0.936393,C,0.0,-0.022491
7002.021,0.59933,186.68,3.2367,24,0.7299,17.516,1.93544,8.83655,2211.446,4790.575,7157.796,0.078362,0.839826,82.944,103.955,0.31583,1.02225,0.958706,C,0.0,-0.021525
11495.322,0.6716,180.666,2.3859,25,0.866,21.649,1.94497,10.1485,2398.453,9096.869,5722.434,0.096418,0.823255,82.968,103.571,0.20865,0.49781,0.970046,C,0.0,-0.038675
11537.262,0.43989,202.744,3.6359,17,0.6823,11.598,1.91162,5.89403,5452.564,6084.698,19824.828,0.123743,0.7232,84.086,103.881,0.4726,1.71833,0.867056,C,0.0,-0.044039
9036.4,0.44152,167.205,2.0738,17,0.7736,13.151,1.96769,6.00538,3322.224,5714.176,6889.726,0.142542,0.615348,83.072,101.552,0.36765,0.76244,0.881307,C,-0.0,-0.011899
9022.876,0.60077,206.854,2.1833,21,0.7604,15.969,1.90587,7.06363,3101.542,5921.335,6771.71,0.143172,0.840452,84.474,104.825,0.34374,0.7505,0.918081,C,-0.001,0.0214
12162.149,0.31783,146.414,2.8341,16,0.8807,14.092,2.00727,7.25779,6206.282,5955.867,17588.943,0.052294,0.594521,81.023,100.314,0.51029,1.4462,0.916037,C,-0.0,0.056501
11645.982,0.51587,162.311,3.9132,24,0.8647,20.754,1.97648,11.26186,4975.575,6670.407,19470.243,0.024602,0.882312,81.323,103.067,0.42724,1.67184,0.979625,C,0.0,0.023497
9748.072,0.57364,169.907,2.3975,26,0.7331,19.061,1.96296,9.07178,3139.127,6608.945,7526.206,0.073878,0.811013,82.27,102.977,0.32203,0.77207,0.958527,C,0.0,0.031286
11807.409,0.49227,125.535,3.8351,25,0.6602,16.504,2.05414,9.42356,3719.948,8087.46,14266.459,0.060861,0.690702,80.153,99.689,0.31505,1.20826,0.961049,C,0.001,0.008676
9968.516,0.47722,193.72,2.817,26,0.8972,23.328,1.92472,11.27314,4323.947,5644.569,12180.579,0.021257,0.826512,82.433,104.178,0.43376,1.2219,0.980679,C,0.0,-0.042949
9369.841,0.58785,169.388,3.4961,21,0.8242,17.309,1.96386,9.08356,3108.284,6261.557,10866.855,0.072354,0.843748,82.23,103.167,0.33173,1.15977,0.95917,C,0.0,-0.011944
10934.659,0.33903,143.068,1.5661,24,0.7925,19.019,2.01425,8.12793,5233.171,5701.489,8195.655,0.042346,0.611342,80.743,100.235,0.47859,0.74951,0.940222,C,-0.001,0.013893
9273.009,0.62903,196.127,2.9048,22,0.8645,19.018,1.92116,9.2375,2364.472,6908.537,6868.323,0.09516,0.81175,83.49,104.185,0.25498,0.74068,0.961426,C,0.0,-0.007214
10694.272,0.64119,188.683,1.1521,19,0.7482,14.216,1.93234,5.01303,2884.362,7809.91,3323.06,0.419799,0.722948,87.521,103.273,0.26971,0.31073,0.823414,C,0.0,0.049166
9472.894,0.56009,153.235,3.1869,25,0.8927,22.317,1.99361,11.71987,2662.034,6810.86,8483.585,0.032445,0.766325,81.054,101.824,0.28102,0.89556,0.983721,C,0.0,-0.028782
9706.308,0.31092,176.96,3.4995,24,0.6754,16.209,1.95102,8.42575,5077.828,4628.48,17769.688,0.030864,0.618175,81.967,102.044,0.52315,1.83074,0.94807,C,0.0,-0.047424
9551.043,0.42504,173.527,3.1673,20,0.8953,17.906,1.95676,9.13553,4351.075,5199.968,13781.016,0.037616,0.74922,81.929,102.745,0.45556,1.44288,0.959684,C,0.0,-0.014745
10425.559,0.30431,154.863,1.78,22,0.6969,15.333,1.99045,6.7579,5461.888,4963.671,9721.937,0.055254,0.578372,81.423,100.671,0.52389,0.93251,0.904876,C,-0.0,-0.037624
11002.482,0.37592,188.799,2.4859,17,0.6748,11.472,1.93216,5.38848,5583.638,5418.843,13880.552,0.115736,0.644011,83.511,102.757,0.50749,1.26158,0.843756,C,0.001,0.030607
10445.565,0.45127,133.561,1.4296,24,0.6642,15.942,2.03513,6.66534,4243.688,6201.878,6066.836,0.109204,0.685331,81.186,100.16,0.40627,0.5808,0.901686,C,-0.001,0.003162
8501.013,0.50504,187.294,3.2861,20,0.7492,14.984,1.93448,7.58039,3405.177,5095.836,11189.715,0.084807,0.785852,83.05,103.626,0.40056,1.31628,0.932737,C,0.0,-0.004153
10780.279,0.59005,156.528,3.5636,18,0.8057,14.503,1.98726,7.77765,3383.101,7397.178,12056.129,0.126482,0.802068,82.433,102.236,0.31382,1.11835,0.93273,C,0.0,-0.037521
8496.035,0.57684,192.618,3.204,27,0.7555,20.4,1.92637,10.19334,2316.562,6179.473,7422.191,0.057011,0.771711,82.867,103.769,0.27266,0.87361,0.973052,C,0.0,0.016025
8048.051,0.60533,221.142,3.5359,16,0.7767,12.428,1.88687,6.15112,2256.641,5791.41,7979.24,0.23606,0.749212,86.143,104.79,0.2804,0.99145,0.890654,C,0.0,0.030168
9627.788,0.59373,198.094,1.8115,25,0.6642,16.604,1.91828,6.96912,2631.958,6995.83,4767.798,0.187339,0.746615,84.772,103.839,0.27337,0.49521,0.913743,C,0.0,0.046574
11127.484,0.60049,145.939,2.0774,16,0.891,14.255,2.00825,6.7099,3632.415,7495.069,7546.132,0.181647,0.803479,82.71,101.667,0.32644,0.67815,0.901254,C,0.0,-0.004965
10645.316,0.30569,183.194,1.5127,20,0.6572,13.144,1.94092,5.24751,5034.324,5610.993,7615.631,0.105001,0.485762,83.172,101.46,0.47291,0.7154,0.837561,C,-0.001,-0.049588
10629.359,0.44531,163.156,2.0319,22,0.7702,16.943,1.97494,7.72751,4434.087,6195.272,9009.646,0.072759,0.711954,81.992,101.985,0.41715,0.84762,0.931842,C,0.0,-0.008561
11967.276,0.66684,177.803,3.5314,24,0.8054,19.33,1.94963,10.05735,3364.636,8602.64,11881.989,0.074343,0.898581,82.572,103.934,0.28115,0.99287,0.968656,C,0.0,-0.04766
11645.339,0.45616,201.879,2.3952,25,0.8885,22.213,1.91285,10.16392,5220.601,6424.739,12504.268,0.030446,0.802088,82.826,104.365,0.4483,1.07376,0.970079,C,-0.001,-0.014635
9693.931,0.31467,143.332,1.8015,22,0.7885,17.346,2.01369,7.80792,4906.785,4787.146,8839.712,0.040061,0.596139,80.725,100.15,0.50617,0.91188,0.935558,C,0.0,0.014125
11076.642,0.30002,129.074,3.5407,26,0.8675,22.555,2.04559,12.58756,6194.493,4882.149,21933.09,0.006761,0.672098,79.616,99.793,0.55924,1.98012,0.987397,C,0.0,0.050587
9353.814,0.62447,163.605,4.0035,19,0.7352,13.97,1.97412,7.60215,2452.515,6901.299,9818.586,0.163245,0.788381,83.204,102.513,0.26219,1.04969,0.931459,C,0.0,-0.03759
10059.68,0.42692,162.541,2.1577,23,0.8189,18.835,1.97606,8.76614,4088.565,5971.115,8822.039,0.048939,0.685725,81.653,101.781,0.40643,0.87697,0.95341,C,0.0,0.04547
10647.518,0.42642,147.337,2.0454,20,0.7096,14.192,2.00538,6.63264,4106.165,6541.353,8398.654,0.110616,0.624652,81.833,100.565,0.38565,0.78879,0.89996,C,0.0,0.037844
9729.787,0.62212,170.769,3.1484,23,0.7578,17.43,1.96147,8.91183,3320.942,6408.845,10455.608,0.079901,0.903084,82.382,103.627,0.34132,1.0746,0.956163,C,0.0,0.023124
7966.529,0.62554,168.196,1.373,26,0.804,20.904,1.96594,8.17608,1885.755,6080.774,2589.232,0.141877,0.77553,83.102,102.658,0.23671,0.32501,0.946312,C,0.0,0.014628
10193.839,0.46414,169.233,1.4388,25,0.8313,20.782,1.96413,8.27652,4111.241,6082.597,5915.271,0.063897,0.734672,82.112,102.44,0.40331,0.58028,0.944478,C,0.001,-0.041236
9924.88,0.58927,168.792,3.8621,19,0.6511,12.37,1.9649,6.63704,3252.347,6672.533,12560.841,0.175798,0.79081,83.573,102.789,0.3277,1.26559,0.902238,C,-0.0,-0.027882
9701.434,0.33645,141.058,2.0845,19,0.8293,15.756,2.01852,7.47869,4811.792,4889.643,10030.306,0.049064,0.619266,80.741,100.171,0.49599,1.0339,0.927672,C,-0.001,-0.027955
9188.322,0.64526,192.026,3.1549,24,0.7594,18.225,1.92726,9.07923,2701.425,6486.897,8522.612,0.089249,0.876806,83.273,104.436,0.29401,0.92755,0.959335,C,0.0,0.006963
8246.421,0.62846,181.16,2.09,19,0.8582,16.306,1.94417,7.33264,2179.929,6066.492,4556.053,0.173001,0.792127,83.997,103.388,0.26435,0.55249,0.927231,C,0.0,-0.016264
7780.547,0.62453,156.588,2.3448,21,0.8168,17.152,1.98715,8.25708,1806.693,5973.854,4236.341,0.139525,0.77121,82.607,102.036,0.23221,0.54448,0.948123,C,-0.0,0.010234
10969.661,0.64903,194.99,2.0469,16,0.7479,11.967,1.92283,5.25599,2970.297,7999.364,6079.819,0.391908,0.744502,87.368,103.692,0.27077,0.55424,0.836497,C,0.0,0.013425
11614.759,0.48112,152.635,1.5634,17,0.6684,11.363,1.99478,4.78568,4986.658,6628.101,7795.9,0.220068,0.677515,83.505,101.206,0.42934,0.67121,0.803615,C,0.0,0.051148
10620.816,0.6772,124.681,2.7076,23,0.7139,16.421,2.05624,8.64464,2600.66,8020.156,7041.66,0.136707,0.852457,81.111,100.701,0.24486,0.66301,0.950569,C,0.0,0.050045
9876.596,0.46623,173.037,2.7876,21,0.7706,16.183,1.9576,8.0004,3931.772,5944.824,10960.095,0.070946,0.727666,82.35,102.579,0.39809,1.1097,0.939423,C,0.0,-0.024444
12654.518,0.5692,147.715,3.6711,23,0.7602,17.484,2.00461,9.55623,4009.586,8644.932,14719.586,0.068408,0.801466,81.293,101.753,0.31685,1.16319,0.96192,C,0.0,0.044816
11603.684,0.41622,147.234,2.8145,23,0.8475,19.493,2.00559,10.00965,5249.182,6354.502,14773.795,0.029023,0.736073,80.752,101.295,0.45237,1.2732,0.968456,C,-0.0,-0.039005
9890.051,0.33373,191.816,2.9727,24,0.8249,19.798,1.92757,9.72244,5046.424,4843.627,15001.642,0.021694,0.658841,82.374,102.989,0.51025,1.51684,0.966832,C,0.0,-0.050458
11119.351,0.38642,163.242,1.262,23,0.8263,19.005,1.97478,7.2151,5315.477,5803.874,6707.986,0.066869,0.679086,81.918,101.773,0.47804,0.60327,0.917277,C,0.0,-0.030597
9778.536,0.31653,178.796,2.0255,19,0.669,12.71,1.94801,5.67404,4521.503,5257.033,9158.124,0.093334,0.508501,82.859,101.406,0.46239,0.93655,0.863657,C,0.0,-0.016498
11021.779,0.51911,188.531,3.899,20,0.8988,17.976,1.93258,9.42593,3708.585,7313.194,14459.714,0.058701,0.752588,82.749,103.462,0.33648,1.31192,0.961951,C,0.0,-0.003997
10738.709,0.65693,144.939,3.693,20,0.7562,15.125,2.01032,8.31115,2428.686,8310.023,8969.187,0.161919,0.801599,82.405,101.598,0.22616,0.83522,0.944256,C,0.0,0.023568
11109.896,0.68322,186.188,3.1637,22,0.7467,16.427,1.9362,8.24694,2201.821,8908.076,6965.793,0.198679,0.802982,84.515,103.69,0.19819,0.62699,0.942368,C,-0.001,0.022868
9948.11,0.69305,169.478,2.6857,26,0.6934,18.027,1.96371,8.86469,1856.723,8091.387,4986.508,0.166579,0.813854,83.477,102.974,0.18664,0.50125,0.95514,C,0.0,0.038899
9492.17,0.52676,194.31,0.9934,24,0.6721,16.13,1.92384,5.25942,3124.138,6368.032,3103.39,0.25011,0.662481,85.474,103.121,0.32913,0.32694,0.843727,C,0.0,0.017107
10637.17,0.30159,169.698,1.9053,23,0.8388,19.293,1.96333,8.53598,5934.488,4702.682,11307.004,0.02777,0.647126,81.653,101.885,0.5579,1.06297,0.948628,C,0.0,0.035577
12236.749,0.32742,179.613,3.8826,25,0.8847,22.118,1.94667,11.71573,6492.932,5743.817,25209.623,0.010907,0.685204,81.801,102.611,0.53061,2.06016,0.982324,C,0.0,0.051565
8433.736,0.44987,183.93,1.1476,22,0.7912,17.407,1.93975,6.16287,3754.431,4679.305,4308.71,0.111401,0.721443,83.283,103.049,0.44517,0.51089,0.889764,C,0.0,-0.014391
9215.357,0.64198,166.346,2.4862,17,0.8777,14.921,1.96921,7.21069,2181.655,7033.703,5424.121,0.212256,0.775274,83.959,102.564,0.23674,0.5886,0.921728,C,-0.001,-0.041536
8370.682,0.56169,138.236,1.8864,21,0.8049,16.903,2.02465,7.79238,2821.484,5549.198,5322.568,0.103646,0.794585,81.332,101.162,0.33707,0.63586,0.937803,C,0.0,-0.016651
11251.242,0.40694,149.878,1.2439,22,0.65,14.3,2.00024,5.49575,4903.911,6347.331,6099.822,0.141522,0.612006,82.351,100.623,0.43586,0.54215,0.848423,C,0.0,-0.035529
9689.704,0.54473,149.192,2.8921,27,0.7919,21.38,2.00162,11.02486,3499.016,6190.688,10119.468,0.031526,0.83479,80.87,102.055,0.36111,1.04435,0.979101,C,0.0,0.038046
11281.381,0.50228,160.995,1.7275,27,0.7181,19.388,1.97889,8.38115,4544.577,6736.804,7850.572,0.068903,0.794633,81.855,102.42,0.40284,0.69589,0.944739,C,-0.0,-0.009713
9198.821,0.62369,167.059,3.5133,27,0.7127,19.242,1.96795,10.14051,2560.862,6637.959,8997.054,0.062858,0.840053,82.015,103.028,0.27839,0.97807,0.971943,C,0.0,0.004634
11091.521,0.49876,168.428,2.2471,16,0.7048,11.277,1.96554,5.27389,4651.316,6440.205,10451.854,0.193932,0.718909,83.798,102.296,0.41936,0.94233,0.83694,C,0.0,0.046663
9090.651,0.42671,190.618,3.4822,23,0.7291,16.77,1.92939,8.56259,3864.003,5226.648,13455.305,0.048768,0.70611,82.69,103.248,0.42505,1.48013,0.951421,C,0.0,0.043571
9053.651,0.62049,158.632,2.4713,19,0.6602,12.544,1.98328,6.11499,2801.713,6251.938,6923.975,0.229153,0.795856,83.874,102.306,0.30946,0.76477,0.885714,C,0.0,0.036601
11549.44,0.45664,160.367,3.296,17,0.6789,11.542,1.98005,6.04932,4448.305,7101.135,14661.59,0.149334,0.649145,82.891,101.428,0.38515,1.26946,0.874044,C,0.0,-0.013177
9273.296,0.39097,170.823,2.1319,19,0.7926,15.06,1.96138,6.90589,4359.119,4914.178,9293.208,0.072559,0.673419,82.288,102.114,0.47007,1.00215,0.912761,C,-0.001,-0.013613
9490.705,0.30187,169.022,1.4153,21,0.8249,17.324,1.9645,6.85464,5142.528,4348.177,7278.376,0.049811,0.599967,81.918,101.54,0.54185,0.7669,0.91059,C,0.0,0.041946
11817.648,0.59386,158.595,1.4274,25,0.7512,18.779,1.98335,7.56204,3667.56,8150.087,5235.094,0.143035,0.796733,82.736,102.31,0.31035,0.44299,0.925251,C,0.001,-0.004269
9886.023,0.47567,194.927,3.4904,24,0.6512,15.63,1.92293,7.9436,4271.611,5614.412,14909.521,0.068045,0.7858,83.091,103.962,0.43209,1.50814,0.93819,C,-0.0,0.01784
11800.37,0.47643,172.297,1.3897,16,0.8589,13.743,1.95885,5.37341,3898.347,7902.024,5417.407,0.231786,0.597124,84.445,101.682,0.33036,0.45909,0.83928,C,-0.001,-0.020158
12986.943,0.64465,188.174,3.3,21,0.8274,17.376,1.93312,8.78956,3665.01,9321.933,12094.526,0.114812,0.852963,83.477,104.109,0.28221,0.93128,0.949739,C,-0.0,-0.018261
8970.747,0.37022,183.962,1.6205,16,0.7034,11.255,1.9397,4.6111,4150.368,4820.379,6725.832,0.154413,0.55604,83.852,101.959,0.46266,0.74975,0.807036,C,0.0,-0.044359
9414.314,0.46479,164.108,2.029,19,0.7237,13.751,1.97321,6.26052,4204.809,5209.505,8531.431,0.114284,0.747702,82.578,102.27,0.44664,0.90622,0.89018,C,0.0,-0.020695
7644.353,0.5065,199.037,2.4033,25,0.8802,22.006,1.91692,10.11192,3079.914,4564.438,7401.867,0.033924,0.825382,82.778,104.399,0.4029,0.96828,0.973015,C,0.001,-0.023173
8087.664,0.42733,159.904,1.7297,19,0.6853,13.02,1.98091,5.63956,3323.765,4763.899,5749.107,0.136165,0.630472,82.699,101.281,0.41097,0.71085,0.869048,C,-0.0,0.016066
10758.302,0.30938,178.522,3.0191,23,0.8389,19.295,1.94845,9.66834,6107.119,4651.183,18438.008,0.018904,0.690793,81.867,102.597,0.56767,1.71384,0.965314,C,0.0,-0.050163
10877.284,0.63138,197.36,1.4793,26,0.8419,21.889,1.91935,8.51512,2548.166,8329.118,3769.432,0.140457,0.781573,84.129,104.039,0.23426,0.34654,0.947886,C,0.0,-0.021923
10248.552,0.43002,190.438,1.7069,20,0.8559,17.118,1.92966,7.09561,4102.971,6145.582,7003.506,0.090307,0.656816,83.232,102.915,0.40035,0.68337,0.915924,C,-0.001,0.038742
10664.891,0.40605,154.084,2.9938,18,0.7031,12.655,1.99196,6.53724,4898.899,5765.992,14666.547,0.091481,0.673307,81.869,101.256,0.45935,1.37522,0.89651,C,0.0,0.040036
8829.101,0.46485,175.346,3.8534,20,0.8311,16.622,1.95371,8.83863,3406.233,5422.867,13125.67,0.052714,0.723716,82.196,102.664,0.3858,1.48664,0.956251,C,0.001,0.03582
7340.089,0.64266,174.508,3.6085,25,0.8709,21.773,1.95511,11.43031,1978.813,5361.275,7140.626,0.040153,0.865042,81.999,103.556,0.26959,0.97283,0.983156,C,0.001,-0.00173
11757.567,0.32813,164.374,2.7387,17,0.7811,13.279,1.97273,6.60893,6279.265,5478.302,17196.907,0.064001,0.630871,81.925,101.512,0.53406,1.46262,0.895831,C,0.0,0.029359
10431.198,0.41283,154.551,3.2784,21,0.7835,16.453,1.99105,8.68216,5149.199,5281.999,16881.163,0.040572,0.775726,81.217,101.957,0.49363,1.61833,0.951486,C,0.0,0.014212
12184.858,0.32176,173.711,2.2559,26,0.6866,17.851,1.95645,8.30104,6718.997,5465.86,15157.547,0.034028,0.675466,81.888,102.267,0.55142,1.24397,0.941684,C,0.001,-0.036711
9744.571,0.54288,130.08,2.2077,17,0.8761,14.893,2.04321,7.32401,3217.595,6526.975,7103.455,0.125696,0.748539,81.235,100.361,0.33019,0.72897,0.923548,C,0.001,-0.001456
10837.318,0.37776,198.954,2.0697,18,0.8713,15.683,1.91704,6.88146,5086.236,5751.082,10526.836,0.074219,0.646218,83.307,103.213,0.46933,0.97135,0.907791,C,0.0,-0.04281
9285.584,0.4341,182.962,3.2489,16,0.8163,13.06,1.94129,6.62456,3829.401,5456.184,12441.383,0.101369,0.667629,83.116,102.65,0.4124,1.33986,0.903698,C,-0.001,-0.017203
9944.713,0.36976,181.181,3.3488,19,0.8733,16.592,1.94414,8.49429,4198.977,5745.737,14061.405,0.044718,0.607294,82.304,102.169,0.42223,1.41396,0.948935,C,-0.001,0.03562
9765.633,0.35316,175.769,3.4604,19,0.6713,12.755,1.953,6.62385,4461.287,5304.346,15437.963,0.075562,0.586637,82.513,101.779,0.45684,1.58085,0.902256,C,0.0,0.001558
10578.257,0.48275,147.228,3.8853,18,0.8529,15.352,2.0056,8.49711,3651.214,6927.043,14186.153,0.072708,0.698879,81.328,101.049,0.34516,1.34107,0.948014,C,0.0,0.016214
11776.862,0.35626,163.871,2.526,18,0.6815,12.266,1.97364,5.97442,5417.082,6359.78,13683.758,0.100799,0.573853,82.39,101.11,0.45998,1.16192,0.869856,C,-0.0,0.009575
10890.062,0.53157,230.0,1.2562,17,0.802,13.634,1.87579,4.77513,3928.785,6961.277,4935.472,0.28441,0.671065,87.043,104.609,0.36077,0.45321,0.806976,C,0.0,-0.024835
7000.0,0.63258,155.42,2.1108,24,0.7061,16.946,1.98938,7.90904,2110.066,4889.934,4453.839,0.119883,0.853812,82.3,102.519,0.30144,0.63626,0.942873,C,0.0,0.014629
9807.677,0.65071,202.532,1.724,22,0.8689,19.116,1.91192,7.84107,2192.462,7615.215,3779.818,0.186055,0.784484,84.901,104.277,0.22355,0.38539,0.936082,C,0.0,0.020659
10023.929,0.67122,147.917,3.2004,17,0.744,12.649,2.0042,6.70039,2660.306,7363.623,8514.005,0.24255,0.826085,83.6,101.927,0.2654,0.84937,0.904097,C,0.0,0.025897
11667.037,0.35812,137.208,1.7965,26,0.7373,19.169,2.02692,8.70019,5522.067,6144.97,9920.359,0.037812,0.645964,80.416,100.12,0.4733,0.85029,0.950027,C,0.0,-0.030508
10332.322,0.35463,165.63,2.8593,19,0.8455,16.064,1.97048,8.07242,4904.677,5427.645,14024.127,0.044734,0.63466,81.72,101.6,0.47469,1.35731,0.940121,C,0.0,0.036354
8880.194,0.58679,180.866,2.8046,24,0.8045,19.307,1.94464,9.46569,2495.162,6385.032,6998.048,0.073477,0.787379,82.672,103.343,0.28098,0.78805,0.964816,C,0.0,0.031908
9401.445,0.47185,153.702,2.0436,19,0.7494,14.239,1.9927,6.59198,3618.926,5782.519,7395.579,0.119824,0.692156,82.227,101.36,0.38493,0.78664,0.902247,C,0.0,0.032413
9522.18,0.44482,183.565,1.9339,18,0.7995,14.39,1.94033,6.28755,4480.505,5041.676,8664.861,0.10318,0.748431,83.161,103.21,0.47053,0.90997,0.890855,C,-0.001,0.010991
9002.569,0.32354,178.742,3.4873,27,0.6747,18.216,1.94809,9.44039,4603.821,4398.749,16054.836,0.022543,0.638572,81.923,102.262,0.51139,1.78336,0.964368,C,-0.001,-0.010709
12730.086,0.48657,193.604,1.2503,26,0.6915,17.978,1.92489,6.54148,4877.243,7852.843,6098.175,0.13921,0.702316,83.986,103.354,0.38313,0.47904,0.890387,C,0.0,-0.060337
10767.407,0.48074,161.482,3.9326,25,0.7579,18.948,1.97799,10.30371,4316.449,6450.958,16974.81,0.033311,0.780125,81.404,102.35,0.40088,1.5765,0.972223,C,0.0,-0.015601
9746.851,0.69643,178.519,3.003,27,0.7012,18.932,1.94846,9.47372,1978.303,7768.548,5940.823,0.123625,0.842302,83.249,103.596,0.20297,0.60951,0.963971,C,0.0,-0.031784
11878.685,0.6854,174.409,1.731,26,0.8733,22.707,1.95528,9.65059,2794.023,9084.662,4836.41,0.105045,0.863886,82.852,103.544,0.23521,0.40715,0.963951,C,-0.0,0.040236
12980.05,0.40355,179.067,2.4481,17,0.7432,12.635,1.94756,5.97965,5884.611,7095.44,14405.943,0.119597,0.639053,83.216,102.281,0.45336,1.10985,0.865642,C,-0.001,-0.044863
9945.699,0.5566,175.327,4.1139,23,0.8758,20.143,1.95374,10.85241,2450.15,7495.549,10079.742,0.050545,0.722016,82.166,102.652,0.24635,1.01348,0.977629,C,0.0,0.026925
9996.858,0.37089,137.71,3.5536,17,0.8764,14.899,2.02581,8.20861,4670.788,5326.07,16598.257,0.044868,0.656797,80.532,100.222,0.46723,1.66035,0.943477,C,0.0,0.01895
9488.933,0.4104,151.691,3.2206,25,0.6577,16.443,1.99664,8.67588,4061.651,5427.282,13081.056,0.045317,0.683628,81.159,101.195,0.42804,1.37856,0.952736,C,0.0,-0.045674
7977.903,0.47973,185.582,1.4372,24,0.7488,17.972,1.93715,7.00761,3112.498,4865.405,4473.144,0.099408,0.723031,83.183,103.135,0.39014,0.56069,0.919157,C,0.0,-0.006438
9049.068,0.57868,183.592,2.0126,26,0.8935,23.23,1.94029,10.28679,2868.722,6180.346,5773.642,0.048435,0.824803,82.439,103.716,0.31702,0.63804,0.973466,C,0.0,0.000198
8586.056,0.42071,187.108,2.5413,18,0.8823,15.881,1.93477,7.5216,3862.625,4723.432,9816.163,0.064382,0.712098,82.774,103.131,0.44987,1.14327,0.931155,C,-0.001,0.009617
10640.764,0.67173,192.788,4.2647,21,0.8079,16.966,1.92611,9.00896,1964.821,8675.942,8379.369,0.158389,0.787986,84.211,103.884,0.18465,0.78748,0.956461,C,0.001,-0.006464
10600.856,0.45064,177.509,2.7393,21,0.7718,16.208,1.95012,7.9303,4902.478,5698.378,13429.487,0.061814,0.785157,82.396,103.172,0.46246,1.26683,0.936565,C,0.0,0.006597
11864.887,0.53986,161.202,2.0257,16,0.8769,14.03,1.97851,6.40926,4547.958,7316.929,9212.861,0.157814,0.777331,83.037,102.317,0.38331,0.77648,0.887949,C,0.0,-0.029284
9158.621,0.40645,197.69,2.6313,23,0.7765,17.859,1.91887,8.43401,4448.092,4710.528,11704.325,0.042615,0.750012,82.848,103.845,0.48567,1.27796,0.949078,C,0.001,0.013539
11471.122,0.66543,175.009,2.5312,27,0.7417,20.025,1.95427,9.61746,3302.058,8169.065,8358.18,0.083329,0.90072,82.587,103.816,0.28786,0.72863,0.963953,C,-0.001,0.031295
8423.676,0.44918,174.837,1.4215,27,0.8935,24.123,1.95456,9.49028,3546.391,4877.286,5041.187,0.03669,0.749114,81.965,102.807,0.421,0.59845,0.965612,C,-0.001,-0.013525
9779.216,0.57771,157.628,2.9099,25,0.7212,18.029,1.98518,9.20071,2970.931,6808.285,8645.054,0.075457,0.796876,81.804,102.26,0.3038,0.88402,0.960319,C,0.0,0.014417
11802.848,0.63698,166.761,3.3876,22,0.6631,14.588,1.96847,7.62807,3315.186,8487.662,11230.435,0.165572,0.8211,83.359,102.888,0.28088,0.9515,0.92699,C,0.0,0.056874
11807.055,0.43611,143.462,2.2078,26,0.741,19.265,2.01341,9.27934,5636.127,6170.928,12443.245,0.037428,0.800241,80.696,101.505,0.47735,1.05388,0.959033,C,0.0,-0.003799
11447.028,0.52368,147.612,2.5078,25,0.683,17.076,2.00482,8.49127,3702.718,7744.309,9285.843,0.086496,0.732706,81.527,101.294,0.32347,0.8112,0.946574,C,0.001,0.007657
13000.0,0.61662,165.71,2.9858,17,0.8879,15.095,1.97034,7.66904,3385.67,9614.33,10108.833,0.176208,0.771709,83.458,102.509,0.26044,0.7776,0.925577,C,0.0,0.012871
11435.413,0.51286,134.663,1.2976,20,0.8711,17.421,2.03262,6.97883,4523.797,6911.615,5869.962,0.117558,0.771592,81.349,100.796,0.3956,0.51331,0.909321,C,0.001,0.010542
9406.066,0.60003,175.396,2.3397,16,0.8828,14.125,1.95362,6.62688,2797.316,6608.751,6544.829,0.19486,0.771524,84.074,102.982,0.29739,0.69581,0.90342,C,-0.001,0.02678
9577.103,0.50985,152.966,3.0068,24,0.7656,18.374,1.99413,9.51688,3445.506,6131.597,10360.002,0.050036,0.768234,81.275,101.822,0.35976,1.08175,0.964693,C,0.0,-0.014663
8724.038,0.6518,165.166,3.8899,27,0.6624,17.886,1.97131,9.65676,2010.378,6713.66,7820.243,0.09263,0.819247,82.334,102.795,0.23044,0.8964,0.967251,C,0.0,-0.03916
10424.735,0.31094,181.781,3.729,18,0.8156,14.681,1.94317,7.69043,5240.989,5183.745,19543.624,0.042448,0.582393,82.296,102.033,0.50275,1.87474,0.931368,C,0.001,0.020798
9500.928,0.30628,149.071,2.3973,17,0.8514,14.473,2.00186,7.08858,4863.02,4637.909,11657.909,0.049311,0.575725,81.099,100.339,0.51185,1.22703,0.917593,C,-0.001,-0.01631
9204.784,0.44076,169.948,1.3011,19,0.8491,16.133,1.96289,6.15191,3850.577,5354.207,5009.883,0.119425,0.671858,82.873,102.06,0.41832,0.54427,0.886655,C,0.0,-0.021369
8489.01,0.6112,163.98,2.9367,27,0.8617,23.266,1.97344,11.79839,2793.806,5695.204,8204.549,0.02853,0.897031,81.441,103.249,0.32911,0.96649,0.984638,C,0.0,0.001087
7439.665,0.3029,182.878,2.7978,17,0.7133,12.125,1.94142,5.92609,3506.869,3932.796,9811.548,0.074548,0.506518,82.759,101.582,0.47137,1.31882,0.883987,C,0.0,0.012494
13000.0,0.34902,194.567,1.2391,25,0.6869,17.174,1.92346,6.21656,5898.864,7101.136,7309.103,0.095173,0.559887,83.437,102.456,0.45376,0.56224,0.876266,C,0.0,0.013685
11247.358,0.33643,202.115,3.8482,24,0.8529,20.468,1.91251,10.53454,5446.003,5801.355,20957.122,0.018052,0.635298,82.67,103.275,0.4842,1.86329,0.974018,C,0.0,0.048177
7000.0,0.66442,193.581,3.2093,27,0.8215,22.18,1.92493,11.07442,1919.104,5080.896,6158.972,0.045724,0.898109,82.751,104.645,0.27416,0.87985,0.981133,C,0.0,-0.007537
11079.316,0.68474,174.843,2.403,16,0.6623,10.597,1.95455,5.01463,2854.789,8224.526,6859.998,0.474314,0.757783,87.742,102.865,0.25767,0.61917,0.821516,C,0.001,-0.021538
9147.199,0.33246,140.405,2.2983,19,0.8291,15.752,2.01993,7.71722,4579.136,4568.064,10524.291,0.043446,0.622174,80.637,100.152,0.50061,1.15055,0.934581,C,-0.001,0.001986
7008.756,0.59734,176.846,1.6755,20,0.8749,17.498,1.95121,7.32468,2402.498,4606.258,4025.336,0.122178,0.845172,83.168,103.537,0.34279,0.57433,0.929888,C,0.0,-0.002378
10140.173,0.39273,205.639,3.5396,27,0.8695,23.478,1.90756,11.82247,4058.918,6081.255,14366.837,0.015722,0.644371,82.753,103.481,0.40028,1.41682,0.983976,C,0.0,-0.048532
10557.941,0.354,169.762,1.6806,22,0.8467,18.627,1.96321,7.87805,5273.198,5284.743,8862.135,0.045733,0.661593,81.893,101.983,0.49945,0.83938,0.935476,C,0.0,0.002974
10739.202,0.33121,158.681,1.2404,25,0.6799,16.997,1.98319,6.44328,5663.171,5076.031,7024.394,0.06732,0.625629,81.74,101.185,0.52734,0.65409,0.892817,C,-0.0,-0.025776
11790.296,0.5714,145.981,2.1655,25,0.8494,21.235,2.00816,10.12812,3585.805,8204.491,7764.945,0.05716,0.796145,81.068,101.621,0.30413,0.65859,0.969576,C,0.0,0.046033
8714.932,0.5093,178.984,1.4592,21,0.7875,16.538,1.9477,6.54174,3509.292,5205.64,5120.59,0.123191,0.769585,83.26,103.138,0.40268,0.58757,0.9026,C,0.0,0.019217
9893.591,0.67832,175.528,2.1478,22,0.8336,18.339,1.9534,8.37828,2185.484,7708.106,4693.943,0.163052,0.824413,83.659,103.337,0.2209,0.47444,0.946901,C,0.001,0.010318
10997.616,0.59578,152.396,1.5515,16,0.8478,13.566,1.99525,5.69804,3444.71,7552.906,5344.38,0.266636,0.745893,84.11,101.644,0.31322,0.48596,0.85982,C,0.0,0.01625
10819.959,0.42685,125.943,2.3486,23,0.6564,15.098,2.05313,7.61739,4891.03,5928.929,11487.31,0.067264,0.723481,80.259,99.932,0.45204,1.06168,0.928766,C,0.0,0.041775
10682.976,0.3549,159.609,2.2177,18,0.7698,13.857,1.98146,6.53082,4987.397,5695.579,11060.521,0.078892,0.596594,81.931,101.042,0.46685,1.03534,0.896222,C,0.0,-0.0258
10100.539,0.59358,164.19,3.5129,25,0.6747,16.869,1.97307,8.9235,3194.182,6906.357,11220.991,0.082865,0.829786,82.166,102.816,0.31624,1.11093,0.955852,C,0.0,-0.006301
11967.583,0.39689,171.151,2.9006,27,0.7559,20.409,1.96082,10.21946,5184.687,6782.896,15038.857,0.027131,0.679524,81.7,102.17,0.43323,1.25663,0.970385,C,0.0,0.007652
8238.568,0.30137,166.027,3.1564,18,0.8171,14.708,1.96978,7.57176,4526.019,3712.549,14286.011,0.036705,0.624027,81.629,101.55,0.54937,1.73404,0.93309,C,0.0,-0.001104
7822.251,0.46317,171.89,3.0783,25,0.8462,21.154,1.95955,10.74128,2995.259,4826.993,9220.398,0.026338,0.734228,81.718,102.567,0.38292,1.17874,0.978225,C,-0.001,0.029448
12530.399,0.54266,153.858,3.0762,20,0.8165,16.329,1.9924,8.49485,4307.588,8222.811,13251.072,0.086854,0.781434,81.799,101.958,0.34377,1.05751,0.944978,C,0.0,0.030982
10618.576,0.47398,159.944,1.6611,24,0.8011,19.226,1.98083,8.2033,4098.706,6519.87,6808.545,0.070833,0.727419,81.838,101.922,0.38599,0.64119,0.942316,C,-0.0,-0.008305
12099.541,0.61802,174.357,1.258,25,0.7296,18.24,1.95537,6.81461,3529.469,8570.071,4440.043,0.207371,0.78714,84.2,103.035,0.2917,0.36696,0.902122,C,0.001,0.003126
10458.84,0.56356,180.18,1.9637,17,0.7759,13.19,1.94575,5.81745,2891.481,7567.359,5678.125,0.269754,0.675819,85.238,102.575,0.27646,0.5429,0.867667,C,0.0,0.030313
9457.875,0.68869,146.547,2.1837,27,0.8047,21.726,2.007,10.38128,2534.155,6923.72,5533.952,0.066815,0.916303,81.221,102.446,0.26794,0.58512,0.974005,C,0.0,-0.00104
9859.051,0.64137,134.054,1.6878,26,0.8571,22.283,2.034,9.93505,2481.092,7377.959,4187.646,0.078398,0.830695,80.803,101.149,0.25166,0.42475,0.969239,C,0.0,-0.046762
10193.054,0.50677,180.473,3.9696,18,0.8652,15.574,1.94528,8.27762,3746.519,6446.535,14872.151,0.076519,0.756811,82.698,103.123,0.36756,1.45905,0.944501,C,0.0,0.045488
9787.705,0.55238,170.838,3.0066,17,0.8489,14.431,1.96135,7.29512,2843.254,6944.451,8548.482,0.147045,0.718343,83.271,102.411,0.29049,0.87339,0.922671,C,0.0,-0.051561
10436.316,0.61554,198.198,3.8739,25,0.7471,18.678,1.91813,9.6696,3037.366,7398.949,11766.345,0.072635,0.838415,83.261,104.45,0.29104,1.12744,0.965657,C,0.001,-0.038955
9802.828,0.5959,185.03,2.9556,19,0.6758,12.839,1.93802,6.34762,3545.991,6256.838,10480.449,0.177564,0.832992,84.195,103.835,0.36173,1.06913,0.892213,C,-0.001,-0.03114
11866.349,0.40698,181.976,3.0524,19,0.6641,12.618,1.94286,6.31249,5147.56,6718.789,15712.55,0.10875,0.635467,83.178,102.392,0.43379,1.32413,0.884084,C,0.0,0.000877
11104.595,0.66988,159.983,2.1482,17,0.8569,14.568,1.98076,6.79406,1996.92,9107.675,4289.868,0.35693,0.738502,85.616,101.998,0.17983,0.38631,0.904183,C,0.0,-0.05076
12494.83,0.67832,182.159,2.7834,20,0.846,16.919,1.94257,8.26522,1964.108,10530.722,5466.876,0.257045,0.756897,85.142,103.202,0.15719,0.43753,0.940433,C,0.0,-0.042945
8897.863,0.51166,179.35,1.0555,19,0.827,15.714,1.9471,5.37673,3055.698,5842.165,3225.232,0.219417,0.664508,84.544,102.462,0.34342,0.36247,0.852729,C,0.0,0.043115
10465.874,0.49219,160.286,1.1892,20,0.703,14.06,1.9802,5.21822,4439.317,6026.557,5279.452,0.189425,0.715221,83.417,101.86,0.42417,0.50444,0.836754,C,0.0,-0.039223
12037.658,0.31434,127.703,2.3431,17,0.8437,14.344,2.04887,7.21094,6272.38,5765.278,14696.892,0.051309,0.600507,80.136,99.234,0.52106,1.22091,0.914948,C,0.0,-0.001926
10567.306,0.69916,133.693,3.9316,20,0.7803,15.605,2.03483,8.83802,2105.836,8461.471,8279.254,0.161824,0.832894,81.887,101.142,0.19928,0.78348,0.953876,C,-0.001,-0.045569
7372.312,0.50271,179.717,4.0533,25,0.837,20.924,1.9465,11.17844,2840.664,4531.649,11513.986,0.024026,0.802779,81.978,103.392,0.38532,1.56179,0.981585,C,-0.001,-0.02748
10681.212,0.45076,210.503,2.1834,22,0.6528,14.362,1.90088,6.32722,4492.324,6188.888,9808.556,0.119433,0.691257,84.277,103.988,0.42058,0.9183,0.888563,C,0.0,0.019237
10563.978,0.37078,190.225,3.4102,22,0.6964,15.32,1.92998,7.78923,5735.834,4828.144,19560.135,0.045461,0.757249,82.633,103.568,0.54296,1.85159,0.933427,C,0.0,0.047798
9836.788,0.47968,165.689,1.2201,20,0.8578,17.156,1.97038,6.39485,3166.193,6670.595,3863.167,0.158162,0.632292,83.219,101.588,0.32187,0.39273,0.893872,C,0.0,-0.024803
9468.118,0.63373,172.1,2.4628,16,0.674,10.785,1.95919,5.15849,2419.126,7048.992,5957.907,0.401255,0.713518,86.675,102.44,0.2555,0.62926,0.838226,C,0.0,-0.038657
8889.85,0.52394,169.951,1.3902,16,0.6557,10.491,1.96289,4.11537,3085.187,5804.664,4289.098,0.345646,0.618697,85.859,101.71,0.34705,0.48247,0.77105,C,-0.001,0.03726
11700.425,0.37596,146.278,1.2519,24,0.8765,21.036,2.00755,8.15021,5629.633,6070.792,7047.791,0.047382,0.680656,80.952,100.875,0.48115,0.60235,0.939361,C,0.0,0.027513
11157.883,0.64201,176.495,1.6628,25,0.7704,19.26,1.95179,8.04318,3623.395,7534.488,6025.136,0.122532,0.89183,83.16,103.828,0.32474,0.53999,0.938021,C,0.0,0.008196
10480.789,0.39065,156.121,3.0954,26,0.7916,20.582,1.98804,10.68954,4446.306,6034.482,13763.313,0.022159,0.662157,81.039,101.291,0.42423,1.31319,0.975936,C,0.001,0.020031
11741.902,0.63793,161.341,3.6803,21,0.8416,17.674,1.97825,9.48097,3522.83,8219.072,12964.942,0.081023,0.876636,82.029,102.979,0.30002,1.10416,0.961895,C,0.0,-0.053114
12116.118,0.51999,192.988,1.4962,19,0.7372,14.007,1.92581,5.50212,4419.591,7696.528,6612.72,0.220987,0.691685,85.044,103.257,0.36477,0.54578,0.844979,C,-0.001,0.015073
8762.897,0.48914,202.011,2.2209,25,0.7384,18.46,1.91266,8.25429,3202.716,5560.181,7112.81,0.07169,0.729596,83.375,103.893,0.36549,0.8117,0.946433,C,0.0,-0.005088
8651.37,0.59453,177.333,1.3404,20,0.7132,14.264,1.95041,5.45745,2203.338,6448.033,2953.298,0.331662,0.68436,85.951,102.498,0.25468,0.34137,0.857926,C,-0.001,-0.040346
8533.069,0.52027,143.208,1.7536,17,0.8099,13.768,2.01395,6.13843,3130.298,5402.771,5489.326,0.158177,0.730064,82.279,101.027,0.36684,0.6433,0.888469,C,0.0,-0.009945
11245.735,0.47758,165.186,2.0472,17,0.7244,12.314,1.97128,5.61469,4325.535,6920.2,8855.267,0.180502,0.663277,83.494,101.767,0.38464,0.78743,0.854627,C,0.0,-0.039093
10148.288,0.44782,148.067,2.907,17,0.6966,11.843,2.00389,6.12489,3830.256,6318.032,11134.531,0.139698,0.634609,82.249,100.672,0.37743,1.09718,0.882259,C,0.0,0.04726
11943.738,0.56803,202.032,3.23,21,0.8394,17.628,1.91263,8.72875,3994.064,7949.674,12900.939,0.084707,0.810867,83.547,104.43,0.33441,1.08014,0.950132,C,0.0,-0.05199
10689.748,0.48931,138.948,1.0874,21,0.7459,15.664,2.02309,5.74953,4156.436,6533.312,4519.536,0.171704,0.69137,82.264,100.523,0.38882,0.42279,0.863558,C,0.0,-0.012011
10305.362,0.58045,159.617,1.0884,20,0.7113,14.226,1.98144,5.06979,2718.824,7586.538,2959.176,0.376518,0.653538,85.86,101.418,0.26383,0.28715,0.828866,C,0.0,-0.029673
8318.002,0.6853,134.842,2.5454,24,0.7644,18.345,2.03222,9.33987,1909.304,6408.698,4859.875,0.107857,0.857335,81.229,101.373,0.22954,0.58426,0.963874,C,0.0,-0.006131
9834.671,0.30058,179.99,1.9991,23,0.7382,16.978,1.94606,7.53502,4648.166,5186.505,9292.315,0.045283,0.52938,82.268,101.6,0.47263,0.94485,0.928798,C,0.0,-0.009509
12953.899,0.368,159.069,1.0469,22,0.7451,16.393,1.98247,5.73787,5636.555,7317.345,5901.184,0.123577,0.55628,82.498,100.747,0.43512,0.45555,0.853883,C,-0.001,-0.006402
9186.577,0.31261,135.631,3.8662,25,0.8785,21.963,2.03044,12.35873,4766.466,4420.112,18428.247,0.007774,0.641329,79.945,99.995,0.51885,2.006,0.987097,C,-0.001,0.01532
8909.238,0.68621,141.731,1.3408,18,0.8499,15.299,2.01708,6.14861,2319.364,6589.873,3109.798,0.296394,0.823403,84.036,101.558,0.26033,0.34905,0.887554,C,0.001,0.041437
10351.297,0.39307,142.765,2.9922,22,0.8948,19.685,2.01489,10.33633,4019.361,6331.936,12026.801,0.02746,0.625148,80.533,100.309,0.3883,1.16186,0.972873,C,0.0,0.015532
11978.902,0.43202,146.545,3.8113,19,0.7762,14.748,2.007,8.13862,4986.882,6992.02,19006.555,0.063686,0.694726,81.179,100.983,0.41631,1.58667,0.938631,C,0.0,-0.007412
10147.177,0.62855,154.777,3.5675,25,0.6929,17.323,1.99062,9.31463,2925.37,7221.807,10436.125,0.084056,0.849112,81.8,102.453,0.28829,1.02848,0.961447,C,0.0,-0.009783
8523.227,0.40027,138.592,1.6881,24,0.8086,19.406,2.02387,8.59196,3591.945,4931.282,6063.641,0.044869,0.659143,80.573,100.29,0.42143,0.71143,0.952759,C,0.0,0.00508
9721.558,0.31678,148.304,1.8785,16,0.8255,13.208,2.00341,5.98917,4800.985,4920.574,9018.418,0.078189,0.54957,81.447,100.124,0.49385,0.92767,0.878105,C,-0.001,0.011074
9898.498,0.49882,161.329,1.2852,27,0.773,20.87,1.97828,8.00765,4082.635,5815.863,5247.159,0.073124,0.797652,81.924,102.458,0.41245,0.5301,0.939537,C,0.0,-0.004583
10416.129,0.37422,186.283,3.3935,19,0.8263,15.699,1.93605,8.01103,4650.853,5765.276,15782.615,0.051403,0.63464,82.574,102.583,0.4465,1.51521,0.938668,C,0.0,-0.018763
12394.282,0.35401,168.218,1.5211,22,0.8455,18.6,1.96591,7.58569,5705.629,6688.653,8678.826,0.057944,0.606565,81.995,101.544,0.46034,0.70023,0.924651,C,0.0,-0.010003
13000.0,0.31839,210.885,1.1167,21,0.7687,16.142,1.90036,5.46765,6759.663,6240.337,7548.317,0.098471,0.556616,84.012,103.115,0.51997,0.58064,0.839185,C,0.0,-0.032195
12586.496,0.50062,190.41,1.4397,19,0.6929,13.165,1.9297,5.10698,4776.368,7810.128,6876.362,0.237957,0.661261,85.18,102.943,0.37948,0.54633,0.819624,C,0.0,-0.051624
11148.392,0.67735,175.795,1.7866,21,0.6817,14.316,1.95296,6.14346,2533.873,8614.519,4526.908,0.359026,0.770981,86.256,102.997,0.22729,0.40606,0.879528,C,0.0,0.00656
10051.181,0.60306,210.305,3.3708,17,0.7692,13.076,1.90115,6.47892,3429.186,6621.995,11559.166,0.18333,0.820409,85.114,104.833,0.34117,1.15003,0.896283,C,0.0,0.048249
8996.863,0.63656,165.305,2.4874,19,0.716,13.604,1.97106,6.58423,2293.991,6702.871,5706.112,0.241681,0.771698,84.307,102.489,0.25498,0.63423,0.903193,C,0.001,0.036927
11048.866,0.38755,200.194,3.5128,17,0.7026,11.945,1.91525,6.04217,5012.181,6036.685,17606.674,0.106328,0.621051,83.772,103.1,0.45364,1.59353,0.875541,C,0.0,-0.036419
12008.859,0.44697,152.738,1.4448,16,0.6712,10.738,1.99458,4.38162,4203.502,7805.357,6073.43,0.29212,0.530358,84.461,100.24,0.35003,0.50575,0.771232,C,0.0,0.039175
11915.068,0.61656,147.167,3.3227,27,0.7879,21.273,2.00573,11.38096,3364.379,8550.689,11178.882,0.043002,0.842234,80.933,101.992,0.28236,0.93821,0.980307,C,0.0,-0.001699
9752.017,0.45268,175.571,3.8194,16,0.6898,11.036,1.95333,5.85606,4671.406,5080.611,17841.953,0.120798,0.757838,83.103,102.9,0.47902,1.82957,0.872175,C,0.0,-0.033525
11059.043,0.59908,152.237,1.4604,21,0.8023,16.848,1.99556,6.90923,3097.18,7961.864,4523.0,0.196607,0.755649,83.179,101.7,0.28006,0.40899,0.908091,C,-0.001,-0.050358
10354.842,0.67328,149.148,3.5405,27,0.835,22.544,2.00171,12.19992,2885.408,7469.434,10215.646,0.034144,0.920181,80.902,102.616,0.27865,0.98656,0.985869,C,0.0,-0.042597
9992.984,0.66478,163.154,2.1444,27,0.8242,22.252,1.97494,10.32738,2447.046,7545.938,5247.401,0.073088,0.856657,81.996,102.94,0.24488,0.52511,0.973077,C,0.0,0.005596
10359.112,0.4447,155.291,2.291,17,0.6739,11.456,1.98963,5.48616,4283.314,6075.798,9813.083,0.15935,0.645869,82.815,101.14,0.41348,0.94729,0.851837,C,-0.0,-0.018558
10425.427,0.68064,194.063,1.6367,27,0.8407,22.699,1.92421,9.22205,2855.603,7569.824,4673.813,0.09978,0.899763,83.481,104.677,0.27391,0.44831,0.959846,C,0.0,-0.016986
9953.293,0.62243,207.391,3.8885,24,0.8453,20.287,1.90513,10.40107,3011.625,6941.668,11710.597,0.053908,0.869082,83.313,105.036,0.30258,1.17656,0.973794,C,0.0,-0.001227
11590.399,0.57881,192.035,2.3064,17,0.8464,14.388,1.92724,6.58482,3236.282,8354.117,7464.248,0.216729,0.719077,84.956,103.396,0.27922,0.644,0.895449,C,-0.0,-0.010706
10162.08,0.56682,175.102,2.1651,23,0.7237,16.645,1.95411,7.6281,3152.291,7009.789,6824.953,0.127178,0.764526,83.17,102.921,0.3102,0.67161,0.9304,C,0.0,0.002176
10046.819,0.62991,157.22,2.0785,19,0.7606,14.451,1.98595,6.69432,2845.325,7201.494,5914.123,0.213907,0.794267,83.615,102.221,0.28321,0.58866,0.903827,C,0.0,0.047787
11530.964,0.48625,159.427,1.212,26,0.8658,22.511,1.9818,8.43676,3974.406,7556.558,4817.002,0.077009,0.701487,81.898,101.724,0.34467,0.41774,0.945413,C,0.0,0.039012
11102.869,0.43463,178.905,2.2172,16,0.8826,14.121,1.94783,6.48829,4982.926,6119.943,11048.287,0.103269,0.704432,82.994,102.705,0.4488,0.99508,0.893366,C,0.0,-0.025519
11852.404,0.40466,122.212,3.8904,25,0.723,18.074,2.06242,10.40826,5323.188,6529.216,20709.39,0.024896,0.714274,79.509,99.627,0.44912,1.74727,0.972369,C,0.0,0.018485
9084.395,0.4418,194.011,1.9768,21,0.8432,17.708,1.92429,7.69719,3260.893,5823.502,6446.022,0.080927,0.64387,83.23,102.986,0.35896,0.70957,0.934248,C,0.0,0.01319
12081.786,0.40426,123.317,3.3212,22,0.6852,15.073,2.05963,8.37056,5252.969,6828.817,17446.069,0.052765,0.674646,79.933,99.439,0.43478,1.444,0.943251,C,0.0,-0.024175
10179.176,0.34498,148.189,2.9177,27,0.8115,21.911,2.00365,11.34044,4815.096,5364.079,14049.072,0.01385,0.642216,80.593,100.729,0.47303,1.38018,0.981009,C,0.001,0.025698
8563.424,0.66093,159.463,1.8726,17,0.6851,11.647,1.98173,5.19322,2253.357,6310.066,4219.652,0.390351,0.757556,86.036,102.096,0.26314,0.49275,0.844589,C,0.001,-0.004693
10411.361,0.57955,178.25,1.6521,17,0.7891,13.415,1.9489,5.57602,2937.89,7473.471,4853.831,0.295337,0.691277,85.506,102.587,0.28218,0.46621,0.856201,C,0.0,-0.001964
8207.116,0.59584,164.37,2.8667,24,0.7241,17.377,1.97274,8.75324,2456.749,5750.366,7042.727,0.087989,0.812808,82.241,102.713,0.29934,0.85812,0.955795,C,0.001,0.017622
8715.733,0.31508,181.074,2.5197,21,0.8259,17.343,1.94431,8.25519,4007.652,4708.08,10098.052,0.03664,0.552093,82.193,101.8,0.45982,1.1586,0.946529,C,0.001,0.014773
9699.324,0.68391,154.368,2.9314,23,0.882,20.286,1.99141,10.41966,2280.942,7418.382,6686.364,0.075139,0.871085,81.665,102.577,0.23517,0.68936,0.974163,C,0.0,0.035691
12124.779,0.67164,198.146,3.8446,20,0.8209,16.417,1.91821,8.48661,2986.202,9138.577,11480.762,0.148777,0.842495,84.265,104.474,0.24629,0.94688,0.945444,C,0.0,0.002963
8340.385,0.30637,144.972,1.2558,26,0.8059,20.953,2.01026,8.14494,4120.609,4219.776,5174.559,0.034059,0.572283,80.719,100.086,0.49406,0.62042,0.945076,C,0.0,-0.006138
11146.671,0.57774,180.734,1.5813,20,0.6665,13.33,1.94486,5.432,3795.15,7351.52,6001.238,0.262216,0.74063,85.159,103.029,0.34047,0.53839,0.845472,C,0.001,-0.027606
10083.589,0.36675,146.238,3.4298,27,0.8991,24.276,2.00763,13.09986,4940.097,5143.492,16943.367,0.007658,0.711637,80.426,101.078,0.48991,1.68029,0.98977,C,0.0,0.025787
12387.873,0.45983,185.345,1.4532,19,0.7009,13.317,1.93752,5.21757,5086.817,7301.057,7392.16,0.193243,0.64556,84.413,102.612,0.41063,0.59673,0.827432,C,-0.001,0.053507
11056.501,0.49354,157.667,1.0037,24,0.771,18.503,1.9851,6.35521,4251.135,6805.366,4266.813,0.143212,0.712387,82.7,101.704,0.38449,0.38591,0.888432,C,0.0,-0.042311
10871.099,0.32133,164.987,1.2087,17,0.8673,14.744,1.97163,5.47741,5969.738,4901.361,7215.464,0.088286,0.605175,82.269,101.374,0.54914,0.66373,0.849124,C,0.0,-0.015191
12870.272,0.55905,193.399,2.0065,17,0.7601,12.921,1.9252,5.64872,4875.428,7994.844,9782.621,0.221959,0.764608,85.071,103.756,0.37881,0.76009,0.849599,C,0.0,0.058757
8629.633,0.66641,169.752,2.0792,27,0.6639,17.925,1.96323,8.16509,2261.928,6367.705,4703.111,0.139928,0.853428,83.136,103.249,0.26211,0.545,0.944964,C,0.0,-0.011076
9479.002,0.51027,160.353,1.8066,23,0.7612,17.507,1.98008,7.69842,3665.654,5813.348,6622.371,0.087778,0.776673,82.078,102.269,0.38671,0.69864,0.933477,C,0.0,0.016143
7933.822,0.37679,169.78,2.4783,18,0.6678,12.02,1.96318,5.77701,3688.363,4245.459,9140.807,0.100654,0.616684,82.619,101.688,0.46489,1.15213,0.87581,C,0.0,0.029664
8923.744,0.46081,134.356,3.3473,25,0.8861,22.152,2.03332,12.10432,3284.675,5639.07,10994.907,0.017516,0.719015,80.014,100.43,0.36808,1.2321,0.986009,C,-0.001,0.040189
11098.441,0.43596,169.015,2.8252,18,0.7617,13.71,1.96451,6.83767,4465.398,6633.042,12615.732,0.102232,0.660635,82.61,101.94,0.40234,1.13671,0.905652,C,0.001,-0.049932
9915.139,0.41967,150.787,2.0904,25,0.7069,17.672,1.99843,8.27605,4146.226,5768.913,8667.34,0.055266,0.681568,81.252,101.132,0.41817,0.87415,0.944931,C,0.0,0.034562
10657.61,0.37926,155.951,2.3988,21,0.8257,17.339,1.98836,8.41086,4436.773,6220.838,10643.023,0.048926,0.614854,81.385,100.97,0.4163,0.99863,0.946296,C,-0.001,0.024485
9562.909,0.35096,167.284,2.3918,22,0.6697,14.734,1.96755,7.03178,4979.871,4583.038,11910.784,0.05676,0.670631,81.943,101.921,0.52075,1.24552,0.91578,C,0.0,0.013708
9049.329,0.51936,146.326,2.2995,21,0.6876,14.441,2.00745,7.01325,3293.357,5755.973,7573.064,0.119081,0.748384,81.901,101.325,0.36393,0.83686,0.916555,C,-0.001,0.005167
10321.697,0.6613,167.233,3.467,16,0.8292,13.266,1.96764,6.9691,2434.673,7887.024,8440.982,0.246919,0.789212,84.451,102.701,0.23588,0.81779,0.911926,C,0.0,0.037219
8945.454,0.31659,192.235,4.1866,25,0.6788,16.97,1.92694,8.98494,4413.519,4531.935,18477.676,0.026768,0.598832,82.455,102.611,0.49338,2.06559,0.958284,C,-0.0,0.032505
8463.802,0.62368,176.236,3.8014,21,0.6967,14.631,1.95222,7.74924,2476.065,5987.737,9412.614,0.135009,0.825751,83.315,103.379,0.29255,1.1121,0.936671,C,0.0,0.033156
7745.703,0.43118,189.666,1.2645,24,0.8001,19.202,1.93084,7.05487,3319.24,4426.463,4197.13,0.079416,0.694957,83.062,103.132,0.42853,0.54187,0.921073,C,0.0,-0.009991
9789.47,0.54424,175.97,1.2648,22,0.758,16.677,1.95267,6.23248,3145.094,6644.376,3977.97,0.190025,0.711912,84.031,102.615,0.32127,0.40635,0.887826,C,-0.0,-0.036341
10643.785,0.30967,158.26,1.4432,20,0.7075,14.149,1.98398,5.72615,5567.047,5076.738,8034.326,0.081337,0.560056,81.908,100.73,0.52303,0.75484,0.862622,C,0.0,-0.003578
8018.133,0.30885,160.533,1.2654,24,0.7201,17.282,1.97974,6.59305,4562.691,3455.443,5773.7,0.050795,0.649603,81.597,101.439,0.56905,0.72008,0.906413,C,-0.001,-0.027651
9778.045,0.61999,146.168,2.5048,20,0.846,16.92,2.00778,8.42875,2904.835,6873.21,7276.079,0.108496,0.836158,81.754,101.895,0.29708,0.74412,0.948012,C,0.0,0.037614
7075.763,0.37714,145.774,1.1351,21,0.8159,17.134,2.00859,6.35269,3385.948,3689.815,3843.249,0.077821,0.651814,81.332,100.657,0.47853,0.54316,0.901259,C,0.0,-0.017676
8650.499,0.44185,190.83,2.4639,24,0.8763,21.031,1.92906,9.82907,4002.919,4647.58,9862.878,0.029373,0.797118,82.441,103.858,0.46274,1.14015,0.969239,C,0.0,-0.024431
9994.67,0.46603,166.855,1.3398,27,0.7462,20.149,1.96831,7.81269,3722.66,6272.01,4987.511,0.081228,0.694421,82.249,102.056,0.37246,0.49902,0.93508,C,0.0,0.016377
8428.997,0.63,181.433,2.2294,27,0.7806,21.076,1.94373,9.66961,2162.519,6266.479,4821.016,0.079319,0.820033,82.77,103.585,0.25656,0.57196,0.967698,C,-0.001,0.019692
10329.985,0.46537,198.01,3.6584,20,0.762,15.24,1.91841,7.79726,4015.194,6314.791,14689.037,0.078935,0.711088,83.338,103.601,0.38869,1.42198,0.934072,C,0.0,-0.046322
9443.032,0.60937,139.079,3.7463,21,0.769,16.15,2.02281,8.98016,2762.723,6680.309,10350.049,0.088375,0.824841,81.17,101.412,0.29257,1.09605,0.95757,C,0.0,-0.047991
10559.592,0.4362,153.63,2.729,16,0.7169,11.47,1.99284,5.78821,3821.699,6737.893,10429.308,0.161615,0.591944,82.776,100.695,0.36192,0.98766,0.865907,C,0.0,-0.005187
9208.308,0.4648,142.117,2.2372,18,0.8235,14.823,2.01626,7.18374,3671.615,5536.693,8214.192,0.092087,0.711956,81.357,100.844,0.39873,0.89204,0.921003,C,0.0,0.031746
7838.654,0.37325,185.864,3.6299,16,0.8479,13.567,1.93671,7.0308,3554.065,4284.589,12900.962,0.065721,0.628349,82.748,102.522,0.4534,1.64581,0.920167,C,0.0,-0.016314
9846.11,0.56085,173.315,1.8255,21,0.7863,16.513,1.95712,7.16358,3455.603,6390.508,6308.031,0.129625,0.794024,83.135,103.03,0.35096,0.64066,0.918884,C,-0.001,0.04153
10932.607,0.62596,180.326,2.5478,25,0.8844,22.111,1.94552,10.56775,2932.21,8000.397,7470.759,0.059392,0.833613,82.467,103.623,0.26821,0.68335,0.974552,C,0.0,-0.010083
9222.279,0.35615,167.522,3.8881,18,0.8923,16.062,1.96713,8.64409,4626.638,4595.641,17988.916,0.033653,0.680828,81.647,102.0,0.50168,1.95059,0.952596,C,0.0,-0.026654
10409.315,0.5756,162.664,2.2298,27,0.8036,21.698,1.97583,10.20135,3749.723,6659.592,8361.008,0.045521,0.87407,81.613,103.03,0.36023,0.80322,0.971512,C,0.0,-0.039006
8869.253,0.43665,169.482,2.041,22,0.7616,16.755,1.9637,7.58872,3805.391,5063.862,7766.85,0.069044,0.7129,82.19,102.308,0.42905,0.87571,0.932157,C,0.0,-0.007314
9445.844,0.54227,194.644,1.1732,24,0.6531,15.675,1.92335,5.53484,3710.254,5735.59,4352.825,0.195639,0.766492,84.766,103.822,0.39279,0.46082,0.858288,C,-0.0,0.043593
12311.673,0.51725,124.858,1.811,24,0.7141,17.138,2.0558,7.95684,3953.459,8358.214,7159.522,0.106341,0.711618,80.719,99.784,0.32111,0.58152,0.933983,C,0.0,-0.057455
10375.453,0.67353,175.094,3.3422,18,0.7589,13.659,1.95413,7.04353,1957.945,8417.508,6543.88,0.306754,0.758844,85.54,102.884,0.18871,0.63071,0.914054,C,0.0,-0.004042
8635.968,0.32601,193.488,3.3907,17,0.7858,13.359,1.92507,6.75695,4372.76,4263.208,14826.865,0.058019,0.600898,82.91,102.679,0.50634,1.71687,0.909889,C,0.0,-0.044396
10509.686,0.48881,143.437,2.6584,21,0.7842,16.468,2.01347,8.37497,4117.386,6392.299,10945.612,0.067558,0.760146,81.093,101.239,0.39177,1.04148,0.945854,C,0.001,-0.003265
10630.881,0.35789,171.718,2.3481,19,0.8601,16.341,1.95984,7.71124,5553.785,5077.096,13040.896,0.046962,0.698015,81.984,102.319,0.52242,1.2267,0.931449,C,0.0,-0.020015
9018.992,0.33229,177.698,1.5941,19,0.8092,15.375,1.94981,6.3088,4612.226,4406.766,7352.481,0.069317,0.60753,82.502,102.008,0.51139,0.81522,0.893323,C,0.0,-0.027366
11110.582,0.57295,178.305,3.3562,17,0.8806,14.971,1.94881,7.69585,3584.326,7526.256,12029.667,0.124132,0.78669,83.248,103.219,0.3226,1.08272,0.930106,C,0.0,0.048069
7000.0,0.55887,134.27,3.4358,27,0.7012,18.932,2.03351,10.40795,2531.532,4468.468,8697.965,0.036815,0.854625,80.264,101.32,0.36165,1.24257,0.976177,C,0.0,0.027185
11102.126,0.35331,170.634,2.7939,17,0.7281,12.377,1.96171,6.14156,5282.636,5819.49,14759.08,0.089394,0.592887,82.503,101.573,0.47582,1.32939,0.87961,C,0.0,-0.043793
12558.584,0.5357,179.401,1.4856,20,0.7426,14.852,1.94702,5.91449,5062.767,7495.817,7521.061,0.18054,0.775582,84.032,103.197,0.40313,0.59888,0.864138,C,0.0,-0.019246
10977.021,0.64726,136.201,1.1157,26,0.7884,20.498,2.02916,7.64924,2729.6,8247.421,3045.506,0.184205,0.800513,82.301,101.08,0.24866,0.27744,0.929232,C,0.0,0.012917
7160.42,0.61532,170.795,1.8285,21,0.7234,15.192,1.96143,6.61598,2197.796,4962.624,4018.589,0.181023,0.807652,83.718,102.998,0.30694,0.56122,0.909701,C,0.0,0.02481
11997.199,0.40505,147.03,1.2578,20,0.7662,15.325,2.00601,5.94316,5641.726,6355.473,7096.029,0.114043,0.663376,81.865,100.804,0.47025,0.59147,0.867598,C,0.0,-0.00216
12948.399,0.42584,171.316,2.2563,26,0.8516,22.141,1.96053,10.32822,5764.715,7183.685,13006.932,0.028027,0.745077,81.718,102.611,0.44521,1.00452,0.970699,C,-0.001,-0.019906
10817.207,0.62401,179.252,1.6756,24,0.8053,19.328,1.94726,8.06639,2966.084,7851.124,4969.884,0.138524,0.807419,83.472,103.4,0.2742,0.45944,0.93913,C,-0.001,0.024831
8256.607,0.54415,138.914,1.4652,25,0.8232,20.58,2.02317,8.61931,2757.764,5498.843,4040.75,0.075591,0.779135,80.993,101.101,0.33401,0.4894,0.953601,C,0.0,0.02952
9376.789,0.59374,190.017,1.5002,22,0.7969,17.531,1.9303,6.91844,2916.369,6460.42,4375.243,0.166338,0.786685,84.221,103.753,0.31102,0.4666,0.912868,C,0.0,-0.043794
10297.525,0.65481,158.888,3.7689,22,0.8394,18.467,1.98281,9.99026,2961.788,7335.737,11162.687,0.069599,0.891082,81.779,102.948,0.28762,1.08402,0.969429,C,0.0,0.041665
10083.493,0.31223,174.14,2.2018,24,0.8511,20.427,1.95573,9.42217,5095.282,4988.212,11218.63,0.022898,0.607769,81.757,101.841,0.50531,1.11257,0.962942,C,-0.001,0.016633
11605.738,0.45099,160.041,3.4268,26,0.7261,18.878,1.98066,9.98752,4887.905,6717.833,16749.773,0.034042,0.754361,81.356,102.105,0.42116,1.44323,0.968209,C,0.0,0.006499
11206.092,0.33525,195.034,2.7058,25,0.8898,22.244,1.92277,10.6182,5295.487,5910.605,14328.72,0.01788,0.619596,82.433,102.87,0.47255,1.27865,0.974798,C,0.0,-0.02818
7000.0,0.51856,190.571,3.5704,23,0.8026,18.459,1.92946,9.47738,2840.731,4159.269,10142.45,0.042162,0.843942,82.601,104.156,0.40582,1.44892,0.967005,C,0.0,-0.032699
9459.058,0.3563,167.02,1.7048,25,0.7223,18.058,1.96802,7.70586,4526.013,4933.045,7715.866,0.049377,0.637892,81.835,101.691,0.47848,0.81571,0.93369,C,0.0,0.03148
10362.002,0.53113,155.862,3.0182,26,0.7735,20.112,1.98853,10.38443,3951.268,6410.734,11925.893,0.037165,0.835593,81.226,102.422,0.38132,1.15093,0.973318,C,0.0,-0.043208
13000.0,0.41292,188.67,3.3698,27,0.7261,19.606,1.93236,9.95958,6341.569,6658.431,21369.628,0.028259,0.779271,82.352,103.644,0.48781,1.64382,0.966616,C,0.0,0.031418
9551.243,0.59205,197.044,2.5195,24,0.7411,17.788,1.91981,8.30524,2806.604,6744.639,7071.357,0.108626,0.793221,83.698,104.102,0.29385,0.74036,0.946087,C,0.0,-0.04604
7713.811,0.46426,182.607,3.282,17,0.8282,14.08,1.94185,7.16187,3169.099,4544.713,10400.937,0.085825,0.728155,82.898,103.033,0.41083,1.34835,0.924052,C,-0.001,-0.029521
9443.202,0.54046,146.64,2.8614,27,0.7692,20.77,2.00681,10.72036,3235.666,6207.536,9258.411,0.036398,0.803197,80.823,101.704,0.34265,0.98043,0.976924,C,-0.0,0.026889
10071.861,0.48166,162.354,3.3987,22,0.7396,16.27,1.9764,8.56454,3503.259,6568.601,11906.625,0.06926,0.701613,81.914,101.876,0.34783,1.18217,0.949985,C,0.001,-0.039002
7381.194,0.40183,154.393,2.2762,23,0.7931,18.241,1.99136,8.72935,3271.074,4110.119,7445.638,0.03936,0.690303,81.194,101.385,0.44316,1.00873,0.956591,C,0.001,0.008236
12099.989,0.68608,194.72,2.8264,22,0.7285,16.027,1.92323,7.74253,2641.137,9458.852,7464.848,0.222337,0.815564,85.121,104.15,0.21828,0.61693,0.929263,C,-0.0,0.038803
9810.296,0.34268,177.449,4.0275,19,0.6904,13.118,1.95022,7.01917,4658.69,5151.606,18763.003,0.061503,0.596956,82.39,101.927,0.47488,1.91258,0.914771,C,0.0,-0.013289
11028.028,0.56325,200.987,2.2814,18,0.7697,13.854,1.91412,6.25375,3151.337,7876.69,7189.344,0.227671,0.697513,85.4,103.638,0.28576,0.65192,0.884495,C,0.001,-0.024947
11597.917,0.44444,179.29,3.7469,23,0.7799,17.938,1.9472,9.4357,4980.424,6617.493,18661.376,0.039903,0.748894,82.172,103.016,0.42942,1.60903,0.961445,C,-0.0,0.04357
10719.187,0.44986,199.744,2.1045,17,0.702,11.933,1.9159,5.25955,4183.875,6535.312,8804.764,0.186839,0.618253,84.82,103.062,0.39032,0.8214,0.837893,C,0.0,-0.053807
12085.089,0.48897,197.012,3.0373,19,0.7761,14.745,1.91986,7.23552,4240.212,7844.877,12878.902,0.117672,0.689661,83.816,103.417,0.35086,1.06569,0.915564,C,0.0,-0.013975
12350.208,0.5269,172.89,3.2738,23,0.8613,19.809,1.95784,10.19459,4200.968,8149.239,13753.264,0.046777,0.7744,82.026,102.88,0.34015,1.11361,0.969802,C,0.001,0.045233
9341.273,0.48819,197.913,3.1896,26,0.782,20.333,1.91855,10.08605,3685.397,5655.876,11754.853,0.035541,0.783141,82.762,104.073,0.39453,1.25838,0.971278,C,-0.0,-0.015015
9826.856,0.57338,143.295,3.0801,27,0.8945,24.15,2.01377,12.76203,3115.31,6711.546,9595.492,0.020665,0.829938,80.467,101.691,0.31702,0.97646,0.988575,C,0.0,-0.022252
11528.502,0.66437,164.07,2.8901,20,0.8898,17.796,1.97328,8.98644,2929.344,8599.158,8466.102,0.117738,0.850579,82.622,102.947,0.2541,0.73436,0.95497,C,0.0,0.032557
10558.132,0.3214,157.165,2.9389,22,0.8845,19.46,1.98605,9.96252,5244.74,5313.392,15413.631,0.020127,0.618772,81.055,101.06,0.49675,1.45988,0.968892,C,0.0,0.044548
9503.683,0.45234,145.318,3.5222,27,0.7773,20.986,2.00954,11.40754,4011.962,5491.721,14130.802,0.019476,0.768574,80.542,101.401,0.42215,1.48688,0.981824,C,0.0,-0.03498
10345.572,0.34597,158.135,2.9834,26,0.7258,18.872,1.98422,9.68509,5449.536,4896.036,16258.071,0.022374,0.706151,81.125,101.688,0.52675,1.5715,0.965934,C,0.0,-0.011091
8951.113,0.40915,175.037,2.3964,21,0.8605,18.07,1.95422,8.542,3633.821,5317.292,8708.011,0.049102,0.655203,82.137,102.197,0.40596,0.97284,0.95128,C,-0.0,0.014335
9654.282,0.35995,173.297,4.1019,22,0.8902,19.584,1.95715,10.57286,4947.692,4706.59,20294.926,0.017176,0.720274,81.65,102.543,0.51249,2.10217,0.975545,C,0.0,0.042842
7062.876,0.38412,179.056,3.6562,27,0.7467,20.16,1.94758,10.5525,2982.186,4080.69,10903.435,0.020646,0.649752,81.909,102.351,0.42223,1.54377,0.977305,C,0.0,-0.014772
10268.557,0.42281,144.762,1.4536,19,0.7506,14.262,2.01069,5.9017,4686.857,5581.7,6812.808,0.118354,0.678462,81.822,100.775,0.45643,0.66346,0.872236,C,0.0,-0.031034
12812.92,0.30003,169.027,3.7836,19,0.6771,12.865,1.96449,6.87086,7261.041,5551.879,27472.554,0.051833,0.624635,81.945,101.703,0.5667,2.14413,0.902098,C,0.0,0.00091
11104.036,0.41632,165.169,1.4818,24,0.6854,16.45,1.97131,6.66618,4886.09,6217.946,7240.232,0.094801,0.668965,82.362,101.804,0.44003,0.65204,0.899799,C,0.0,0.037804
11008.817,0.60904,178.99,1.645,24,0.8397,20.153,1.94769,8.3554,3156.348,7852.469,5192.091,0.117518,0.806614,83.185,103.383,0.28671,0.47163,0.944678,C,0.0,-0.029229
10527.501,0.67296,161.628,1.6159,19,0.7944,15.094,1.97773,6.3582,3053.776,7473.725,4934.454,0.254584,0.843909,84.331,102.778,0.29008,0.46872,0.890263,C,0.0,0.000773
8880.757,0.32643,171.537,2.6379,20,0.7348,14.696,1.96015,7.1718,3939.197,4941.56,10391.303,0.057791,0.540577,82.12,101.272,0.44357,1.17009,0.921471,C,-0.0,0.001694
10748.185,0.35169,175.727,2.0605,16,0.821,13.136,1.95307,5.92013,5161.324,5586.861,10634.703,0.094296,0.589473,82.759,101.796,0.4802,0.98944,0.871246,C,0.0,0.03326
10675.604,0.39091,145.888,3.4978,19,0.6713,12.756,2.00836,6.91715,5128.154,5547.45,17937.288,0.073756,0.6841,81.283,100.876,0.48036,1.68021,0.909367,C,0.0,-0.042312
9885.014,0.44234,174.141,4.1337,17,0.8225,13.982,1.95573,7.55165,4360.356,5524.658,18024.3,0.071095,0.735345,82.393,102.683,0.44111,1.8234,0.929103,C,0.0,0.007946
10172.97,0.43042,157.508,2.8725,23,0.8022,18.451,1.9854,9.3863,4302.986,5869.983,12360.208,0.038288,0.717864,81.309,101.732,0.42298,1.215,0.962373,C,0.001,0.047543
9372.719,0.45865,170.14,2.102,25,0.7801,19.504,1.96256,8.91097,3667.157,5705.563,7708.227,0.050848,0.72076,81.975,102.393,0.39126,0.82241,0.956623,C,-0.001,-0.011618
10171.4,0.61718,184.095,1.433,27,0.6581,17.768,1.93949,6.93242,2688.302,7483.098,3852.256,0.207391,0.764392,84.556,103.34,0.2643,0.37873,0.911187,C,0.0,0.034766
11213.452,0.35601,189.533,1.399,22,0.8292,18.242,1.93104,7.00038,5128.984,6084.468,7175.675,0.069602,0.597448,82.928,102.483,0.4574,0.63992,0.910577,C,-0.0,-0.039736
11234.013,0.38914,168.523,3.6094,19,0.7797,14.813,1.96537,7.83775,5101.159,6132.854,18412.349,0.057201,0.665244,81.997,101.947,0.45408,1.63898,0.933254,C,0.0,-0.031904
10245.503,0.45728,172.089,2.7804,19,0.8192,15.564,1.95921,7.69856,4518.338,5727.165,12562.663,0.070586,0.762357,82.31,102.762,0.44101,1.22616,0.931926,C,0.0,-0.012122
11268.541,0.50524,159.313,1.262,20,0.7906,15.813,1.98201,6.03537,4155.229,7113.312,5243.986,0.172027,0.699887,83.148,101.708,0.36875,0.46537,0.874447,C,-0.0,-0.00852
10128.093,0.63719,154.097,3.2743,26,0.7405,19.252,1.99193,10.16268,3011.392,7116.701,9860.054,0.061367,0.88084,81.472,102.626,0.29733,0.97354,0.971364,C,0.0,0.044577
7011.481,0.54149,199.762,1.6871,18,0.8301,14.941,1.91587,6.09923,2479.27,4532.211,4182.75,0.164885,0.747504,84.531,103.916,0.3536,0.59656,0.892328,C,0.0,0.006561
7609.946,0.37421,168.379,2.1678,22,0.8877,19.53,1.96562,9.03227,3633.991,3975.956,7877.748,0.030823,0.688064,81.643,102.09,0.47753,1.03519,0.960667,C,-0.001,-0.004801
9631.803,0.54893,153.478,3.2659,21,0.8819,18.52,1.99314,9.77933,3318.3,6313.503,10837.17,0.051404,0.810424,81.315,102.128,0.34451,1.12514,0.967738,C,0.0,-0.002628
8805.787,0.55058,186.298,3.2337,27,0.8858,23.916,1.93603,12.06814,3102.313,5703.474,10032.062,0.022063,0.838056,82.187,103.926,0.3523,1.13926,0.985882,C,0.0,0.013268
10828.94,0.31402,156.134,3.2301,25,0.8269,20.672,1.98801,10.84674,5351.234,5477.706,17285.032,0.014622,0.606496,80.94,100.925,0.49416,1.59619,0.976989,C,0.0,0.051217
8044.455,0.32916,183.187,1.419,23,0.7364,16.936,1.94093,6.58857,4648.888,3395.567,6596.897,0.053434,0.706668,82.491,102.917,0.5779,0.82006,0.906188,C,0.0,-0.034414
9107.973,0.42803,129.639,3.8419,20,0.8919,17.837,2.04425,10.12013,3445.771,5662.203,13238.448,0.031881,0.669108,79.975,99.809,0.37832,1.4535,0.971821,C,-0.001,0.005733
9209.579,0.44662,149.032,2.2432,18,0.7144,12.859,2.00194,6.17345,4269.547,4940.032,9577.5,0.108391,0.73895,81.877,101.414,0.4636,1.03995,0.887489,C,0.0,-0.034942
8944.468,0.62265,147.059,3.0466,23,0.6581,15.136,2.00595,7.9325,2330.715,6613.754,7100.805,0.144069,0.791305,82.263,101.649,0.26058,0.79388,0.939708,C,-0.001,-0.007388
9531.905,0.33813,168.752,1.8723,20,0.7115,14.231,1.96497,6.26595,4695.911,4835.994,8792.064,0.075501,0.593145,82.247,101.482,0.49265,0.92238,0.889995,C,0.0,0.0314
10068.728,0.62871,153.012,2.3541,27,0.8452,22.821,1.99404,11.05431,2677.914,7390.814,6304.161,0.049458,0.838592,81.269,102.289,0.26596,0.62611,0.979078,C,-0.0,-0.011784
10402.834,0.56736,165.139,3.2162,16,0.7062,11.299,1.97136,5.84998,3515.296,6887.538,11305.852,0.219307,0.745006,84.005,102.304,0.33792,1.08681,0.869382,C,0.0,-0.034257
9410.249,0.36206,184.11,4.0017,26,0.7718,20.066,1.93947,10.63457,4553.714,4856.535,18222.632,0.017773,0.684871,82.053,102.816,0.48391,1.93647,0.976245,C,0.0,0.041612
10092.906,0.66842,153.142,2.3349,18,0.8361,15.05,1.99379,7.2712,2486.788,7606.118,5806.392,0.213496,0.817154,83.44,102.155,0.24639,0.57529,0.921302,C,0.0,0.01119
10806.956,0.58516,195.914,2.8662,23,0.7081,16.285,1.92147,7.8848,3059.762,7747.194,8769.857,0.134019,0.763341,83.995,103.856,0.28313,0.8115,0.935155,C,0.0,-0.018686
9790.421,0.65042,171.225,1.4817,17,0.8238,14.004,1.96069,5.62936,2555.327,7235.094,3786.135,0.345245,0.758199,85.902,102.693,0.261,0.38672,0.861458,C,0.0,0.030721
9039.602,0.64215,168.115,2.1553,24,0.8767,21.041,1.96609,9.71631,2430.028,6609.574,5237.431,0.077369,0.849788,82.247,103.144,0.26882,0.57939,0.967611,C,0.0,0.034918
9107.006,0.64441,145.584,4.0333,24,0.8725,20.939,2.00899,11.70553,2751.467,6355.539,11097.517,0.034507,0.908451,80.752,102.34,0.30213,1.21857,0.983822,C,0.0,0.005105
9251.978,0.61563,159.916,2.4977,25,0.8879,22.197,1.98089,10.83446,2951.717,6300.262,7372.371,0.042535,0.884128,81.463,102.955,0.31904,0.79684,0.977957,C,-0.001,0.005892
9712.477,0.57666,169.299,2.5449,25,0.8668,21.669,1.96402,10.50028,2906.667,6805.81,7397.182,0.048419,0.802258,81.911,102.889,0.29927,0.76162,0.974872,C,0.0,0.043558
10634.082,0.60181,164.543,2.3317,24,0.8752,21.005,1.97243,9.98559,2817.406,7816.676,6569.351,0.070251,0.793404,82.014,102.593,0.26494,0.61776,0.969073,C,0.0,-0.010706
13000.0,0.32386,166.979,3.0307,16,0.7175,11.48,1.96809,5.84442,6679.047,6320.953,20241.97,0.088847,0.572184,82.355,101.256,0.51377,1.55707,0.859052,C,0.0,0.01854
11593.108,0.69357,181.488,3.0579,27,0.8138,21.973,1.94364,11.00398,3186.967,8406.141,9745.446,0.056176,0.935224,82.466,104.348,0.2749,0.84062,0.977734,C,0.0,-0.023953
10556.671,0.6048,202.179,3.4434,19,0.7612,14.464,1.91242,7.26723,2928.285,7628.386,10083.25,0.174212,0.77009,84.733,104.167,0.27739,0.95515,0.920099,C,0.0,-0.01154
10959.081,0.61044,164.638,1.497,26,0.7189,18.691,1.97226,7.6105,3235.376,7723.706,4843.2,0.148249,0.804044,83.047,102.668,0.29522,0.44193,0.928303,C,-0.001,0.020682
11520.262,0.49757,137.431,3.1136,18,0.8733,15.719,2.02643,8.40326,4586.42,6933.842,14280.402,0.069006,0.78104,80.838,101.025,0.39812,1.23959,0.944786,C,0.0,0.038309
11724.13,0.57082,186.226,2.8602,16,0.7676,12.281,1.93614,6.01197,3267.35,8456.78,9345.149,0.262693,0.689868,85.361,102.945,0.27869,0.79709,0.871748,C,-0.0,-0.003992
12624.932,0.5337,147.903,3.7924,22,0.8555,18.821,2.00423,10.3549,4572.72,8052.212,17341.754,0.042393,0.812704,80.957,101.838,0.3622,1.37361,0.97123,C,0.0,0.009988
8605.616,0.44631,185.435,2.9646,19,0.7818,14.855,1.93738,7.34618,3480.405,5125.211,10318.016,0.080832,0.694489,82.933,102.939,0.40443,1.19899,0.926751,C,0.0,0.041718
13000.0,0.50727,178.881,3.8225,23,0.8198,18.855,1.94787,9.96455,4672.883,8327.117,17862.294,0.04703,0.765535,82.251,103.107,0.35945,1.37402,0.966674,C,0.0,0.0448
9270.328,0.35442,171.098,1.7636,18,0.7653,13.776,1.96091,5.91986,4802.636,4467.691,8470.021,0.084273,0.644826,82.453,101.938,0.51807,0.91367,0.876817,C,0.001,-0.026211
10170.819,0.5638,158.21,2.5316,25,0.8549,21.373,1.98408,10.49718,3007.31,7163.509,7613.325,0.048632,0.780072,81.474,102.18,0.29568,0.74855,0.974496,C,0.0,0.00346
8904.72,0.66988,138.805,1.4772,21,0.7952,16.699,2.02341,7.018,2112.719,6792.001,3120.929,0.234159,0.805421,83.081,101.268,0.23726,0.35048,0.917066,C,-0.0,-0.038572
7549.617,0.3916,199.635,3.9346,16,0.8741,13.986,1.91606,7.25144,3821.554,3728.063,15036.269,0.05664,0.734954,83.098,103.828,0.50619,1.99166,0.926785,C,0.0,0.022385
7370.477,0.66411,155.388,2.3603,21,0.6514,13.679,1.98944,6.60891,1676.694,5693.783,3957.527,0.266085,0.781319,84.228,102.039,0.22749,0.53694,0.908854,C,-0.0,0.003518
12763.659,0.40651,190.138,1.3618,20,0.7699,15.399,1.93012,5.83858,5317.916,7445.744,7241.817,0.136902,0.599062,83.837,102.52,0.41665,0.56738,0.859683,C,-0.001,0.059392
12724.751,0.35163,162.198,3.6563,19,0.8892,16.896,1.97668,9.04041,6534.321,6190.429,23891.315,0.031296,0.689751,81.406,101.79,0.51351,1.87755,0.954296,C,0.001,0.051491
8586.932,0.54449,162.722,1.6031,23,0.7029,16.167,1.97573,6.77972,3001.455,5585.477,4811.577,0.139042,0.762365,82.85,102.296,0.34954,0.56034,0.910741,C,0.0,-0.001875
8664.231,0.64783,138.451,3.1363,19,0.7112,13.513,2.02418,7.22542,1951.533,6712.699,6120.675,0.220175,0.772158,82.88,101.027,0.22524,0.70643,0.923449,C,-0.001,0.005756
12416.437,0.39107,160.897,2.1445,16,0.8962,14.339,1.97907,6.67546,5741.656,6674.781,12313.263,0.087684,0.652047,82.099,101.474,0.46242,0.99169,0.896318,C,0.0,-0.026274
8744.175,0.57528,128.11,3.9069,17,0.8834,15.017,2.04789,8.57061,2445.782,6298.393,9555.482,0.09857,0.760396,80.78,100.315,0.2797,1.09278,0.952075,C,0.0,-0.004581
11343.993,0.66853,155.899,1.581,22,0.7146,15.721,1.98846,6.61946,2766.211,8577.781,4373.49,0.281185,0.793446,84.449,102.146,0.24385,0.38553,0.897437,C,0.001,-0.023423
12745.175,0.65805,210.805,2.3842,25,0.8538,21.346,1.90047,9.65615,3020.279,9724.896,7201.034,0.102368,0.830631,84.061,104.92,0.23697,0.565,0.963136,C,-0.0,-0.017601
11803.18,0.43643,169.774,3.7304,18,0.6648,11.966,1.96319,6.36575,4489.898,7313.282,16749.039,0.130299,0.624371,83.01,101.738,0.3804,1.41903,0.886429,C,0.0,0.031432
12356.608,0.53069,142.585,3.8145,19,0.8593,16.327,2.01527,9.06477,4217.275,8139.333,16086.681,0.069743,0.769521,81.083,101.251,0.3413,1.30187,0.955147,C,0.0,0.01522
10297.9,0.42033,172.645,3.9796,17,0.7864,13.368,1.95826,7.18009,4041.492,6256.407,16083.568,0.087551,0.63529,82.554,101.95,0.39246,1.56183,0.918254,C,0.001,0.046838
7605.086,0.56889,152.711,3.7426,19,0.6665,12.664,1.99463,6.90045,2358.247,5246.839,8825.969,0.152152,0.756204,82.612,101.729,0.31009,1.16054,0.917067,C,0.0,-0.035262
8830.068,0.36847,167.96,3.2834,27,0.6893,18.612,1.96636,9.64698,3926.613,4903.455,12892.497,0.027319,0.641666,81.58,101.763,0.44469,1.46007,0.96703,C,0.0,-0.036341
7295.834,0.69204,152.314,4.0752,26,0.8511,22.128,1.99541,12.27528,1803.585,5492.249,7349.91,0.03503,0.907789,81.049,102.708,0.24721,1.00741,0.987487,C,0.0,0.026151
10567.61,0.52061,166.389,2.089,27,0.7057,19.053,1.96913,8.73084,3188.124,7379.486,6659.855,0.082636,0.709821,82.25,102.135,0.30169,0.63021,0.952113,C,0.0,0.035495
8063.373,0.30285,159.821,4.5203,18,0.8292,14.925,1.98106,8.35484,4487.634,3575.738,20285.294,0.027528,0.648379,81.261,101.394,0.55655,2.51573,0.949412,C,0.001,0.023496
10150.47,0.44534,181.678,3.2895,21,0.7025,14.753,1.94334,7.517,4291.954,5858.516,14118.404,0.076186,0.715785,82.737,102.908,0.42283,1.39091,0.927665,C,0.0,-0.014373
9687.954,0.39246,172.414,2.5725,25,0.7443,18.607,1.95865,9.00748,3855.912,5832.043,9919.237,0.04175,0.62434,81.941,101.867,0.39801,1.02387,0.95766,C,-0.001,-0.027626
8990.779,0.31674,146.927,3.2987,25,0.7901,19.754,2.00622,10.55402,4076.005,4914.774,13445.481,0.016853,0.565445,80.578,100.151,0.45335,1.49547,0.975878,C,0.0,0.012044
10767.575,0.436,149.284,2.2388,17,0.6656,11.315,2.00144,5.42726,4082.546,6685.029,9140.078,0.176035,0.594758,82.781,100.476,0.37915,0.84885,0.846917,C,0.0,0.017237
9541.115,0.64164,171.116,1.5782,26,0.707,18.382,1.96088,7.57722,2244.71,7296.405,3542.566,0.189649,0.780695,83.844,102.836,0.23527,0.37129,0.930462,C,0.0,-0.01288
8882.52,0.56845,146.444,3.7726,26,0.8588,22.329,2.00721,12.29787,2565.703,6316.817,9679.377,0.025698,0.788899,80.673,101.599,0.28885,1.08971,0.986942,C,0.0,0.004444
12014.939,0.60058,171.13,1.1566,26,0.6963,18.104,1.96085,6.53822,4201.938,7813.001,4860.069,0.184716,0.824242,83.78,103.124,0.34973,0.4045,0.892438,C,0.0,-0.036685
10030.364,0.33006,187.75,2.6933,16,0.7199,11.519,1.93378,5.53948,4319.799,5710.564,11634.36,0.110363,0.496252,83.404,101.735,0.43067,1.15991,0.855995,C,0.001,-0.002841
7851.707,0.60682,192.138,1.1441,17,0.7211,12.258,1.92709,4.291,2413.273,5438.434,2760.928,0.411376,0.693544,87.529,103.232,0.30736,0.35163,0.791636,C,0.0,0.016978
12382.877,0.51507,138.563,2.582,24,0.8069,19.366,2.02393,9.84218,4045.041,8337.836,10444.417,0.053915,0.73879,80.691,100.814,0.32666,0.84346,0.965806,C,0.0,0.050212
7862.525,0.52478,176.679,1.146,27,0.7989,21.571,1.95149,7.7015,2736.486,5126.039,3135.991,0.09526,0.754071,82.807,102.927,0.34804,0.39885,0.936822,C,0.0,0.020858
10495.288,0.35698,195.011,3.1347,23,0.8338,19.178,1.9228,9.50572,4847.948,5647.34,15197.046,0.028157,0.639253,82.568,102.999,0.46192,1.44799,0.963566,C,0.0,0.025201
10871.139,0.69169,210.177,3.6924,21,0.8851,18.587,1.90132,9.3979,2208.726,8662.413,8155.39,0.130237,0.834842,84.409,104.923,0.20317,0.75019,0.961744,C,-0.0,0.054093
9663.686,0.61852,146.341,2.3473,18,0.6655,11.98,2.00742,5.85409,2511.236,7152.45,5894.554,0.303642,0.729069,84.338,101.198,0.25986,0.60997,0.872428,C,0.0,0.036774
8713.698,0.61498,150.94,3.9374,27,0.8429,22.759,1.99813,12.56333,2464.911,6248.787,9705.254,0.025734,0.84742,80.868,102.235,0.28288,1.11379,0.988163,C,0.0,-0.029103
9500.126,0.68314,163.682,1.7721,17,0.6581,11.187,1.97398,4.86328,2008.626,7491.5,3559.422,0.580158,0.710755,88.711,102.004,0.21143,0.37467,0.820442,C,0.0,-0.02545
9484.515,0.43598,205.394,4.0132,18,0.7224,13.003,1.9079,6.7243,4131.863,5352.652,16582.097,0.093637,0.700237,83.774,103.839,0.43564,1.74833,0.906434,C,0.0,0.038615
8368.291,0.45328,162.804,3.6687,23,0.7028,16.165,1.97558,8.64868,3608.766,4759.525,13239.405,0.048441,0.760228,81.657,102.286,0.43124,1.58209,0.953913,C,0.0,0.042539
11191.38,0.51151,162.118,3.8752,25,0.6611,16.527,1.97683,8.95274,3975.686,7215.694,15406.663,0.064974,0.757549,81.848,102.233,0.35525,1.37665,0.954876,C,-0.0,-0.055212
9079.747,0.32431,170.108,3.0412,25,0.7316,18.29,1.96261,9.28095,4536.843,4542.904,13797.604,0.024513,0.623709,81.626,101.75,0.49967,1.5196,0.962233,C,0.0,-0.008994
8867.695,0.6127,198.005,2.6353,27,0.8733,23.578,1.91841,11.13558,3063.702,5803.993,8073.866,0.034767,0.917771,82.755,104.965,0.34549,0.91048,0.980396,C,0.0,-0.015461
12250.467,0.50884,120.297,2.7596,19,0.6614,12.567,2.06731,6.69916,4128.655,8121.813,11393.629,0.154528,0.688956,81.12,99.332,0.33702,0.93006,0.897652,C,-0.001,-0.036969
8828.662,0.67568,182.223,2.3732,22,0.8183,18.002,1.94246,8.40918,1993.681,6834.981,4731.422,0.152134,0.828395,83.759,103.677,0.22582,0.53592,0.949156,C,0.0,-0.020411
8151.79,0.55104,145.837,3.1917,27,0.7241,19.55,2.00846,10.38119,2914.934,5236.855,9303.61,0.038465,0.836355,80.815,101.878,0.35758,1.1413,0.975039,C,0.001,-0.030438
9881.392,0.48608,158.79,3.6122,25,0.8175,20.438,1.98299,10.95848,3941.913,5939.479,14238.832,0.026215,0.791282,81.202,102.284,0.39892,1.44097,0.978486,C,0.0,0.006952
10158.522,0.67789,176.741,2.1786,27,0.8991,24.274,1.95139,11.12298,2727.469,7431.052,5942.19,0.051708,0.907716,82.234,103.944,0.26849,0.58495,0.97952,C,0.001,0.043714
9982.059,0.43156,192.111,1.908,25,0.8201,20.503,1.92713,8.82534,4329.248,5652.811,8260.396,0.045304,0.727377,82.696,103.454,0.4337,0.82752,0.954471,C,0.0,0.000424
12997.01,0.52293,159.251,1.5882,16,0.72,11.52,1.98213,4.83637,5485.935,7511.074,8712.686,0.248477,0.723388,84.155,101.86,0.42209,0.67036,0.799438,C,0.001,-0.02303
9695.601,0.34271,151.49,2.2083,20,0.6954,13.908,1.99704,6.62132,4364.72,5330.881,9638.521,0.074319,0.562459,81.533,100.384,0.45018,0.99411,0.902376,C,0.0,-0.004203
12199.36,0.3833,179.353,3.6889,22,0.8598,18.916,1.9471,9.91653,5707.322,6492.038,21053.637,0.027155,0.69639,82.006,102.672,0.46784,1.7258,0.966856,C,0.0,0.042016
11453.559,0.63983,163.881,2.322,19,0.8724,16.575,1.97362,7.87664,3470.851,7982.707,8059.405,0.139906,0.857199,82.907,102.981,0.30304,0.70366,0.933738,C,0.001,-0.030683
12336.866,0.34384,163.155,2.6566,19,0.8371,15.905,1.97494,7.86409,6028.324,6308.541,16015.095,0.04802,0.626518,81.665,101.422,0.48864,1.29815,0.931756,C,0.001,0.013397
9873.677,0.58991,186.183,1.5496,23,0.8827,20.303,1.93621,8.1534,3278.688,6594.989,5080.728,0.101994,0.832476,83.238,103.884,0.33206,0.51457,0.942587,C,0.0,0.004232
9595.908,0.37886,172.593,1.4985,23,0.879,20.217,1.95835,8.14963,4597.337,4998.571,6889.086,0.045081,0.685842,81.992,102.282,0.47909,0.71792,0.942992,C,0.0,0.023224
10245.912,0.54014,207.236,3.5288,24,0.8913,21.391,1.90535,10.74508,4071.506,6174.405,14367.637,0.031857,0.87531,83.017,105.07,0.39738,1.40228,0.976563,C,0.001,0.0025
10456.315,0.37236,162.45,1.5304,27,0.7792,21.038,1.97622,8.66756,4636.389,5819.926,7095.759,0.04098,0.636358,81.544,101.451,0.44341,0.67861,0.951201,C,0.0,-0.042237
11383.843,0.51879,149.969,3.6656,24,0.8565,20.556,2.00006,11.19497,4422.06,6961.783,16209.324,0.027647,0.830765,80.852,102.072,0.38845,1.42389,0.979299,C,0.0,-0.038437
12227.884,0.50725,162.563,2.7782,16,0.7695,12.312,1.97602,6.16612,5028.642,7199.242,13970.605,0.152037,0.75536,83.015,102.242,0.41124,1.14252,0.876738,C,0.0,0.035078
7751.9,0.48146,184.278,2.6694,22,0.8355,18.381,1.9392,8.85558,3002.983,4748.917,8016.047,0.052241,0.752874,82.514,103.272,0.38739,1.03408,0.957966,C,-0.0,0.014802
12040.075,0.33103,203.198,3.6036,24,0.6969,16.726,1.91098,8.47931,5885.643,6154.432,21209.542,0.03695,0.612258,82.955,103.168,0.48884,1.76158,0.945435,C,0.0,0.051291
11138.865,0.63261,163.023,3.7911,26,0.7306,18.997,1.97518,10.23138,2740.576,8398.29,10389.92,0.07405,0.814883,82.004,102.658,0.24604,0.93276,0.9712,C,-0.001,-0.006015
10108.194,0.63175,143.863,2.3749,19,0.7044,13.383,2.01257,6.58689,2738.237,7369.957,6502.952,0.233308,0.77979,83.299,101.393,0.27089,0.64333,0.899959,C,0.0,-0.019808
8486.84,0.69424,179.97,2.9809,25,0.8743,21.858,1.94609,10.89784,2156.91,6329.93,6429.618,0.05751,0.91121,82.429,104.119,0.25415,0.7576,0.978947,C,0.0,-0.035608
10390.932,0.58014,158.814,3.4421,24,0.7357,17.658,1.98294,9.36699,2972.297,7418.635,10230.951,0.07733,0.781591,81.878,102.221,0.28605,0.9846,0.961871,C,0.0,0.009215
7403.188,0.62194,161.334,3.2619,16,0.6993,11.188,1.97827,5.842,1942.291,5460.897,6335.5,0.282895,0.742523,84.693,102.094,0.26236,0.85578,0.880663,C,0.0,0.032709
11633.156,0.45881,158.804,2.2393,26,0.8976,23.338,1.98296,11.04488,4652.651,6980.504,10418.726,0.025209,0.747815,81.189,101.998,0.39995,0.89561,0.978026,C,0.001,-0.005973
8708.701,0.5369,194.419,3.8914,24,0.8867,21.281,1.92368,11.07637,2487.547,6221.154,9680.066,0.037435,0.736609,82.67,103.615,0.28564,1.11154,0.980084,C,-0.0,0.022218
9790.802,0.59132,184.565,1.9001,23,0.8005,18.411,1.93875,7.98589,3214.839,6575.964,6108.468,0.109362,0.826937,83.278,103.774,0.32835,0.6239,0.939272,C,-0.001,0.007874
9996.999,0.50462,192.443,2.6516,21,0.8413,17.668,1.92663,8.41321,3714.553,6282.445,9849.48,0.071459,0.760732,83.052,103.689,0.37157,0.98524,0.947383,C,0.001,-0.009557
11574.065,0.68665,145.034,1.6059,18,0.8186,14.734,2.01013,6.33971,2694.806,8879.259,4327.679,0.335798,0.793135,84.704,101.547,0.23283,0.37391,0.886137,C,0.0,-0.02982
8087.655,0.52543,188.713,1.0315,17,0.7457,12.678,1.93229,4.24014,3230.048,4857.607,3331.784,0.281162,0.687857,85.692,103.043,0.39938,0.41196,0.786289,C,0.0,-0.009167
11297.466,0.31518,205.025,2.374,25,0.7445,18.612,1.90841,8.46332,6037.063,5260.403,14331.743,0.031685,0.640534,82.944,103.43,0.53437,1.26858,0.94628,C,0.0,-0.015982
10622.189,0.32413,164.463,3.8718,27,0.6769,18.275,1.97257,9.86675,5629.661,4992.528,21797.08,0.019711,0.667388,81.343,101.758,0.52999,2.05203,0.96777,C,0.0,0.050596
12511.626,0.35606,167.06,2.2857,26,0.747,19.421,1.96794,9.14627,5708.889,6802.737,13048.828,0.034165,0.626203,81.636,101.616,0.45629,1.04294,0.956219,C,0.0,-0.048957
10452.04,0.40798,163.637,1.6032,16,0.6786,10.858,1.97406,4.54773,4904.686,5547.353,7863.159,0.179396,0.610088,83.419,101.338,0.46926,0.75231,0.793661,C,0.001,-0.031268
9905.461,0.61167,166.609,1.958,26,0.8788,22.848,1.96874,10.24476,2873.038,7032.423,5625.416,0.058288,0.837746,81.937,102.99,0.29005,0.56791,0.97236,C,0.0,0.025452
7191.871,0.69244,153.069,2.2184,20,0.8714,17.428,1.99393,8.29017,1557.019,5634.852,3454.154,0.160908,0.839312,82.743,102.297,0.2165,0.48029,0.949691,C,0.0,0.00344
9929.131,0.37484,168.36,3.8667,16,0.7834,12.534,1.96566,6.73009,4569.529,5359.602,17668.837,0.077084,0.628702,82.253,101.697,0.46021,1.77949,0.905359,C,-0.0,0.005394
12473.331,0.33749,169.629,2.2231,27,0.7162,19.337,1.96344,8.99865,6032.707,6440.624,13411.16,0.032136,0.623497,81.708,101.726,0.48365,1.07519,0.953946,C,0.0,0.047665
9898.068,0.42607,143.514,2.2955,23,0.8317,19.13,2.01331,9.32462,4276.465,5621.603,9816.5,0.037605,0.721576,80.701,100.988,0.43205,0.99176,0.961867,C,0.0,0.03956
9379.13,0.6121,163.823,3.7972,27,0.6556,17.701,1.97373,9.52652,2509.528,6869.602,9529.179,0.080015,0.806481,82.114,102.643,0.26757,1.016,0.965024,C,0.0,-0.0379
9703.977,0.6472,160.252,2.2692,18,0.8954,16.116,1.98026,7.64306,2699.751,7004.225,6126.35,0.158862,0.835423,83.012,102.651,0.27821,0.63132,0.93171,C,0.001,0.035409
11349.783,0.40275,177.609,3.7042,18,0.6583,11.85,1.94995,6.23134,4611.278,6738.505,17081.265,0.116482,0.598648,83.121,101.945,0.40629,1.50499,0.882495,C,0.0,0.001678
7890.776,0.59241,171.629,1.9542,23,0.7635,17.56,1.96,7.81699,1897.338,5993.439,3707.835,0.149625,0.732586,83.335,102.543,0.24045,0.46989,0.93927,C,-0.001,-0.024091
12686.574,0.54485,159.116,1.7374,27,0.8203,22.148,1.98238,9.6192,4479.087,8207.487,7782.087,0.057537,0.810787,81.629,102.43,0.35306,0.61341,0.962717,C,0.0,0.042853
10967.844,0.49072,177.736,1.0012,24,0.6628,15.908,1.94974,5.3142,3707.948,7259.897,3712.563,0.232527,0.622584,84.658,102.109,0.33807,0.3385,0.839803,C,-0.001,0.046669
11279.161,0.39249,164.586,3.6746,23,0.6686,15.378,1.97235,8.21056,5442.661,5836.5,19999.632,0.047711,0.714009,81.718,102.072,0.48254,1.77315,0.941343,C,0.0,-0.030427
10314.325,0.66996,144.634,3.8647,22,0.764,16.808,2.01096,9.32866,2281.372,8032.953,8816.925,0.116785,0.827067,81.796,101.749,0.22118,0.85482,0.961444,C,0.0,-0.035191
13000.0,0.56147,151.846,3.9162,23,0.7915,18.204,1.99633,10.02487,4346.143,8653.857,17020.56,0.0548,0.815924,81.291,102.076,0.33432,1.30927,0.96737,C,0.0,0.051745
9848.578,0.39137,176.419,1.216,26,0.8882,23.094,1.95192,8.4756,4636.243,5212.335,5637.676,0.042609,0.701586,82.102,102.569,0.47075,0.57244,0.948749,C,-0.0,-0.008969
11493.556,0.48292,135.941,1.9861,19,0.8077,15.346,2.02974,7.22559,4540.646,6952.91,9018.339,0.101844,0.731781,81.202,100.611,0.39506,0.78464,0.916685,C,0.0,0.02308
10268.56,0.58091,195.758,3.0227,23,0.6972,16.035,1.9217,7.87021,3295.641,6972.919,9961.702,0.11611,0.800592,83.754,104.096,0.32094,0.97012,0.935851,C,0.0,-0.010855
8576.164,0.5726,190.595,3.8154,26,0.8571,22.285,1.92942,11.60454,2416.137,6160.027,9218.491,0.033507,0.784048,82.488,103.761,0.28173,1.0749,0.983514,C,0.0,-0.002845
9727.271,0.53087,152.065,3.5644,21,0.7834,16.451,1.9959,8.87842,3476.053,6251.218,12390.044,0.065884,0.789437,81.446,101.913,0.35735,1.27374,0.955651,C,0.0,-0.042704
11274.154,0.54857,152.693,1.7028,22,0.8977,19.75,1.99467,8.59137,3347.101,7927.054,5699.529,0.094848,0.740152,81.855,101.622,0.29688,0.50554,0.948669,C,-0.001,-0.028048
9747.88,0.53123,173.618,1.5292,24,0.6743,16.184,1.95661,6.56802,3344.41,6403.47,5114.252,0.154246,0.728115,83.471,102.61,0.34309,0.52465,0.900381,C,-0.0,0.041868
9474.643,0.61286,167.904,2.6638,22,0.7828,17.223,1.96646,8.46766,3326.798,6147.845,8861.772,0.088693,0.896502,82.388,103.442,0.35113,0.93531,0.949185,C,0.0,0.010676
10360.611,0.58767,191.927,2.3105,17,0.7597,12.915,1.92741,5.91445,3310.118,7050.493,7647.898,0.234602,0.753427,85.188,103.618,0.31949,0.73817,0.872457,C,0.0,0.028174
8837.967,0.39691,195.86,1.3971,27,0.7535,20.346,1.92155,7.74491,3848.71,4989.257,5377.09,0.058488,0.657969,82.997,103.159,0.43547,0.60841,0.935829,C,0.0,-0.002308
8512.706,0.67101,187.468,3.9579,19,0.6722,12.771,1.93421,6.72576,2266.279,6246.427,8969.777,0.228731,0.831477,84.956,103.935,0.26622,1.05369,0.909251,C,0.0,-0.017792
10173.94,0.55269,153.944,1.2751,23,0.6858,15.773,1.99223,6.09294,3211.639,6962.301,4095.165,0.208622,0.711405,83.409,101.5,0.31567,0.40252,0.880844,C,0.0,0.000604
9140.518,0.42182,157.937,2.4984,25,0.7953,19.881,1.98459,9.73178,4311.985,4828.533,10773.223,0.028895,0.77272,81.202,102.117,0.47174,1.17862,0.967686,C,0.0,-0.045524
11000.179,0.49736,153.257,2.8436,21,0.887,18.627,1.99357,9.50781,4182.693,6817.486,11893.783,0.048332,0.772852,81.265,101.869,0.38024,1.08124,0.963049,C,0.0,-0.016581
11018.248,0.67241,167.749,3.7903,26,0.8127,21.13,1.96673,11.30848,2604.929,8413.319,9873.366,0.055988,0.863269,81.951,103.215,0.23642,0.89609,0.980315,C,0.0,-0.022107
12627.479,0.36309,139.162,2.9915,16,0.7542,12.067,2.02263,6.37031,5833.477,6794.001,17450.847,0.09121,0.596525,81.211,99.91,0.46197,1.38197,0.88395,C,0.001,0.048466
11473.641,0.43138,145.247,2.9837,27,0.7855,21.208,2.00968,11.08701,4634.327,6839.314,13827.383,0.02302,0.708085,80.585,100.998,0.40391,1.20514,0.978446,C,0.0,0.001393
9662.074,0.38141,163.83,2.618,25,0.6858,17.146,1.97372,8.43559,4828.553,4833.522,12641.06,0.039445,0.723029,81.579,102.093,0.49974,1.30832,0.948318,C,-0.001,-0.027207
10736.223,0.36529,163.62,3.7253,19,0.7648,14.531,1.9741,7.79143,4626.501,6109.722,17235.151,0.056676,0.598977,81.798,101.263,0.43092,1.60533,0.93314,C,0.0,0.040375
8412.086,0.39856,169.413,2.7078,26,0.8115,21.098,1.96382,10.3986,3580.328,4831.758,9694.77,0.023424,0.676537,81.585,102.065,0.42562,1.15248,0.974986,C,0.0,-0.007669
10601.599,0.54444,197.086,4.0448,21,0.8602,18.064,1.91975,9.44577,3949.132,6652.467,15973.504,0.054551,0.83525,82.986,104.381,0.3725,1.50671,0.962677,C,0.0,0.032398
9290.225,0.32691,186.06,3.0574,24,0.8247,19.792,1.9364,9.85563,4927.815,4362.41,15066.191,0.019159,0.674547,82.14,102.836,0.53043,1.62173,0.968914,C,0.0,0.004869
12582.047,0.55704,162.351,1.1883,22,0.7678,16.892,1.9764,6.24923,4499.047,8083.0,5346.145,0.188373,0.762246,83.486,102.276,0.35758,0.4249,0.879079,C,0.0,-0.029938
9093.739,0.32055,157.728,3.7701,21,0.7906,16.603,1.98498,8.99675,4986.66,4107.079,18800.433,0.024396,0.680133,81.135,101.495,0.54836,2.0674,0.958265,C,0.0,-0.016482
10269.609,0.44586,155.518,3.0483,23,0.773,17.78,1.98919,9.20723,4004.458,6265.152,12206.698,0.045939,0.701478,81.328,101.519,0.38993,1.18862,0.959824,C,-0.001,-0.019222
9460.649,0.37002,178.678,3.142,23,0.6805,15.652,1.9482,7.91839,5123.326,4337.323,16097.678,0.042062,0.757412,82.178,103.044,0.54154,1.70154,0.93844,C,-0.0,-0.008483
10977.203,0.49385,155.429,2.0386,26,0.8589,22.332,1.98936,10.30524,3667.109,7310.094,7475.604,0.041294,0.720876,81.263,101.642,0.33407,0.68101,0.972067,C,0.0,-0.00922
11496.734,0.49091,170.629,3.1601,17,0.7606,12.93,1.96171,6.618,4244.497,7252.237,13412.832,0.137046,0.698013,83.131,102.266,0.36919,1.16666,0.896933,C,0.0,0.014647
8703.846,0.59616,131.273,1.0566,23,0.7648,17.591,2.04041,6.44519,2598.57,6105.276,2745.58,0.201105,0.764301,82.289,100.54,0.29855,0.31544,0.899287,C,0.0,0.030859
12746.521,0.57211,171.957,1.2153,18,0.8195,14.751,1.95943,5.4435,4432.116,8314.405,5386.507,0.264984,0.735832,84.871,102.581,0.34771,0.42259,0.838951,C,0.0,-0.032957
10685.326,0.47419,191.6,1.5412,18,0.7291,13.124,1.9279,5.22484,4216.225,6469.101,6498.043,0.196999,0.65485,84.68,102.953,0.39458,0.60813,0.836074,C,-0.0,-0.008163
7975.898,0.69019,159.24,3.3431,26,0.7548,19.625,1.98215,10.33533,2065.727,5910.171,6905.971,0.067216,0.907936,81.761,103.077,0.259,0.86585,0.974777,C,0.0,-0.021882
8779.402,0.5542,181.209,3.516,17,0.7441,12.649,1.94409,6.54705,2863.479,5915.923,10068.01,0.165526,0.742334,83.9,103.062,0.32616,1.14678,0.902585,C,0.0,-0.026421
7383.834,0.50552,161.071,2.1864,20,0.8663,17.326,1.97875,8.11365,3125.248,4258.586,6833.081,0.064319,0.829307,81.797,102.653,0.42326,0.92541,0.946148,C,-0.0,-0.012242
7048.227,0.61923,150.413,1.605,24,0.7299,17.517,1.99918,7.47632,2033.762,5014.465,3264.234,0.142869,0.812426,82.392,101.975,0.28855,0.46313,0.933425,C,0.0,0.03032
9778.58,0.50412,153.936,1.5931,16,0.7222,11.555,1.99224,4.89297,3431.1,6347.48,5466.153,0.257476,0.637444,84.054,101.011,0.35088,0.55899,0.820791,C,0.0,-0.011195
7000.0,0.68551,149.902,3.2594,26,0.7916,20.581,2.0002,10.91798,1506.525,5493.475,4910.344,0.063476,0.856092,81.322,102.235,0.21522,0.70148,0.980071,C,0.0,0.021819
10659.245,0.51438,166.078,3.6754,21,0.8222,17.265,1.96969,9.20043,4054.958,6604.287,14903.439,0.055085,0.796375,81.874,102.69,0.38042,1.39817,0.959261,C,0.0,0.046022
7577.393,0.60608,160.129,1.0491,23,0.7859,18.076,1.98049,6.32384,2404.303,5173.091,2522.304,0.193663,0.797756,83.467,102.396,0.3173,0.33287,0.898612,C,-0.001,0.017434
9478.3,0.4914,181.917,1.105,17,0.7516,12.778,1.94296,4.45521,2920.247,6558.053,3226.806,0.330134,0.563212,86.098,101.912,0.3081,0.34044,0.793013,C,0.0,-0.010349
12626.309,0.60946,180.077,3.0146,26,0.758,19.709,1.94592,9.85275,3695.793,8930.516,11141.242,0.071417,0.832123,82.616,103.602,0.29271,0.88238,0.9657,C,0.0,6.9e-05
9570.51,0.57635,160.387,3.0156,19,0.8183,15.547,1.98001,7.97554,3070.325,6500.185,9258.766,0.108766,0.797204,82.356,102.406,0.32081,0.96743,0.939457,C,0.0,0.042987
9922.793,0.57092,164.848,1.7777,21,0.8053,16.912,1.97188,7.34895,3561.463,6361.33,6331.052,0.121203,0.822703,82.698,102.802,0.35892,0.63803,0.923804,C,0.0,-0.024295
11737.064,0.68899,141.763,1.6131,22,0.6671,14.677,2.01702,6.35698,2463.666,9273.399,3974.18,0.373228,0.772883,85.052,101.226,0.2099,0.3386,0.886294,C,-0.001,-0.041848
9590.579,0.47825,162.853,2.6035,26,0.8511,22.128,1.97549,10.88439,3700.556,5890.023,9634.229,0.027127,0.761681,81.378,102.298,0.38585,1.00455,0.978114,C,0.0,-0.009185
10805.321,0.34825,156.507,1.8769,17,0.7934,13.488,1.9873,6.0434,4750.81,6054.511,8916.752,0.09784,0.544741,82.054,100.537,0.43967,0.82522,0.876476,C,0.0,-0.006589
8891.134,0.6046,179.917,2.8782,16,0.777,12.432,1.94618,6.14375,2580.149,6310.986,7426.234,0.23454,0.75589,84.764,103.091,0.29019,0.83524,0.887426,C,-0.001,0.020262
9459.837,0.43396,143.194,3.2079,21,0.8226,17.274,2.01398,9.21964,3469.288,5990.549,11129.168,0.046194,0.658532,80.8,100.554,0.36674,1.17647,0.960962,C,0.0,-0.037639
10198.039,0.53224,164.913,1.8376,23,0.8241,18.954,1.97177,8.33334,3207.435,6990.604,5894.074,0.092118,0.734178,82.317,102.221,0.31451,0.57796,0.945565,C,0.0,-0.005883
10079.3,0.43432,185.21,3.5069,21,0.7145,15.005,1.93773,7.72364,4433.781,5645.519,15548.789,0.066294,0.723345,82.733,103.12,0.43989,1.54265,0.932855,C,0.0,0.050557
8973.667,0.30803,171.837,1.9491,16,0.8246,13.193,1.95964,5.8661,5066.075,3907.592,9874.191,0.067865,0.6194,82.264,101.806,0.56455,1.10035,0.875619,C,0.0,-0.013019
11026.334,0.68331,174.72,3.4569,19,0.7909,15.028,1.95476,7.81262,2773.415,8252.92,9587.42,0.181829,0.851834,83.877,103.479,0.25153,0.8695,0.933069,C,-0.001,-0.000846
10746.523,0.3444,176.382,1.7697,23,0.8104,18.639,1.95198,7.96541,5375.672,5370.851,9513.27,0.043327,0.645749,82.11,102.198,0.50022,0.88524,0.937071,C,0.0,-0.030882
11011.063,0.31857,133.524,1.5848,19,0.7791,14.804,2.03521,6.44987,5633.608,5377.455,8928.4,0.067115,0.581993,80.629,99.475,0.51163,0.81086,0.89221,C,0.0,0.053571
10262.267,0.35262,166.678,1.363,26,0.8653,22.497,1.96862,8.78939,4656.142,5606.125,6346.114,0.036134,0.61548,81.647,101.526,0.45371,0.61839,0.953507,C,0.0,-0.02226
8596.298,0.67739,177.808,3.1113,20,0.8751,17.502,1.94962,8.84292,2070.838,6525.46,6442.979,0.121947,0.853663,83.201,103.638,0.2409,0.74951,0.956632,C,0.0,-0.029939
11040.884,0.67572,180.839,3.399,22,0.6881,15.138,1.94469,7.77938,2089.878,8951.006,7103.483,0.241831,0.777021,84.894,103.274,0.18929,0.64338,0.932257,C,0.0,0.029217
11358.757,0.36789,186.53,2.9519,21,0.8409,17.659,1.93567,8.7118,5830.718,5528.039,17211.961,0.035356,0.718633,82.371,103.148,0.51332,1.5153,0.950668,C,0.0,-0.009004
8611.596,0.65437,186.56,2.3382,20,0.8705,17.41,1.93562,8.05369,2268.652,6342.944,5304.59,0.142062,0.837606,83.78,103.935,0.26344,0.61598,0.942808,C,-0.0,-0.007118
7000.0,0.46784,147.135,3.6218,22,0.7354,16.178,2.00579,8.82416,2960.701,4039.299,10723.207,0.045872,0.777137,80.97,101.56,0.42296,1.53189,0.958529,C,0.0,-0.021983
9529.847,0.49113,174.566,2.7345,19,0.6784,12.889,1.95501,6.32699,3524.314,6005.533,9637.073,0.142995,0.695437,83.358,102.44,0.36982,1.01125,0.892326,C,0.0,-0.035376
11516.051,0.56908,148.119,3.4329,16,0.669,10.703,2.00379,5.76103,3257.29,8258.76,11181.939,0.280053,0.683068,84.104,100.994,0.28285,0.97099,0.860805,C,0.001,0.045791
11124.039,0.3228,172.127,2.8897,19,0.8984,17.069,1.95914,8.52774,5819.413,5304.626,16816.265,0.032246,0.641554,81.805,101.967,0.52314,1.51171,0.947741,C,0.0,-0.017031
8737.301,0.62351,145.788,3.9199,19,0.8624,16.386,2.00856,9.1052,2308.106,6429.194,9047.48,0.093795,0.813686,81.543,101.726,0.26417,1.0355,0.960262,C,0.001,-0.039405
11952.707,0.66477,170.175,3.2026,21,0.8967,18.831,1.9625,9.67527,3639.307,8313.4,11655.123,0.078193,0.921546,82.337,103.719,0.30448,0.9751,0.964186,C,0.0,0.052184
9130.628,0.58496,165.931,2.6442,22,0.6566,14.444,1.96995,7.10591,2625.514,6505.113,6942.277,0.164747,0.754564,83.316,102.407,0.28755,0.76033,0.919015,C,0.001,-0.017486
11154.7,0.31215,176.817,2.5412,21,0.8745,18.365,1.95126,8.80969,5552.921,5601.779,14110.869,0.029716,0.592119,81.947,101.865,0.49781,1.26502,0.95261,C,0.0,0.009225
9353.657,0.57025,150.605,3.3184,24,0.7398,17.756,1.99879,9.44912,3032.841,6320.816,10064.248,0.063154,0.813563,81.348,101.993,0.32424,1.07597,0.964091,C,0.0,0.004836
11131.42,0.59513,158.002,3.3124,17,0.7224,12.28,1.98447,6.46463,3616.756,7514.663,11980.291,0.197103,0.786693,83.425,102.212,0.32491,1.07626,0.89239,C,0.001,0.035747
10791.529,0.64135,159.705,3.1545,16,0.7011,11.218,1.98128,5.82381,3006.505,7785.025,9484.109,0.306953,0.770493,84.945,102.194,0.2786,0.87885,0.866662,C,-0.001,-0.015872
9973.936,0.57352,150.342,2.3265,26,0.7515,19.539,1.99932,9.46736,3154.251,6819.685,7338.224,0.065935,0.808296,81.373,101.944,0.31625,0.73574,0.963643,C,-0.0,-0.047872
11618.217,0.3271,129.692,2.2886,26,0.7997,20.791,2.04412,10.34483,5885.146,5733.071,13468.639,0.018122,0.644283,79.796,99.649,0.50654,1.15927,0.971937,C,0.0,-0.052018
9566.297,0.58051,135.797,1.1872,20,0.8243,16.487,2.03007,6.33662,3001.929,6564.368,3564.041,0.198738,0.7551,82.474,100.756,0.3138,0.37256,0.89257,C,0.0,-0.020571
9255.141,0.36704,181.161,1.5979,18,0.7209,12.976,1.94417,5.306,4336.305,4918.837,6928.987,0.119572,0.585196,83.291,102.023,0.46853,0.74866,0.847364,C,-0.001,0.022554
9573.909,0.6276,161.819,2.6143,23,0.8019,18.445,1.97738,9.09578,2419.883,7154.026,6326.329,0.101579,0.805528,82.319,102.535,0.25276,0.66079,0.95909,C,0.0,0.007737
9059.774,0.40711,173.589,3.2288,17,0.7432,12.634,1.95666,6.47498,3479.81,5579.964,11235.458,0.106816,0.594386,82.844,101.726,0.38409,1.24015,0.899224,C,0.0,-0.027274
11315.716,0.31189,154.061,1.3612,27,0.7426,20.05,1.992,7.96531,6073.586,5242.13,8267.306,0.037179,0.630175,81.151,100.97,0.53674,0.7306,0.936017,C,0.0,-0.010463
11351.918,0.43012,156.305,3.9843,17,0.7251,12.326,1.98769,6.76876,4408.222,6943.696,17563.537,0.107843,0.634724,82.177,101.12,0.38832,1.54719,0.902637,C,0.0,-0.039415
9890.58,0.30519,148.635,1.5313,26,0.8114,21.096,2.00274,8.86343,4584.232,5306.348,7019.955,0.029501,0.543363,80.819,100.101,0.46349,0.70976,0.955197,C,0.0,-0.006486
8445.177,0.37901,190.079,2.0352,27,0.874,23.597,1.93021,10.40538,4010.547,4434.631,8162.416,0.019937,0.703752,82.291,103.208,0.47489,0.96652,0.975019,C,-0.001,-0.032176
10480.938,0.61904,192.514,1.9828,16,0.8386,13.418,1.92652,5.84873,3001.875,7479.062,5952.028,0.283089,0.753882,85.848,103.646,0.28641,0.56789,0.869023,C,0.001,-0.008151
10429.698,0.49999,149.692,2.2291,26,0.786,20.437,2.00062,9.78306,4233.089,6196.609,9435.831,0.040652,0.813782,81.012,101.944,0.40587,0.90471,0.967001,C,0.0,-0.027696
10926.666,0.43723,200.044,2.2241,18,0.7824,14.083,1.91547,6.31443,5025.085,5901.58,11176.412,0.107189,0.718254,83.779,103.735,0.45989,1.02286,0.887255,C,0.001,-0.001102
9840.328,0.35648,173.656,2.5549,27,0.8338,22.514,1.95655,10.86022,5120.745,4719.583,13083.238,0.015235,0.726731,81.638,102.603,0.52038,1.32955,0.97776,C,0.0,-0.001698
10007.085,0.51039,189.736,1.4204,26,0.7452,19.376,1.93073,7.48094,3610.353,6396.733,5128.197,0.103187,0.740217,83.378,103.434,0.36078,0.51246,0.92706,C,-0.001,0.004107
11969.491,0.42292,166.82,2.0434,16,0.7566,12.106,1.96837,5.50425,5411.261,6558.23,11057.215,0.144311,0.652796,83.081,101.78,0.45209,0.92378,0.845735,C,0.0,0.046336
9739.072,0.66769,151.665,1.5761,20,0.727,14.54,1.99669,6.15142,2267.386,7471.686,3573.598,0.33046,0.770027,84.922,101.764,0.23281,0.36693,0.884773,C,0.0,0.000651
9583.542,0.6141,141.067,3.647,18,0.7881,14.185,2.0185,7.81923,3423.887,6159.654,12486.758,0.109961,0.894329,81.545,101.987,0.35727,1.30294,0.936027,C,0.001,0.001902
7448.64,0.61408,144.826,2.9841,21,0.8302,17.434,2.01056,9.11994,2027.596,5421.044,6050.497,0.085602,0.811748,81.393,101.658,0.27221,0.8123,0.962055,C,0.0,-0.027047
9284.937,0.41457,189.167,3.4441,19,0.8494,16.138,1.9316,8.23361,3970.48,5314.457,13674.821,0.053159,0.684578,82.698,103.041,0.42763,1.4728,0.945166,C,0.0,0.029242
9053.947,0.68899,139.996,2.7337,16,0.8163,13.061,2.02081,6.72737,2374.257,6679.69,6490.443,0.242347,0.847743,83.244,101.617,0.26223,0.71686,0.907761,C,0.0,0.024443
9563.409,0.38869,172.648,1.7856,24,0.8854,21.251,1.95826,9.15466,4388.88,5174.529,7836.954,0.033931,0.689583,81.847,102.309,0.45892,0.81947,0.959938,C,0.0,0.015126
11478.754,0.59919,154.605,1.4027,18,0.7225,13.004,1.99095,5.22798,3509.724,7969.03,4923.231,0.328376,0.718467,85.018,101.582,0.30576,0.4289,0.832435,C,0.0,-0.039596
9029.873,0.58273,184.567,1.7399,22,0.7982,17.56,1.93874,7.38236,3197.201,5832.673,5562.675,0.120618,0.836039,83.427,103.834,0.35407,0.61603,0.926712,C,-0.001,-0.004199
10847.019,0.61153,178.517,3.239,20,0.7962,15.925,1.94846,8.11651,3195.681,7651.337,10350.691,0.124259,0.815043,83.257,103.416,0.29461,0.95424,0.940136,C,0.001,0.016741
9411.693,0.61747,185.594,1.2457,23,0.786,18.078,1.93713,6.6306,2882.787,6528.905,3590.971,0.194475,0.804236,84.438,103.671,0.3063,0.38154,0.903529,C,0.001,0.027633
9359.496,0.57757,162.829,2.5597,21,0.7808,16.397,1.97553,8.0274,2644.542,6714.954,6769.265,0.12075,0.757475,82.612,102.269,0.28255,0.72325,0.940928,C,0.0,0.025877
7244.93,0.49193,185.263,3.6292,24,0.7179,17.23,1.93765,8.93529,3153.784,4091.146,11445.629,0.045441,0.836112,82.459,103.866,0.43531,1.57981,0.959789,C,0.0,0.031052
10493.301,0.5711,193.247,2.5883,21,0.7519,15.789,1.92543,7.46154,3478.562,7014.739,9003.55,0.128359,0.790648,83.831,103.921,0.3315,0.85803,0.925492,C,0.0,0.0301
10959.202,0.51259,147.372,2.8383,27,0.8229,22.218,2.00531,11.43163,3584.367,7374.835,10173.367,0.029499,0.747384,80.764,101.377,0.32706,0.92829,0.981177,C,-0.0,0.008429
8299.336,0.37976,159.014,4.3293,17,0.7361,12.513,1.98257,6.95689,4100.098,4199.238,17750.633,0.063906,0.688148,81.709,101.615,0.49403,2.1388,0.916864,C,0.0,0.037745
9031.36,0.38326,148.502,2.5391,18,0.8476,15.257,2.00301,7.60379,4421.388,4609.972,11226.467,0.053098,0.699908,81.125,101.127,0.48956,1.24305,0.932174,C,0.0,0.035891
7261.04,0.65036,120.828,1.1511,27,0.8231,22.224,2.06594,8.62899,1761.788,5499.253,2027.964,0.12004,0.820256,80.692,100.234,0.24264,0.27929,0.955215,C,-0.001,0.009674
9348.973,0.49202,163.876,3.4177,19,0.8164,15.512,1.97363,8.15893,3828.186,5520.788,13083.614,0.067765,0.786207,81.955,102.512,0.40948,1.39947,0.943604,C,-0.001,-0.0175
8106.226,0.51704,165.203,1.5158,23,0.7347,16.897,1.97125,6.90928,2878.939,5227.288,4363.776,0.122313,0.734433,82.727,102.238,0.35515,0.53832,0.915983,C,-0.001,0.018617
10413.371,0.45804,211.794,3.6062,17,0.89,15.131,1.89914,7.59781,3850.947,6562.424,13887.116,0.087779,0.675322,83.899,103.935,0.36981,1.33359,0.92913,C,0.0,-0.041124
10124.451,0.67642,160.429,2.828,21,0.7773,16.323,1.97994,8.23713,2099.476,8024.975,5937.27,0.183243,0.805444,83.341,102.463,0.20737,0.58643,0.943824,C,-0.0,-0.001099
10770.239,0.37243,162.185,2.0011,21,0.7298,15.326,1.97671,6.96355,4700.23,6070.009,9405.605,0.076313,0.601732,82.0,101.208,0.43641,0.8733,0.910579,C,0.0,-0.047197
9013.725,0.61433,136.668,2.5917,19,0.6538,12.421,2.02812,6.33784,2819.783,6193.942,7308.164,0.207337,0.799616,82.628,101.102,0.31283,0.81078,0.894419,C,0.0,-0.018795
7757.516,0.69734,175.466,1.6943,19,0.8738,16.602,1.95351,6.99093,2049.371,5708.145,3472.204,0.213136,0.87118,84.318,103.643,0.26418,0.44759,0.919256,C,-0.0,0.009709
9684.461,0.44562,167.633,3.2543,20,0.8224,16.447,1.96693,8.51102,3746.2,5938.261,12191.32,0.058025,0.690136,81.973,102.067,0.38683,1.25885,0.94963,C,0.0,0.008562
9152.473,0.51809,184.075,1.7624,27,0.8726,23.561,1.93952,9.95785,2852.054,6300.419,5026.558,0.049657,0.730143,82.473,103.113,0.31162,0.5492,0.970133,C,0.0,-0.026539
12587.339,0.30549,153.961,3.0504,21,0.6661,13.988,1.9922,7.26068,6949.552,5637.787,21198.866,0.046968,0.62417,81.276,100.925,0.55211,1.68414,0.915117,C,0.0,-0.037879
10093.415,0.60942,154.058,3.4188,19,0.7366,13.995,1.99201,7.46175,2967.935,7125.479,10146.735,0.152582,0.799699,82.675,102.089,0.29405,1.00528,0.926378,C,0.001,0.03708
11847.142,0.30769,172.863,1.4763,27,0.7087,19.134,1.95789,7.66389,6407.463,5439.679,9459.215,0.041071,0.62175,81.949,101.872,0.54084,0.79844,0.927808,C,0.0,-0.034209
10563.721,0.43874,160.846,1.4821,20,0.885,17.7,1.97917,7.21509,4469.314,6094.407,6623.851,0.084402,0.698592,82.053,101.779,0.42308,0.62704,0.918611,C,-0.0,0.003936
9915.519,0.47735,140.545,1.2468,25,0.6901,17.253,2.01963,6.72981,3685.898,6229.621,4595.607,0.121494,0.687901,81.674,100.594,0.37173,0.46348,0.905388,C,0.0,-0.004012
7634.241,0.63509,149.317,2.3301,16,0.6995,11.191,2.00137,5.43319,1737.874,5896.366,4049.442,0.387035,0.708201,85.568,101.227,0.22764,0.53043,0.861271,C,0.001,-0.000244
9995.682,0.32393,197.21,2.6691,26,0.7768,20.197,1.91957,9.58083,4874.307,5121.375,13009.914,0.023226,0.610131,82.576,102.901,0.48764,1.30155,0.965035,C,0.0,-0.019034
10795.164,0.47479,162.058,1.1809,22,0.8853,19.477,1.97694,7.18792,4728.737,6066.427,5584.327,0.089668,0.774989,82.171,102.345,0.43804,0.5173,0.917272,C,0.0,0.005332
9981.745,0.66188,155.077,2.5308,23,0.8297,19.082,1.99004,9.41235,2635.429,7346.316,6669.802,0.092938,0.86599,81.93,102.581,0.26402,0.6682,0.962927,C,0.0,-0.050313
10317.194,0.57919,167.202,1.647,22,0.7617,16.757,1.96769,7.05719,3956.316,6360.878,6515.941,0.12897,0.859214,82.893,103.161,0.38347,0.63156,0.914612,C,0.0,0.014088
10101.395,0.35378,176.604,3.2907,27,0.7487,20.214,1.95161,10.36629,5321.38,4780.015,17510.962,0.017894,0.727713,81.783,102.75,0.5268,1.73352,0.973355,C,0.0,-0.028306
7829.403,0.52599,142.802,2.6285,17,0.7857,13.357,2.01481,6.77841,2876.878,4952.525,7561.852,0.124795,0.759033,81.82,101.195,0.36745,0.96583,0.91282,C,0.0,0.037786
10729.784,0.65297,162.077,3.6151,16,0.6805,10.889,1.9769,5.81305,2199.553,8530.231,7951.597,0.425553,0.711611,86.606,101.928,0.205,0.74108,0.866401,C,0.0,-0.005531
8684.181,0.30176,187.746,3.1217,19,0.7578,14.397,1.93378,7.19122,4184.523,4499.658,13063.008,0.048547,0.53723,82.588,102.006,0.48186,1.50423,0.922479,C,0.0,0.041153
9672.984,0.57473,144.255,2.3706,17,0.8286,14.086,2.01175,6.92519,3059.88,6613.104,7253.612,0.159364,0.766925,82.341,101.33,0.31633,0.74988,0.912286,C,0.0,-0.035407
11877.794,0.64046,189.248,3.1221,16,0.7237,11.58,1.93147,5.77348,3365.641,8512.153,10507.836,0.316501,0.768553,86.177,103.599,0.28336,0.88466,0.859972,C,0.0,-0.017522
7379.088,0.57353,153.283,3.0006,18,0.6503,11.706,1.99352,6.05704,2833.565,4545.523,8502.283,0.165187,0.828088,82.808,102.234,0.384,1.15221,0.889402,C,0.0,-0.032811
9438.087,0.51656,173.576,1.4357,16,0.8642,13.828,1.95668,5.47117,3871.394,5566.693,5558.051,0.18244,0.748926,83.842,102.745,0.41019,0.5889,0.855129,C,0.0,-2.2e-05
10364.532,0.46004,153.345,2.0036,21,0.7484,15.716,1.99339,7.23213,4582.795,5781.737,9182.234,0.083682,0.75835,81.735,101.778,0.44216,0.88593,0.91957,C,0.0,0.021596
12188.55,0.48669,193.281,1.3674,20,0.7486,14.972,1.92537,5.66539,4679.425,7509.125,6398.704,0.185982,0.674079,84.592,103.153,0.38392,0.52498,0.85329,C,0.0,0.013108
10072.196,0.43999,142.537,1.6072,19,0.6964,13.231,2.01537,5.71579,4467.195,5605.001,7179.784,0.134478,0.683476,81.936,100.681,0.44352,0.71283,0.864443,C,0.0,0.042405
8589.481,0.48609,142.877,2.0313,16,0.6725,10.759,2.01465,5.05012,3355.511,5233.97,6816.051,0.203477,0.667277,82.862,100.593,0.39065,0.79353,0.836473,C,0.0,-0.016292
11596.795,0.59756,145.519,2.2787,17,0.7045,11.976,2.00912,5.80714,4051.071,7545.723,9231.097,0.234838,0.792296,83.393,101.569,0.34933,0.796,0.862717,C,0.001,-0.010741
11339.305,0.68554,165.183,1.833,23,0.6578,15.13,1.97128,6.64392,2260.433,9078.873,4143.332,0.349653,0.769162,85.727,102.466,0.19934,0.3654,0.898325,C,-0.001,0.055856
7496.86,0.37569,152.169,1.0037,26,0.7288,18.948,1.9957,6.5584,3622.031,3874.829,3635.299,0.072436,0.659157,81.537,101.059,0.48314,0.48491,0.906846,C,-0.0,0.009237
10504.629,0.3516,190.202,3.4101,24,0.8528,20.467,1.93002,10.40612,5149.51,5355.119,17560.265,0.019073,0.671358,82.284,103.0,0.49021,1.67167,0.973407,C,0.0,0.008971
7350.678,0.38687,138.568,3.231,18,0.7665,13.797,2.02393,7.42829,3261.666,4089.011,10538.313,0.059616,0.647909,80.766,100.214,0.44372,1.43365,0.931623,C,0.001,0.00229
7003.213,0.43141,188.966,4.2056,20,0.692,13.841,1.93191,7.36326,3106.217,3896.995,13063.435,0.067267,0.721662,82.877,103.277,0.44354,1.86535,0.930841,C,0.001,-0.002984
8417.461,0.33519,149.497,1.0856,25,0.8111,20.277,2.00101,7.32117,4310.441,4107.02,4679.317,0.048082,0.636512,81.101,100.763,0.51208,0.55591,0.926543,C,0.0,0.026614
8565.099,0.42498,184.078,3.6145,24,0.7462,17.91,1.93952,9.29293,3732.416,4832.683,13490.741,0.036095,0.725333,82.294,103.081,0.43577,1.57508,0.962988,C,0.0,-0.030241
7000.0,0.46634,147.275,1.5011,25,0.8246,20.615,2.00551,8.61022,2451.07,4548.93,3679.373,0.059526,0.68554,81.156,100.964,0.35015,0.52562,0.955305,C,0.0,0.004135
13000.0,0.58624,139.752,3.2251,16,0.717,11.471,2.02134,6.16235,4214.619,8785.381,13592.732,0.228031,0.758091,83.044,101.011,0.3242,1.04559,0.873896,C,0.0,-0.062053
8002.282,0.4766,164.583,2.034,27,0.8895,24.016,1.97236,10.93607,3379.763,4622.519,6874.582,0.023085,0.808182,81.393,102.693,0.42235,0.85908,0.979543,C,0.0,0.029122
10887.663,0.41288,134.963,2.0259,24,0.6688,16.052,2.03194,7.61974,4381.042,6506.622,8875.597,0.073176,0.641603,80.777,99.956,0.40239,0.8152,0.928684,C,-0.001,0.042975
11455.678,0.60048,159.783,3.5172,27,0.8842,23.873,1.98113,12.70822,4435.731,7019.947,15601.151,0.018942,0.967947,81.146,103.502,0.38721,1.36187,0.987786,C,0.0,-0.05273
13000.0,0.56054,190.008,1.9152,26,0.7693,20.002,1.93031,8.64239,4457.561,8542.439,8537.065,0.086538,0.807876,83.168,103.893,0.34289,0.6567,0.947063,C,0.0,0.040137
9393.985,0.4491,187.474,3.5195,27,0.6719,18.141,1.9342,9.31955,4239.258,5154.727,14920.256,0.03744,0.787653,82.431,103.646,0.45127,1.58828,0.962379,C,0.0,-0.015342
12445.973,0.38131,148.624,3.3618,19,0.7888,14.988,2.00277,8.02283,5631.488,6814.486,18931.936,0.054568,0.651327,81.149,100.813,0.45247,1.52113,0.935247,C,-0.001,0.016205
8178.755,0.56243,149.393,3.1478,25,0.8013,20.034,2.00122,10.54765,2973.725,5205.03,9360.666,0.036457,0.862924,80.944,102.252,0.36359,1.14451,0.976432,C,0.0,0.018775
10407.581,0.66334,157.595,2.356,24,0.7824,18.777,1.98524,9.03939,2521.717,7885.865,5941.118,0.117127,0.838011,82.353,102.53,0.2423,0.57085,0.957218,C,-0.001,-0.037981
9769.668,0.41028,139.742,1.8757,27,0.8828,23.835,2.02136,10.94139,4785.046,4984.622,8975.253,0.018069,0.786788,80.272,101.2,0.48979,0.91869,0.978429,C,-0.0,-0.002383
8294.957,0.38134,183.895,1.7033,22,0.7926,17.436,1.93981,7.27947,3869.546,4425.411,6591.0,0.060697,0.661713,82.612,102.653,0.46649,0.79458,0.92575,C,0.0,-0.02292
10370.862,0.64737,181.079,2.229,18,0.7076,12.737,1.9443,5.8459,2461.112,7909.75,5485.849,0.356489,0.737875,86.416,103.026,0.23731,0.52897,0.869319,C,-0.0,0.018796
13000.0,0.69105,155.465,2.2177,22,0.8452,18.594,1.98929,8.81405,3011.595,9988.405,6678.668,0.148703,0.854574,82.682,102.526,0.23166,0.51374,0.95015,C,0.0,-0.014426
12875.575,0.65497,165.884,3.3873,22,0.6823,15.012,1.97003,7.85857,3310.232,9565.344,11212.906,0.176823,0.820438,83.473,102.839,0.25709,0.87087,0.930592,C,-0.001,0.018504
11097.157,0.56037,135.896,4.4033,18,0.7497,13.495,2.02984,7.78557,3525.263,7571.894,15522.942,0.119434,0.765657,81.432,100.832,0.31767,1.39882,0.932293,C,0.0,0.003963
8812.108,0.36558,196.664,1.6646,26,0.8757,22.768,1.92037,9.28073,4093.512,4718.596,6813.901,0.029479,0.65716,82.641,103.188,0.46453,0.77324,0.962542,C,0.0,-0.014745
8580.265,0.31958,175.008,2.9918,17,0.7845,13.336,1.95427,6.69679,4577.084,4003.182,13693.56,0.055038,0.622056,82.214,101.977,0.53344,1.59594,0.908132,C,-0.001,-0.035843
10874.369,0.59547,193.147,3.6222,26,0.8782,22.834,1.92557,11.72436,3217.784,7656.586,11655.523,0.034104,0.831385,82.583,104.186,0.29591,1.07183,0.983052,C,-0.001,0.050451
10977.781,0.54184,185.657,1.9977,21,0.652,13.693,1.93703,6.03298,3719.435,7258.347,7430.273,0.199267,0.717389,84.504,103.101,0.33881,0.67685,0.875398,C,-0.001,-0.018093
10691.931,0.38437,142.639,1.0873,27,0.8128,21.947,2.01515,8.01058,5281.583,5410.348,5742.598,0.048121,0.712615,80.8,100.879,0.49398,0.5371,0.938157,C,0.0,0.007323
9633.708,0.47518,175.556,2.281,27,0.8429,22.758,1.95336,10.59343,3825.344,5808.365,8725.743,0.029037,0.769012,81.891,102.973,0.39708,0.90575,0.975736,C,-0.001,-0.033532
8600.626,0.66397,164.666,2.2965,23,0.6532,15.022,1.97221,7.10763,2361.335,6239.292,5422.854,0.192538,0.842395,83.633,102.923,0.27455,0.63052,0.920385,C,-0.001,-0.037457
10715.828,0.62139,188.035,3.4979,20,0.6513,13.027,1.93334,6.67849,3462.904,7252.924,12112.756,0.189683,0.827512,84.461,103.934,0.32316,1.13036,0.901355,C,0.0,-0.027304
9838.314,0.63016,135.825,2.2751,16,0.7161,11.458,2.03,5.63552,2604.849,7233.465,5926.329,0.329504,0.738432,84.201,100.648,0.26477,0.60237,0.861557,C,0.0,-0.018242
12000.843,0.41583,161.945,1.072,25,0.7104,17.76,1.97715,6.26331,5364.365,6636.478,5750.438,0.110124,0.662931,82.437,101.6,0.447,0.47917,0.881621,C,0.0,0.038216
9051.664,0.61812,146.533,1.166,23,0.8054,18.524,2.00703,6.94666,2171.673,6879.992,2532.105,0.220068,0.743762,83.243,101.306,0.23992,0.27974,0.914582,C,-0.001,0.022208
11282.876,0.61898,182.463,3.7632,16,0.6853,10.964,1.94208,5.74968,2594.993,8687.883,9765.467,0.373589,0.692281,86.691,102.789,0.22999,0.86551,0.861187,C,0.0,-0.042585
12085.406,0.43711,162.135,3.4461,25,0.8626,21.566,1.9768,11.39119,4987.057,7098.35,17185.733,0.020887,0.729537,81.267,102.049,0.41265,1.42202,0.980282,C,-0.001,-0.021807
12971.492,0.62899,198.145,2.8074,19,0.841,15.978,1.91821,7.67455,3894.263,9077.229,10932.678,0.155503,0.832122,84.354,104.406,0.30022,0.84282,0.925778,C,0.0,0.007224
13000.0,0.36217,168.479,1.6186,21,0.8476,17.799,1.96545,7.43398,6726.748,6273.252,10887.586,0.056558,0.689884,81.987,102.107,0.51744,0.83751,0.919195,C,0.0,-0.057596
8372.065,0.68745,139.667,1.8406,24,0.6757,16.216,2.02153,7.39549,1894.763,6477.301,3487.47,0.21709,0.825048,82.896,101.448,0.22632,0.41656,0.928531,C,0.001,-0.042251
8199.729,0.69168,190.345,2.6766,24,0.6608,15.858,1.9298,7.58992,2618.639,5581.09,7009.004,0.143823,0.948738,83.935,104.837,0.31936,0.85478,0.933596,C,0.0,-0.024127
10729.259,0.31281,169.676,1.7678,16,0.704,11.263,1.96336,4.85345,5452.146,5277.113,9638.463,0.115064,0.51711,82.805,101.026,0.50816,0.89833,0.813078,C,0.0,0.025877
9155.467,0.32648,163.839,1.1721,26,0.6875,17.875,1.9737,6.55844,4380.69,4774.778,5134.786,0.066981,0.564567,81.943,101.047,0.47848,0.56084,0.901836,C,-0.001,-0.028222
7067.977,0.36612,169.878,2.1679,25,0.6576,16.44,1.96301,7.58812,3688.528,3379.449,7996.445,0.044943,0.716671,81.887,102.353,0.52186,1.13136,0.935939,C,0.0,0.001131
12366.998,0.30863,192.022,4.0808,18,0.7056,12.701,1.92726,6.6931,5654.542,6712.457,23075.028,0.069459,0.51011,83.011,102.016,0.45723,1.86586,0.897098,C,-0.001,-0.02368
10985.422,0.44201,163.929,1.2752,27,0.7842,21.175,1.97354,8.06811,4422.479,6562.943,5639.512,0.06712,0.694624,81.948,101.91,0.40258,0.51336,0.938867,C,0.0,0.051869
11609.101,0.35471,151.996,1.477,20,0.8521,17.043,1.99604,7.02386,5553.242,6055.859,8202.21,0.06652,0.618981,81.452,100.785,0.47835,0.70653,0.910293,C,0.0,0.000898
10164.181,0.43784,179.419,2.0162,19,0.8405,15.969,1.94699,7.11238,4222.738,5941.442,8513.689,0.087867,0.686578,82.81,102.611,0.41545,0.83762,0.916626,C,0.001,-0.017676
11696.989,0.41455,196.825,4.3302,26,0.8429,21.916,1.92013,11.61573,4608.188,7088.801,19954.605,0.01897,0.671704,82.507,103.291,0.39396,1.70596,0.981972,C,-0.0,-0.006523
10966.083,0.5412,120.0,1.4954,17,0.8768,14.905,2.06808,6.49036,3923.764,7042.319,5867.66,0.160531,0.753296,81.183,99.736,0.35781,0.53507,0.893866,C,0.0,0.007627
10359.903,0.5668,182.252,2.4899,23,0.7698,17.705,1.94242,8.38659,3242.641,7117.262,8073.712,0.097222,0.780744,83.036,103.363,0.313,0.77932,0.946312,C,0.0,-0.022626
12690.306,0.36353,155.631,2.1993,23,0.8767,20.164,1.98897,9.53119,6241.718,6448.588,13727.703,0.028422,0.687895,81.101,101.435,0.49185,1.08175,0.961546,C,0.0,-0.046611
8270.13,0.62952,157.64,1.8737,22,0.6638,14.605,1.98515,6.52955,1714.664,6555.466,3212.816,0.292879,0.717576,84.675,101.737,0.20733,0.38848,0.903541,C,-0.0,-0.02191
10582.581,0.44547,212.858,3.8543,16,0.7336,11.737,1.89771,5.97045,4223.864,6358.717,16279.949,0.140506,0.648039,84.629,103.797,0.39913,1.53837,0.874108,C,0.0,0.047517
8159.807,0.47515,199.153,3.4095,18,0.7004,12.607,1.91675,6.3423,3646.73,4513.077,12433.616,0.109118,0.770921,83.775,104.045,0.44691,1.52376,0.897367,C,-0.0,-0.017422
12146.999,0.66742,220.084,1.6177,24,0.6865,16.475,1.88823,6.47167,2696.774,9450.226,4362.626,0.332214,0.763076,87.38,104.84,0.22201,0.35915,0.889492,C,-0.001,0.00334
9683.725,0.36841,198.855,2.8467,18,0.725,13.05,1.91718,6.28575,4777.76,4905.965,13600.967,0.081951,0.647383,83.406,103.217,0.49338,1.40452,0.89025,C,0.0,0.000578
8203.51,0.43947,124.124,3.802,27,0.8181,22.089,2.05762,12.61899,3649.49,4554.02,13875.48,0.011285,0.782609,79.427,100.204,0.44487,1.69141,0.988576,C,0.0,-0.004993
7552.861,0.38442,144.079,2.5953,24,0.6832,16.398,2.01212,8.2762,3421.874,4130.988,8880.689,0.043404,0.666896,80.802,100.66,0.45306,1.1758,0.948846,C,-0.001,0.008433
9718.068,0.4153,171.439,1.6158,16,0.837,13.391,1.96032,5.56799,4253.205,5464.863,6872.429,0.134025,0.634213,83.122,101.885,0.43766,0.70718,0.858759,C,0.0,-0.009318
13000.0,0.50896,188.24,1.3429,21,0.6524,13.701,1.93302,5.17605,4723.914,8276.086,6343.781,0.249446,0.657089,85.257,102.819,0.36338,0.48798,0.821905,C,0.0,-0.006525
10802.078,0.46622,178.105,2.8064,27,0.7445,20.101,1.94914,9.89055,4389.876,6412.202,12319.564,0.036862,0.760159,82.088,103.035,0.40639,1.14048,0.967868,C,-0.0,0.032136
7584.725,0.68926,182.971,3.8267,25,0.7904,19.76,1.94127,10.39186,1913.917,5670.809,7323.898,0.066702,0.899377,82.658,104.179,0.25234,0.96561,0.97558,C,-0.001,-0.009724
7000.0,0.39332,228.974,2.8513,26,0.7967,20.714,1.87705,9.65677,3341.049,3658.951,9526.327,0.025536,0.729159,83.596,104.954,0.47729,1.3609,0.969013,C,0.0,-0.034079
13000.0,0.45774,195.394,3.5637,19,0.7254,13.783,1.92224,7.03326,5519.853,7480.147,19671.072,0.100226,0.721556,83.532,103.558,0.4246,1.51316,0.907029,C,0.0,0.042264
9136.308,0.40245,173.713,2.9189,22,0.7252,15.955,1.95645,7.97542,4500.833,4635.475,13137.622,0.048809,0.745815,82.083,102.731,0.49263,1.43796,0.940254,C,0.0,0.01921
7692.829,0.43351,152.737,3.4941,20,0.6544,13.089,1.99458,7.02608,3252.48,4440.349,11364.405,0.081608,0.691266,81.682,101.302,0.42279,1.47727,0.920409,C,0.0,0.02762
10265.237,0.31889,199.62,3.3509,25,0.8112,20.279,1.91608,10.15609,5195.397,5069.84,17409.254,0.018158,0.627069,82.589,103.115,0.50612,1.69594,0.971181,C,-0.0,0.003909
11494.439,0.32446,149.868,2.0017,23,0.7033,16.176,2.00026,7.47839,5666.39,5828.049,11342.692,0.050193,0.591111,81.145,100.484,0.49297,0.9868,0.923738,C,0.0,0.048692
12840.007,0.47064,200.497,2.4351,16,0.8688,13.901,1.91482,6.40164,5022.398,7817.608,12229.844,0.138925,0.683744,84.212,103.526,0.39115,0.95248,0.884537,C,0.001,0.041688
9819.126,0.34076,120.073,3.26,18,0.7108,12.794,2.06789,7.11339,4991.705,4827.421,16272.872,0.05529,0.635941,79.798,98.967,0.50837,1.65726,0.917514,C,0.0,0.019068
9419.557,0.31518,134.399,1.8938,20,0.8838,17.676,2.03322,8.20854,5075.642,4343.914,9612.196,0.03249,0.645488,80.213,99.948,0.53884,1.02045,0.944455,C,0.001,0.004007
11086.968,0.53483,162.214,3.4373,21,0.7582,15.922,1.97665,8.40417,3275.578,7811.39,11259.12,0.098677,0.717723,82.297,101.975,0.29544,1.01553,0.94549,C,0.0,0.00462
8876.011,0.35254,194.548,1.5052,24,0.7055,16.931,1.92349,6.65427,4518.902,4357.109,6801.789,0.065167,0.650588,83.041,103.053,0.50911,0.76631,0.90589,C,0.0,-0.017199
11070.76,0.4805,145.44,3.4154,16,0.7648,12.237,2.00928,6.60485,4114.734,6956.026,14053.301,0.132221,0.686514,82.035,100.867,0.37168,1.26941,0.897724,C,0.0,0.036702
10259.872,0.61652,145.434,3.2724,25,0.7536,18.839,2.00929,10.06856,2440.613,7819.259,7986.577,0.077004,0.784923,81.306,101.516,0.23788,0.77843,0.970289,C,0.0,-0.03691
11319.101,0.57314,170.081,1.6946,26,0.7183,18.676,1.96266,7.91957,3461.62,7857.48,5866.11,0.121857,0.771957,82.91,102.728,0.30582,0.51825,0.934979,C,0.001,-0.02977
8742.126,0.57908,136.936,2.0464,20,0.8294,16.588,2.02752,7.8761,2897.185,5844.941,5928.708,0.106777,0.813181,81.313,101.208,0.33141,0.67818,0.938891,C,0.0,0.042634
9437.684,0.51888,165.261,2.9204,16,0.792,12.672,1.97114,6.40594,3381.041,6056.643,9873.973,0.151276,0.72409,83.112,102.172,0.35825,1.04623,0.895555,C,-0.0,0.000486
10871.08,0.61419,134.383,1.4889,19,0.6998,13.297,2.03326,5.64474,3261.523,7609.557,4856.026,0.291298,0.752579,83.629,100.654,0.30002,0.44669,0.857706,C,0.0,0.040701
11318.943,0.49777,191.215,3.2088,20,0.7138,14.277,1.92848,7.14834,3807.18,7511.764,12216.502,0.126042,0.686172,83.731,103.143,0.33635,1.0793,0.914831,C,-0.001,0.003548
7792.702,0.56673,163.415,1.8537,21,0.8376,17.59,1.97447,7.77304,2425.108,5367.594,4495.341,0.111957,0.772194,82.52,102.396,0.3112,0.57687,0.938522,C,0.0,0.026307
8913.332,0.54716,195.073,3.0653,25,0.8842,22.105,1.92271,10.89609,2513.635,6399.697,7705.119,0.041421,0.745808,82.745,103.704,0.28201,0.86445,0.978652,C,0.0,-0.043758
10776.444,0.65436,157.71,2.9921,18,0.7219,12.993,1.98502,6.67707,2790.513,7985.931,8349.501,0.249845,0.795704,84.11,102.256,0.25895,0.77479,0.90113,C,0.0,0.040935
9256.208,0.36278,171.954,2.9433,20,0.7845,15.69,1.95944,7.87767,4446.558,4809.65,13087.736,0.046862,0.654846,81.991,102.046,0.48039,1.41394,0.937946,C,0.0,0.012473
13000.0,0.4061,173.887,2.9261,21,0.8033,16.87,1.95616,8.4363,6009.323,6990.677,17583.82,0.049984,0.71222,82.105,102.518,0.46226,1.3526,0.943104,C,0.0,0.030026
11054.088,0.55174,170.565,2.8643,26,0.8024,20.862,1.96183,10.42053,3746.511,7307.577,10731.175,0.043773,0.812175,81.898,103.017,0.33893,0.97079,0.973111,C,0.0,-0.044863
11909.646,0.33697,170.992,3.9508,17,0.7451,12.666,1.96109,6.80769,5700.596,6209.05,22521.812,0.068703,0.583271,82.243,101.527,0.47865,1.89106,0.90241,C,0.0,-0.013437
9698.956,0.35675,160.311,2.491,20,0.6529,13.059,1.98016,6.36588,4690.181,5008.775,11683.412,0.078764,0.617061,81.957,101.213,0.48358,1.20461,0.893236,C,0.0,-0.034574
10003.682,0.32209,177.255,3.2033,16,0.8575,13.72,1.95054,6.98565,4942.13,5061.552,15831.299,0.056549,0.581359,82.317,101.815,0.49403,1.58255,0.913262,C,0.0,0.034617
10029.175,0.67756,136.471,2.3402,25,0.8013,20.033,2.02856,9.92775,1837.407,8191.768,4299.986,0.11464,0.803818,81.395,101.118,0.18321,0.42875,0.969002,C,0.0,0.036904
11514.212,0.5949,177.65,2.1264,26,0.7162,18.62,1.94988,8.45692,3230.665,8283.547,6869.764,0.114868,0.78211,83.101,103.158,0.28058,0.59663,0.945823,C,0.0,0.059747
9851.265,0.4838,161.515,2.4787,18,0.7204,12.967,1.97793,6.30163,4016.915,5834.35,9956.535,0.130155,0.727289,82.684,102.003,0.40776,1.01069,0.890304,C,0.0,-0.038142
12145.838,0.32288,175.459,1.9114,22,0.7349,16.167,1.95352,7.10743,6931.421,5214.418,13248.832,0.050048,0.685541,82.165,102.417,0.57068,1.09081,0.911541,C,-0.001,0.047085
9259.791,0.54772,154.799,1.9763,19,0.6979,13.26,1.99057,6.06143,3115.899,6143.891,6157.842,0.190751,0.728757,83.209,101.66,0.3365,0.66501,0.88281,C,0.001,0.008303
11467.425,0.53369,120.989,4.369,26,0.7513,19.533,2.06553,11.52988,3842.435,7624.99,16787.502,0.029395,0.787812,79.504,100.031,0.33507,1.46393,0.981544,C,0.0,0.04305
10473.906,0.46431,180.24,2.1496,27,0.8497,22.942,1.94566,10.42193,4149.697,6324.209,8920.124,0.030965,0.748657,82.088,103.059,0.39619,0.85165,0.973578,C,0.0,-0.01941
9936.998,0.65053,177.76,3.2341,18,0.6688,12.039,1.9497,6.1395,2421.93,7515.068,7832.774,0.310681,0.76005,85.69,103.018,0.24373,0.78824,0.883599,C,0.0,0.040241
12308.164,0.67278,181.186,3.2754,27,0.6873,18.557,1.94413,9.45112,3010.806,9297.358,9861.487,0.107613,0.855806,83.134,103.81,0.24462,0.80122,0.960873,C,0.0,-0.050051
11270.009,0.54194,142.471,3.8676,23,0.783,18.01,2.01551,10.02936,3944.196,7325.813,15254.446,0.048047,0.807857,80.792,101.498,0.34997,1.35354,0.968973,C,0.0,-0.04742
9863.624,0.54181,175.685,3.4922,19,0.8407,15.974,1.95314,8.31305,2943.778,6919.847,10280.25,0.098535,0.730385,82.813,102.724,0.29845,1.04224,0.945724,C,-0.001,-0.007497
9274.197,0.69447,176.838,1.0332,22,0.8559,18.829,1.95123,6.39599,1842.272,7431.925,1903.375,0.364592,0.776244,86.368,103.081,0.19864,0.20523,0.895713,C,0.0,-0.013232
11749.977,0.58663,176.227,2.6798,25,0.8206,20.515,1.95224,9.99427,3106.803,8643.174,8325.471,0.070656,0.772099,82.465,103.025,0.26441,0.70855,0.968153,C,0.0,-0.011267
8678.494,0.52628,157.267,1.817,24,0.7401,17.763,1.98586,7.86022,2411.628,6266.867,4381.993,0.116147,0.684111,82.327,101.497,0.27789,0.50493,0.938673,C,-0.001,-0.018185
10748.146,0.41949,193.138,2.4134,17,0.7412,12.6,1.92559,5.83708,4904.423,5843.723,11836.465,0.121858,0.669284,83.741,103.115,0.4563,1.10126,0.867448,C,0.0,-0.013717
8547.37,0.52763,188.458,1.805,16,0.7653,12.244,1.93269,5.19162,3005.139,5542.231,5424.175,0.23324,0.687252,85.05,103.028,0.35159,0.6346,0.84458,C,0.0,0.020874
10059.483,0.69151,149.767,3.7282,18,0.7106,12.79,2.00047,6.99287,2215.421,7844.062,8259.565,0.272115,0.809959,84.07,101.923,0.22023,0.82107,0.913337,C,0.0,0.01519
8461.104,0.59122,179.682,2.8167,26,0.733,19.057,1.94656,9.36753,2651.759,5809.345,7469.224,0.067799,0.830147,82.554,103.57,0.31341,0.88277,0.96406,C,0.0,-0.023025
10070.249,0.65699,204.962,3.224,20,0.7855,15.71,1.9085,7.74968,2573.123,7497.126,8295.681,0.171031,0.823772,84.782,104.637,0.25552,0.82378,0.933482,C,0.0,0.046611
12450.17,0.53854,143.266,1.7846,25,0.7124,17.81,2.01383,7.99009,4396.544,8053.626,7845.989,0.0999,0.777996,81.512,101.346,0.35313,0.63019,0.934493,C,0.0,0.010993
12599.064,0.57135,124.922,2.4425,26,0.6566,17.071,2.05564,8.72788,4092.038,8507.026,9994.613,0.089381,0.80319,80.499,100.392,0.32479,0.79328,0.949191,C,0.0,-0.033445
9253.41,0.4466,172.069,2.5931,26,0.788,20.487,1.95924,9.944,3972.757,5280.653,10301.93,0.031316,0.759028,81.79,102.739,0.42933,1.11331,0.969895,C,0.0,-0.001437
9668.121,0.30918,157.739,1.5213,23,0.6706,15.424,1.98497,6.38046,4961.088,4707.032,7547.487,0.063942,0.56766,81.657,100.753,0.51314,0.78066,0.893878,C,0.001,-0.026023
7348.516,0.63677,140.608,2.1443,20,0.7837,15.674,2.01949,7.51301,2088.243,5260.273,4477.789,0.148731,0.830512,82.036,101.539,0.28417,0.60935,0.933625,C,0.0,0.008214
10531.756,0.48908,165.43,3.5584,24,0.6709,16.101,1.97084,8.52742,4437.747,6094.009,15791.289,0.059621,0.80182,81.908,102.694,0.42137,1.4994,0.948634,C,-0.0,-0.009986
12279.622,0.39561,167.281,1.5465,18,0.7916,14.249,1.96755,5.85655,5769.876,6509.746,8922.938,0.115825,0.643598,82.722,101.742,0.46987,0.72665,0.862433,C,0.0,-0.014134
8805.561,0.55523,176.028,1.8072,24,0.7938,19.052,1.95257,8.20729,3530.544,5275.017,6380.42,0.07551,0.876303,82.522,103.703,0.40094,0.72459,0.945472,C,0.0,0.007034
8637.646,0.65295,186.456,3.3986,17,0.7336,12.471,1.93579,6.36442,2655.273,5982.373,9024.169,0.219599,0.845289,84.8,103.981,0.30741,1.04475,0.896613,C,0.0,0.021569
10438.772,0.54484,136.179,3.0276,18,0.8919,16.054,2.02921,8.53983,4190.789,6247.983,12688.235,0.069219,0.863868,80.782,101.497,0.40146,1.21549,0.948997,C,0.0,-0.054266
8959.955,0.66952,134.394,2.9638,27,0.8218,22.189,2.03323,11.77364,1462.885,7497.07,4335.674,0.064486,0.787578,80.635,100.885,0.16327,0.48389,0.984275,C,0.0,0.006073
10195.391,0.42362,185.195,1.4998,26,0.8611,22.387,1.93776,8.88541,4120.099,6075.292,6179.127,0.047033,0.679015,82.478,102.826,0.40411,0.60607,0.955133,C,0.0,-0.023478
12252.844,0.3055,175.49,2.766,26,0.862,22.412,1.95347,11.02211,6690.413,5562.431,18505.574,0.012613,0.65778,81.672,102.235,0.54603,1.51031,0.977457,C,0.0,0.0018
10556.768,0.63277,156.316,1.9565,18,0.8597,15.475,1.98766,7.03477,2419.595,8137.173,4733.856,0.239287,0.74977,83.913,101.88,0.2292,0.44842,0.913326,C,0.0,0.020258
11039.297,0.48553,153.135,3.8185,22,0.7983,17.563,1.9938,9.6043,4303.546,6735.751,16433.039,0.044543,0.767279,81.21,101.825,0.38984,1.48859,0.964236,C,0.0,0.016731
12734.302,0.61281,196.448,2.3086,24,0.8625,20.699,1.92069,9.42683,4491.304,8242.998,10368.807,0.069384,0.908901,83.16,104.84,0.35269,0.81424,0.960067,C,0.0,0.013847
10397.111,0.44854,204.334,3.7749,21,0.6715,14.101,1.90938,7.20996,3816.043,6581.068,14405.169,0.099154,0.651135,83.812,103.471,0.36703,1.3855,0.918865,C,0.0,-0.019472
11037.094,0.30798,184.081,3.7527,25,0.741,18.524,1.93951,9.68912,5615.098,5421.995,21072.017,0.021016,0.605163,82.095,102.288,0.50875,1.9092,0.965284,C,0.001,0.00655
9975.063,0.47245,162.443,4.2527,24,0.6713,16.112,1.97624,8.88565,3917.347,6057.716,16659.362,0.053618,0.743303,81.711,102.156,0.39271,1.6701,0.955431,C,0.0,-0.040273
9062.355,0.6355,203.51,1.6277,19,0.6695,12.72,1.91054,5.1009,2665.263,6397.092,4338.374,0.352269,0.753509,87.127,104.113,0.2941,0.47872,0.836975,C,0.0,-0.029325
12211.543,0.69991,147.801,3.1928,18,0.7408,13.334,2.00444,7.06063,3093.591,9117.953,9877.326,0.248892,0.852932,83.679,102.098,0.25333,0.80885,0.909913,C,-0.001,0.017122
7894.023,0.58647,171.25,2.666,22,0.776,17.073,1.96065,8.35922,2369.902,5524.121,6318.07,0.09814,0.795973,82.641,102.943,0.30021,0.80036,0.949762,C,0.0,-0.025678
9994.763,0.3801,153.874,3.2765,19,0.7095,13.481,1.99236,7.11961,4820.883,5173.881,15795.399,0.065203,0.673505,81.513,101.246,0.48234,1.58037,0.917257,C,-0.001,0.038659
8174.354,0.55746,188.47,2.9368,23,0.8768,20.167,1.93267,9.91283,2308.242,5866.112,6778.884,0.058095,0.753952,82.739,103.468,0.28238,0.82929,0.970572,C,0.0,0.011187
8705.823,0.30537,179.454,2.0817,16,0.7689,12.303,1.94693,5.53706,4532.043,4173.779,9434.188,0.081189,0.548796,82.723,101.703,0.52058,1.08366,0.861595,C,0.001,-0.00809
7923.108,0.42094,201.29,2.2979,22,0.7672,16.879,1.91369,7.63332,3101.347,4821.761,7126.64,0.069716,0.646839,83.325,103.316,0.39143,0.89948,0.935171,C,0.0,0.036511
9674.567,0.69558,161.783,3.5412,27,0.7595,20.508,1.97744,10.90324,2164.907,7509.659,7666.403,0.067757,0.876574,81.871,103.002,0.22377,0.79243,0.978202,C,0.001,-0.024118
10656.451,0.39968,177.59,3.4632,26,0.8765,22.788,1.94998,11.80883,4476.57,6179.881,15503.48,0.015555,0.677936,81.788,102.468,0.42008,1.45484,0.983651,C,-0.0,-0.026516
11877.781,0.54854,150.523,3.3797,17,0.77,13.091,1.99896,6.99672,3813.396,8064.385,12888.309,0.155923,0.734198,82.569,101.465,0.32105,1.08508,0.908741,C,0.0,-0.013493
7191.91,0.41355,135.411,3.9321,26,0.8624,22.422,2.03093,12.66504,3063.568,4128.343,12046.139,0.010563,0.712604,79.972,100.452,0.42597,1.67496,0.989119,C,-0.001,-0.019823
10965.449,0.47307,147.24,2.5374,21,0.7937,16.668,2.00558,8.3207,4594.17,6371.279,11657.26,0.06315,0.768649,81.202,101.51,0.41897,1.06309,0.944072,C,0.0,0.025891
9141.09,0.30897,194.102,1.1554,23,0.69,15.869,1.92415,5.56733,4549.125,4591.964,5255.921,0.086177,0.529678,83.303,102.236,0.49766,0.57498,0.861193,C,0.001,0.030325
9004.721,0.68761,143.16,3.073,18,0.7144,12.859,2.01405,6.79299,1788.403,7216.318,5495.734,0.31162,0.780786,84.302,101.359,0.19861,0.61032,0.909992,C,0.0,0.033998
9762.501,0.34978,142.295,3.1576,20,0.6893,13.786,2.01588,7.34042,4660.088,5102.413,14714.898,0.05573,0.618332,80.885,100.237,0.47735,1.50729,0.923945,C,0.0,0.03566
10512.057,0.35039,181.146,2.9231,21,0.8397,17.633,1.94419,8.73514,4932.641,5579.416,14418.814,0.035646,0.628646,82.183,102.309,0.46924,1.37165,0.952263,C,0.0,0.01318
9672.469,0.32227,176.996,3.4075,17,0.6673,11.345,1.95096,5.86161,4652.976,5019.494,15854.827,0.085263,0.541978,82.687,101.543,0.48105,1.63917,0.872729,C,-0.001,-0.035427
10598.966,0.42379,176.583,3.2961,26,0.8189,21.29,1.95165,10.9226,4740.577,5858.389,15625.425,0.021089,0.74965,81.824,102.894,0.44727,1.47424,0.977743,C,0.0,0.020459
13000.0,0.59638,201.038,3.7256,18,0.7823,14.081,1.91404,7.20696,4018.846,8981.154,14972.471,0.168776,0.78772,84.624,104.235,0.30914,1.15173,0.912513,C,0.0,0.020619
10616.664,0.6338,159.858,3.304,18,0.859,15.462,1.981,8.11381,2861.66,7755.004,9454.961,0.139946,0.816036,82.747,102.503,0.26954,0.89058,0.940483,C,0.0,0.001329
10899.634,0.46888,176.113,1.3033,21,0.6656,13.978,1.95243,5.29194,5465.495,5434.138,7123.189,0.150669,0.788936,83.517,103.131,0.50144,0.65353,0.838871,C,0.001,-0.047373
8757.017,0.66304,191.271,1.5921,27,0.8392,22.659,1.9284,9.1395,2638.174,6118.843,4200.296,0.086468,0.911626,83.21,104.633,0.30126,0.47965,0.960712,C,0.0,0.038554
11823.847,0.56379,160.298,2.0152,22,0.8648,19.025,1.98018,8.68681,4075.47,7748.376,8212.916,0.082492,0.816941,82.006,102.532,0.34468,0.69461,0.949567,C,0.001,0.006991
9266.828,0.5701,171.781,1.3159,25,0.7997,19.992,1.95974,7.64286,3033.514,6233.314,3991.923,0.117366,0.790435,82.915,102.932,0.32735,0.43078,0.932609,C,-0.0,-0.042313
9903.329,0.31739,137.92,1.6851,27,0.794,21.437,2.02535,9.49467,5147.126,4756.203,8673.215,0.021945,0.637115,80.239,100.104,0.51974,0.87579,0.964065,C,-0.0,0.015637
8734.593,0.47028,153.2,2.7409,27,0.7835,21.154,1.99368,10.69395,3159.898,5574.695,8660.81,0.029622,0.720064,81.015,101.517,0.36177,0.99155,0.977213,C,0.0,-0.035283
10472.284,0.3832,167.484,3.7065,22,0.7001,15.403,1.9672,8.20749,5380.113,5092.171,19941.433,0.042778,0.742869,81.766,102.407,0.51375,1.90421,0.942648,C,0.0,0.012776
8711.96,0.54442,132.031,1.5759,26,0.8866,23.052,2.03865,10.04522,2955.864,5756.096,4658.161,0.045851,0.800446,80.276,100.825,0.33929,0.53469,0.971425,C,0.0,-0.008076
8132.303,0.51151,139.804,1.5005,27,0.8783,23.713,2.02123,10.01377,2656.415,5475.888,3986.075,0.044423,0.738104,80.623,100.882,0.32665,0.49015,0.971632,C,0.0,-0.026452
8252.706,0.6885,142.303,3.0582,25,0.6618,16.544,2.01587,8.74038,2434.768,5817.938,7445.959,0.103775,0.933197,81.52,102.315,0.29503,0.90224,0.955532,C,0.0,0.037744
9458.924,0.34747,141.718,1.412,16,0.7561,12.097,2.01711,4.96902,4336.409,5122.515,6123.16,0.130981,0.530729,81.852,99.625,0.45845,0.64734,0.827183,C,0.0,0.037872
9890.372,0.45735,174.121,3.421,19,0.883,16.778,1.95576,8.70847,4461.339,5429.033,15262.18,0.047957,0.793765,82.087,103.067,0.45108,1.54314,0.952701,C,0.0,0.032821
10944.933,0.47003,171.506,1.4725,17,0.898,15.265,1.96021,6.11891,5121.113,5823.82,7540.845,0.121344,0.776635,82.957,102.828,0.4679,0.68898,0.879206,C,0.0,0.048076
12344.093,0.44364,130.735,1.3691,25,0.6947,17.368,2.04167,7.16376,4915.393,7428.699,6729.452,0.097171,0.672895,80.891,99.903,0.3982,0.54516,0.912783,C,0.001,-0.034648
13000.0,0.52575,145.344,3.9366,17,0.7421,12.616,2.00948,7.02071,4991.048,8008.952,19647.837,0.127875,0.773696,81.974,101.437,0.38393,1.51137,0.906619,C,0.0,0.02561
8946.771,0.54253,175.931,3.4648,23,0.6809,15.661,1.95273,8.13359,2690.834,6255.936,9323.088,0.101374,0.732276,82.86,102.748,0.30076,1.04206,0.943801,C,0.001,0.039274
8917.067,0.63244,190.393,1.1953,16,0.7901,12.642,1.92973,4.52495,2768.155,6148.913,3308.906,0.404483,0.735062,87.378,103.429,0.31043,0.37108,0.801459,C,-0.001,0.005927
11219.109,0.54695,130.074,3.3709,19,0.8361,15.886,2.04322,8.754,3894.219,7324.89,13126.954,0.076287,0.797174,80.583,100.682,0.34711,1.17005,0.951587,C,0.0,0.001522
8685.0,0.49925,171.106,1.1311,17,0.8784,14.933,1.96089,5.33726,3560.988,5124.012,4027.832,0.180615,0.720681,83.725,102.439,0.41002,0.46377,0.851666,C,0.0,0.04031
12317.842,0.5591,164.602,0.9873,16,0.8777,14.043,1.97232,4.73869,4314.464,8003.379,4259.629,0.325084,0.685249,85.38,101.883,0.35026,0.34581,0.796343,C,-0.001,0.034791
12064.23,0.62995,151.65,2.2167,24,0.7566,18.158,1.99672,8.65263,3265.685,8798.545,7239.001,0.119592,0.819378,82.137,102.088,0.27069,0.60004,0.948611,C,0.0,-0.022317
8637.131,0.52101,158.566,2.3108,22,0.721,15.862,1.98341,7.58149,2752.234,5884.896,6359.744,0.110406,0.713045,82.304,101.756,0.31865,0.73633,0.932476,C,0.001,-0.027193
11180.046,0.66523,148.465,2.0537,22,0.8641,19.009,2.00309,8.88112,2806.848,8373.198,5764.376,0.12256,0.847146,82.04,102.096,0.25106,0.51559,0.953746,C,0.0,-0.026483
12804.015,0.41193,180.24,2.3241,24,0.7627,18.305,1.94566,8.51834,5144.156,7659.859,11955.764,0.056379,0.650707,82.424,102.412,0.40176,0.93375,0.945012,C,0.0,0.011658
11342.627,0.3707,137.67,2.6807,20,0.6717,13.434,2.0259,6.90794,5392.615,5950.012,14455.803,0.072288,0.641165,80.892,100.116,0.47543,1.27447,0.907291,C,0.0,-0.048968
9678.236,0.39528,163.599,1.0965,18,0.8767,15.78,1.97413,5.61342,4574.439,5103.797,5015.921,0.116117,0.645491,82.582,101.569,0.47265,0.51827,0.861155,C,0.0,-0.012037
10296.539,0.32012,178.124,2.3604,16,0.7583,12.133,1.94911,5.68786,5304.115,4992.424,12520.049,0.085637,0.569235,82.733,101.776,0.51514,1.21595,0.862192,C,0.0,0.037093
10687.254,0.41298,186.124,4.2823,23,0.762,17.526,1.9363,9.38865,4286.393,6400.861,18355.442,0.039306,0.663212,82.409,102.764,0.40108,1.71751,0.961827,C,0.0,0.013368
9374.729,0.60062,153.982,2.086,17,0.8208,13.954,1.99216,6.50106,2745.568,6629.161,5727.209,0.206786,0.763731,83.387,101.847,0.29287,0.61092,0.899169,C,0.0,0.008948
10575.808,0.31024,173.149,1.8115,20,0.7649,15.299,1.95741,6.62039,5278.686,5297.122,9562.327,0.062316,0.557295,82.24,101.46,0.49913,0.90417,0.899742,C,0.0,0.032472
9724.142,0.51607,148.147,2.8516,25,0.8246,20.614,2.00373,10.6073,4000.219,5723.922,11406.911,0.030375,0.855498,80.809,102.134,0.41137,1.17305,0.975787,C,0.001,0.027487
9419.166,0.30141,156.823,3.5768,25,0.889,22.225,1.9867,11.92339,4610.719,4808.448,16491.838,0.009319,0.581499,80.898,100.796,0.4895,1.75088,0.984865,C,-0.001,-0.04417
8569.75,0.45356,167.429,1.9316,16,0.7478,11.966,1.96729,5.33478,3303.528,5266.222,6381.13,0.174051,0.628898,83.497,101.652,0.38549,0.74461,0.852072,C,0.0,-0.003025
11429.388,0.35914,173.295,1.315,16,0.8972,14.355,1.95716,5.47558,6162.075,5267.313,8103.102,0.10221,0.659722,82.772,102.143,0.53914,0.70897,0.846563,C,0.0,-0.037546
8668.506,0.41192,181.964,2.5818,20,0.7176,14.353,1.94288,6.87116,3725.697,4942.809,9618.856,0.083062,0.659794,82.838,102.552,0.4298,1.10963,0.913332,C,-0.0,0.031426
10492.666,0.56422,159.647,3.2013,17,0.8421,14.316,1.98139,7.4593,3482.403,7010.262,11148.354,0.126763,0.781535,82.564,102.264,0.33189,1.06249,0.925435,C,0.001,-0.032953
7264.083,0.64766,209.692,3.4644,17,0.6893,11.719,1.90198,5.84627,1899.703,5364.38,6581.334,0.293765,0.772992,86.552,104.495,0.26152,0.90601,0.881381,C,-0.0,-0.033081
10236.487,0.58336,160.061,3.3133,22,0.7033,15.472,1.98062,8.12217,3554.748,6681.739,11777.875,0.098572,0.841268,82.209,102.68,0.34726,1.15058,0.941322,C,0.0,0.025231
10119.961,0.39369,170.46,3.487,19,0.6605,12.55,1.96201,6.57329,4550.796,5569.165,15868.755,0.088032,0.643448,82.478,101.898,0.44969,1.56806,0.899446,C,0.0,0.043692
10591.034,0.68897,185.431,3.6654,16,0.7517,12.027,1.93739,6.24905,2477.606,8113.429,9081.304,0.336406,0.796631,86.306,103.613,0.23393,0.85745,0.885776,C,-0.001,0.014113
11521.891,0.55775,190.408,3.586,27,0.8036,21.696,1.9297,11.15249,4063.069,7458.822,14570.103,0.033365,0.843405,82.479,104.145,0.35264,1.26456,0.978905,C,0.0,-0.037361
10940.138,0.35516,180.743,1.8599,24,0.6536,15.686,1.94484,6.78549,5261.82,5678.317,9786.391,0.070628,0.618829,82.63,102.225,0.48096,0.89454,0.904355,C,0.001,-0.039642
11039.987,0.38368,170.742,3.1101,27,0.7174,19.371,1.96152,9.87527,5135.205,5904.782,15971.031,0.026832,0.694022,81.681,102.246,0.46515,1.44665,0.967471,C,-0.0,-0.014222
10275.696,0.43638,169.129,3.813,17,0.7376,12.539,1.96432,6.70684,4055.315,6220.38,15462.995,0.106602,0.651372,82.672,101.885,0.39465,1.50481,0.903591,C,0.001,0.022169
8909.911,0.40657,167.056,2.2202,18,0.6885,12.393,1.96795,5.78458,3893.613,5016.298,8644.583,0.118833,0.629902,82.753,101.64,0.437,0.97022,0.872272,C,0.0,0.036659
8815.607,0.65009,181.874,3.4372,17,0.674,11.457,1.94302,5.8953,2515.928,6299.679,8647.662,0.279068,0.798261,85.422,103.462,0.28539,0.98095,0.877486,C,0.0,0.034901
8867.236,0.6097,173.45,2.6263,16,0.6874,10.998,1.9569,5.3474,2454.24,6412.996,6445.524,0.327452,0.71771,85.751,102.533,0.27678,0.72689,0.851351,C,0.0,0.036634
10796.898,0.68532,188.806,2.6982,17,0.8134,13.828,1.93215,6.64497,2392.178,8404.72,6454.474,0.309459,0.792298,86.068,103.736,0.22156,0.59781,0.899953,C,0.0,0.006279
11576.909,0.68779,136.095,2.6072,18,0.7578,13.641,2.0294,6.97783,2184.398,9392.51,5695.17,0.331999,0.77053,84.247,100.876,0.18869,0.49194,0.90892,C,0.001,0.053559
10563.02,0.46722,201.399,1.3128,19,0.7226,13.729,1.91353,5.0572,4568.615,5994.405,5997.576,0.187105,0.680701,84.878,103.544,0.43251,0.56779,0.826794,C,0.0,0.046017
10299.879,0.45062,190.999,4.0672,26,0.6842,17.789,1.92881,9.37963,4214.913,6084.966,17142.991,0.041688,0.733882,82.61,103.448,0.40922,1.66439,0.962142,C,0.0,-0.026836
11080.596,0.36311,189.507,1.1254,17,0.6516,11.077,1.93108,3.85981,5603.579,5477.016,6306.151,0.191992,0.538173,84.542,102.09,0.50571,0.56912,0.732605,C,0.001,0.050742
9570.131,0.51189,193.07,1.7604,25,0.8971,22.427,1.92569,9.37206,3677.213,5892.917,6473.522,0.049472,0.800439,82.783,103.978,0.38424,0.67643,0.962865,C,0.001,0.014685
10351.607,0.59925,163.701,3.5196,23,0.8795,20.229,1.97395,10.71287,3120.301,7231.306,10982.111,0.04727,0.83743,81.677,102.841,0.30143,1.06091,0.976222,C,0.0,-0.008717
10314.465,0.51182,196.577,2.2322,22,0.827,18.194,1.9205,8.19979,3399.764,6914.702,7588.945,0.088879,0.71977,83.422,103.597,0.32961,0.73576,0.942762,C,-0.001,-0.013207
10405.933,0.33217,191.971,1.6289,22,0.7916,17.415,1.92734,7.08004,5062.555,5343.378,8246.227,0.057989,0.591947,82.858,102.554,0.48651,0.79245,0.915068,C,0.0,-0.030314
9646.365,0.37067,198.619,2.7425,19,0.8428,16.014,1.91752,7.63976,4722.256,4924.109,12950.819,0.051677,0.676579,82.999,103.4,0.48954,1.34256,0.93175,C,-0.0,0.037348
8201.235,0.57654,170.427,4.5072,16,0.8378,13.405,1.96206,7.39433,2527.675,5673.56,11392.648,0.133026,0.774135,83.071,102.759,0.30821,1.38914,0.928887,C,0.0,-0.007838
9625.319,0.54608,147.86,1.7583,26,0.7002,18.204,2.00432,8.06861,3253.552,6371.767,5720.87,0.094831,0.776498,81.648,101.597,0.33802,0.59436,0.9413,C,0.0,-0.007722
9507.195,0.57588,145.148,3.6137,16,0.6711,10.737,2.00989,5.87083,2952.756,6554.439,10670.266,0.234048,0.729876,83.366,101.136,0.31058,1.12234,0.873775,C,0.0,-0.010899
12701.877,0.52055,190.21,2.8588,20,0.7187,14.374,1.93001,7.00222,4667.114,8034.764,13342.467,0.132059,0.746206,83.775,103.495,0.36743,1.05043,0.906784,C,-0.001,0.038559
11902.454,0.38925,153.696,2.1748,23,0.8171,18.793,1.99271,8.87627,5888.005,6014.45,12804.957,0.037221,0.733879,81.137,101.635,0.49469,1.07582,0.952697,C,-0.001,-0.005766
9173.929,0.36929,147.332,2.195,27,0.71,19.17,2.00539,9.1642,4162.57,5011.359,9136.72,0.032112,0.649354,80.797,100.728,0.45374,0.99594,0.960544,C,0.0,0.02578
9149.469,0.56207,191.846,4.0502,25,0.8852,22.129,1.92753,11.64661,3103.218,6046.251,12568.603,0.027405,0.836486,82.45,104.162,0.33917,1.3737,0.983463,C,-0.0,-0.005962
10328.134,0.43542,173.114,3.4343,25,0.8866,22.164,1.95746,11.52953,4342.416,5985.718,14913.203,0.01849,0.737882,81.661,102.65,0.42045,1.44394,0.982146,C,0.0,0.031265
8327.037,0.58662,172.327,3.0141,26,0.6832,17.763,1.9588,8.96732,2165.189,6161.848,6526.096,0.092882,0.760119,82.613,102.759,0.26002,0.78372,0.95883,C,0.0,-0.03838
11787.755,0.37537,149.409,1.1433,23,0.8685,19.975,2.00119,7.39194,5606.994,6180.76,6410.288,0.062554,0.65915,81.289,100.908,0.47566,0.54381,0.920733,C,0.001,-0.018262
10080.089,0.3594,167.843,2.9749,20,0.8172,16.343,1.96656,8.272,5093.37,4986.719,15152.248,0.039419,0.686224,81.736,102.051,0.50529,1.50319,0.944579,C,0.0,0.002176
9951.575,0.34719,134.552,2.2025,24,0.8367,20.082,2.03287,9.79838,4951.998,4999.577,10906.845,0.022577,0.668707,80.09,100.11,0.49761,1.09599,0.967642,C,0.0,0.033928
11509.273,0.42699,157.828,2.1192,16,0.8581,13.729,1.9848,6.3941,5209.126,6300.147,11038.989,0.105199,0.693055,82.205,101.585,0.4526,0.95914,0.888491,C,-0.0,0.001253
12487.902,0.58966,185.02,2.3778,27,0.7778,21.002,1.93803,9.78229,4194.408,8293.495,9973.543,0.061481,0.85678,82.662,103.992,0.33588,0.79866,0.964979,C,-0.001,0.039249
10757.301,0.30821,193.714,3.954,24,0.69,16.56,1.92473,8.65463,6024.788,4732.513,23821.732,0.027217,0.665939,82.511,103.118,0.56007,2.21447,0.950543,C,0.0,-0.033888
11547.333,0.38757,159.15,2.1899,26,0.8567,22.274,1.98232,10.46323,5208.433,6338.9,11406.157,0.023088,0.687048,81.175,101.615,0.45105,0.98777,0.97313,C,0.0,0.018983
7572.395,0.44794,160.796,1.4527,16,0.8524,13.638,1.97926,5.51488,3265.17,4307.224,4743.165,0.139774,0.681548,82.782,101.664,0.43119,0.62638,0.865451,C,0.001,0.012842
8828.464,0.67703,169.182,2.4205,25,0.7491,18.728,1.96422,8.94709,2586.136,6242.328,6259.741,0.097345,0.917181,82.552,103.642,0.29293,0.70904,0.957881,C,0.0,0.042936
9156.855,0.46189,141.695,1.0134,26,0.726,18.876,2.01716,6.66665,3786.05,5370.806,3836.958,0.105589,0.713053,81.516,100.827,0.41347,0.41903,0.90548,C,-0.001,0.025192
7759.554,0.55373,178.264,1.7971,27,0.7533,20.34,1.94888,8.71984,2629.476,5130.078,4725.435,0.072045,0.800624,82.559,103.309,0.33887,0.60898,0.95591,C,0.0,-0.006331
11252.488,0.5012,177.573,2.1292,23,0.8346,19.195,1.95001,8.72238,3818.799,7433.689,8131.089,0.072364,0.7215,82.538,102.755,0.33937,0.7226,0.951001,C,-0.0,-0.003199
12908.749,0.41668,185.99,3.1898,18,0.722,12.995,1.93651,6.53855,5187.845,7720.903,16548.091,0.11433,0.619844,83.394,102.472,0.40189,1.28193,0.889731,C,0.001,-0.064185
8565.945,0.52829,179.61,1.9665,27,0.8816,23.802,1.94668,10.51052,2777.21,5788.735,5461.46,0.039383,0.762855,82.177,103.123,0.32422,0.63758,0.97583,C,0.0,-0.037216
9182.945,0.52512,156.736,1.411,18,0.7926,14.267,1.98687,5.73246,3073.76,6109.185,4336.962,0.205798,0.685783,83.488,101.48,0.33472,0.47228,0.868819,C,0.0,-0.000799
11531.68,0.37222,177.197,3.4078,17,0.6923,11.768,1.95063,6.07925,5552.094,5979.586,18920.673,0.096312,0.628401,82.84,102.122,0.48146,1.64076,0.875421,C,0.0,0.01083
9556.597,0.3372,202.69,3.3832,22,0.805,17.709,1.9117,8.85741,5143.985,4412.612,17403.159,0.027843,0.697821,82.818,103.711,0.53827,1.82106,0.955554,C,0.0,0.047216
10099.69,0.69607,161.762,3.478,21,0.8267,17.36,1.97748,9.19346,2312.641,7787.049,8043.366,0.1221,0.86653,82.588,102.934,0.22898,0.7964,0.959834,C,0.0,0.006182
9005.732,0.431,158.296,2.5719,27,0.7826,21.13,1.98392,10.42297,3313.46,5692.272,8521.877,0.029596,0.664652,81.226,101.422,0.36793,0.94627,0.974735,C,0.0,0.02536
10339.98,0.55019,143.422,2.5717,20,0.698,13.961,2.0135,7.03521,3440.144,6899.836,8846.991,0.142392,0.753504,82.08,101.194,0.3327,0.85561,0.913894,C,0.0,0.050586
8455.558,0.41274,196.699,1.9589,23,0.6764,15.558,1.92032,6.72071,3657.288,4798.27,7164.344,0.086594,0.661331,83.396,103.217,0.43253,0.84729,0.909254,C,0.0,0.003114
11085.716,0.61934,123.901,3.8144,24,0.7617,18.281,2.05818,10.45493,3398.718,7686.998,12964.007,0.053718,0.869429,79.976,100.762,0.30659,1.16943,0.973409,C,0.0,-0.04397
10891.793,0.642,164.974,1.368,18,0.8958,16.124,1.97166,6.32358,2599.873,8291.92,3556.642,0.301959,0.748621,85.089,102.32,0.2387,0.32654,0.88773,C,0.0,-0.029388
10911.781,0.45474,183.69,2.061,16,0.8378,13.405,1.94013,5.98164,4456.307,6455.474,9184.338,0.140986,0.671325,83.665,102.707,0.40839,0.84169,0.873383,C,0.0,0.02531
8924.323,0.61519,148.694,3.4208,19,0.8931,16.97,2.00263,9.11902,2354.459,6569.864,8054.092,0.092753,0.802411,81.656,101.814,0.26382,0.90249,0.960223,C,0.0,0.039989
9835.475,0.44211,194.3,1.5609,23,0.7301,16.791,1.92386,6.69676,4608.099,5227.376,7192.751,0.0901,0.752417,83.361,103.715,0.46852,0.73131,0.904518,C,0.0,0.005565
10518.703,0.59447,178.199,3.751,21,0.8145,17.104,1.94898,9.0114,3087.604,7431.099,11581.708,0.087784,0.804994,82.764,103.335,0.29353,1.10106,0.956654,C,0.0,0.021034
8686.184,0.59534,190.882,2.4112,25,0.6876,17.189,1.92899,7.98262,2777.65,5908.535,6697.448,0.109413,0.823778,83.5,104.036,0.31978,0.77105,0.94123,C,-0.001,0.000618
8556.772,0.41304,169.043,1.8427,26,0.887,23.062,1.96446,10.09403,3299.373,5257.399,6079.879,0.029945,0.653456,81.657,101.894,0.38559,0.71053,0.972045,C,0.0,0.010461
7000.0,0.31847,144.202,3.8735,24,0.876,21.024,2.01186,11.68159,3496.601,3503.399,13544.093,0.009726,0.62662,80.363,100.401,0.49951,1.93487,0.984745,C,0.0,-0.017823
9704.28,0.67731,205.628,1.4401,21,0.7159,15.033,1.90757,5.72999,2108.672,7595.608,3036.639,0.41581,0.749906,88.034,104.177,0.21729,0.31292,0.866601,C,0.0,0.00697
10222.251,0.30646,171.719,1.2935,25,0.8349,20.872,1.95984,7.92076,5141.481,5080.77,6650.606,0.038348,0.57778,81.87,101.526,0.50297,0.6506,0.937063,C,0.0,-0.021763
11888.249,0.52254,157.966,2.9366,16,0.9,14.4,1.98454,7.36232,4045.173,7843.076,11879.103,0.123348,0.728422,82.45,101.826,0.34027,0.99923,0.919678,C,0.0,0.052527
8378.552,0.40061,165.331,4.2499,17,0.8288,14.09,1.97102,7.73971,3575.96,4802.592,15197.546,0.059481,0.654606,81.903,101.717,0.4268,1.81386,0.93663,C,0.0,0.024501
7836.997,0.51701,161.602,2.7661,27,0.8394,22.663,1.97777,11.35191,2561.024,5275.973,7084.075,0.027834,0.754462,81.337,102.187,0.32679,0.90393,0.982407,C,0.0,0.001135
12347.902,0.473,172.373,2.7793,20,0.7652,15.305,1.95873,7.56675,4749.202,7598.701,13199.29,0.093158,0.710396,82.618,102.433,0.38462,1.06895,0.924248,C,-0.001,0.04469
12277.461,0.45829,142.749,3.4156,16,0.8644,13.83,2.01492,7.49456,5202.831,7074.63,17770.585,0.083853,0.733666,81.277,101.024,0.42377,1.44742,0.922463,C,0.0,-0.05088
8281.59,0.55721,176.24,4.0101,21,0.7678,16.125,1.95222,8.6339,2511.844,5769.746,10072.837,0.084874,0.762841,82.653,102.964,0.3033,1.21629,0.953801,C,0.0,-0.004292
9274.318,0.35642,150.47,3.4989,18,0.8345,15.022,1.99906,8.09243,5174.579,4099.738,18105.351,0.03679,0.759839,80.994,101.631,0.55795,1.9522,0.942407,C,0.001,0.038838
7681.063,0.47133,171.154,2.7613,16,0.6702,10.723,1.96081,5.30095,2851.285,4829.778,7873.25,0.184768,0.640499,83.781,101.912,0.37121,1.02502,0.85448,C,0.0,0.021218
10041.178,0.69741,153.26,3.8371,16,0.7621,12.193,1.99356,6.67311,2087.252,7953.926,8008.928,0.325011,0.795129,84.917,102.016,0.20787,0.79761,0.903127,C,0.0,0.040863
11821.156,0.38362,173.379,2.4096,25,0.7096,17.74,1.95702,8.41753,5670.653,6150.502,13664.131,0.044314,0.696462,82.011,102.39,0.4797,1.1559,0.944587,C,0.001,-0.048376
11408.167,0.44367,155.616,2.7832,18,0.7417,13.351,1.989,6.75397,4639.88,6768.287,12913.736,0.106933,0.674509,82.137,101.346,0.40672,1.13197,0.901973,C,-0.0,0.034669
9003.257,0.44127,205.3,3.4896,26,0.7567,19.674,1.90803,9.87974,4188.213,4815.045,14615.034,0.028983,0.799892,82.917,104.493,0.46519,1.62331,0.969446,C,-0.001,-0.035736
10412.799,0.69265,198.957,2.917,23,0.8907,20.485,1.91703,9.92796,2665.742,7747.057,7775.897,0.084826,0.901802,83.448,104.9,0.25601,0.74676,0.968648,C,0.0,-0.0105
8966.754,0.34069,162.494,1.5013,18,0.8049,14.489,1.97614,5.9234,4598.756,4367.997,6904.263,0.080967,0.614141,82.074,101.306,0.51287,0.76998,0.878115,C,0.001,-0.030102
10419.103,0.34089,153.922,1.4304,23,0.6768,15.567,1.99227,6.315,4671.527,5747.576,6682.266,0.084432,0.54933,81.769,100.429,0.44836,0.64135,0.888948,C,0.0,0.02573
9145.384,0.69735,146.483,3.4865,21,0.8705,18.28,2.00713,9.89713,1967.831,7177.554,6860.831,0.098853,0.861434,81.641,102.08,0.21517,0.7502,0.969498,C,-0.001,0.018482
10867.147,0.38774,163.128,3.5181,26,0.8783,22.835,1.97499,12.10113,5413.173,5453.974,19044.331,0.01156,0.761108,81.183,102.308,0.49812,1.75247,0.985149,C,0.0,-0.011945
11756.348,0.60103,196.931,2.9319,26,0.6951,18.074,1.91998,8.79125,3416.249,8340.1,10015.941,0.100375,0.80611,83.585,104.182,0.29059,0.85196,0.951471,C,-0.001,-0.026166
10621.699,0.63919,144.404,3.4763,20,0.7811,15.623,2.01144,8.47898,3256.83,7364.869,11321.874,0.1092,0.873558,81.685,102.042,0.30662,1.06592,0.947617,C,0.0,-0.002286
10501.398,0.60985,192.512,3.6101,23,0.652,14.997,1.92653,7.70052,2899.791,7601.607,10468.489,0.151386,0.784741,84.11,103.85,0.27613,0.99687,0.931454,C,-0.0,-0.002869
10750.758,0.67596,161.134,1.8038,19,0.8312,15.793,1.97863,6.93342,3019.17,7731.587,5445.962,0.217393,0.855031,83.82,102.826,0.28083,0.50657,0.909683,C,0.001,-0.01061
11242.154,0.59072,176.677,1.2504,26,0.8065,20.97,1.95149,7.79036,3129.993,8112.162,3913.879,0.144018,0.763074,83.45,102.987,0.27842,0.34814,0.932122,C,-0.001,0.009973
9497.451,0.51008,172.599,3.9306,25,0.8464,21.16,1.95834,11.33737,3674.422,5823.029,14442.751,0.024555,0.816453,81.721,103.144,0.38689,1.5207,0.981375,C,-0.0,0.004878
9725.275,0.66431,161.305,2.2798,16,0.8849,14.158,1.97832,6.71411,2405.815,7319.46,5484.736,0.25401,0.79917,84.311,102.466,0.24738,0.56397,0.905411,C,0.0,0.003519
9719.455,0.54095,165.618,1.0468,25,0.7035,17.587,1.97051,6.10099,3437.217,6282.237,3598.167,0.179288,0.738827,83.495,102.287,0.35364,0.3702,0.882791,C,0.001,0.001105
12530.11,0.42322,175.088,4.081,24,0.8279,19.87,1.95414,10.69169,5233.519,7296.592,21357.96,0.025842,0.708247,81.831,102.549,0.41768,1.70453,0.974496,C,-0.001,-0.040838
10255.144,0.51433,183.459,3.3164,20,0.6687,13.374,1.9405,6.81219,3359.779,6895.365,11142.304,0.145783,0.693899,83.72,102.846,0.32762,1.08651,0.907138,C,0.0,0.042673
10732.814,0.30684,180.738,2.4148,23,0.8107,18.647,1.94485,8.77136,5245.86,5486.954,12667.564,0.029784,0.571729,82.091,101.914,0.48877,1.18026,0.952557,C,0.0,-0.03677
9560.12,0.46135,193.342,1.1942,23,0.8789,20.214,1.92528,7.20696,3758.612,5801.508,4488.646,0.092942,0.700023,83.366,103.327,0.39316,0.46952,0.920795,C,0.0,0.039411
8432.89,0.46547,163.537,3.17,25,0.8386,20.966,1.97425,10.84101,3457.245,4975.646,10959.489,0.024342,0.771982,81.368,102.401,0.40997,1.29961,0.97856,C,-0.001,-0.0081
9843.364,0.50534,181.22,3.3097,27,0.8669,23.408,1.94407,11.95035,3377.814,6465.55,11179.52,0.022364,0.757661,82.01,103.164,0.34316,1.13574,0.984813,C,0.0,0.009053
10685.835,0.49486,169.637,2.9451,22,0.7252,15.954,1.96343,8.03537,3665.64,7020.195,10795.686,0.088426,0.707076,82.452,102.278,0.34304,1.01028,0.938702,C,0.0,0.043026
10025.077,0.63471,149.506,2.7453,21,0.7019,14.74,2.00099,7.49433,3094.239,6930.837,8494.529,0.149374,0.851389,82.439,102.182,0.30865,0.84733,0.927362,C,0.001,-0.020616
9626.612,0.38518,176.115,1.3404,22,0.7857,17.286,1.95242,6.62381,4337.548,5289.065,5814.209,0.083207,0.632824,82.627,102.1,0.45058,0.60397,0.902665,C,-0.001,0.016784
9446.533,0.32825,164.869,2.131,27,0.7882,21.281,1.97184,9.83432,5163.592,4282.94,11003.839,0.018897,0.701201,81.349,102.001,0.54661,1.16485,0.968531,C,0.001,0.046248
10916.026,0.51254,148.163,2.1564,22,0.8579,18.874,2.0037,8.96156,4555.132,6360.894,9822.462,0.054812,0.840318,81.133,102.035,0.41729,0.89982,0.955374,C,0.0,0.050347
10754.976,0.5836,183.559,1.7782,26,0.7131,18.54,1.94034,7.866,3117.588,7637.388,5543.672,0.131213,0.768265,83.531,103.341,0.28987,0.51545,0.934826,C,0.0,-0.001972
10111.826,0.64365,191.575,1.3903,16,0.7313,11.7,1.92794,4.46734,2429.041,7682.785,3377.089,0.562924,0.669173,89.51,103.046,0.24022,0.33397,0.78991,C,-0.0,-0.000958
8536.397,0.58603,171.709,3.975,22,0.6886,15.149,1.95986,8.14444,2872.848,5663.549,11419.498,0.09625,0.83447,82.634,103.22,0.33654,1.33774,0.944726,C,0.0,0.01138
8989.814,0.58807,163.58,1.3232,22,0.8541,18.79,1.97417,7.27877,3250.17,5739.644,4300.59,0.123457,0.851171,82.678,102.926,0.36154,0.47838,0.9241,C,0.0,-0.034842
12998.229,0.45627,181.438,3.7462,21,0.8829,18.541,1.94372,9.72623,5361.11,7637.119,20083.783,0.040072,0.748436,82.252,103.113,0.41245,1.54512,0.963777,C,0.0,-0.02325
9837.078,0.37092,160.03,1.6459,20,0.663,13.26,1.98068,5.63753,4734.755,5102.324,7793.122,0.10661,0.616185,82.313,101.193,0.48132,0.79222,0.861659,C,-0.001,0.021227
10873.125,0.52701,120.0,3.4814,19,0.6777,12.877,2.06808,7.26865,3226.906,7646.219,11234.258,0.143141,0.68902,80.954,99.312,0.29678,1.03321,0.919393,C,0.0,-0.054761
10504.184,0.54118,170.9,1.4671,23,0.8518,19.59,1.96125,7.84712,3619.732,6884.452,5310.634,0.102273,0.771947,82.683,102.768,0.3446,0.50557,0.934877,C,-0.0,0.021378
8282.631,0.41839,168.364,1.2656,27,0.7087,19.134,1.96565,7.22373,3588.342,4694.289,4541.507,0.073089,0.682338,82.2,102.052,0.43324,0.54832,0.924317,C,0.0,0.009888
12086.877,0.3767,152.862,1.5548,18,0.8296,14.932,1.99434,6.27319,6050.643,6036.234,9407.518,0.088989,0.665099,81.785,101.136,0.5006,0.77832,0.881743,C,0.0,-0.007301
9991.428,0.34823,168.568,2.9465,20,0.7141,14.283,1.96529,7.2048,5239.768,4751.66,15438.817,0.053324,0.673434,81.947,102.003,0.52443,1.54521,0.919696,C,0.0,-0.019817
9059.253,0.68379,160.098,1.0118,22,0.8518,18.739,1.98055,6.44031,2482.473,6576.78,2511.797,0.254536,0.845813,84.269,102.712,0.27403,0.27726,0.897995,C,0.0,0.021839
11132.919,0.38733,165.15,3.1361,20,0.6591,13.181,1.97134,6.78339,4847.624,6285.294,15202.647,0.085621,0.620028,82.241,101.48,0.43543,1.36556,0.903746,C,0.001,-0.003166
9709.81,0.49183,192.295,3.0278,19,0.7535,14.316,1.92685,7.0586,4038.993,5670.818,12229.446,0.099089,0.771552,83.412,103.754,0.41597,1.25949,0.916194,C,-0.001,0.025105
10411.693,0.63441,181.965,2.3207,25,0.7034,17.585,1.94288,8.16246,2585.164,7826.529,5999.513,0.148598,0.794875,83.703,103.444,0.24829,0.57623,0.941842,C,-0.0,0.019717
7936.817,0.38898,155.32,2.0304,23,0.6786,15.608,1.98957,7.19396,3530.699,4406.118,7168.808,0.066139,0.647676,81.586,101.153,0.44485,0.90323,0.924361,C,-0.0,0.009294
9919.404,0.69328,155.764,3.5443,26,0.8157,21.209,1.98872,11.37213,2122.839,7796.566,7524.058,0.060371,0.865609,81.528,102.615,0.21401,0.75852,0.981364,C,-0.001,-0.011207
11563.712,0.61375,200.326,3.5573,17,0.8352,14.198,1.91506,7.20082,2643.823,8919.889,9404.966,0.226058,0.728661,85.357,103.816,0.22863,0.81332,0.91579,C,0.0,-0.004338
9078.114,0.38732,156.79,2.3123,16,0.7348,11.758,1.98676,5.63473,4171.179,4906.935,9644.856,0.114058,0.619601,82.28,101.046,0.45948,1.06243,0.864692,C,-0.0,0.036947
7894.471,0.39842,169.043,2.3197,24,0.8822,21.173,1.96446,9.98993,3554.74,4339.731,8246.096,0.02512,0.704197,81.593,102.229,0.45028,1.04454,0.97161,C,0.0,-0.005484
8836.842,0.42756,174.387,1.957,21,0.7775,16.327,1.95531,7.24565,4182.874,4653.967,8185.778,0.069029,0.749794,82.375,102.79,0.47334,0.92632,0.923579,C,0.001,0.024023
11481.177,0.5794,168.608,2.7497,18,0.7453,13.415,1.96522,6.64636,3889.256,7591.921,10694.423,0.174467,0.786842,83.548,102.753,0.33875,0.93147,0.897997,C,0.0,0.004824
7886.625,0.64966,208.214,3.8813,16,0.8163,13.061,1.904,6.68768,2026.868,5859.757,7866.919,0.227907,0.795543,85.636,104.584,0.257,0.9975,0.909842,C,0.0,-0.001271
8433.648,0.62786,217.293,2.3352,23,0.7833,18.016,1.89185,8.04234,2686.116,5747.532,6272.531,0.112562,0.868687,84.396,105.429,0.3185,0.74375,0.9429,C,-0.0,-0.010686
11308.916,0.48158,161.976,2.2895,24,0.6754,16.21,1.97709,7.69,4456.341,6852.575,10202.787,0.086087,0.738778,82.121,102.102,0.39406,0.90219,0.929559,C,-0.0,-0.016914
9991.66,0.50122,201.985,1.8258,16,0.8235,13.176,1.9127,5.52091,3291.777,6699.883,6009.995,0.220256,0.639256,85.335,103.295,0.32945,0.6015,0.855224,C,0.0,0.045783
9892.359,0.47683,187.001,3.2699,24,0.8779,21.07,1.93494,10.65062,4188.829,5703.53,13696.911,0.026992,0.807196,82.277,103.754,0.42344,1.38459,0.97603,C,0.0,0.042068
9186.994,0.4828,145.332,1.9363,27,0.8796,23.75,2.00951,10.92987,3256.257,5930.737,6305.161,0.028982,0.731971,80.668,101.161,0.35444,0.68631,0.978723,C,0.0,-0.01963
10649.746,0.60085,157.079,1.9488,19,0.7606,14.451,1.98621,6.55379,3380.382,7269.363,6587.584,0.194682,0.78972,83.356,102.184,0.31741,0.61857,0.897154,C,0.001,0.039007
11238.847,0.6475,206.691,3.9321,19,0.7283,13.838,1.9061,7.11629,2911.045,8327.802,11446.542,0.214815,0.798754,85.415,104.543,0.25902,1.01848,0.914069,C,0.0,-0.047858
10624.806,0.57807,180.874,2.0737,24,0.8801,21.122,1.94463,9.4774,3416.508,7208.298,7084.768,0.066403,0.820579,82.579,103.563,0.32156,0.66681,0.963062,C,0.0,0.037259
7393.996,0.5218,166.457,3.366,18,0.8886,15.994,1.96901,8.3546,2736.485,4657.511,9211.025,0.069809,0.787363,82.083,102.65,0.3701,1.24574,0.950487,C,-0.0,0.003998
11061.465,0.36565,154.504,2.8823,27,0.6814,18.398,1.99114,9.40698,5749.253,5312.212,16570.994,0.026977,0.73218,81.035,101.667,0.51976,1.49808,0.961654,C,0.0,0.031697
7446.961,0.32919,152.194,2.2472,23,0.8077,18.576,1.99565,8.8828,3583.085,3863.876,8051.976,0.028206,0.608295,80.954,100.725,0.48115,1.08124,0.958773,C,0.0,0.024145
12336.878,0.50418,165.864,3.4292,17,0.8092,13.756,1.97007,7.22143,4082.162,8254.716,13998.538,0.13021,0.689112,82.857,101.972,0.33089,1.13469,0.914543,C,0.0,0.044984
9207.255,0.36104,184.864,1.6059,21,0.7885,16.559,1.93828,6.75334,4203.865,5003.389,6750.993,0.07262,0.603375,82.804,102.312,0.45658,0.73323,0.908163,C,0.001,-0.017169
11419.488,0.46949,190.137,3.6233,23,0.7456,17.149,1.93012,8.8377,4394.897,7024.592,15924.025,0.057687,0.727133,82.791,103.365,0.38486,1.39446,0.952712,C,-0.001,-0.005657
11075.797,0.58326,184.996,3.0181,17,0.8166,13.882,1.93807,6.89962,3738.844,7336.953,11284.282,0.159415,0.799243,83.954,103.611,0.33757,1.01882,0.907736,C,0.0,0.033215
9509.859,0.49521,176.195,2.1516,27,0.8518,22.999,1.95229,10.50402,2975.922,6533.936,6402.848,0.03947,0.702787,82.053,102.566,0.31293,0.67329,0.975058,C,0.001,-0.047646
12419.195,0.66224,148.886,3.6044,17,0.7758,13.189,2.00224,7.1682,2728.539,9690.657,9834.637,0.263039,0.774642,83.912,101.641,0.2197,0.79189,0.912735,C,-0.001,-0.014393
10325.78,0.6959,140.002,2.9485,27,0.7255,19.589,2.0208,10.29056,2692.169,7633.611,7937.863,0.073519,0.915402,81.016,102.064,0.26072,0.76874,0.972456,C,0.0,-0.038047
13000.0,0.6812,200.557,1.4515,20,0.8188,16.377,1.91473,6.2986,3243.023,9756.977,4707.332,0.328312,0.798491,86.714,104.286,0.24946,0.3621,0.879768,C,0.0,0.018311
10824.865,0.49538,151.99,3.4874,25,0.8417,21.044,1.99605,11.30353,4051.574,6773.291,14129.584,0.025952,0.776171,80.916,101.822,0.37428,1.30529,0.980391,C,0.0,0.043126
10615.443,0.53702,138.624,1.4511,16,0.8167,13.067,2.0238,5.45366,4425.438,6190.004,6421.854,0.194512,0.781895,82.55,101.102,0.41689,0.60495,0.849002,C,0.001,-0.028774
13000.0,0.68819,180.579,4.184,17,0.7622,12.957,1.94511,6.95762,3130.709,9869.291,13098.985,0.272807,0.819956,85.293,103.545,0.24082,1.00761,0.904534,C,0.0,0.006299
12569.808,0.65927,175.222,1.07,27,0.7831,21.144,1.95391,7.32085,3244.589,9325.219,3471.69,0.212174,0.814829,84.296,103.259,0.25813,0.27619,0.916927,C,0.0,0.021021
10436.53,0.39766,159.277,2.5218,22,0.7769,17.091,1.98208,8.37258,4093.908,6342.622,10323.893,0.054818,0.618953,81.599,101.172,0.39227,0.98921,0.945925,C,0.0,-0.014244
8845.24,0.46595,182.382,3.6015,25,0.7204,18.01,1.94221,9.35746,3178.427,5666.813,11446.966,0.047333,0.700748,82.382,102.841,0.35934,1.29414,0.963497,C,0.0,-0.012783
13000.0,0.45281,206.381,2.1231,21,0.7023,14.748,1.90653,6.46939,4761.955,8238.045,10110.029,0.140001,0.633623,84.417,103.44,0.3663,0.77769,0.886745,C,0.0,0.036751
11855.008,0.5456,173.936,3.716,20,0.8165,16.33,1.95607,8.63341,3778.196,8076.813,14039.891,0.088045,0.75963,82.61,102.833,0.3187,1.1843,0.94857,C,-0.001,0.051639
11737.62,0.55081,126.145,1.6653,21,0.7498,15.746,2.05264,7.07476,4075.974,7661.646,6787.628,0.140292,0.769202,81.233,100.247,0.34726,0.57828,0.911553,C,0.0,0.018501
9704.108,0.5892,156.078,4.045,20,0.6775,13.549,1.98812,7.4652,2920.307,6783.801,11812.546,0.142294,0.781588,82.623,102.077,0.30094,1.21727,0.927323,C,0.0,-0.019187
9273.674,0.52244,144.969,3.5545,26,0.7671,19.946,2.01026,10.86946,3578.185,5695.489,12718.792,0.029503,0.832126,80.658,101.801,0.38584,1.37149,0.978211,C,0.0,0.006573
8675.476,0.39325,185.485,2.1445,22,0.8241,18.13,1.9373,8.17665,3728.847,4946.628,7996.664,0.050223,0.651829,82.53,102.66,0.42981,0.92176,0.945107,C,0.001,0.001472
11749.233,0.34804,137.053,2.9091,16,0.6532,10.451,2.02727,5.49613,4811.833,6937.4,13998.263,0.130651,0.498822,81.634,99.14,0.40954,1.19142,0.846261,C,0.0,0.004517
9872.667,0.38681,192.047,2.0288,16,0.7704,12.326,1.92723,5.41709,4792.451,5080.217,9722.989,0.119207,0.639261,83.669,102.87,0.48543,0.98484,0.850403,C,-0.001,-0.031984
11029.393,0.48693,167.617,3.8665,19,0.656,12.463,1.96696,6.69865,3976.568,7052.825,15375.24,0.133506,0.686197,82.969,102.04,0.36054,1.39402,0.901146,C,0.0,0.01929
7346.821,0.38758,138.792,3.8043,18,0.8514,15.326,2.02343,8.55324,3658.757,3688.064,13919.098,0.035891,0.736481,80.464,100.812,0.49801,1.89457,0.953883,C,0.0,-0.024627
11633.953,0.42811,166.722,4.0072,23,0.82,18.86,1.96854,10.22247,3486.271,8147.682,13970.26,0.041866,0.593381,81.724,101.383,0.29966,1.20082,0.970695,C,0.0,-0.024296
9100.392,0.54227,191.946,2.1295,23,0.7602,17.485,1.92738,7.80687,2909.809,6190.583,6196.445,0.107364,0.746688,83.509,103.574,0.31975,0.6809,0.936693,C,0.0,0.026797
7341.761,0.43858,172.263,3.1078,22,0.7586,16.689,1.95891,8.48967,2773.15,4568.61,8618.408,0.054743,0.671572,82.107,102.171,0.37772,1.17389,0.952853,C,0.001,-0.011566
8135.07,0.45504,170.709,4.0294,19,0.7543,14.331,1.96158,7.73595,3142.739,4992.331,12663.334,0.074167,0.694805,82.304,102.249,0.38632,1.55664,0.937034,C,0.0,-0.001811
10579.46,0.3393,147.797,2.2113,17,0.7972,13.553,2.00444,6.48933,5855.994,4723.466,12949.135,0.064348,0.680182,81.243,100.957,0.55352,1.22399,0.895025,C,0.0,-0.027275
12867.899,0.47905,194.457,3.4612,17,0.8299,14.109,1.92362,7.16112,4426.491,8441.408,15321.046,0.123358,0.665575,83.806,103.148,0.34399,1.19064,0.911421,C,0.0,-0.06619
7000.0,0.37941,143.691,2.1677,27,0.7726,20.859,2.01293,9.98612,3054.634,3945.366,6621.561,0.024009,0.654576,80.529,100.556,0.43638,0.94594,0.972387,C,0.0,-0.010603
7998.109,0.65087,187.548,3.1936,26,0.6945,18.058,1.93409,9.07113,1723.027,6275.082,5502.664,0.1187,0.796991,83.507,103.711,0.21543,0.688,0.960712,C,0.0,0.022022
10140.242,0.33787,153.42,2.3097,24,0.7562,18.148,1.99325,8.73597,5104.849,5035.393,11790.899,0.031677,0.648286,81.052,101.055,0.50342,1.16278,0.952801,C,0.0,0.002476
7639.116,0.65601,179.727,1.9985,18,0.699,12.581,1.94649,5.58483,2190.644,5448.472,4377.99,0.300999,0.798744,85.634,103.365,0.28677,0.5731,0.868421,C,0.0,0.020515
9329.424,0.34765,174.466,3.2201,16,0.6731,10.77,1.95518,5.51,4227.975,5101.449,13614.5,0.109271,0.545218,82.91,101.444,0.45319,1.45931,0.857558,C,0.0,-0.022624
8368.147,0.57052,182.561,3.3261,22,0.7588,16.694,1.94193,8.51866,3002.306,5365.841,9986.094,0.076698,0.84683,82.776,103.814,0.35878,1.19335,0.951768,C,0.0,-0.030773
10492.322,0.62442,140.938,1.7262,17,0.695,11.815,2.01878,5.25538,2241.658,8250.664,3869.649,0.471317,0.666018,86.31,100.473,0.21365,0.36881,0.838738,C,0.0,-0.006556
7863.5,0.3328,134.469,2.3124,19,0.7427,14.111,2.03306,6.98943,3967.536,3895.964,9174.445,0.053468,0.617263,80.493,99.766,0.50455,1.16671,0.918938,C,0.0,0.002159
9211.159,0.62098,148.17,1.7825,22,0.715,15.731,2.00369,7.00358,2737.27,6473.889,4879.1,0.175835,0.809193,82.73,101.83,0.29717,0.52969,0.915854,C,0.0,0.011984
8655.531,0.42798,146.076,3.1767,26,0.6819,17.729,2.00797,9.40026,4048.454,4607.077,12860.533,0.03271,0.775317,80.75,101.489,0.46773,1.48582,0.964252,C,0.0,0.024109
10089.257,0.55329,172.789,1.0363,21,0.7577,15.911,1.95802,5.44073,2957.121,7132.136,3064.34,0.2819,0.665811,85.125,102.159,0.2931,0.30372,0.850668,C,-0.0,0.017993
9838.371,0.53005,163.409,3.882,20,0.7407,14.813,1.97448,8.0132,2965.029,6873.342,11510.349,0.105941,0.712997,82.44,102.005,0.30137,1.16994,0.939764,C,0.0,0.038185
11416.745,0.31603,170.432,2.3521,23,0.8285,19.056,1.96205,9.01212,5468.167,5948.578,12861.463,0.029352,0.579556,81.702,101.475,0.47896,1.12654,0.955516,C,0.0,-0.001787
10486.682,0.45996,150.693,2.8911,27,0.7622,20.58,1.99862,10.58829,4618.312,5868.37,13351.952,0.026044,0.801441,80.862,101.918,0.4404,1.27323,0.975063,C,0.0,0.022614
12465.518,0.63987,151.761,2.4023,25,0.671,16.776,1.9965,8.18988,3010.573,9454.945,7232.364,0.161903,0.792058,82.701,101.914,0.24151,0.58019,0.938891,C,0.0,0.025375
7592.832,0.41704,165.5,2.7137,25,0.818,20.449,1.97072,10.13704,3358.352,4234.48,9113.496,0.025179,0.727832,81.456,102.209,0.44231,1.20028,0.973295,C,0.0,-0.035335
9942.914,0.62843,188.804,1.4765,18,0.6851,12.333,1.93216,4.84276,2681.087,7261.828,3958.631,0.427172,0.702738,87.622,103.145,0.26965,0.39814,0.816709,C,-0.001,-0.022336
11663.919,0.64294,168.293,3.5522,16,0.7057,11.292,1.96577,5.95551,2527.566,9136.353,8978.433,0.387447,0.713623,86.347,102.254,0.2167,0.76976,0.869413,C,0.0,-0.009419
10252.59,0.59191,146.07,4.4386,16,0.8023,12.836,2.00798,7.30318,2879.31,7373.279,12779.993,0.164806,0.758697,82.493,101.379,0.28084,1.24651,0.921806,C,0.001,-0.001674
7372.887,0.5849,185.012,1.7966,22,0.8606,18.933,1.93804,8.04794,2293.992,5078.896,4121.452,0.103553,0.802308,83.217,103.632,0.31114,0.559,0.944915,C,-0.001,0.012961
10533.852,0.36441,157.122,3.8689,23,0.7312,16.817,1.98613,9.16935,4512.529,6021.323,17458.471,0.034905,0.611355,81.248,101.009,0.42838,1.65737,0.958967,C,0.0,-0.03474
9225.114,0.51405,147.311,3.5298,17,0.8522,14.487,2.00543,7.85566,3726.221,5498.893,13152.695,0.079507,0.808503,81.421,101.777,0.40392,1.42575,0.937526,C,0.0,0.037711
13000.0,0.69468,176.402,2.891,26,0.8144,21.176,1.95195,10.52295,3088.252,9911.748,8928.205,0.080153,0.886154,82.597,103.786,0.23756,0.68678,0.97259,C,0.0,-0.0278
9680.86,0.32478,167.117,1.971,24,0.8571,20.571,1.96784,9.23821,5100.971,4579.889,10054.086,0.024068,0.659709,81.505,101.84,0.52691,1.03855,0.960953,C,0.0,-0.014452
10929.44,0.41211,175.764,2.6435,23,0.8223,18.912,1.95301,9.18482,4667.761,6261.679,12339.34,0.03984,0.689617,82.041,102.459,0.42708,1.129,0.958712,C,0.0,0.007633
8519.637,0.60567,209.51,3.3072,26,0.7372,19.166,1.90223,9.46312,2767.844,5751.793,9153.85,0.064918,0.865886,83.526,105.101,0.32488,1.07444,0.965178,C,0.0,0.008611
11155.134,0.61078,201.595,3.8421,26,0.7871,20.466,1.91325,10.53607,3335.284,7819.85,12814.618,0.052907,0.848726,83.113,104.661,0.29899,1.14876,0.974101,C,0.0,-0.037137
7062.723,0.4276,167.922,1.8954,17,0.7423,12.619,1.96643,5.58586,2817.56,4245.163,5340.502,0.138359,0.619572,83.045,101.615,0.39893,0.75615,0.870917,C,0.0,0.001441
8466.172,0.37608,190.328,1.7341,23,0.7094,16.317,1.92983,6.80359,3838.762,4627.411,6656.693,0.073139,0.627383,83.002,102.715,0.45342,0.78627,0.911819,C,-0.001,0.035756
9432.73,0.51386,144.34,2.1286,24,0.6706,16.093,2.01157,7.65277,3457.791,5974.939,7360.409,0.094619,0.756474,81.49,101.266,0.36657,0.78031,0.932501,C,0.0,0.043906
7964.579,0.58974,129.358,4.0256,25,0.7676,19.19,2.04491,10.99628,2088.84,5875.738,8408.836,0.044987,0.783405,80.135,100.546,0.26227,1.05578,0.979994,C,0.001,-0.022354
11523.895,0.52812,171.34,1.7521,16,0.7604,12.166,1.96049,5.21397,4107.72,7416.175,7196.943,0.249806,0.682269,84.647,102.197,0.35645,0.62452,0.831394,C,0.0,0.040024
10596.051,0.40919,180.165,2.2775,24,0.841,20.184,1.94578,9.33613,4538.833,6057.218,10337.02,0.037042,0.688046,82.166,102.655,0.42835,0.97555,0.961223,C,0.0,0.026041
12345.793,0.6948,148.056,4.4374,23,0.7774,17.88,2.00392,10.14255,3343.133,9002.66,14834.839,0.078898,0.92352,81.446,102.578,0.27079,1.20161,0.969251,C,0.0,-0.046094
8175.637,0.68702,180.147,1.4746,27,0.7636,20.618,1.94581,8.17871,1731.384,6444.253,2553.076,0.175172,0.824539,83.989,103.555,0.21177,0.31228,0.946003,C,0.0,-0.001791
8792.512,0.6399,158.403,3.727,18,0.8531,15.356,1.98372,8.29324,2299.981,6492.531,8572.003,0.129385,0.820756,82.548,102.458,0.26158,0.97492,0.947109,C,0.0,-0.038386
11611.145,0.55109,141.818,3.5355,26,0.6711,17.449,2.0169,9.54277,3596.883,8014.262,12716.904,0.066091,0.768766,81.0,101.202,0.30978,1.09523,0.962849,C,0.0,-0.027837
9380.798,0.39421,158.967,1.7488,21,0.8338,17.511,1.98266,7.62491,4517.613,4863.185,7900.379,0.055707,0.708666,81.598,101.748,0.48158,0.84219,0.931947,C,0.0,-0.032149
11838.213,0.52231,161.413,3.4879,24,0.6636,15.927,1.97812,8.44356,4831.898,7006.315,16853.047,0.070302,0.834041,81.89,102.702,0.40816,1.42361,0.945063,C,0.0,-0.02903
11526.134,0.39472,155.762,3.1084,23,0.8363,19.235,1.98872,10.00518,4955.791,6570.343,15404.755,0.028939,0.67061,81.113,101.328,0.42996,1.33651,0.968477,C,0.0,0.042258
8959.371,0.37792,190.866,1.552,24,0.6998,16.795,1.92901,6.71063,4020.338,4939.034,6239.367,0.077913,0.622131,83.083,102.705,0.44873,0.69641,0.90749,C,-0.001,-0.037268
10699.923,0.53166,182.931,2.2585,21,0.7157,15.029,1.94134,6.91013,3554.858,7145.066,8028.766,0.145499,0.723792,83.697,103.019,0.33223,0.75036,0.909079,C,-0.001,-0.048832
10780.409,0.69403,170.422,3.0833,21,0.6978,14.655,1.96207,7.45827,2589.494,8190.915,7984.109,0.217357,0.844733,84.184,103.225,0.2402,0.74061,0.924773,C,0.0,-0.05359
10319.123,0.60389,158.186,1.9974,18,0.654,11.771,1.98412,5.37463,3100.514,7218.609,6193.065,0.309278,0.730438,84.914,101.851,0.30046,0.60015,0.846121,C,0.0,-0.051901
9597.108,0.54581,120.0,3.6498,18,0.881,15.858,2.06808,9.04437,3255.054,6342.054,11880.196,0.067076,0.791516,79.95,99.988,0.33917,1.23789,0.958318,C,0.0,0.024302
9334.184,0.44962,135.733,1.8458,19,0.8879,16.87,2.03021,7.74825,3729.487,5604.697,6883.859,0.073241,0.700078,80.814,100.389,0.39955,0.73749,0.934915,C,-0.0,-0.040614
9706.567,0.59278,190.767,2.8724,21,0.707,14.846,1.92916,7.23592,2492.125,7214.442,7158.314,0.181831,0.734739,84.452,103.443,0.25675,0.73747,0.921245,C,0.0,-0.018695
11571.656,0.61924,176.539,2.7628,26,0.7403,19.249,1.95172,9.45088,3432.46,8139.196,9483.079,0.080001,0.846652,82.6,103.532,0.29663,0.81951,0.961678,C,0.0,-0.034543
13000.0,0.67914,167.524,3.7675,20,0.6835,13.669,1.96713,7.30829,3635.496,9364.504,13696.596,0.20506,0.863182,83.91,103.203,0.27965,1.05358,0.915561,C,0.0,0.053899
7746.431,0.52779,129.787,1.3568,22,0.7675,16.885,2.0439,6.94881,2879.481,4866.951,3906.921,0.116306,0.771233,81.097,100.492,0.37172,0.50435,0.918086,C,-0.001,0.03468
8466.29,0.67576,167.112,1.3226,19,0.7369,14.002,1.96785,5.39749,1994.726,6471.564,2638.198,0.413723,0.756526,86.648,102.479,0.23561,0.31161,0.855753,C,0.0,0.009679
9771.679,0.32269,155.831,1.6751,22,0.6858,15.088,1.98859,6.49476,5355.441,4416.237,8970.818,0.060221,0.640972,81.529,101.136,0.54806,0.91804,0.89772,C,0.001,0.028822
12406.963,0.37277,145.227,1.5857,27,0.8161,22.036,2.00972,9.43238,5893.787,6513.176,9345.804,0.030992,0.682055,80.69,100.825,0.47504,0.75327,0.960506,C,0.0,-0.060906
8770.211,0.5504,160.271,1.3334,27,0.8973,24.228,1.98023,9.45901,3056.133,5714.078,4074.997,0.055512,0.815081,81.649,102.518,0.34847,0.46464,0.964854,C,0.0,0.035669
13000.0,0.59597,191.466,3.2622,26,0.6648,17.285,1.9281,8.68587,4294.996,8705.004,14011.205,0.094048,0.843613,83.317,104.193,0.33038,1.07779,0.947863,C,0.0,0.019677
13000.0,0.44053,170.618,3.5109,20,0.725,14.5,1.96173,7.60448,5605.195,7394.805,19679.319,0.077776,0.715488,82.349,102.381,0.43117,1.51379,0.923876,C,0.0,0.046114
7002.199,0.52697,161.02,3.639,22,0.7176,15.787,1.97885,8.45205,3095.943,3906.256,11266.149,0.056307,0.899992,81.689,103.117,0.44214,1.60894,0.952757,C,-0.0,0.026395
10935.485,0.57744,164.465,3.342,18,0.8221,14.798,1.97257,7.7374,3468.092,7467.393,11590.507,0.124787,0.787672,82.731,102.552,0.31714,1.0599,0.931465,C,0.0,-0.042717
11065.27,0.6939,189.252,2.9732,24,0.8809,21.141,1.93147,10.41401,2483.407,8581.863,7383.68,0.083351,0.87058,83.099,104.273,0.22443,0.66728,0.973041,C,0.0,-0.001894
9464.776,0.35602,134.965,1.7431,27,0.7862,21.229,2.03194,9.56403,4838.122,4626.654,8433.225,0.024106,0.703105,80.129,100.362,0.51117,0.89101,0.965389,C,-0.0,-0.001778
7658.368,0.39192,157.827,3.3192,22,0.6893,15.165,1.9848,7.98894,3492.761,4165.607,11593.272,0.048775,0.679647,81.46,101.497,0.45607,1.5138,0.943242,C,0.0,-0.034132
10707.224,0.68091,149.491,2.5202,25,0.7243,18.108,2.00102,8.99267,2529.899,8177.326,6375.912,0.126436,0.852455,82.135,102.188,0.23628,0.59548,0.956126,C,-0.001,-0.016851
9826.057,0.51098,139.513,1.0979,27,0.7756,20.94,2.02186,7.71515,3873.01,5953.046,4252.329,0.086643,0.787046,81.167,101.188,0.39416,0.43276,0.933165,C,0.001,0.028358
11696.921,0.41654,190.786,2.3585,25,0.6525,16.313,1.92913,7.52728,4999.619,6697.303,11791.78,0.073483,0.672638,83.022,103.034,0.42743,1.00811,0.924596,C,-0.001,-0.012025
11443.59,0.47147,216.927,3.0548,21,0.826,17.345,1.89233,8.33452,4899.926,6543.663,14968.533,0.06214,0.777986,83.72,104.816,0.42818,1.30803,0.943566,C,0.001,-0.050227
8644.6,0.66713,161.813,3.3808,16,0.8286,13.257,1.97739,6.97515,1968.892,6675.708,6656.473,0.244602,0.791746,84.207,102.443,0.22776,0.77002,0.916492,C,0.0,0.011971
12935.085,0.35906,167.694,2.9953,25,0.6549,16.373,1.96683,8.30306,6250.093,6684.992,18720.633,0.044219,0.653417,81.793,101.827,0.48319,1.44728,0.940494,C,0.0,0.01134
12833.393,0.4771,197.611,1.7413,18,0.7667,13.801,1.91899,5.71417,4496.092,8337.301,7829.094,0.199976,0.626549,84.923,103.026,0.35034,0.61006,0.853155,C,0.0,-0.026298
12299.348,0.55319,157.288,2.7848,25,0.6567,16.418,1.98582,8.28717,4335.045,7964.303,12072.35,0.092269,0.804075,82.012,102.29,0.35246,0.98154,0.941211,C,0.0,-0.010882
10046.739,0.33052,155.025,1.7386,19,0.7024,13.345,1.99014,5.83036,5116.065,4930.674,8894.552,0.084463,0.585836,81.816,100.729,0.50923,0.88532,0.869871,C,0.0,-0.036357
11509.319,0.37711,142.601,1.3357,27,0.7991,21.575,2.01523,8.6454,5635.86,5873.459,7527.734,0.039053,0.701487,80.679,100.803,0.48968,0.65406,0.949289,C,0.0,0.026914
10616.393,0.6571,169.07,1.9286,21,0.7561,15.878,1.96442,7.06019,2696.801,7919.592,5201.13,0.222612,0.805058,84.201,102.896,0.25402,0.48991,0.913943,C,0.0,-0.03932
9180.787,0.4788,226.232,1.1034,16,0.7921,12.674,1.88044,4.19861,3455.187,5725.6,3812.355,0.285463,0.595464,86.946,103.969,0.37635,0.41525,0.775616,C,0.0,0.044091
7247.237,0.65535,170.229,3.1853,18,0.8819,15.875,1.9624,8.14512,2062.532,5184.705,6569.681,0.122103,0.867475,82.919,103.365,0.2846,0.90651,0.946975,C,0.0,0.033453
10461.031,0.37092,162.621,2.8617,23,0.8277,19.038,1.97591,9.6079,4887.956,5573.075,13988.064,0.027878,0.671786,81.378,101.693,0.46725,1.33716,0.964882,C,0.0,0.025419
7135.798,0.46902,171.902,1.8622,17,0.7229,12.289,1.95953,5.37846,3005.876,4129.922,5597.432,0.154919,0.69764,83.416,102.326,0.42124,0.78442,0.860864,C,0.0,-0.03411
11598.871,0.47369,158.881,2.8686,26,0.7404,19.25,1.98282,9.77095,4719.264,6879.606,13537.809,0.039918,0.771256,81.387,102.156,0.40687,1.16717,0.965713,C,0.001,-0.051781
7999.611,0.68991,202.191,1.9526,21,0.7857,16.501,1.9124,7.07499,1813.653,6185.959,3541.278,0.24044,0.821686,85.608,104.508,0.22672,0.44268,0.920986,C,-0.001,0.020991
10464.74,0.62677,164.326,2.447,20,0.786,15.72,1.97282,7.58231,3055.471,7409.269,7476.606,0.153192,0.822064,83.1,102.772,0.29198,0.71446,0.928636,C,0.0,0.018065
9792.615,0.38437,179.448,1.8033,23,0.7708,17.728,1.94694,7.59826,4409.186,5383.429,7951.232,0.059378,0.650554,82.435,102.374,0.45026,0.81196,0.930445,C,0.0,-0.032488
8148.033,0.53783,163.392,3.5111,16,0.8608,13.774,1.97451,7.29323,2362.196,5785.837,8294.011,0.136448,0.701708,82.842,101.93,0.28991,1.01792,0.92645,C,0.0,-0.028441
8496.689,0.50963,169.14,1.6381,22,0.6811,14.984,1.96429,6.28152,3063.604,5433.085,5018.383,0.149768,0.712546,83.242,102.289,0.36056,0.59063,0.894038,C,0.0,0.014787
9325.512,0.4039,174.75,3.9358,16,0.7337,11.738,1.9547,6.27358,3752.842,5572.67,14770.389,0.109423,0.602215,82.922,101.833,0.40243,1.58387,0.890977,C,0.0,-0.018397
12979.337,0.37208,140.669,2.4939,20,0.6689,13.379,2.01936,6.71128,6357.635,6621.702,15855.163,0.079002,0.653469,81.119,100.374,0.48983,1.22157,0.895997,C,0.0,0.008846
10478.74,0.55626,173.804,1.4609,23,0.8315,19.123,1.9563,7.61812,3519.212,6959.528,5141.182,0.116777,0.778495,82.984,102.951,0.33584,0.49063,0.929496,C,0.0,-0.016858
9733.9,0.6059,167.067,3.0519,16,0.7981,12.769,1.96793,6.51113,2591.57,7142.33,7909.158,0.231172,0.741874,84.237,102.38,0.26624,0.81254,0.89842,C,0.0,-0.037336
11434.81,0.67564,182.116,1.2386,20,0.8541,17.082,1.94264,6.2761,2728.32,8706.49,3379.217,0.328369,0.784458,86.082,103.382,0.2386,0.29552,0.884038,C,0.0,0.043586
8280.123,0.59172,160.237,3.1768,26,0.7885,20.5,1.98029,10.65332,2764.011,5516.112,8780.707,0.04039,0.867983,81.448,102.865,0.33381,1.06046,0.977215,C,0.0,-0.015465
7823.13,0.69088,137.956,3.148,16,0.8246,13.193,2.02527,7.06582,1989.649,5833.482,6263.505,0.214115,0.853488,82.778,101.535,0.25433,0.80064,0.921179,C,-0.001,0.023474
8841.226,0.30383,169.741,2.7508,27,0.7416,20.022,1.96325,9.90589,5053.803,3787.423,13901.958,0.016012,0.687887,81.5,102.156,0.57162,1.5724,0.969876,C,0.0,-0.010843
12105.68,0.38009,161.805,3.6708,23,0.8603,19.786,1.9774,10.6017,5581.075,6524.605,20487.083,0.021442,0.686871,81.261,101.751,0.46103,1.69235,0.973992,C,0.0,0.01654
9443.197,0.57315,159.412,1.8291,25,0.7541,18.851,1.98183,8.33685,2570.934,6872.263,4702.493,0.111881,0.745715,82.358,102.016,0.27225,0.49798,0.946856,C,0.0,-0.019909
10310.45,0.5624,190.158,2.8812,24,0.7245,17.387,1.93009,8.48742,3013.463,7296.987,8682.274,0.09958,0.753536,83.345,103.541,0.29227,0.84208,0.94825,C,0.0,-0.025962
10191.441,0.45958,169.78,4.0375,26,0.8842,22.989,1.96318,12.42919,4690.692,5500.749,18938.787,0.012959,0.840437,81.461,103.165,0.46026,1.8583,0.987022,C,0.0,-0.03721
9235.853,0.43233,147.677,2.7448,17,0.8644,14.695,2.00469,7.49122,3025.195,6210.658,8303.415,0.093709,0.597272,81.625,100.403,0.32755,0.89904,0.929003,C,-0.0,-0.003796
11699.241,0.50516,187.838,3.4048,18,0.6818,12.272,1.93364,6.25505,4256.582,7442.659,14493.012,0.16343,0.700603,84.107,103.088,0.36383,1.2388,0.882292,C,0.0,-0.013836
11101.694,0.41162,164.371,2.7179,23,0.6645,15.284,1.97274,7.59136,4632.227,6469.467,12589.725,0.071501,0.655156,82.023,101.672,0.41725,1.13404,0.927521,C,0.0,-0.0397
8619.406,0.5,189.132,1.7934,26,0.7326,19.047,1.93165,8.05083,3392.666,5226.74,6084.446,0.072741,0.777328,82.955,103.652,0.39361,0.7059,0.942736,C,0.0,0.025732
8443.187,0.61213,170.889,3.498,18,0.8008,14.414,1.96127,7.55075,2365.528,6077.659,8274.636,0.148222,0.792693,83.289,102.904,0.28017,0.98004,0.932159,C,0.0,-0.012979
10391.347,0.49504,190.119,1.5852,16,0.6857,10.972,1.93014,4.42418,3699.949,6691.399,5865.339,0.299017,0.603426,85.976,102.548,0.35606,0.56444,0.784929,C,-0.001,0.020636
8579.4,0.5617,158.269,1.2863,16,0.8315,13.305,1.98397,5.12823,2921.51,5657.89,3758.038,0.262382,0.716258,84.298,101.761,0.34053,0.43803,0.840934,C,-0.0,-0.011632
10006.885,0.43137,164.022,1.4063,26,0.8648,22.484,1.97337,8.93204,4147.961,5858.924,5833.262,0.045678,0.704435,81.669,101.98,0.41451,0.58292,0.956107,C,0.0,-0.031708
11705.739,0.43881,168.986,3.2762,26,0.7028,18.272,1.96456,9.45318,4696.348,7009.391,15386.223,0.042042,0.704654,81.814,102.23,0.4012,1.31442,0.961562,C,0.0,-0.043938
9925.408,0.69268,120.0,2.7981,17,0.6559,11.15,2.06808,5.96878,2305.623,7619.785,6451.295,0.368341,0.790824,83.926,99.984,0.2323,0.64998,0.876475,C,0.0,-0.032721
10703.849,0.56071,150.052,3.1689,24,0.7939,19.055,1.9999,10.03874,3929.964,6773.885,12453.703,0.046456,0.859064,81.104,102.263,0.36715,1.16348,0.96958,C,0.0,-0.015978
9873.304,0.39016,120.503,2.328,18,0.7958,14.325,2.06678,7.27469,4791.596,5081.708,11154.949,0.062777,0.698858,79.919,99.411,0.48531,1.12981,0.921914,C,0.0,-0.026023
8636.469,0.45898,167.11,2.0297,26,0.8731,22.699,1.96786,10.29446,3244.12,5392.349,6584.744,0.031923,0.7159,81.608,102.211,0.37563,0.76243,0.973874,C,-0.0,0.02185
8983.089,0.34879,157.808,2.8105,24,0.7739,18.574,1.98484,9.39147,4257.948,4725.141,11967.063,0.026657,0.63908,81.168,101.228,0.474,1.33218,0.963775,C,0.0,-0.035618
11996.999,0.35971,178.413,2.6104,18,0.6598,11.876,1.94863,5.72827,5350.886,6646.113,13967.705,0.115122,0.556639,83.133,101.706,0.44602,1.16427,0.857257,C,0.0,-0.049882
8825.767,0.31397,161.676,2.4233,19,0.7029,13.355,1.97764,6.44636,5024.869,3800.898,12176.884,0.055727,0.655361,81.708,101.536,0.56934,1.3797,0.898945,C,0.0,0.044876
9945.432,0.58979,136.673,2.6196,18,0.8751,15.751,2.02811,8.06055,2960.287,6985.144,7754.791,0.117774,0.789831,81.446,101.038,0.29765,0.77973,0.940562,C,0.001,-0.011773
10010.748,0.37625,191.475,2.7975,18,0.7512,13.522,1.92809,6.53995,4872.537,5138.212,13630.852,0.078385,0.658707,83.11,102.973,0.48673,1.36162,0.898598,C,-0.001,0.03391
10836.503,0.41613,142.614,1.9357,27,0.8563,23.119,2.01521,10.68157,5350.771,5485.731,10357.284,0.020551,0.801978,80.435,101.467,0.49377,0.95578,0.975614,C,0.001,-0.005277
9502.938,0.33543,195.713,4.2207,25,0.7993,19.983,1.92177,10.55357,4814.13,4688.808,20319.053,0.016227,0.663166,82.434,103.187,0.50659,2.13819,0.975492,C,0.0,-0.00644
7511.279,0.41362,142.893,2.2639,19,0.6788,12.897,2.01461,6.2658,3347.031,4164.247,7577.391,0.095839,0.669047,81.442,100.606,0.4456,1.0088,0.896752,C,0.001,-0.037847
13000.0,0.34784,170.347,3.0032,25,0.7154,17.885,1.9622,9.04413,7229.379,5770.621,21711.357,0.028768,0.747561,81.691,102.58,0.55611,1.6701,0.954007,C,0.0,0.05402
8283.379,0.62796,178.549,1.4475,17,0.8142,13.841,1.94841,5.46016,2198.158,6085.221,3181.856,0.332014,0.734863,86.001,102.889,0.26537,0.38413,0.859694,C,0.0,0.007687
10938.16,0.44957,180.5,2.3286,23,0.6717,15.449,1.94524,7.19114,4659.232,6278.929,10849.274,0.08758,0.718182,82.845,102.87,0.42596,0.99187,0.917019,C,-0.001,-0.000734
8506.912,0.38053,161.232,3.7086,17,0.6766,11.502,1.97845,6.18104,3786.54,4720.372,14042.947,0.093859,0.610484,82.194,101.217,0.44511,1.65077,0.89021,C,0.0,0.022785
11043.384,0.51804,172.7,2.1823,23,0.6534,15.029,1.95817,6.92587,4057.618,6985.766,8854.799,0.128773,0.744139,83.101,102.671,0.36743,0.80182,0.908666,C,0.0,0.022079
8774.818,0.59417,161.457,1.4773,26,0.6616,17.201,1.97804,6.9967,2761.905,6012.913,4080.104,0.157094,0.794935,83.037,102.446,0.31475,0.46498,0.916782,C,0.0,-0.020089
12418.072,0.42328,151.209,3.2291,24,0.8207,19.698,1.99759,10.40701,4943.3,7474.772,15962.429,0.029866,0.683454,80.934,101.167,0.39807,1.28542,0.971912,C,0.0,0.022096
11312.917,0.68056,172.284,4.0469,25,0.8633,21.583,1.95888,11.63632,2475.891,8837.026,10019.572,0.055046,0.855809,82.112,103.388,0.21886,0.88568,0.982298,C,0.0,0.024514
7434.408,0.57586,156.805,1.7542,27,0.7492,20.228,1.98673,8.84436,2052.323,5382.086,3600.16,0.08713,0.762226,81.925,101.988,0.27606,0.48426,0.958232,C,-0.001,-0.006596
13000.0,0.47994,120.405,1.5489,22,0.8603,18.926,2.06703,8.3509,4832.565,8167.435,7484.985,0.075686,0.719125,80.085,99.538,0.37174,0.57577,0.941377,C,0.0,0.055791
7149.012,0.33642,170.412,2.2812,23,0.7455,17.147,1.96209,8.0348,3617.958,3531.054,8253.414,0.036519,0.643698,81.796,101.897,0.50608,1.15448,0.945064,C,-0.0,0.014011
10022.397,0.3959,175.309,2.0611,16,0.727,11.632,1.95377,5.24579,4400.161,5622.237,9069.06,0.143882,0.593141,83.398,101.8,0.43903,0.90488,0.840443,C,-0.001,-0.016269
11469.381,0.34781,147.525,1.0652,17,0.6773,11.514,2.005,4.13139,4942.761,6526.619,5265.145,0.198455,0.460919,83.001,99.495,0.43095,0.45906,0.754105,C,0.001,0.007068
9495.019,0.44468,178.789,1.6317,24,0.8171,19.61,1.94802,8.1073,4305.435,5189.583,7025.146,0.056568,0.766678,82.374,103.11,0.45344,0.73988,0.942319,C,0.001,-0.043913
11899.901,0.65283,178.161,1.3972,18,0.8615,15.507,1.94904,6.0317,3666.894,8233.007,5123.537,0.271193,0.822802,85.184,103.451,0.30814,0.43055,0.871992,C,0.0,0.04176
10034.963,0.58609,190.521,3.7917,27,0.6717,18.135,1.92953,9.43226,3635.135,6399.827,13783.327,0.05966,0.885105,82.83,104.425,0.36225,1.37353,0.963126,C,0.001,0.000434
9064.277,0.32935,146.021,1.3124,18,0.6805,12.249,2.00808,4.84663,5118.655,3945.622,6717.862,0.103937,0.621782,81.687,100.472,0.56471,0.74114,0.82179,C,0.0,-0.014753
12161.004,0.40104,151.31,2.2769,20,0.7934,15.869,1.99739,7.6284,5306.978,6854.025,12083.269,0.067772,0.659083,81.439,101.012,0.43639,0.99361,0.926254,C,0.001,0.013172
10545.853,0.47218,173.917,2.2242,27,0.8919,24.081,1.95611,11.1459,4003.052,6542.801,8903.665,0.025565,0.745432,81.784,102.739,0.37959,0.84428,0.979449,C,-0.0,-0.01039
9173.252,0.60282,188.043,1.3125,20,0.8095,16.191,1.93333,6.0581,2690.34,6482.912,3531.148,0.240516,0.753167,85.132,103.444,0.29328,0.38494,0.882984,C,0.0,0.034573
11419.328,0.58822,153.019,1.5032,21,0.7065,14.837,1.99403,6.14907,2928.503,8490.824,4402.272,0.277949,0.695232,84.286,101.343,0.25645,0.38551,0.87882,C,0.001,0.010085
10153.252,0.52984,180.659,3.73,17,0.7112,12.09,1.94498,6.34236,3820.172,6333.08,14249.314,0.153674,0.756747,83.723,103.131,0.37625,1.40342,0.890873,C,0.0,-0.001363
8238.475,0.42898,174.636,1.2613,23,0.8897,20.463,1.9549,7.65116,3657.865,4580.609,4613.721,0.062875,0.721335,82.303,102.614,0.444,0.56002,0.934924,C,0.001,-0.000849
8779.52,0.63338,173.435,1.3821,24,0.8401,20.162,1.95692,7.85368,2334.247,6445.273,3226.135,0.146893,0.809563,83.368,103.139,0.26587,0.36746,0.938338,C,0.0,0.033287
12874.726,0.35731,183.378,3.8925,24,0.6642,15.941,1.94062,8.40854,6333.744,6540.982,24653.92,0.041584,0.663027,82.341,102.638,0.49195,1.91491,0.942746,C,0.0,0.038264
13000.0,0.48923,132.726,1.7296,27,0.854,23.059,2.03704,10.39567,4374.702,8625.298,7566.432,0.041664,0.716232,80.254,100.312,0.33652,0.58203,0.971342,C,0.0,0.007979
7689.718,0.36235,144.534,1.3248,24,0.7844,18.825,2.01117,7.49555,3832.018,3857.7,5076.533,0.049099,0.673515,80.898,100.729,0.49833,0.66017,0.932476,C,0.0,0.00225
11136.078,0.37991,170.238,1.9943,23,0.8121,18.678,1.96239,8.38677,5284.788,5851.29,10539.512,0.043966,0.683319,81.888,102.15,0.47456,0.94643,0.945079,C,0.0,0.058772
11669.685,0.43682,182.777,1.2858,16,0.8941,14.306,1.94158,5.33945,4798.502,6871.183,6169.897,0.172135,0.621661,84.043,102.338,0.41119,0.52871,0.837963,C,-0.0,0.015165
9481.633,0.68826,218.386,3.2492,25,0.794,19.851,1.89043,9.66632,2082.936,7398.698,6767.962,0.104675,0.852553,84.325,105.365,0.21968,0.7138,0.966589,C,-0.001,0.015227
11126.253,0.64806,159.745,3.8998,16,0.8375,13.399,1.98121,7.29155,2830.861,8295.393,11039.743,0.205181,0.799194,83.603,102.386,0.25443,0.99222,0.919445,C,-0.001,0.012315
8255.885,0.34632,184.787,4.1024,22,0.7797,17.154,1.9384,9.12834,4332.228,3923.657,17772.417,0.025624,0.700411,82.181,102.949,0.52474,2.1527,0.961174,C,0.0,-0.00344
9541.662,0.694,178.494,3.8496,27,0.7491,20.227,1.9485,10.71018,2166.521,7375.141,8340.167,0.070996,0.87702,82.553,103.824,0.22706,0.87408,0.976772,C,0.0,-0.047057
12293.117,0.40109,199.657,1.6062,24,0.7108,17.06,1.91602,6.83691,5282.322,7010.796,8484.379,0.091146,0.634614,83.554,103.167,0.4297,0.69017,0.902352,C,-0.001,0.034484
10361.811,0.61652,177.35,3.8381,25,0.828,20.7,1.95038,10.97003,2738.871,7622.939,10512.093,0.050702,0.819813,82.243,103.393,0.26432,1.0145,0.978262,C,0.001,0.01299
9698.626,0.33446,142.85,3.516,18,0.7811,14.059,2.01471,7.66732,5033.529,4665.097,17697.696,0.043629,0.648257,80.75,100.466,0.51899,1.82476,0.932298,C,0.0,0.012829
9708.885,0.67819,160.064,2.9699,17,0.8251,14.026,1.98061,7.17093,2523.4,7185.485,7494.259,0.210244,0.842525,83.683,102.688,0.25991,0.7719,0.919427,C,0.0,-0.011741
7935.508,0.33952,171.793,3.0258,17,0.7937,13.493,1.95971,6.82293,4212.496,3723.012,12746.208,0.055084,0.661346,82.094,102.081,0.53084,1.60622,0.913876,C,0.0,0.023452
8285.469,0.57959,182.856,2.5208,24,0.7034,16.88,1.94145,8.01832,2450.219,5835.251,6176.579,0.112329,0.775796,83.257,103.359,0.29572,0.74547,0.942686,C,-0.001,-0.020057
9099.685,0.57847,140.911,1.9767,16,0.6758,10.812,2.01884,5.0442,3261.585,5838.1,6447.248,0.268692,0.751536,83.634,101.036,0.35843,0.70851,0.833515,C,-0.0,-0.009336
10301.773,0.52379,191.031,3.8083,16,0.7964,12.742,1.92876,6.6293,3587.908,6713.865,13663.68,0.149095,0.72402,84.029,103.384,0.34828,1.32634,0.900862,C,0.0,0.053999
8740.755,0.645,170.598,2.4386,18,0.7915,14.248,1.96177,6.80864,2448.261,6292.494,5970.231,0.204454,0.816413,84.02,103.046,0.2801,0.68303,0.911215,C,0.0,-0.043684
13000.0,0.5665,162.185,2.1432,22,0.895,19.69,1.97671,9.14883,3843.44,9156.56,8237.133,0.084957,0.768621,82.114,102.31,0.29565,0.63363,0.955662,C,0.0,0.048564
7504.9,0.65192,132.6,2.8087,18,0.7871,14.168,2.03733,7.43546,2315.24,5189.66,6502.825,0.144856,0.878127,81.61,101.373,0.3085,0.86648,0.931452,C,0.0,0.037436
8272.849,0.39292,163.092,1.7988,25,0.8201,20.501,1.97505,8.96776,3785.203,4487.646,6808.825,0.035289,0.694576,81.495,101.868,0.45755,0.82303,0.958907,C,0.0,-0.019408
8893.362,0.46657,147.058,2.8557,26,0.7816,20.32,2.00595,10.47671,3145.96,5747.401,8983.983,0.032589,0.704115,80.791,101.074,0.35374,1.01019,0.975292,C,0.001,0.020963
10706.618,0.66439,203.369,2.1529,17,0.7439,12.646,1.91074,5.59107,2789.936,7916.681,6006.541,0.3679,0.768873,87.329,104.208,0.26058,0.56101,0.855705,C,0.001,0.030208
8117.05,0.5094,172.65,1.0307,19,0.6517,12.383,1.95825,4.22394,3171.428,4945.622,3268.774,0.280476,0.656195,85.101,102.089,0.39071,0.4027,0.784873,C,0.0,0.023402
10971.785,0.67621,188.75,2.8776,24,0.8166,19.598,1.93224,9.57986,2564.266,8407.519,7378.922,0.104161,0.850679,83.357,104.119,0.23371,0.67254,0.963999,C,0.0,0.034369
8644.946,0.62895,191.106,2.4784,19,0.6898,13.107,1.92865,6.13376,2369.68,6275.266,5873.027,0.257228,0.769326,85.458,103.687,0.27411,0.67936,0.887895,C,0.0,-0.034551
8489.062,0.35256,147.689,4.2823,26,0.7291,18.958,2.00466,10.68872,3758.27,4730.792,16094.099,0.01804,0.618304,80.627,100.543,0.44272,1.89586,0.977346,C,0.0,0.036891
10597.165,0.56331,161.145,3.2427,19,0.8334,15.835,1.97861,8.25893,3664.95,6932.215,11884.241,0.092086,0.812434,82.167,102.546,0.34584,1.12145,0.943464,C,0.0,0.031269
11320.903,0.60623,148.219,1.2349,20,0.8144,16.288,2.00359,6.2543,3629.335,7691.567,4481.948,0.22024,0.788365,83.319,101.695,0.32059,0.3959,0.883533,C,0.001,-0.015933
11597.752,0.315,207.666,3.646,20,0.8281,16.563,1.90475,8.37514,6230.724,5367.028,22717.159,0.032766,0.642642,83.043,103.552,0.53724,1.95876,0.944116,C,0.0,0.058369
7955.312,0.61847,152.785,1.9823,18,0.7331,13.195,1.99449,6.05509,2269.49,5685.822,4498.874,0.244433,0.767762,83.833,101.809,0.28528,0.56552,0.88725,C,0.0,0.025493
11482.416,0.64736,143.142,1.0183,16,0.8207,13.13,2.01409,4.63838,3304.739,8177.677,3365.12,0.463328,0.721724,86.304,100.968,0.28781,0.29307,0.794008,C,0.0,0.052955
12109.632,0.53758,179.214,3.6504,21,0.7711,16.192,1.94732,8.47088,4252.638,7856.994,15523.792,0.08394,0.783116,82.75,103.238,0.35118,1.28194,0.945166,C,0.0,-0.008176
10405.252,0.58396,169.64,3.6329,22,0.6575,14.464,1.96342,7.6523,2918.273,7486.979,10601.809,0.14474,0.755165,83.195,102.595,0.28046,1.01889,0.930486,C,0.0,-0.044373
10763.515,0.39158,165.918,2.2642,24,0.7742,18.582,1.96997,8.73901,5000.842,5762.674,11323.033,0.040478,0.696271,81.675,102.022,0.46461,1.05198,0.951974,C,-0.001,-0.029667
9980.897,0.42892,161.108,1.2686,24,0.7338,17.61,1.97868,6.72035,4682.463,5298.433,5940.153,0.086957,0.731119,82.098,102.007,0.46914,0.59515,0.904888,C,0.001,0.04837
10352.766,0.57695,178.946,2.8781,19,0.8015,15.228,1.94776,7.53421,3427.671,6925.095,9865.161,0.126051,0.800134,83.296,103.338,0.33109,0.9529,0.927665,C,0.0,-0.036976
11202.982,0.67726,174.683,2.6778,20,0.6691,13.382,1.95482,6.53099,2696.429,8506.553,7220.452,0.29646,0.797964,85.389,103.122,0.24069,0.64451,0.894642,C,0.0,0.02519
13000.0,0.6029,196.294,2.6392,19,0.7486,14.223,1.92091,6.73332,3983.962,9016.038,10514.659,0.203147,0.779534,84.921,103.98,0.30646,0.80882,0.896738,C,0.0,0.061905
9764.008,0.54043,129.084,3.9472,22,0.8619,18.962,2.04556,10.8276,2967.81,6796.198,11714.425,0.039904,0.759006,80.054,100.367,0.30395,1.19976,0.977557,C,0.0,-0.019706
11103.62,0.46189,146.842,2.881,18,0.7121,12.818,2.00639,6.62578,4469.814,6633.806,12877.431,0.116607,0.694545,81.891,100.999,0.40255,1.15975,0.898373,C,0.0,-0.037348
11378.133,0.60549,166.604,1.2299,18,0.6653,11.975,1.96875,4.47416,2959.441,8418.691,3639.853,0.506376,0.640325,87.851,101.687,0.2601,0.3199,0.782475,C,0.001,0.05754
8426.668,0.54819,153.733,3.3877,19,0.7533,14.314,1.99264,7.61945,2462.477,5964.191,8342.181,0.124174,0.723249,82.286,101.567,0.29222,0.98997,0.933806,C,0.0,0.044335
12570.441,0.35178,171.72,1.2311,27,0.8795,23.746,1.95984,8.81643,6092.443,6477.997,7500.23,0.035725,0.649032,81.835,101.996,0.48466,0.59666,0.950781,C,0.001,-0.05014
11208.018,0.65443,144.641,2.3989,26,0.836,21.735,2.01094,10.71683,3202.425,8005.592,7682.209,0.055768,0.893907,80.991,102.19,0.28573,0.68542,0.975652,C,0.001,0.015654
12366.705,0.37458,180.72,3.1729,16,0.7572,12.114,1.94488,6.12736,6483.754,5882.952,20572.288,0.089615,0.688642,82.88,102.685,0.52429,1.66352,0.874567,C,-0.001,0.030913
10084.43,0.65821,182.935,3.4776,27,0.7678,20.731,1.94133,10.68102,2508.508,7575.922,8723.68,0.063118,0.855253,82.61,103.887,0.24875,0.86506,0.976147,C,0.0,0.010644
9323.486,0.66787,152.527,3.3343,26,0.7685,19.982,1.995,10.61615,2559.159,6764.327,8532.996,0.058021,0.898602,81.362,102.659,0.27449,0.91522,0.976154,C,0.0,-0.04614
9949.414,0.42231,184.404,3.6923,26,0.7255,18.863,1.939,9.82866,4262.793,5686.622,15739.425,0.031557,0.715228,82.246,103.03,0.42845,1.58194,0.967985,C,-0.001,-0.015212
10605.792,0.59152,191.501,3.4751,27,0.8153,22.012,1.92805,11.22197,2674.608,7931.184,9294.634,0.047022,0.775145,82.697,103.742,0.25218,0.87637,0.979953,C,-0.0,-0.044955
8726.179,0.38378,190.466,3.9472,16,0.7549,12.079,1.92962,6.33485,3696.202,5029.977,14589.566,0.09491,0.596049,83.294,102.515,0.42358,1.67193,0.895248,C,0.0,0.013684
11381.815,0.50578,174.546,1.8464,27,0.8737,23.591,1.95505,10.25928,4696.941,6684.874,8672.618,0.035201,0.836414,81.935,103.369,0.41267,0.76197,0.971279,C,0.0,0.035169
10826.479,0.36033,180.881,3.0901,25,0.6616,16.541,1.94462,8.31127,5050.715,5775.764,15607.033,0.043166,0.637686,82.273,102.356,0.46652,1.44156,0.944115,C,0.0,-0.037828
8689.791,0.37335,186.115,2.2061,26,0.8676,22.558,1.93632,10.25674,4298.997,4390.793,9483.84,0.020012,0.719306,82.154,103.134,0.49472,1.09138,0.973483,C,0.001,-0.021808
10654.891,0.69228,153.475,2.8087,22,0.6894,15.168,1.99314,7.71461,2147.769,8507.122,6032.426,0.235314,0.807649,83.742,102.11,0.20158,0.56616,0.931482,C,0.0,-0.000749
9770.96,0.32741,170.106,1.891,22,0.7631,16.788,1.96262,7.4042,5414.068,4356.892,10237.802,0.043959,0.679629,81.883,102.119,0.5541,1.04778,0.925605,C,0.0,0.042845
10697.145,0.36491,179.639,1.0413,24,0.7377,17.705,1.94663,6.01593,4836.366,5860.779,5036.083,0.100342,0.583232,82.982,101.939,0.45212,0.47079,0.875678,C,0.0,0.010687
9408.303,0.6942,184.853,3.2053,19,0.6981,13.264,1.93829,6.6909,1636.813,7771.49,5246.485,0.376862,0.761039,86.82,103.352,0.17398,0.55764,0.905554,C,0.0,-0.015656
9476.2,0.38513,151.429,1.4229,25,0.8727,21.817,1.99716,8.86261,4289.044,5187.155,6102.923,0.037658,0.672433,81.047,101.107,0.45261,0.64403,0.955743,C,0.001,0.037889
8143.046,0.67943,128.664,2.0576,27,0.8157,22.024,2.04656,10.61405,1722.847,6420.199,3544.892,0.073862,0.841929,80.481,100.888,0.21157,0.43533,0.976999,C,0.0,0.025095
10778.565,0.34527,181.528,2.3699,17,0.7082,12.039,1.94358,5.62632,5735.07,5043.496,13591.352,0.092681,0.632497,82.95,102.352,0.53208,1.26096,0.857173,C,-0.001,-0.012975
10162.031,0.52251,188.096,3.7668,21,0.8872,18.631,1.93324,9.70489,3168.81,6993.222,11936.338,0.056378,0.733721,82.703,103.318,0.31183,1.1746,0.966354,C,-0.001,0.037809
10821.594,0.68093,123.243,1.1478,17,0.725,12.324,2.05982,4.75934,2695.21,8126.384,3093.553,0.529593,0.731125,86.224,99.806,0.24906,0.28587,0.806295,C,-0.0,-0.018849
9170.466,0.30339,160.395,1.4761,16,0.731,11.695,1.98,4.76258,4795.819,4374.648,7079.226,0.106822,0.518883,82.331,100.569,0.52296,0.77196,0.815868,C,-0.001,-0.001776
11155.031,0.59859,189.911,3.5689,18,0.8155,14.68,1.93046,7.54232,3330.107,7824.924,11884.759,0.148075,0.790321,83.976,103.772,0.29853,1.06542,0.926152,C,0.0,-0.017348
11921.183,0.34782,198.738,2.1815,19,0.8393,15.946,1.91735,7.11738,5669.827,6251.357,12368.792,0.064058,0.605177,83.166,102.933,0.47561,1.03755,0.912406,C,-0.001,0.050618
8240.896,0.56453,153.909,3.8527,16,0.7173,11.478,1.9923,6.28104,2356.871,5884.025,9080.308,0.207513,0.707537,83.393,101.473,0.286,1.10186,0.894872,C,0.0,-0.013749
10335.361,0.44798,203.028,4.0059,26,0.7912,20.572,1.91122,10.66364,3629.925,6705.435,14541.261,0.030841,0.673788,82.868,103.567,0.35121,1.40694,0.975821,C,0.001,0.042866
13000.0,0.56349,183.863,2.436,25,0.8459,21.148,1.93986,9.93466,4782.206,8217.794,11649.429,0.051586,0.86139,82.491,103.97,0.36786,0.89611,0.966323,C,0.0,-0.050452
9181.304,0.47512,194.042,1.3438,17,0.7662,13.025,1.92424,4.88807,3581.296,5600.008,4812.558,0.214715,0.641646,84.997,102.972,0.39006,0.52417,0.823722,C,0.0,0.040453
9964.256,0.67103,141.395,3.1347,25,0.8284,20.711,2.0178,11.02301,2709.295,7254.961,8492.845,0.05204,0.902188,80.796,102.058,0.2719,0.85233,0.978914,C,-0.0,-0.015763
10461.383,0.66923,120.0,2.925,16,0.6756,10.81,2.06808,5.85338,2660.001,7801.382,7780.632,0.343973,0.780137,83.605,99.913,0.25427,0.74375,0.869311,C,0.0,-0.043928
9150.74,0.32953,154.975,3.2962,22,0.6758,14.867,1.99023,7.85053,4710.93,4439.81,15528.023,0.03997,0.636773,81.226,101.063,0.51481,1.69691,0.937557,C,-0.0,-0.003653
11234.816,0.33081,147.056,3.925,18,0.8462,15.232,2.00595,8.45051,6095.227,5139.589,23923.996,0.032844,0.684187,80.794,100.942,0.54253,2.12945,0.946137,C,0.0,-0.042134
9871.539,0.38454,190.489,2.7842,17,0.7317,12.439,1.92958,6.01568,4752.507,5119.032,13232.124,0.096899,0.651579,83.321,102.882,0.48144,1.34043,0.878683,C,0.0,0.03468
9792.8,0.46037,151.085,2.7327,26,0.8682,22.572,1.99784,11.43635,3772.935,6019.865,10310.238,0.02169,0.73531,80.821,101.503,0.38528,1.05284,0.981848,C,0.0,0.009443
8939.879,0.3078,167.893,1.9557,22,0.7918,17.42,1.96648,7.79447,5039.841,3900.038,9856.216,0.034543,0.66092,81.673,101.887,0.56375,1.1025,0.936732,C,0.0,-0.009586
10811.97,0.53971,150.032,2.2547,27,0.6636,17.917,1.99994,8.60318,3637.435,7174.536,8201.491,0.080912,0.772315,81.558,101.689,0.33643,0.75856,0.949564,C,-0.001,0.014417
10547.812,0.42151,193.311,1.5393,19,0.8724,16.576,1.92533,6.58264,4270.767,6277.045,6573.903,0.105673,0.6364,83.533,102.906,0.4049,0.62325,0.898492,C,0.0,-0.007963
9401.906,0.37569,163.305,3.6131,27,0.7427,20.053,1.97467,10.68617,3905.844,5496.061,14112.052,0.021093,0.627691,81.316,101.437,0.41543,1.50098,0.976676,C,0.001,-0.011928
9550.961,0.525,142.622,1.2494,24,0.8094,19.426,2.01519,7.56057,2863.118,6687.843,3577.051,0.12253,0.697295,81.782,100.777,0.29977,0.37452,0.930035,C,0.0,0.037192
12416.141,0.40704,201.935,2.4441,18,0.8795,15.831,1.91277,7.28619,5747.689,6668.452,14047.956,0.073621,0.694426,83.398,103.657,0.46292,1.13143,0.916273,C,0.0,-0.031028
10045.947,0.68021,182.752,2.6662,23,0.8691,19.989,1.94162,9.64532,2881.279,7164.667,7681.983,0.081195,0.921101,82.842,104.313,0.28681,0.76468,0.965764,C,0.001,0.026222
10345.54,0.40751,153.852,2.1734,27,0.8527,23.024,1.99241,10.86982,4309.498,6036.042,9366.078,0.022014,0.682734,80.942,101.306,0.41656,0.90533,0.977497,C,0.0,0.030618
12072.739,0.34381,164.391,1.2725,27,0.6508,17.571,1.9727,6.6846,6060.11,6012.629,7711.58,0.070107,0.619669,82.006,101.439,0.50197,0.63876,0.897642,C,0.0,0.032464
9861.166,0.47739,183.167,3.2459,26,0.6621,17.215,1.94096,8.72773,3879.936,5981.23,12593.753,0.056953,0.750117,82.537,103.203,0.39346,1.27711,0.95306,C,0.0,0.025738
11363.971,0.49768,214.943,3.9889,20,0.6899,13.799,1.89494,7.05214,3795.099,7568.872,15138.084,0.131441,0.681319,84.573,104.1,0.33396,1.33211,0.9118,C,-0.0,-0.026823
8506.457,0.5131,175.711,3.607,23,0.8694,19.996,1.9531,10.48001,3307.05,5199.407,11928.608,0.032181,0.818978,81.938,103.31,0.38877,1.4023,0.975616,C,0.0,0.038965
10893.807,0.40347,172.145,3.5539,17,0.7622,12.958,1.95911,6.80047,5088.005,5805.802,18082.056,0.082081,0.685121,82.463,102.255,0.46705,1.65985,0.904983,C,0.0,0.0189
7001.575,0.42374,143.265,1.471,27,0.7635,20.614,2.01383,8.59058,3074.468,3927.108,4522.428,0.04343,0.721472,80.766,100.973,0.43911,0.64592,0.954994,C,-0.001,0.024782
10895.994,0.66226,162.069,3.4413,17,0.7248,12.322,1.97692,6.50678,3240.949,7655.045,11152.933,0.234474,0.84338,84.083,102.797,0.29744,1.02358,0.89469,C,0.0,-0.049141
9272.197,0.35151,169.803,2.8748,23,0.6594,15.166,1.96314,7.58991,4409.464,4862.733,12676.389,0.050752,0.624233,81.961,101.739,0.47556,1.36714,0.931337,C,0.0,0.002442
9360.764,0.5132,161.349,2.4014,18,0.8171,14.708,1.97824,7.08396,3662.076,5698.688,8794.114,0.107814,0.773701,82.383,102.301,0.39122,0.93947,0.917812,C,0.0,0.040419
11628.772,0.5827,177.803,2.1969,25,0.8213,20.532,1.94963,9.42019,3179.416,8449.356,6984.881,0.082689,0.770845,82.682,103.091,0.27341,0.60066,0.961201,C,0.0,0.038889
11188.793,0.35074,169.714,1.9765,18,0.7745,13.941,1.9633,6.24536,5720.865,5467.929,11307.175,0.079838,0.634171,82.341,101.8,0.5113,1.01058,0.883613,C,-0.001,0.012835
11809.395,0.63705,169.481,2.841,16,0.7717,12.348,1.9637,6.16327,3364.721,8444.674,9559.082,0.272628,0.782248,84.877,102.766,0.28492,0.80945,0.878067,C,0.0,0.028581
12974.663,0.63465,153.739,3.1806,26,0.727,18.903,1.99263,9.91542,3451.598,9523.066,10978.033,0.080828,0.835381,81.714,102.307,0.26603,0.84611,0.96612,C,-0.001,-0.004288
10753.847,0.44169,152.363,1.3737,26,0.7143,18.573,1.99532,7.42499,4353.463,6400.384,5980.249,0.082973,0.685685,81.684,101.245,0.40483,0.5561,0.923951,C,0.0,-0.000507
11468.806,0.57171,194.474,1.573,27,0.8249,22.271,1.9236,8.90717,3921.756,7547.05,6168.778,0.077272,0.828638,83.198,104.225,0.34195,0.53787,0.953782,C,0.0,0.016731
10436.56,0.55718,172.743,1.4813,27,0.7597,20.513,1.9581,8.2291,3517.6,6918.96,5210.728,0.093996,0.792663,82.643,102.994,0.33705,0.49928,0.943141,C,0.0,-0.001419
13000.0,0.45813,161.578,2.2809,26,0.8915,23.179,1.97782,10.98992,5272.85,7727.15,12026.996,0.026291,0.752804,81.316,102.174,0.4056,0.92515,0.976723,C,0.0,0.032072
11387.074,0.62038,188.828,1.0828,27,0.7103,19.179,1.93212,6.56666,3631.888,7755.186,3932.515,0.203466,0.815632,84.67,103.891,0.31895,0.34535,0.895395,C,0.0,-0.030623
8941.259,0.6467,187.158,2.596,21,0.7802,16.384,1.9347,7.80565,2220.222,6721.037,5763.69,0.164135,0.806105,84.093,103.754,0.24831,0.64462,0.936977,C,0.0,0.034526
9124.727,0.39467,165.366,2.5365,25,0.7295,18.237,1.97095,8.87529,3822.879,5301.848,9696.719,0.041062,0.649644,81.661,101.686,0.41896,1.06269,0.956411,C,0.0,-0.032795
8800.797,0.47693,170.217,3.533,22,0.8701,19.143,1.96243,10.05848,3511.577,5289.219,12406.303,0.034091,0.770931,81.757,102.727,0.39901,1.40968,0.971479,C,0.001,0.028049
8757.961,0.47527,179.298,2.073,25,0.6625,16.562,1.94719,7.44518,3291.716,5466.244,6823.631,0.089895,0.707335,82.832,102.742,0.37585,0.77913,0.928908,C,0.001,0.021615
12629.444,0.32989,151.018,1.5223,25,0.7883,19.708,1.99797,8.23244,6261.746,6367.698,9531.947,0.040241,0.614714,81.063,100.703,0.49581,0.75474,0.939519,C,0.0,0.035252
10701.183,0.43233,155.493,1.0958,17,0.688,11.697,1.98924,4.20612,4507.953,6193.23,4939.89,0.240415,0.572016,83.894,100.663,0.42126,0.46162,0.76574,C,0.0,0.036274
11719.851,0.4601,169.454,1.8024,22,0.8846,19.461,1.96375,8.44662,4908.996,6810.854,8847.753,0.060078,0.748412,82.07,102.541,0.41886,0.75494,0.945306,C,0.001,0.05592
8688.696,0.69147,145.547,2.8069,20,0.7648,15.296,2.00906,7.86825,2094.267,6594.429,5878.426,0.175497,0.855337,82.611,101.987,0.24103,0.67656,0.938825,C,0.0,-0.02407
9294.39,0.3583,156.223,1.8725,17,0.8369,14.227,1.98784,6.37185,4648.279,4646.111,8703.966,0.075396,0.641344,81.746,101.159,0.50012,0.93648,0.894763,C,0.0,-0.03712
11929.318,0.32715,161.685,2.3961,24,0.6812,16.348,1.97762,7.86505,6260.059,5669.259,14999.724,0.042044,0.641958,81.528,101.448,0.52476,1.25738,0.932559,C,0.0,0.052294
7000.0,0.57891,172.363,2.1461,16,0.823,13.167,1.95874,6.03867,2139.809,4860.191,4592.231,0.208198,0.742118,84.136,102.642,0.30569,0.65603,0.890063,C,0.0,0.030821
8206.744,0.35732,160.067,1.2069,16,0.8227,13.164,1.98061,4.91981,3824.201,4382.543,4615.383,0.129673,0.555971,82.619,100.797,0.46598,0.56239,0.830895,C,0.0,-0.028664
7000.0,0.60521,166.537,1.0377,19,0.6948,13.202,1.96887,4.55467,1769.129,5230.871,1835.857,0.44255,0.660223,87.006,101.815,0.25273,0.26227,0.815193,C,0.0,0.000617
8854.762,0.42733,184.71,2.5652,27,0.7781,21.008,1.93852,10.00538,3933.989,4920.773,10091.635,0.027995,0.746585,82.209,103.25,0.44428,1.13968,0.970895,C,0.0,-0.001887
13000.0,0.60284,187.955,2.575,23,0.877,20.171,1.93346,9.57877,3681.377,9318.623,9479.564,0.0812,0.808917,83.026,103.808,0.28318,0.7292,0.961856,C,0.0,-0.000374
8753.428,0.67212,141.854,2.7308,23,0.8311,19.115,2.01682,9.81515,2360.501,6392.927,6445.946,0.077292,0.891755,81.15,102.016,0.26967,0.73639,0.968989,C,0.0,-0.018433
12368.629,0.57258,170.037,2.8449,18,0.8436,15.184,1.96274,7.57631,3939.834,8428.795,11208.475,0.135792,0.776752,83.092,102.757,0.31853,0.9062,0.924458,C,0.0,-0.05172
12549.602,0.57061,165.754,1.4673,21,0.7375,15.488,1.97026,6.24655,4436.055,8113.547,6509.202,0.195203,0.775862,83.711,102.539,0.35348,0.51868,0.879075,C,0.0,0.004351
8874.015,0.68262,170.346,2.0125,20,0.7428,14.856,1.9622,6.68984,2007.263,6866.752,4039.573,0.280476,0.800175,85.014,102.927,0.2262,0.45521,0.907061,C,0.0,-0.012259
9356.849,0.3994,187.563,1.0986,17,0.7684,13.063,1.93407,4.5106,4072.8,5284.049,4474.35,0.185591,0.564197,84.39,102.175,0.43527,0.47819,0.797738,C,0.0,0.005872
11244.998,0.57002,198.769,3.6017,19,0.6974,13.251,1.91731,6.7509,3181.274,8063.724,11457.986,0.196795,0.717259,84.919,103.674,0.28291,1.01894,0.902329,C,0.0,0.036331
11053.451,0.55722,167.031,3.4353,24,0.8474,20.339,1.968,10.66501,4009.862,7043.589,13775.213,0.037914,0.85286,81.684,103.111,0.36277,1.24624,0.975317,C,-0.0,-0.021256
7518.061,0.31411,147.757,1.6698,25,0.7063,17.657,2.00453,7.67949,3711.98,3806.081,6198.248,0.040056,0.581382,80.92,100.303,0.49374,0.82445,0.937036,C,0.0,0.024086
8726.01,0.45511,137.119,3.2829,24,0.6983,16.758,2.02712,9.07679,3618.369,5107.64,11878.597,0.044034,0.746317,80.494,100.777,0.41466,1.36129,0.959879,C,0.001,0.044589
13000.0,0.57318,148.504,1.0084,25,0.8105,20.262,2.00301,7.067,3954.338,9045.662,3987.455,0.173135,0.748066,82.709,101.445,0.30418,0.30673,0.90812,C,0.0,-0.046499
8791.078,0.69956,179.886,1.7169,25,0.8506,21.266,1.94623,8.94871,1695.868,7095.209,2911.646,0.152475,0.830318,83.68,103.581,0.19291,0.3312,0.957954,C,0.001,0.029306
10584.167,0.48117,164.293,1.4561,18,0.8694,15.649,1.97288,6.30411,3596.931,6987.236,5237.671,0.158607,0.647218,83.17,101.616,0.33984,0.49486,0.887979,C,0.0,0.020291
12063.699,0.518,168.766,3.6908,21,0.7418,15.577,1.96495,8.27859,3973.768,8089.932,14666.352,0.092114,0.727198,82.467,102.367,0.3294,1.21574,0.941424,C,-0.001,-0.025954
9533.385,0.64851,131.071,1.5525,20,0.6814,13.628,2.04088,5.91329,2463.95,7069.436,3825.273,0.312301,0.765694,83.747,100.536,0.25845,0.40125,0.875537,C,-0.001,-0.023271
9665.165,0.32509,212.515,2.1903,18,0.7472,13.45,1.89817,5.91818,4607.01,5058.156,10090.519,0.085081,0.5437,83.886,103.095,0.47666,1.04401,0.875252,C,-0.001,-0.039945
9132.081,0.33048,155.815,1.6049,25,0.889,22.224,1.98862,9.41302,4501.709,4630.372,7224.981,0.024214,0.628231,81.053,101.051,0.49296,0.79116,0.963881,C,0.0,0.022515
8853.861,0.44523,129.226,2.7097,18,0.6983,12.569,2.04523,6.56901,3433.753,5420.108,9304.325,0.111234,0.656816,81.002,99.702,0.38783,1.05088,0.903106,C,0.0,0.040796
9634.752,0.31941,172.988,2.3126,18,0.7738,13.929,1.95768,6.53216,4843.509,4791.244,11200.914,0.063875,0.577724,82.255,101.587,0.50271,1.16255,0.899467,C,-0.001,0.04035
7508.621,0.32174,122.655,1.404,25,0.663,16.575,2.0613,7.00226,3725.51,3783.11,5230.785,0.051734,0.587637,79.886,98.82,0.49616,0.69664,0.920219,C,0.001,-0.007225
9193.693,0.59027,186.004,3.3501,17,0.8165,13.88,1.93649,7.06417,2620.972,6572.721,8780.428,0.170479,0.757671,84.136,103.382,0.28508,0.95505,0.917664,C,0.0,-0.019611
9660.062,0.56932,156.628,1.3765,20,0.7654,15.308,1.98707,6.08821,3031.782,6628.28,4173.297,0.213185,0.73221,83.581,101.78,0.31385,0.43202,0.882477,C,0.0,0.043153
10950.404,0.4389,136.381,1.7448,18,0.6829,12.291,2.02876,5.52735,4794.974,6155.431,8366.213,0.14895,0.664758,81.844,100.195,0.43788,0.76401,0.851394,C,-0.001,0.048938
9772.576,0.61468,135.888,2.2833,26,0.8705,22.632,2.02986,11.14258,2380.036,7392.54,5434.277,0.050745,0.796237,80.525,101.033,0.24354,0.55607,0.979894,C,-0.0,0.018217
9525.69,0.69042,163.973,3.8429,16,0.7692,12.308,1.97346,6.63902,1883.816,7641.874,7239.377,0.336975,0.777553,85.512,102.46,0.19776,0.75998,0.903478,C,0.0,-0.034061
12870.528,0.44875,159.146,2.1765,18,0.7559,13.607,1.98232,6.3795,5571.935,7298.594,12127.569,0.120717,0.699179,82.464,101.695,0.43292,0.94227,0.883541,C,-0.001,-0.001492
9919.807,0.65499,157.435,2.8126,26,0.7505,19.513,1.98554,9.87313,2565.418,7354.389,7215.498,0.07976,0.855641,81.853,102.638,0.25862,0.72738,0.968507,C,0.0,0.039889
9647.615,0.46062,175.338,4.4113,16,0.6972,11.155,1.95372,6.09054,4189.749,5457.866,18482.145,0.124502,0.718638,83.143,102.63,0.43428,1.91572,0.882618,C,0.0,0.022385
9139.242,0.40021,139.835,3.3982,24,0.6939,16.653,2.02116,9.05416,4315.307,4823.935,14664.267,0.034719,0.727168,80.496,100.812,0.47217,1.60454,0.959038,C,0.0,-0.018269
10039.196,0.38171,158.378,1.3439,22,0.6724,14.792,1.98376,5.80957,4576.021,5463.174,6149.716,0.109744,0.609511,82.288,101.063,0.45582,0.61257,0.86895,C,0.001,0.006009
8549.153,0.36583,183.889,3.5718,19,0.8766,16.656,1.93982,8.62205,4360.699,4188.455,15575.72,0.033554,0.711778,82.254,102.983,0.51007,1.8219,0.953216,C,-0.001,-0.032375
9215.099,0.36444,159.158,2.0318,25,0.834,20.85,1.9823,9.56121,4563.846,4651.253,9272.712,0.025299,0.697203,81.205,101.682,0.49526,1.00625,0.965619,C,0.0,0.022394
8771.66,0.64163,161.463,3.4315,20,0.7984,15.968,1.97803,8.43401,2296.926,6474.734,7881.8,0.123288,0.825516,82.591,102.648,0.26186,0.89855,0.949685,C,0.0,-0.01972
8511.43,0.61384,151.188,2.0384,25,0.776,19.401,1.99764,9.00652,2905.241,5606.189,5922.154,0.073454,0.893876,81.509,102.555,0.34133,0.69579,0.959155,C,0.0,0.01682
9192.827,0.5074,176.289,3.5503,27,0.8213,22.175,1.95213,11.57348,3264.585,5928.242,11590.205,0.024273,0.773457,81.855,103.037,0.35512,1.26079,0.983012,C,-0.0,-0.041124
8327.247,0.55802,151.535,3.4071,19,0.7114,13.517,1.99695,7.22715,2736.937,5590.311,9325.095,0.128523,0.768302,82.25,101.745,0.32867,1.11983,0.924301,C,-0.001,-0.036105
12536.837,0.45936,133.943,4.3729,21,0.6539,13.733,2.03426,7.93702,5215.577,7321.26,22807.133,0.073865,0.733979,80.738,100.504,0.41602,1.81921,0.933104,C,0.0,0.021756
8120.926,0.66619,193.706,3.6878,20,0.7203,14.405,1.92474,7.42042,1590.273,6530.653,5864.671,0.239115,0.770186,85.308,103.806,0.19582,0.72217,0.929713,C,0.0,0.004052
12685.756,0.34579,135.995,2.599,20,0.8551,17.103,2.02962,8.74247,6493.421,6192.335,16876.423,0.034232,0.672503,80.312,100.223,0.51187,1.33034,0.949327,C,-0.0,-0.039085
10342.769,0.31702,158.106,1.9956,21,0.6945,14.585,1.98427,6.65822,4562.831,5779.938,9105.683,0.070608,0.511536,81.76,100.402,0.44116,0.88039,0.901741,C,0.0,0.045892
11222.791,0.46015,166.862,3.7472,24,0.7952,19.085,1.96829,10.20119,4473.011,6749.78,16761.291,0.033685,0.742758,81.622,102.376,0.39856,1.4935,0.970823,C,-0.0,0.04081
12910.224,0.41376,140.504,3.1073,26,0.7939,20.642,2.01972,10.97763,5652.488,7257.736,17564.011,0.022037,0.71884,80.359,100.796,0.43783,1.36047,0.976681,C,0.0,0.019458
7522.006,0.54908,166.809,1.8018,18,0.8228,14.81,1.96839,6.44973,2349.013,5172.992,4232.419,0.170276,0.721085,83.423,102.23,0.31229,0.56267,0.903156,C,0.001,0.035581
12981.186,0.32922,166.135,3.3072,25,0.8684,21.711,1.96958,11.2996,6939.552,6041.634,22950.394,0.012856,0.692595,81.319,102.008,0.53459,1.76797,0.979125,C,0.0,0.045674
11025.748,0.52905,172.803,2.959,26,0.8359,21.734,1.95799,10.91496,4078.964,6946.784,12069.665,0.032316,0.82072,81.831,103.182,0.36995,1.09468,0.977403,C,0.0,-0.008386
9769.898,0.61025,194.246,1.7996,27,0.8867,23.942,1.92394,10.07076,3190.937,6578.961,5742.374,0.054662,0.879721,82.892,104.552,0.32661,0.58776,0.970745,C,-0.0,0.007106
8823.957,0.52293,134.464,2.9534,24,0.7057,16.936,2.03307,8.97743,3010.558,5813.399,8891.355,0.063865,0.760662,80.63,100.712,0.34118,1.00764,0.958332,C,0.0,0.010837
11044.941,0.53362,184.492,3.5762,27,0.7875,21.262,1.93886,11.00109,3546.04,7498.9,12681.209,0.036463,0.76871,82.313,103.387,0.32106,1.14815,0.978062,C,0.001,0.022741
7536.713,0.50349,181.238,1.6749,17,0.6635,11.28,1.94404,4.69519,2796.576,4740.137,4684.062,0.242954,0.657206,84.923,102.501,0.37106,0.6215,0.82095,C,0.0,-0.026174
12635.985,0.33485,154.972,1.6885,24,0.729,17.497,1.99024,7.56319,6507.224,6128.762,10987.45,0.049716,0.6376,81.355,101.068,0.51498,0.86954,0.923541,C,-0.001,-0.052222
9681.888,0.4057,168.242,2.2697,18,0.7503,13.505,1.96586,6.33673,4336.047,5345.841,9841.663,0.097656,0.655549,82.52,101.869,0.44785,1.0165,0.892197,C,0.0,0.040234
11238.545,0.57264,135.25,2.3331,24,0.8816,21.157,2.0313,10.49533,3795.401,7443.143,8855.125,0.044654,0.841876,80.414,101.296,0.33771,0.78792,0.973666,C,0.001,-0.042884
