Feed_Flow_kg_h,Feed_Heavy_Fraction,Column_Pressure_kPa,Reflux_Ratio,Num_Stages,Murphree_Efficiency,Effective_Stages,Relative_Volatility,Separation_Power,Distillate_Rate_kg_h,Bottoms_Rate_kg_h,Reflux_Flow_kg_h,Distillate_Heavy_Fraction,Bottoms_Heavy_Fraction,Top_Tray_Temperature_C,Bottom_Temperature_C,Distillate_to_Feed,Reflux_to_Feed,Heavy_Recovery_to_Bottoms,Dataset,Mass_Balance_Error_kg_h,Heavy_Component_Balance_Error_kg_h
10518.376,0.41108,191.169,1.6625,25,0.8943,22.357,1.92855,9.16842,4459.941,6058.436,7414.859,0.039776,0.684412,82.59,103.129,0.42401,0.70494,0.958973,A,-0.001,0.029093
11232.427,0.581,157.353,1.2197,19,0.7799,14.817,1.9857,5.58514,2926.95,8305.477,3570.02,0.327375,0.670384,85.118,101.411,0.26058,0.31783,0.853172,A,0.0,-0.029062
10495.656,0.58731,182.797,2.313,25,0.8769,21.922,1.94155,10.1545,3290.013,7205.642,7609.68,0.054397,0.830634,82.49,103.718,0.31346,0.72503,0.970967,A,0.001,-0.014349
8045.264,0.60974,161.76,3.868,21,0.7874,16.536,1.97748,8.95881,2551.86,5493.404,9870.631,0.078671,0.856438,82.014,102.868,0.31719,1.22689,0.959075,A,-0.0,0.001958
11358.034,0.66842,187.128,3.8963,18,0.7379,13.282,1.93474,6.97575,2931.211,8426.823,11420.927,0.23459,0.81932,85.022,103.84,0.25807,1.00554,0.909425,A,0.0,0.039677
10669.562,0.37273,144.988,1.5684,21,0.8108,17.027,2.01022,7.2598,4899.741,5769.821,7684.513,0.065237,0.633856,81.131,100.493,0.45923,0.72023,0.919624,A,0.0,-0.014219
9194.57,0.5833,157.532,1.5369,16,0.7373,11.797,1.98536,4.90126,3007.871,6186.699,4622.794,0.312993,0.714718,84.936,101.713,0.32714,0.50277,0.824462,A,0.0,0.004977
10871.677,0.55828,154.033,1.7284,18,0.7229,13.012,1.99206,5.68072,3347.011,7524.666,5784.999,0.25481,0.693267,84.023,101.385,0.30787,0.53212,0.859484,A,0.0,-0.014661
10546.859,0.40505,167.999,1.2574,17,0.6844,11.635,1.96629,4.3822,4625.959,5920.9,5816.9,0.202483,0.563312,83.894,101.248,0.43861,0.55153,0.78074,A,0.0,0.013161
10441.199,0.69012,215.22,1.8339,24,0.7698,18.474,1.89457,7.63928,2978.172,7463.027,5461.802,0.169139,0.898026,85.08,105.541,0.28523,0.5231,0.930094,A,0.0,-0.037065
10042.633,0.49078,175.658,2.3391,23,0.7948,18.28,1.95318,8.57296,3787.112,6255.521,8858.424,0.064844,0.74865,82.368,102.843,0.3771,0.88208,0.950176,A,0.0,-0.043863
10820.069,0.67953,163.132,2.0014,25,0.7301,18.251,1.97498,8.28259,2449.61,8370.459,4902.537,0.169402,0.82882,83.267,102.756,0.2264,0.4531,0.943561,A,-0.0,-0.011174
8895.319,0.68871,153.15,1.1547,25,0.8479,21.198,1.99378,7.83856,2440.522,6454.797,2818.066,0.156168,0.89006,82.684,102.636,0.27436,0.3168,0.937787,A,0.0,0.007091
9755.635,0.66002,217.233,3.7883,22,0.7915,17.413,1.89193,8.78391,2561.347,7194.288,9703.081,0.115337,0.85394,84.431,105.329,0.26255,0.99461,0.95412,A,0.0,0.005839
9276.821,0.48379,212.804,1.8938,16,0.7588,12.141,1.89778,5.09059,3403.727,5873.094,6445.975,0.217167,0.638317,85.639,103.731,0.36691,0.69485,0.835302,A,0.0,-0.039693
10898.269,0.41191,170.297,2.4589,24,0.8558,20.54,1.96229,9.84333,4977.84,5920.429,12240.221,0.029543,0.733402,81.7,102.484,0.45676,1.12313,0.967241,A,0.0,-0.008813
10059.583,0.5343,146.906,2.8117,16,0.7522,12.036,2.00626,6.18171,3381.429,6678.154,9507.495,0.182981,0.712195,82.77,101.119,0.33614,0.94512,0.884884,A,0.0,-0.049951
9561.315,0.47981,131.059,2.648,25,0.7798,19.494,2.04091,10.09495,3382.51,6178.805,8957.016,0.039096,0.72108,80.14,100.241,0.35377,0.9368,0.971174,A,0.0,-0.04077
8827.137,0.48728,190.032,2.1239,17,0.7805,13.269,1.93028,5.9332,3724.976,5102.162,7911.469,0.139654,0.741075,83.87,103.453,0.42199,0.89627,0.879058,A,-0.001,-0.005185
9614.212,0.39763,198.135,1.1539,19,0.6514,12.377,1.91822,4.31917,4475.703,5138.508,5164.415,0.186188,0.581803,84.758,102.753,0.46553,0.53716,0.782019,A,0.001,-0.022443
10012.213,0.6369,151.947,2.8014,27,0.6879,18.573,1.99614,9.46086,2998.292,7013.921,8399.384,0.07759,0.875994,81.596,102.478,0.29946,0.83891,0.963518,A,0.0,-0.011729
9586.596,0.59229,169.676,3.8994,24,0.7073,16.976,1.96336,9.11556,2699.525,6887.071,10526.421,0.085487,0.790941,82.414,102.833,0.28159,1.09804,0.959357,A,0.0,0.003827
11941.096,0.64612,178.02,2.8917,17,0.7255,12.333,1.94928,6.11679,3307.327,8633.769,9563.777,0.290197,0.782468,85.429,103.178,0.27697,0.80091,0.875603,A,-0.0,-0.043388
11510.086,0.51262,183.172,2.2274,18,0.7237,13.027,1.94095,5.96222,4001.316,7508.77,8912.684,0.191264,0.683859,84.31,102.766,0.34764,0.77434,0.870292,A,0.0,0.052638
7000.0,0.33707,148.945,2.4717,23,0.7114,16.363,2.00212,8.08712,3230.493,3769.507,7984.926,0.039203,0.592336,80.96,100.441,0.4615,1.1407,0.946325,A,0.0,0.030285
7166.48,0.64492,159.089,3.0298,21,0.7981,16.76,1.98243,8.6233,1992.296,5174.184,6036.318,0.103779,0.853289,82.238,102.709,0.278,0.8423,0.955265,A,-0.0,-0.026496
9737.842,0.3277,156.515,2.9439,21,0.8639,18.142,1.98729,9.30005,4980.634,4757.208,14662.54,0.024524,0.645116,81.086,101.2,0.51147,1.50573,0.961723,A,0.0,-0.005241
9366.714,0.36181,141.727,2.4076,22,0.7905,17.391,2.01709,8.6214,4019.158,5347.557,9676.645,0.040469,0.60332,80.658,100.105,0.42909,1.03309,0.952006,A,-0.001,0.031398
10320.464,0.67765,177.749,1.5635,26,0.7682,19.974,1.94972,8.13415,2745.042,7575.423,4291.94,0.149243,0.869122,83.559,103.737,0.26598,0.41587,0.941421,A,-0.001,0.017338
10325.983,0.5246,157.87,2.1333,22,0.7325,16.115,1.98472,7.5208,3210.024,7115.959,6848.069,0.122545,0.705971,82.436,101.673,0.31087,0.66319,0.927382,A,0.0,-0.0224
13000.0,0.57,199.549,1.6265,16,0.7636,12.218,1.91618,4.9204,3636.361,9363.639,5914.667,0.396882,0.637229,87.586,103.179,0.27972,0.45497,0.805235,A,0.0,0.011457
8331.969,0.6284,178.288,1.3684,17,0.8265,14.051,1.94884,5.4166,2130.116,6201.853,2914.775,0.350706,0.723774,86.238,102.803,0.25566,0.34983,0.857319,A,-0.0,0.024904
9433.592,0.56582,161.621,3.9505,26,0.8231,21.402,1.97774,11.64681,3951.276,5482.316,15609.336,0.022533,0.957389,81.268,103.527,0.41885,1.65465,0.98332,A,0.0,-0.02811
13000.0,0.47759,166.768,1.0303,22,0.7711,16.965,1.96846,5.8303,5169.592,7830.408,5326.108,0.170116,0.68058,83.419,101.961,0.39766,0.4097,0.858354,A,0.0,0.020611
10970.054,0.5172,160.902,3.4846,26,0.827,21.503,1.97906,11.40546,3807.797,7162.257,13268.507,0.028313,0.777115,81.315,102.3,0.34711,1.20952,0.980998,A,0.0,0.004424
10994.595,0.45939,222.453,2.8164,22,0.8777,19.31,1.8852,9.03497,4616.851,6377.744,13002.905,0.047692,0.757424,83.696,104.894,0.41992,1.18266,0.956406,A,0.0,-0.036232
9228.99,0.53088,165.33,1.6133,25,0.8626,21.565,1.97102,9.03369,3268.598,5960.393,5273.374,0.062012,0.787995,81.936,102.597,0.35417,0.57139,0.95863,A,-0.001,0.03403
7527.887,0.30088,152.139,2.6119,20,0.7283,14.566,1.99576,7.27876,3984.245,3543.642,10406.48,0.041197,0.592857,81.123,100.62,0.52926,1.38239,0.927533,A,0.0,-0.021266
10251.197,0.50331,162.989,2.8957,19,0.6536,12.418,1.97524,6.28327,4156.542,6094.655,12036.216,0.138694,0.751971,82.856,102.241,0.40547,1.17413,0.888266,A,0.0,0.038711
10163.521,0.30953,159.088,3.628,24,0.7749,18.598,1.98243,9.97687,5918.321,4245.201,21471.413,0.016261,0.718379,81.083,101.818,0.58231,2.1126,0.969408,A,-0.001,0.013588
8158.972,0.34387,153.031,2.4985,20,0.657,13.14,1.99401,6.47646,4133.89,4025.082,10328.482,0.066459,0.628778,81.495,100.905,0.50667,1.2659,0.902077,A,0.0,0.008496
8975.16,0.63855,182.618,2.0853,19,0.8889,16.89,1.94183,7.57562,1780.689,7194.471,3713.294,0.220074,0.742123,84.67,103.125,0.1984,0.41373,0.931621,A,0.0,0.022665
9891.934,0.56375,176.009,3.8276,24,0.6571,15.77,1.9526,8.36692,3265.563,6626.371,12499.336,0.091034,0.796717,82.726,103.177,0.33012,1.26359,0.946692,A,-0.0,-0.041894
8582.873,0.37287,174.067,2.109,23,0.7733,17.787,1.95585,8.09392,3718.932,4863.94,7843.284,0.048484,0.620888,82.092,101.924,0.4333,0.91383,0.943658,A,0.001,0.025178
9852.595,0.59888,189.128,2.2869,19,0.6979,13.261,1.93166,6.07449,3183.078,6669.517,7279.342,0.22018,0.779619,84.901,103.667,0.32307,0.73882,0.881223,A,0.0,-0.010194
10143.225,0.49031,190.903,3.2743,25,0.8751,21.878,1.92895,11.01041,3521.949,6621.276,11531.827,0.030069,0.735124,82.453,103.452,0.34722,1.1369,0.978707,A,0.0,-0.035733
10053.379,0.35394,161.824,2.9226,27,0.8331,22.495,1.97737,11.42649,4573.821,5479.559,13367.261,0.014282,0.637452,81.167,101.426,0.45495,1.32963,0.981642,A,-0.001,0.013808
9240.563,0.67187,193.29,3.7267,17,0.6933,11.786,1.92536,6.08784,2267.287,6973.276,8449.474,0.31776,0.787011,86.332,103.899,0.24536,0.91439,0.883957,A,0.0,-0.040972
10890.622,0.34512,178.229,1.2197,24,0.8255,19.813,1.94893,7.26457,5761.537,5129.085,7027.183,0.052687,0.673617,82.302,102.469,0.52904,0.64525,0.919237,A,0.0,-0.025486
11336.75,0.3079,168.02,1.5353,23,0.8199,18.858,1.96625,7.72125,6054.955,5281.796,9296.162,0.040198,0.614782,81.753,101.589,0.5341,0.82,0.93027,A,-0.001,0.035135
10481.272,0.40264,178.714,1.9226,21,0.8005,16.81,1.94814,7.37448,4630.248,5851.024,8902.321,0.069986,0.665889,82.548,102.441,0.44176,0.84935,0.923214,A,0.0,-0.005699
8772.655,0.33474,170.921,3.6407,22,0.7495,16.489,1.96121,8.71328,4143.109,4629.545,15083.706,0.032343,0.605371,81.76,101.669,0.47228,1.7194,0.954369,A,0.001,-0.034326
11097.478,0.30669,146.114,2.017,24,0.7847,18.833,2.00789,8.77696,5288.232,5809.247,10666.216,0.0308,0.557833,80.726,100.055,0.47653,0.96114,0.952143,A,-0.001,0.0183
9247.84,0.5613,166.18,1.695,16,0.7416,11.866,1.9695,5.05833,3516.517,5731.323,5960.548,0.245656,0.754962,84.393,102.422,0.38025,0.64453,0.83358,A,0.0,0.028017
11318.741,0.35278,135.79,2.723,16,0.7879,12.607,2.03008,6.5291,5756.675,5562.066,15675.604,0.073374,0.641972,80.819,100.009,0.5086,1.38492,0.894219,A,0.0,-0.055456
8392.319,0.52555,180.678,1.1031,24,0.8177,19.626,1.94495,6.84808,2780.902,5611.417,3067.734,0.137377,0.717923,83.509,102.876,0.33136,0.36554,0.913383,A,0.0,-0.01405
11371.701,0.39704,147.534,3.9104,18,0.8998,16.197,2.00498,8.97267,5153.673,6218.027,20153.181,0.039462,0.693403,80.903,101.03,0.4532,1.77222,0.954956,A,0.001,0.047345
9969.905,0.67626,172.273,1.0792,21,0.8347,17.528,1.95889,6.11703,2399.344,7570.561,2589.284,0.329999,0.786001,85.741,102.927,0.24066,0.25971,0.882564,A,0.0,-0.001682
8126.877,0.38634,173.249,2.3257,16,0.8254,13.206,1.95724,6.20174,4000.713,4126.164,9304.404,0.08452,0.678989,82.537,102.268,0.49228,1.14489,0.892304,A,0.0,-0.022571
9529.151,0.50826,150.66,1.3824,17,0.7988,13.58,1.99868,5.45656,3490.47,6038.68,4825.328,0.202612,0.684933,83.191,101.147,0.36629,0.50638,0.853982,A,0.001,-0.016029
10081.153,0.59399,190.826,3.8827,23,0.8832,20.313,1.92907,10.61315,3040.19,7040.964,11804.111,0.048108,0.829701,82.688,104.073,0.30157,1.17091,0.975576,A,-0.001,-0.048262
10409.187,0.42445,159.05,3.2002,23,0.6844,15.742,1.9825,8.20818,4671.469,5737.718,14949.59,0.054128,0.725958,81.581,101.866,0.44878,1.43619,0.942769,A,0.0,-0.020136
8526.718,0.6327,174.33,2.0623,16,0.6574,10.518,1.95541,4.75008,2313.909,6212.809,4771.937,0.422642,0.710929,87.041,102.531,0.27137,0.55965,0.818723,A,0.0,0.033261
8338.94,0.42559,154.063,2.0789,17,0.7076,12.029,1.992,5.59723,3141.046,5197.894,6529.998,0.151368,0.591303,82.659,100.714,0.37667,0.78307,0.866031,A,0.0,-0.014692
10299.377,0.45514,187.656,3.3013,20,0.7766,15.532,1.93392,7.86244,4604.093,5695.284,15199.272,0.065552,0.770092,82.809,103.538,0.44703,1.47575,0.935618,A,0.0,-0.041703
9299.876,0.47216,201.322,2.5686,16,0.7102,11.364,1.91364,5.3085,3889.978,5409.897,9991.821,0.17238,0.687708,84.681,103.587,0.41828,1.0744,0.847288,A,0.001,0.045598
10353.258,0.46756,179.741,1.4398,25,0.7564,18.911,1.94646,7.43272,4758.666,5594.592,6851.4,0.076245,0.800402,82.668,103.377,0.45963,0.66176,0.925048,A,0.0,0.022195
11139.279,0.54318,181.602,3.2815,23,0.7916,18.206,1.94346,9.27202,3688.814,7450.466,12105.005,0.06609,0.779389,82.601,103.325,0.33115,1.0867,0.959708,A,-0.001,0.028605
7526.819,0.3905,156.156,1.4417,27,0.7236,19.536,1.98797,7.9258,3307.762,4219.057,4768.73,0.051342,0.656399,81.425,101.255,0.43946,0.63357,0.94222,A,0.0,0.010907
10381.582,0.43169,176.695,2.0478,18,0.6771,12.188,1.95146,5.47515,4015.361,6366.221,8222.456,0.166116,0.599188,83.743,101.906,0.38678,0.79202,0.851165,A,0.0,0.046197
11836.97,0.39159,163.392,2.7743,20,0.8315,16.63,1.97451,8.316,5322.889,6514.081,14767.282,0.050022,0.670695,81.701,101.725,0.44968,1.24756,0.942557,A,-0.0,0.015972
9553.71,0.41078,199.853,3.1825,26,0.6621,17.215,1.91574,8.5159,4218.802,5334.908,13426.513,0.04659,0.698775,82.972,103.598,0.44159,1.40537,0.949915,A,0.0,0.018671
8783.778,0.60511,157.629,1.1099,19,0.7777,14.777,1.98517,5.33012,2616.2,6167.578,2903.752,0.303047,0.733245,84.809,101.84,0.29784,0.33058,0.850836,A,0.0,-0.025386
11128.366,0.55171,181.906,2.3472,26,0.703,18.279,1.94297,8.51385,4238.018,6890.347,9947.357,0.076086,0.844245,82.744,103.767,0.38083,0.89387,0.94748,A,0.001,0.035965
10380.17,0.68512,174.824,2.3782,27,0.8474,22.879,1.95458,10.79426,2211.64,8168.53,5259.758,0.074374,0.850475,82.462,103.475,0.21306,0.50671,0.976871,A,0.0,0.043005
11343.825,0.68005,199.495,1.5629,16,0.8106,12.97,1.91626,5.14411,2655.471,8688.354,4150.128,0.49935,0.735281,88.937,103.824,0.23409,0.36585,0.828112,A,0.0,-0.02287
9482.176,0.38203,183.778,1.0866,27,0.8431,22.764,1.93999,7.85548,4408.941,5073.235,4790.656,0.051739,0.66908,82.49,102.696,0.46497,0.50523,0.937029,A,0.0,-0.038575
7777.273,0.38398,131.531,3.6079,16,0.898,14.368,2.03981,8.01933,3681.491,4095.782,13282.401,0.045728,0.688015,80.25,100.052,0.47337,1.70785,0.943628,A,0.0,0.010613
9834.984,0.66306,197.208,3.1839,18,0.7785,14.014,1.91958,6.95424,2189.743,7645.241,6971.83,0.259844,0.778548,85.7,104.012,0.22265,0.70888,0.912747,A,0.0,0.005821
9331.258,0.35558,151.119,2.6219,26,0.8238,21.42,1.99777,10.73054,4357.798,4973.46,11425.853,0.017448,0.651862,80.767,100.954,0.46701,1.22447,0.977085,A,0.0,-0.035722
11162.986,0.60447,186.532,3.2898,21,0.8332,17.497,1.93567,8.86215,3167.511,7995.475,10420.578,0.099142,0.804668,83.213,103.716,0.28375,0.93349,0.953461,A,0.0,-0.046105
10290.449,0.3767,136.394,2.5075,22,0.7543,16.595,2.02873,8.39262,4787.717,5502.733,12005.014,0.043288,0.666796,80.45,100.209,0.46526,1.16662,0.946536,A,-0.001,-0.038909
7553.726,0.35721,170.689,3.6411,16,0.7079,11.326,1.96161,5.98698,3777.793,3775.933,13755.318,0.081416,0.633149,82.399,101.841,0.50012,1.821,0.886012,A,-0.0,-0.034533
8207.255,0.4757,181.604,2.8498,16,0.655,10.48,1.94346,5.15493,2967.32,5239.935,8456.257,0.204923,0.629034,84.434,102.332,0.36155,1.03034,0.844251,A,-0.0,0.021814
11325.684,0.57362,120.0,1.8112,27,0.7158,19.326,2.06808,9.04748,4100.71,7224.974,7427.178,0.069426,0.859793,79.981,100.439,0.36207,0.65578,0.956178,A,-0.0,-0.039107
11019.648,0.63767,139.492,1.6262,27,0.7669,20.706,2.02191,9.0269,3159.466,7860.181,5137.909,0.097301,0.854872,81.306,101.635,0.28671,0.46625,0.956251,A,0.001,0.031087
9039.635,0.38326,216.315,3.5588,22,0.7927,17.438,1.89313,8.68838,4180.25,4859.385,14876.638,0.038467,0.679867,83.388,104.144,0.46244,1.64571,0.953587,A,0.0,-0.006668
9998.427,0.33988,164.644,3.553,22,0.7553,16.617,1.97225,8.80726,5043.418,4955.009,17919.407,0.030888,0.654389,81.498,101.681,0.50442,1.79222,0.95416,A,0.0,-0.019111
10668.36,0.61709,207.207,1.0339,23,0.7079,16.281,1.90539,5.33554,2775.533,7892.827,2869.74,0.373852,0.702619,87.531,103.929,0.26016,0.269,0.842383,A,0.0,0.049495
10702.607,0.48041,174.013,3.5381,26,0.717,18.641,1.95594,9.74986,4715.481,5987.126,16683.826,0.036696,0.829875,81.935,103.301,0.44059,1.55886,0.966345,A,0.0,0.033949
11314.363,0.54383,157.868,2.5402,27,0.7565,20.426,1.98472,10.04641,4324.773,6989.591,10985.848,0.043938,0.853132,81.398,102.644,0.38224,0.97096,0.969118,A,-0.001,0.024405
10384.728,0.53368,161.17,3.5757,25,0.7577,18.943,1.97857,10.10116,3451.664,6933.064,12342.202,0.04734,0.775808,81.577,102.305,0.33238,1.1885,0.970517,A,-0.0,-0.00665
9857.757,0.60433,163.131,1.5127,26,0.7774,20.212,1.97498,8.28113,3322.678,6535.079,5026.058,0.098389,0.861565,82.329,102.972,0.33706,0.50986,0.945124,A,0.0,0.027983
9611.728,0.69582,167.333,2.1984,24,0.8185,19.645,1.96746,9.13788,2319.908,7291.82,5100.154,0.116347,0.880185,82.731,103.306,0.24136,0.53062,0.959642,A,0.0,-0.032346
11583.614,0.55924,181.635,3.5003,25,0.8954,22.384,1.94341,11.56825,3246.876,8336.738,11365.025,0.036452,0.762843,82.211,103.217,0.2803,0.98113,0.98173,A,0.0,0.042943
7000.0,0.44608,170.092,1.3721,17,0.821,13.956,1.96264,5.44337,2641.303,4358.697,3624.094,0.160077,0.619401,83.415,101.721,0.37733,0.51773,0.864596,A,0.0,-0.033141
9792.017,0.36996,196.183,1.4113,18,0.7493,13.488,1.92108,5.15417,4500.953,5291.064,6352.284,0.131689,0.572643,83.974,102.609,0.45966,0.64872,0.836382,A,0.0,0.037848
10049.5,0.34115,170.068,3.3947,26,0.6539,17.0,1.96268,8.85499,5331.345,4718.155,18098.511,0.029034,0.693833,81.684,102.211,0.53051,1.80094,0.95485,A,0.0,-0.014984
7861.977,0.57662,153.25,1.8717,20,0.8162,16.324,1.99358,7.3407,2311.147,5550.83,4325.658,0.140604,0.758162,82.482,101.771,0.29397,0.5502,0.928319,A,0.0,-0.01171
10499.22,0.40204,179.578,2.595,21,0.8277,17.382,1.94673,8.35796,4873.246,5625.975,12646.03,0.047166,0.709436,82.278,102.769,0.46415,1.20447,0.945547,A,-0.001,-0.014312
9023.078,0.41104,163.421,2.3507,27,0.7589,20.491,1.97446,9.77935,3815.206,5207.872,8968.348,0.030783,0.689611,81.448,101.851,0.42283,0.99393,0.968334,A,-0.0,-0.003323
11293.667,0.47734,191.254,1.5054,18,0.6587,11.857,1.92842,4.67846,4189.08,7104.587,6306.061,0.259979,0.605501,85.5,102.612,0.37092,0.55837,0.797979,A,-0.0,0.011643
9811.612,0.51104,174.764,3.1104,20,0.7487,14.974,1.95468,7.59452,3340.116,6471.495,10389.045,0.104612,0.720808,82.859,102.617,0.34042,1.05885,0.930314,A,0.001,0.004614
11003.73,0.46646,158.818,1.3961,24,0.6822,16.373,1.98294,6.53092,4531.926,6471.804,6327.025,0.118641,0.710021,82.423,101.749,0.41185,0.57499,0.895247,A,0.0,0.010915
11828.265,0.68228,178.445,2.5715,26,0.6968,18.116,1.94858,8.70149,2909.096,8919.169,7480.596,0.139208,0.859412,83.452,103.706,0.24594,0.63243,0.949819,A,0.0,-0.02166
10574.394,0.41924,156.11,1.1587,17,0.8385,14.255,1.98806,5.25794,4869.106,5705.289,5642.02,0.147049,0.651531,82.687,101.22,0.46046,0.53355,0.838491,A,-0.001,0.039125
8686.418,0.54081,169.507,1.3582,19,0.6776,12.875,1.96366,5.00374,2853.213,5833.205,3875.109,0.274476,0.671079,84.903,102.034,0.32847,0.44611,0.833293,A,0.0,0.021849
7728.522,0.3065,147.143,1.3316,18,0.7074,12.733,2.00578,5.06165,4450.778,3277.745,5926.689,0.084343,0.608158,81.478,100.445,0.57589,0.76686,0.841525,A,-0.001,0.01318
12630.076,0.32551,214.066,1.2892,20,0.7582,15.164,1.8961,5.46377,6291.366,6338.71,8111.018,0.104159,0.545205,84.186,103.167,0.49813,0.6422,0.840606,A,-0.0,0.017262
9833.062,0.37958,164.128,3.9467,22,0.8162,17.956,1.97318,9.73685,4002.263,5830.799,15795.903,0.030724,0.619033,81.476,101.422,0.40702,1.60641,0.967055,A,0.0,0.011148
8967.153,0.41254,148.476,1.8481,18,0.6995,12.591,2.00307,5.67556,4285.488,4681.665,7920.161,0.114748,0.685126,81.937,101.028,0.47791,0.88324,0.867068,A,0.0,0.027707
10216.386,0.48653,124.707,2.2163,25,0.7079,17.697,2.05617,8.79053,4155.763,6060.623,9210.392,0.055511,0.782078,80.041,100.239,0.40677,0.90153,0.953589,A,0.0,0.007806
9712.883,0.52968,198.498,3.1218,17,0.819,13.924,1.9177,6.86654,3492.495,6220.388,10902.924,0.132049,0.752938,84.056,103.898,0.35957,1.12252,0.910359,A,0.0,-0.027105
11278.213,0.36637,202.022,3.9701,21,0.7982,16.763,1.91264,8.68333,5638.795,5639.419,22386.404,0.036427,0.696274,82.909,103.673,0.49997,1.98492,0.950289,A,-0.001,0.013687
10050.892,0.53146,176.025,2.9234,21,0.8812,18.505,1.95257,9.2266,3696.584,6354.308,10806.49,0.057288,0.807307,82.281,103.248,0.36779,1.07518,0.960355,A,0.0,-0.00017
10020.624,0.33273,154.574,3.0799,21,0.8508,17.867,1.99101,9.28824,5082.918,4937.707,15655.106,0.025427,0.649068,81.018,101.122,0.50725,1.56229,0.961236,A,-0.001,0.01126
8928.13,0.45691,173.71,1.7288,17,0.6596,11.214,1.95646,4.76791,3773.761,5154.369,6524.207,0.19719,0.647063,84.042,102.079,0.42268,0.73075,0.817582,A,0.0,0.002478
10704.352,0.61924,158.366,2.0542,24,0.7744,18.587,1.98378,8.56334,2946.327,7758.025,6052.413,0.1147,0.810852,82.353,102.391,0.27525,0.56542,0.949017,A,0.0,0.009138
8449.2,0.49,152.214,2.7719,26,0.6944,18.054,1.99561,9.16715,3090.088,5359.112,8565.567,0.051631,0.74276,81.264,101.613,0.36573,1.01377,0.961463,A,0.0,0.029637
10998.834,0.56643,179.754,3.1127,25,0.7839,19.598,1.94644,9.87862,3777.073,7221.761,11756.751,0.053528,0.83468,82.369,103.604,0.34341,1.06891,0.967548,A,0.0,0.030908
12285.906,0.38943,183.567,2.1191,22,0.8441,18.57,1.94032,8.36309,5101.453,7184.454,10810.71,0.05367,0.62784,82.508,102.415,0.41523,0.87993,0.942774,A,-0.001,0.017792
7712.971,0.58301,153.315,1.1456,23,0.7744,17.812,1.99345,6.56108,2705.102,5007.869,3099.053,0.15579,0.813781,82.686,102.142,0.35072,0.4018,0.906281,A,0.0,0.002739
7000.0,0.69372,189.803,3.6654,20,0.7304,14.609,1.93063,7.55044,1236.603,5763.397,4532.656,0.254334,0.787998,85.375,103.752,0.17666,0.64752,0.935233,A,0.0,-0.015497
10925.318,0.56038,159.949,1.9717,25,0.6844,17.11,1.98083,7.75934,3246.161,7679.157,6400.485,0.128232,0.743059,82.596,102.026,0.29712,0.58584,0.932009,A,0.0,0.001262
13000.0,0.69221,120.0,3.5538,24,0.764,18.335,2.06808,10.39689,2044.55,10955.45,7266.006,0.126081,0.797861,80.729,100.03,0.15727,0.55892,0.971354,A,0.0,0.024799
8498.613,0.63355,142.909,2.9654,19,0.8677,16.486,2.01458,8.63506,2504.543,5994.07,7426.985,0.099961,0.856503,81.497,101.844,0.2947,0.87391,0.953503,A,0.0,0.000706
8123.956,0.60729,183.388,1.5468,26,0.7243,18.833,1.94061,7.58361,2307.551,5816.405,3569.365,0.141945,0.791901,83.667,103.489,0.28404,0.43936,0.933609,A,0.0,0.034977
10883.453,0.49168,173.461,2.5357,24,0.8408,20.18,1.95688,9.71627,4273.32,6610.134,10835.711,0.042869,0.781824,81.995,102.957,0.39264,0.99561,0.965766,A,-0.001,0.021812
8738.918,0.52963,188.086,1.315,26,0.6689,17.392,1.93326,6.51238,3349.259,5389.659,4404.294,0.136091,0.774185,83.755,103.585,0.38326,0.50399,0.90152,A,0.0,-0.004019
9240.962,0.39886,180.563,3.7247,17,0.7872,13.382,1.94513,7.01915,3905.824,5335.138,14548.015,0.079047,0.632988,82.735,102.31,0.42266,1.5743,0.916235,A,0.0,0.028101
9477.824,0.64982,197.729,1.9243,26,0.8229,21.395,1.91881,9.17509,2772.219,6705.605,5334.542,0.088141,0.882034,83.451,104.718,0.2925,0.56284,0.960327,A,0.0,-0.038164
10798.003,0.30537,149.635,3.8512,17,0.705,11.986,2.00073,6.59882,5367.108,5430.895,20669.759,0.062469,0.545416,81.297,100.17,0.49705,1.91422,0.89832,A,0.0,0.011279
9392.046,0.61896,187.252,3.3435,27,0.8722,23.55,1.93455,11.96206,3165.36,6226.687,10583.363,0.027399,0.919683,82.291,104.508,0.33703,1.12684,0.985081,A,-0.001,-0.005087
10416.824,0.67602,210.409,3.7517,26,0.8836,22.974,1.90101,11.65209,2563.009,7853.815,9615.675,0.047118,0.88125,83.319,105.238,0.24605,0.92309,0.982851,A,0.0,0.043034
9735.2,0.43274,161.939,1.6202,24,0.7517,18.042,1.97716,7.60457,4225.545,5509.655,6846.218,0.069072,0.711643,81.895,101.921,0.43405,0.70324,0.930718,A,0.0,0.036191
8732.993,0.61998,144.671,1.8686,25,0.8759,21.898,2.01088,9.96491,2787.25,5945.743,5208.31,0.057127,0.883835,81.01,102.125,0.31916,0.59639,0.970591,A,0.0,-0.001995
9520.261,0.47171,168.127,1.0413,27,0.6506,17.567,1.96607,6.0581,3779.872,5740.388,3935.93,0.140508,0.689798,83.081,102.089,0.39703,0.41343,0.881736,A,0.001,-0.0081
8574.401,0.64278,179.386,2.8263,26,0.7991,20.777,1.94704,10.22598,2193.945,6380.456,6200.7,0.067093,0.84073,82.534,103.627,0.25587,0.72316,0.973292,A,0.0,0.01435
10009.772,0.55161,183.749,1.5253,23,0.74,17.021,1.94004,6.81301,3519.628,6490.145,5368.518,0.144573,0.772345,83.714,103.377,0.35162,0.53633,0.907843,A,-0.001,0.016114
8314.201,0.32231,181.298,3.3206,21,0.7916,16.624,1.94395,8.49277,4577.305,3736.895,15199.476,0.028446,0.682255,82.093,102.669,0.55054,1.82813,0.951411,A,0.001,0.028808
8360.658,0.45027,230.0,3.541,22,0.7407,16.294,1.87579,7.99256,2776.458,5584.2,9831.332,0.0786,0.635057,84.326,104.371,0.33209,1.1759,0.94203,A,0.0,0.038579
12185.443,0.3077,152.969,3.0691,25,0.8491,21.229,1.99413,11.05136,6321.58,5863.863,19401.404,0.013209,0.625172,80.789,100.878,0.51878,1.59218,0.977729,A,0.0,0.036101
9920.224,0.59973,155.127,1.0774,24,0.7951,19.081,1.98994,6.80951,2888.514,7031.709,3112.015,0.189537,0.768227,83.207,101.938,0.29117,0.3137,0.907978,A,0.001,0.026952
9919.147,0.64834,184.461,2.9919,27,0.6716,18.132,1.93891,8.99837,2398.591,7520.556,7176.332,0.114679,0.818542,83.345,103.714,0.24181,0.72348,0.957227,A,0.0,0.020799
10767.305,0.69844,159.172,1.314,17,0.8134,13.828,1.98227,5.37294,2167.29,8600.014,2847.738,0.541379,0.738025,88.018,101.952,0.20128,0.26448,0.84398,A,0.001,-0.034121
9368.714,0.51054,160.989,1.4284,24,0.829,19.895,1.9789,7.98743,3532.266,5836.448,5045.629,0.08114,0.770413,82.016,102.26,0.37703,0.53856,0.940078,A,0.0,0.019769
9657.197,0.45652,172.242,3.5903,19,0.7963,15.13,1.95895,7.95699,3990.336,5666.861,14326.659,0.067503,0.730442,82.275,102.559,0.4132,1.48352,0.938903,A,0.0,0.030641
10637.723,0.50982,202.42,2.0363,18,0.8793,15.828,1.91208,6.88051,4104.194,6533.529,8357.306,0.121175,0.753964,84.041,104.07,0.38582,0.78563,0.9083,A,-0.0,-0.047427
10423.624,0.4774,157.78,1.2013,17,0.6979,11.864,1.98489,4.43882,3925.05,6498.574,4715.314,0.271534,0.601738,84.399,100.98,0.37655,0.45237,0.785824,A,0.0,0.014649
8261.055,0.41726,142.086,3.0959,25,0.7606,19.015,2.01633,10.07914,3653.718,4607.337,11311.463,0.026265,0.72732,80.487,100.944,0.44228,1.36925,0.97216,A,0.0,0.034559
11250.014,0.6641,177.603,1.1203,24,0.8043,19.304,1.94996,6.81155,2842.837,8407.177,3184.935,0.251332,0.803679,84.901,103.298,0.2527,0.28311,0.904366,A,0.0,-0.033216
9114.348,0.45767,179.478,2.884,23,0.822,18.905,1.94689,9.35233,3690.207,5424.14,10642.523,0.041682,0.740685,82.202,102.971,0.40488,1.16767,0.963126,A,0.001,-0.030695
8415.882,0.65826,201.176,3.5825,21,0.8365,17.567,1.91385,8.91488,2194.504,6221.377,7861.882,0.106152,0.853015,83.802,104.672,0.26076,0.93417,0.95795,A,0.001,-0.040405
8649.287,0.5266,169.823,3.1615,18,0.8761,15.77,1.96311,8.08125,3350.816,5298.471,10593.543,0.077085,0.810879,82.309,102.972,0.38741,1.22479,0.94329,A,0.0,-0.001983
9414.182,0.63877,168.055,2.0671,26,0.7254,18.86,1.96619,8.59365,2631.188,6782.994,5439.042,0.11092,0.843523,82.688,103.1,0.27949,0.57775,0.951467,A,0.0,0.034215
12440.95,0.56624,164.009,2.5816,21,0.8437,17.719,1.97339,8.6815,3994.242,8446.708,10311.547,0.090677,0.791127,82.262,102.551,0.32106,0.82884,0.948587,A,0.0,-0.041114
8236.696,0.4877,168.72,3.5516,16,0.6949,11.119,1.96503,5.86067,3231.022,5005.674,11475.221,0.151398,0.704769,83.248,102.217,0.39227,1.39318,0.878225,A,0.0,0.022511
10240.114,0.58652,152.126,1.2205,25,0.6893,17.232,1.99578,6.54523,3626.977,6613.137,4426.769,0.16876,0.815648,82.807,102.09,0.35419,0.4323,0.898089,A,0.0,-0.048943
7000.0,0.59019,169.287,3.18,26,0.7848,20.404,1.96404,10.47785,1705.307,5294.693,5422.911,0.05632,0.762133,82.014,102.624,0.24362,0.7747,0.976753,A,0.0,0.02685
9997.65,0.64775,145.026,2.4773,21,0.6963,14.621,2.01014,7.27295,2348.04,7649.61,5816.773,0.216301,0.780183,83.127,101.461,0.23486,0.58181,0.921574,A,0.0,-0.001291
11349.35,0.48432,182.288,2.3793,21,0.8509,17.87,1.94236,8.35304,4541.82,6807.53,10806.44,0.067674,0.762298,82.647,103.243,0.40018,0.95216,0.944083,A,0.0,-0.012439
9645.005,0.51185,168.384,2.6554,19,0.7841,14.898,1.96562,7.3138,3542.187,6102.818,9405.817,0.106611,0.747056,82.644,102.48,0.36726,0.9752,0.923505,A,-0.0,0.012907
9055.968,0.6057,176.026,2.4329,23,0.7255,16.686,1.95257,7.91296,2180.818,6875.149,5305.649,0.153214,0.749224,83.548,102.864,0.24082,0.58587,0.939084,A,0.001,0.041334
10347.267,0.50591,156.708,1.0271,21,0.685,14.386,1.98692,5.00466,4134.847,6212.42,4247.0,0.221929,0.694915,83.7,101.538,0.39961,0.41045,0.824702,A,0.0,0.039544
11050.228,0.54814,169.582,1.5316,26,0.8896,23.13,1.96353,9.44185,3419.818,7630.409,5237.761,0.067072,0.763753,82.168,102.649,0.30948,0.474,0.962131,A,0.001,-0.049822
10995.486,0.39418,158.493,3.9421,23,0.6875,15.813,1.98355,8.6389,4848.209,6147.277,19112.357,0.044768,0.669757,81.435,101.466,0.44093,1.7382,0.949923,A,0.0,-0.025751
12958.711,0.69044,206.248,1.3661,16,0.8179,13.086,1.90671,4.8761,2847.812,10110.899,3890.268,0.620765,0.710064,90.759,103.939,0.21976,0.3002,0.802416,A,0.0,0.005019
10313.751,0.55439,181.21,3.3432,16,0.7923,12.676,1.94409,6.48683,3245.424,7068.327,10850.016,0.183658,0.72461,84.139,102.945,0.31467,1.052,0.895756,A,0.0,0.011908
9111.385,0.56022,165.125,2.6884,24,0.7909,18.982,1.97139,9.39054,2885.005,6226.38,7755.979,0.064368,0.789972,81.959,102.6,0.31664,0.85124,0.963619,A,0.0,0.012242
9811.031,0.59808,180.684,2.2185,18,0.6638,11.949,1.94494,5.47891,3362.403,6448.628,7459.543,0.255,0.77696,85.062,103.266,0.34272,0.76032,0.853877,A,0.0,0.042645
9891.252,0.61509,183.382,3.5188,27,0.6599,17.818,1.94062,9.19909,2557.391,7333.861,8999.013,0.094772,0.796526,83.044,103.519,0.25855,0.9098,0.960163,A,0.0,0.030166
10163.106,0.33836,172.832,2.6641,24,0.7477,17.945,1.95794,8.76635,5133.467,5029.639,13675.907,0.031304,0.651754,81.819,102.068,0.50511,1.34564,0.953269,A,0.0,0.003158
9954.958,0.44802,145.137,3.8111,17,0.7286,12.387,2.00991,6.8497,4175.67,5779.288,15913.872,0.097018,0.701634,81.557,100.949,0.41946,1.59859,0.909168,A,0.0,-0.039825
10260.949,0.53946,206.862,1.2412,22,0.6887,15.15,1.90586,5.41131,3398.459,6862.49,4218.187,0.247009,0.684283,85.845,103.794,0.3312,0.41109,0.848347,A,0.0,0.036344
7493.725,0.69768,168.94,2.4985,20,0.7027,14.054,1.96464,6.77783,1787.983,5705.742,4467.335,0.252227,0.837266,84.587,103.102,0.2386,0.59614,0.913741,A,0.0,0.020688
11244.443,0.50659,162.063,1.201,21,0.7041,14.786,1.97693,5.49869,4453.17,6791.274,5348.091,0.193653,0.711787,83.544,101.929,0.39603,0.47562,0.848609,A,-0.001,0.012103
9137.891,0.30101,161.184,2.5482,22,0.8736,19.218,1.97854,9.41792,4425.736,4712.155,11277.476,0.022413,0.562669,81.249,100.899,0.48433,1.23414,0.963936,A,0.0,0.019007
8240.262,0.68808,185.856,2.7871,24,0.7443,17.864,1.93672,8.69026,2039.614,6200.648,5684.684,0.125757,0.873047,83.54,104.137,0.24752,0.68987,0.954762,A,0.0,0.006605
10956.627,0.52007,163.319,3.7091,16,0.8825,14.12,1.97464,7.56679,4035.761,6920.865,14968.993,0.102785,0.763408,82.395,102.333,0.36834,1.3662,0.927203,A,0.001,-0.046398
11975.989,0.32601,180.939,2.924,27,0.7835,21.153,1.94453,10.48231,5824.082,6151.907,17029.56,0.018112,0.617493,81.944,102.225,0.48631,1.42198,0.972981,A,-0.0,0.046892
10739.542,0.43796,175.284,2.6652,19,0.7868,14.949,1.95381,7.2809,4373.589,6365.953,11656.356,0.085979,0.679777,82.633,102.371,0.40724,1.08537,0.920051,A,-0.0,0.024573
10241.739,0.68353,180.156,2.7931,22,0.8497,18.693,1.94579,9.16308,2966.859,7274.88,8286.877,0.096195,0.923055,82.946,104.206,0.28968,0.80913,0.959232,A,0.0,0.024499
8601.67,0.43249,190.539,1.5023,21,0.8462,17.77,1.92951,7.01221,3347.08,5254.59,5028.277,0.091496,0.649697,83.251,102.872,0.38912,0.58457,0.917679,A,0.0,0.000467
13000.0,0.52224,158.681,1.9467,23,0.7329,16.857,1.98319,7.62531,5201.543,7798.457,10126.023,0.098635,0.804775,82.153,102.367,0.40012,0.77892,0.924429,A,0.0,0.062574
11320.388,0.43079,136.431,1.0536,21,0.665,13.966,2.02865,5.06837,4822.528,6497.859,5080.912,0.178367,0.61813,82.235,99.89,0.426,0.44883,0.823614,A,0.001,0.008511
8291.058,0.54503,160.645,2.5534,22,0.6527,14.36,1.97954,7.04633,2822.723,5468.335,7207.547,0.128957,0.75981,82.633,102.173,0.34045,0.86932,0.919447,A,0.0,-0.030165
8830.543,0.49458,173.606,2.2613,24,0.8329,19.989,1.95663,9.30326,2877.104,5953.439,6505.92,0.056446,0.706315,82.18,102.466,0.32581,0.73675,0.962815,A,0.0,0.005677
10130.469,0.43162,179.236,2.1834,22,0.7988,17.574,1.94729,8.03301,4210.478,5919.991,9193.293,0.062669,0.694029,82.47,102.651,0.41563,0.90749,0.939653,A,-0.0,0.00115
7667.903,0.33808,178.908,2.8471,17,0.7252,12.328,1.94782,6.08288,3785.44,3882.464,10777.607,0.075763,0.593834,82.631,101.975,0.49367,1.40555,0.889367,A,-0.001,0.029229
10252.946,0.41319,149.8,2.2611,19,0.6775,12.872,2.0004,6.18794,4196.338,6056.608,9488.332,0.116634,0.618661,82.019,100.662,0.40928,0.92543,0.884469,A,0.0,-0.00809
9311.393,0.54828,161.277,3.1042,16,0.877,14.031,1.97837,7.2407,2891.946,6419.447,8977.258,0.137137,0.733501,82.767,102.031,0.31058,0.96412,0.922317,A,0.0,-0.013039
11839.406,0.50578,163.743,1.9089,27,0.6943,18.747,1.97387,8.36527,4645.682,7193.724,8867.97,0.072782,0.785407,82.016,102.5,0.39239,0.74902,0.943535,A,0.0,0.011554
11443.232,0.47752,137.806,1.1842,24,0.8412,20.189,2.0256,7.72634,4422.801,7020.431,5237.666,0.086262,0.724001,81.083,100.671,0.3865,0.45771,0.93018,A,0.0,0.05342
7000.0,0.52877,135.616,2.7672,17,0.7337,12.472,2.03047,6.48874,2331.34,4668.66,6451.394,0.149105,0.71836,81.81,100.503,0.33305,0.92163,0.906085,A,0.0,-0.003048
10062.554,0.45,196.333,2.6401,18,0.7924,14.262,1.92086,6.75249,4074.939,5987.615,10758.339,0.104765,0.684959,83.623,103.357,0.40496,1.06915,0.905721,A,0.0,-0.032467
7573.799,0.50769,145.197,3.3822,18,0.857,15.425,2.00979,8.31034,3273.524,4300.274,11071.62,0.059413,0.848939,81.063,101.925,0.43222,1.46183,0.94942,A,0.001,-0.018176
11664.457,0.52912,167.374,3.3233,23,0.7149,16.442,1.96739,8.55258,3572.125,8092.332,11871.144,0.090914,0.722548,82.397,102.268,0.30624,1.01772,0.947381,A,0.0,0.043014
10252.159,0.58597,155.725,1.8974,17,0.7795,13.251,1.98879,5.96594,3092.014,7160.145,5866.67,0.242596,0.734257,83.932,101.746,0.3016,0.57224,0.875138,A,0.0,-0.039206
10822.608,0.6855,167.642,3.2799,21,0.7155,15.025,1.96692,7.78911,2493.682,8328.926,8178.935,0.199581,0.830988,83.842,102.997,0.23041,0.75573,0.932916,A,0.0,-0.031322
8402.313,0.39001,166.264,2.905,22,0.7248,15.945,1.96935,8.03864,3532.665,4869.647,10262.304,0.052984,0.634508,81.853,101.631,0.42044,1.22137,0.942882,A,0.001,-0.018608
12742.645,0.69038,154.85,1.2073,16,0.8036,12.857,1.99048,4.84071,3217.771,9524.874,3884.756,0.543662,0.739947,87.87,101.737,0.25252,0.30486,0.801145,A,0.0,-0.014504
13000.0,0.69407,142.46,3.6432,24,0.869,20.857,2.01553,11.46983,2522.762,10477.238,9190.812,0.07038,0.84425,81.086,101.737,0.19406,0.70699,0.980322,A,0.0,-0.050171
8402.843,0.62277,164.506,2.8616,16,0.7641,12.226,1.9725,6.15429,2264.586,6138.258,6480.252,0.255254,0.758362,84.454,102.36,0.2695,0.7712,0.88954,A,-0.001,-0.027713
10559.223,0.58601,222.783,3.6961,26,0.7159,18.614,1.88478,9.28535,3142.031,7417.192,11613.406,0.077651,0.801353,84.101,105.197,0.29756,1.09984,0.96057,A,0.0,0.03936
8990.046,0.32734,182.251,2.629,17,0.7731,13.143,1.94242,6.32161,4146.966,4843.08,10902.292,0.075295,0.543158,82.746,101.795,0.46128,1.21271,0.893895,A,0.0,-0.001794
9964.645,0.61205,157.39,1.9345,22,0.8184,18.006,1.98562,8.14188,2877.005,7087.64,5565.596,0.122533,0.81075,82.416,102.339,0.28872,0.55853,0.942197,A,0.0,0.028789
8101.545,0.54451,185.017,1.21,21,0.7477,15.701,1.93804,5.68816,2889.283,5212.261,3495.936,0.196651,0.73733,84.447,103.203,0.35663,0.43151,0.8712,A,0.001,0.035474
12800.718,0.39987,195.347,1.5639,25,0.8763,21.907,1.92231,8.73266,5882.12,6918.598,9198.905,0.044388,0.7021,82.793,103.428,0.45951,0.71862,0.948991,A,0.0,-0.020092
8546.231,0.39687,152.098,1.0272,21,0.7163,15.042,1.99584,5.26704,3842.919,4703.312,3947.41,0.133594,0.611979,82.341,100.744,0.44966,0.46189,0.848634,A,0.0,0.023602
9555.874,0.43344,168.612,2.9268,27,0.7045,19.021,1.96522,9.57793,3919.302,5636.572,11470.855,0.0365,0.709448,81.727,102.243,0.41015,1.2004,0.965462,A,0.0,-0.011229
10752.224,0.42847,180.814,3.8348,25,0.6712,16.781,1.94473,8.85276,4586.617,6165.607,17588.687,0.046341,0.712734,82.312,102.848,0.42657,1.63582,0.953864,A,0.0,0.019259
9028.659,0.45974,164.852,3.0291,20,0.8996,17.992,1.97188,9.18435,3732.238,5296.421,11305.155,0.043378,0.753137,81.671,102.343,0.41338,1.25214,0.960996,A,0.0,0.008046
9641.031,0.5123,161.147,3.9117,20,0.7702,15.404,1.97861,8.37138,3702.97,5938.061,14484.865,0.070457,0.787839,81.881,102.383,0.38408,1.50242,0.947177,A,0.0,-0.036016
9154.54,0.61615,183.124,2.1856,19,0.8698,16.527,1.94103,7.52019,2854.782,6299.758,6239.438,0.138516,0.832592,83.612,103.746,0.31184,0.68157,0.929895,A,0.0,0.008725
9799.809,0.45915,166.815,1.2002,22,0.8383,18.442,1.96838,6.81261,3725.09,6074.719,4470.744,0.110632,0.672865,82.636,101.912,0.38012,0.45621,0.90841,A,-0.0,0.002346
8244.186,0.31127,163.461,3.0226,16,0.7878,12.605,1.97438,6.44306,4137.679,4106.507,12506.626,0.061611,0.562821,81.857,101.017,0.50189,1.51702,0.900658,A,0.0,0.012859
9343.018,0.57628,162.695,3.8573,16,0.7403,11.845,1.97578,6.40536,2799.194,6543.824,10797.321,0.200359,0.737084,83.658,102.128,0.2996,1.15566,0.895835,A,0.0,0.002733
9689.661,0.30066,177.045,3.0757,22,0.8922,19.629,1.95088,9.89928,4936.719,4752.942,15183.939,0.018288,0.593951,81.804,101.888,0.50948,1.56702,0.96901,A,0.0,-0.003895
9499.411,0.48855,187.267,2.0876,25,0.7262,18.155,1.93453,8.09986,3714.162,5785.249,7753.642,0.072272,0.755802,82.884,103.427,0.39099,0.81622,0.942161,A,0.0,0.004563
10085.035,0.56195,160.455,3.1367,25,0.6816,17.04,1.97989,8.82519,3524.306,6560.729,11054.708,0.073443,0.824363,81.893,102.589,0.34946,1.09615,0.954328,A,0.0,0.027572
9560.347,0.54601,194.968,2.2174,25,0.754,18.85,1.92287,8.4938,3043.932,6516.415,6749.726,0.086575,0.760623,83.337,103.798,0.31839,0.70601,0.949516,A,0.0,-0.018474
11129.817,0.62523,120.0,1.6769,22,0.7488,16.473,2.06808,7.49799,3299.587,7830.23,5533.029,0.158062,0.822091,81.151,100.19,0.29646,0.49714,0.925052,A,0.0,-0.005448
9515.206,0.67783,171.151,1.7156,25,0.8602,21.505,1.96081,9.14801,2611.728,6903.478,4480.574,0.09902,0.896804,82.649,103.604,0.27448,0.47089,0.959903,A,0.0,0.012092
9795.026,0.43318,183.341,2.7938,16,0.8208,13.133,1.94068,6.41242,3724.358,6070.668,10405.199,0.120014,0.6253,83.375,102.387,0.38023,1.06229,0.894655,A,0.0,0.045561
9002.828,0.59012,206.969,3.4956,19,0.7306,13.881,1.90572,6.96038,2457.518,6545.31,8590.499,0.1835,0.742794,85.01,104.185,0.27297,0.9542,0.915119,A,-0.0,-0.02269
9210.228,0.64595,198.653,1.843,17,0.7834,13.317,1.91747,5.62006,2627.091,6583.137,4841.68,0.309253,0.780312,86.4,104.086,0.28524,0.52569,0.863441,A,0.0,0.010205
8103.261,0.63737,134.141,2.2463,21,0.7264,15.254,2.03381,7.493,2143.677,5959.584,4815.34,0.165003,0.807288,81.95,101.0,0.26454,0.59425,0.931515,A,0.0,-0.038321
10778.177,0.61886,167.015,1.5984,25,0.8523,21.309,1.96802,8.87449,3464.513,7313.664,5537.68,0.08822,0.870227,82.348,103.225,0.32144,0.51379,0.954178,A,0.0,-0.0046
8286.223,0.50868,171.707,3.297,19,0.7722,14.673,1.95986,7.57522,2730.546,5555.677,9002.568,0.103317,0.707914,82.727,102.384,0.32953,1.08645,0.93307,A,0.0,-0.017433
8881.215,0.61368,143.017,2.1316,23,0.7907,18.187,2.01435,8.66927,2697.093,6184.123,5749.228,0.093958,0.84034,81.422,101.744,0.30369,0.64735,0.953504,A,-0.001,0.044635
10538.867,0.39449,143.474,3.1649,25,0.827,20.674,2.01339,10.99455,4688.953,5849.914,14840.248,0.019209,0.695299,80.456,100.813,0.44492,1.40814,0.978335,A,0.0,-0.03181
10603.86,0.50527,153.149,2.3803,17,0.8658,14.719,1.99378,7.1518,4114.498,6489.362,9793.658,0.108486,0.756851,82.054,101.757,0.38802,0.92359,0.916689,A,0.0,-0.033207
9399.828,0.51832,157.023,2.0241,18,0.7478,13.46,1.98632,6.18273,3408.214,5991.614,6898.541,0.161252,0.721428,82.912,101.73,0.36258,0.7339,0.887198,A,0.0,0.01942
7000.0,0.35995,178.064,1.4412,26,0.6607,17.177,1.9492,6.76834,3561.922,3438.078,5133.609,0.060241,0.670459,82.396,102.441,0.50885,0.73337,0.914841,A,0.0,-0.014081
10630.77,0.6456,172.557,2.2476,17,0.7472,12.702,1.95841,5.90862,2753.814,7876.956,6189.361,0.321077,0.75906,85.634,102.763,0.25904,0.58221,0.871171,A,0.0,-0.043447
10389.345,0.47737,137.229,1.8553,17,0.6819,11.593,2.02687,5.32193,4089.285,6300.06,7586.819,0.190499,0.663578,82.432,100.238,0.3936,0.73025,0.84293,A,-0.0,-0.024295
7881.428,0.45929,152.863,2.0492,27,0.7962,21.497,1.99434,9.97266,3446.924,4434.504,7063.375,0.029983,0.792993,81.006,101.98,0.43735,0.8962,0.97145,A,0.0,-0.018687
11155.483,0.53446,134.821,1.1059,21,0.8267,17.36,2.03226,6.46486,4104.517,7050.966,4539.071,0.15641,0.754537,81.869,100.693,0.36794,0.40689,0.892323,A,0.0,-0.042793
8948.35,0.5365,195.939,3.4152,24,0.8665,20.795,1.92143,10.50486,2976.881,5971.469,10166.587,0.039524,0.784257,82.749,103.996,0.33267,1.13614,0.975492,A,0.0,-0.034833
8310.718,0.43554,159.594,3.3551,20,0.7164,14.327,1.98149,7.54791,3280.589,5030.129,11006.635,0.074614,0.67093,81.873,101.531,0.39474,1.32439,0.932375,A,0.0,0.0078
10143.596,0.57746,162.803,2.281,22,0.7614,16.75,1.97558,7.92873,2890.404,7253.193,6592.946,0.12689,0.757006,82.692,102.265,0.28495,0.64996,0.937385,A,-0.001,0.046962
9732.294,0.4211,170.22,1.193,17,0.8486,14.425,1.96242,5.29055,4472.702,5259.592,5335.812,0.142677,0.657876,83.19,101.981,0.45957,0.54826,0.844289,A,0.0,-0.042046
10303.936,0.51651,159.114,2.0365,22,0.7075,15.566,1.98238,7.1437,3887.534,6416.402,7916.881,0.113367,0.760763,82.366,102.099,0.37729,0.76834,0.917191,A,0.0,0.006682
7591.378,0.30534,195.308,2.876,21,0.8494,17.837,1.92236,8.65005,3712.15,3879.228,10676.148,0.028059,0.570679,82.576,102.559,0.489,1.40635,0.955064,A,-0.0,-0.001814
12718.345,0.32801,178.204,1.4174,25,0.8954,22.384,1.94897,8.75808,5694.458,7023.887,8071.525,0.036953,0.563969,82.093,101.745,0.44774,0.63464,0.949558,A,0.0,0.062509
9096.012,0.33344,185.606,2.2504,24,0.7135,17.123,1.93711,7.83876,4684.685,4411.327,10542.441,0.040526,0.6445,82.407,102.617,0.51503,1.15902,0.937404,A,0.0,0.022445
7690.511,0.54749,164.534,3.1529,21,0.8873,18.633,1.97245,9.60896,2643.77,5046.741,8335.488,0.051326,0.807414,81.764,102.685,0.34377,1.08387,0.967773,A,0.0,-0.025609
10928.263,0.50613,181.165,1.8287,24,0.6626,15.902,1.94416,6.83448,4001.075,6927.188,7316.651,0.129929,0.723423,83.428,102.935,0.36612,0.66952,0.906013,A,0.0,-0.021046
9467.794,0.44417,155.587,3.265,21,0.8637,18.138,1.98906,9.54841,4028.161,5439.633,13151.806,0.036334,0.746184,81.204,101.817,0.42546,1.38911,0.965196,A,0.0,-0.016251
10487.288,0.44847,183.135,3.0219,17,0.7586,12.896,1.94101,6.4264,4155.876,6331.411,12558.626,0.121118,0.663347,83.383,102.629,0.39628,1.19751,0.892979,A,0.001,-0.039833
9490.587,0.6595,172.883,2.7531,23,0.6751,15.527,1.95786,7.65216,2274.898,7215.689,6263.023,0.186081,0.808749,83.864,103.107,0.2397,0.65992,0.932367,A,0.0,0.045569
9910.389,0.59061,188.587,3.3355,26,0.8676,22.557,1.93249,11.43322,2873.897,7036.493,9585.951,0.037142,0.816658,82.466,103.887,0.28999,0.96726,0.981763,A,-0.001,0.024265
10368.659,0.40858,157.528,3.242,23,0.6768,15.567,1.98536,8.15912,4764.705,5603.954,15447.021,0.051705,0.712016,81.487,101.695,0.45953,1.48978,0.941848,A,0.0,-0.037289
8880.021,0.44053,172.433,2.736,27,0.8275,22.342,1.95862,10.99913,3950.94,4929.081,10809.962,0.020368,0.777317,81.66,102.878,0.44492,1.21734,0.979429,A,0.0,-0.01555
11018.109,0.68118,121.063,1.1682,21,0.6773,14.222,2.06534,5.55781,2959.861,8058.249,3457.691,0.373561,0.794175,84.051,100.078,0.26864,0.31382,0.85268,A,-0.001,-0.033046
9295.15,0.4528,140.597,2.1132,27,0.8532,23.035,2.01952,10.98998,3936.69,5358.46,8319.099,0.022348,0.769035,80.368,101.133,0.42352,0.89499,0.979097,A,0.0,0.023486
8695.469,0.50286,170.496,3.5337,19,0.8913,16.934,1.96194,8.8952,3069.691,5625.779,10847.268,0.060843,0.74405,82.12,102.564,0.35302,1.24746,0.957287,A,-0.001,-0.026533
10115.549,0.59352,150.075,1.4079,20,0.7965,15.93,1.99985,6.45527,2804.151,7311.397,3947.893,0.22434,0.735114,83.453,101.446,0.27721,0.39028,0.895219,A,0.001,-0.012887
10667.562,0.39052,166.867,1.6528,18,0.8644,15.559,1.96829,6.5642,5215.88,5451.681,8620.978,0.081887,0.685802,82.258,102.0,0.48895,0.80815,0.897474,A,0.001,0.009814
9656.381,0.55969,207.019,2.6046,24,0.7044,16.905,1.90565,7.8765,3008.167,6648.214,7835.071,0.112904,0.76185,84.08,104.313,0.31152,0.81139,0.937158,A,0.0,0.003959
8706.22,0.39366,153.301,3.2645,16,0.859,13.745,1.99348,7.2587,4120.919,4585.302,13452.654,0.063011,0.69082,81.46,101.33,0.47333,1.54518,0.924236,A,-0.001,0.00901
10929.678,0.64409,188.454,1.6217,23,0.7055,16.227,1.93269,6.61396,2850.705,8078.974,4622.849,0.25073,0.78289,85.281,103.659,0.26082,0.42296,0.898468,A,-0.001,-0.008916
7359.507,0.46643,153.91,3.2713,20,0.7257,14.514,1.9923,7.66186,3283.98,4075.527,10742.841,0.065882,0.789183,81.524,102.011,0.44622,1.45972,0.936972,A,0.0,0.003055
8453.704,0.6907,168.572,3.1079,22,0.7743,17.035,1.96529,8.70771,2244.658,6209.045,6976.165,0.117749,0.897826,82.798,103.484,0.26552,0.82522,0.954734,A,0.001,0.025082
10059.284,0.32564,178.388,1.6369,19,0.8993,17.087,1.94867,7.07661,5751.985,4307.3,9415.189,0.047929,0.696507,82.245,102.628,0.57181,0.93597,0.91584,A,-0.001,-0.046248
7958.411,0.51364,163.441,1.8408,23,0.7562,17.394,1.97442,7.66721,2713.768,5244.642,4995.411,0.096609,0.729419,82.318,102.115,0.34099,0.62769,0.935863,A,0.001,0.04229
10041.991,0.48185,158.488,1.444,26,0.7804,20.289,1.98356,8.21032,3834.735,6207.256,5537.433,0.071376,0.735435,81.786,101.899,0.38187,0.55143,0.943434,A,0.0,-0.007998
9917.705,0.41653,188.104,1.1421,25,0.8464,21.159,1.93323,7.43662,4276.476,5641.23,4884.292,0.071369,0.678188,82.901,102.952,0.4312,0.49248,0.926118,A,-0.001,-0.000643
11348.11,0.34977,195.788,3.7241,27,0.8725,23.559,1.92166,12.13076,5224.428,6123.682,19456.266,0.011323,0.63851,82.372,103.027,0.46038,1.71449,0.985096,A,0.0,0.040043
8627.814,0.33214,143.591,2.5082,21,0.8157,17.13,2.01314,8.56918,4620.404,4007.41,11588.91,0.029631,0.680923,80.599,100.724,0.53552,1.3432,0.952225,A,0.0,-0.002688
9061.14,0.62699,158.677,1.0927,18,0.7019,12.635,1.9832,4.51708,2438.951,6622.189,2664.951,0.465823,0.686343,87.0,101.585,0.26917,0.29411,0.800022,A,0.0,0.031632
10499.773,0.37,177.718,2.716,26,0.8155,21.202,1.94977,10.34708,5507.326,4992.446,14957.998,0.019148,0.757032,81.84,102.996,0.52452,1.4246,0.972856,A,0.001,0.020351
7000.0,0.31287,199.163,1.8981,21,0.6868,14.422,1.91674,6.14565,3545.167,3454.833,6729.107,0.06542,0.566796,83.198,102.698,0.50645,0.9613,0.894103,A,0.0,-0.02035
13000.0,0.52358,211.771,3.3581,17,0.7783,13.232,1.89917,6.53958,4721.791,8278.209,15856.309,0.159298,0.731362,84.843,104.304,0.36321,1.21972,0.889493,A,0.0,0.000647
8952.024,0.389,165.977,2.9223,23,0.7802,17.946,1.96987,9.06461,4415.421,4536.603,12903.115,0.032002,0.73647,81.565,102.29,0.49323,1.44136,0.959423,A,-0.0,-0.036978
8905.247,0.44791,191.939,2.6265,23,0.6787,15.61,1.92739,7.41815,3888.608,5016.639,10213.403,0.073953,0.737779,83.068,103.515,0.43666,1.1469,0.927903,A,0.0,0.004052
11291.691,0.62405,195.724,2.5155,17,0.6691,11.375,1.92175,5.31672,3105.627,8186.064,7812.142,0.366595,0.721729,87.059,103.574,0.27504,0.69185,0.838432,A,0.0,-0.047346
9940.252,0.54056,157.962,2.7401,22,0.6626,14.577,1.98454,7.31972,2745.102,7195.151,7521.749,0.15076,0.689279,82.812,101.567,0.27616,0.7567,0.92298,A,-0.001,-0.015443
7330.857,0.35966,169.639,3.3998,24,0.7511,18.026,1.96343,9.39763,3394.528,3936.329,11540.629,0.026641,0.64685,81.636,101.88,0.46305,1.57425,0.965701,A,0.0,-0.032005
10940.391,0.35148,159.699,2.5832,16,0.7948,12.717,1.98129,6.26861,5577.251,5363.14,14406.942,0.079022,0.634815,81.936,101.299,0.50979,1.31686,0.885387,A,0.0,0.001381
11283.067,0.53871,184.087,3.0085,22,0.7273,16.001,1.9395,7.95511,3350.968,7932.098,10081.352,0.116362,0.71713,83.354,103.028,0.29699,0.89349,0.935849,A,0.001,0.030246
9325.081,0.63698,165.824,2.7881,18,0.7896,14.213,1.97014,7.09364,2294.39,7030.691,6397.088,0.211821,0.77572,83.933,102.541,0.24605,0.68601,0.91818,A,0.0,0.042489
9577.599,0.48916,181.098,1.1966,27,0.8086,21.833,1.94427,7.90806,3666.736,5910.864,4387.735,0.07922,0.743455,82.756,103.064,0.38284,0.45812,0.937997,A,-0.001,0.038106
10728.977,0.56972,154.635,3.6752,20,0.8866,17.733,1.99089,9.59859,3605.377,7123.6,13250.433,0.060208,0.827599,81.479,102.304,0.33604,1.23501,0.964488,A,0.0,-0.043998
8636.83,0.61672,147.932,2.7128,26,0.7147,18.581,2.00417,9.43885,2689.719,5947.11,7296.62,0.069802,0.864078,81.32,102.179,0.31142,0.84483,0.964752,A,0.001,-0.008883
10657.583,0.36447,173.76,1.4709,27,0.8741,23.6,1.95637,9.42811,5543.515,5114.068,8154.22,0.026358,0.730965,81.789,102.636,0.52015,0.76511,0.962383,A,0.0,0.048592
10298.948,0.56227,167.481,2.3656,17,0.7939,13.496,1.9672,6.41837,3164.009,7134.939,7484.867,0.195327,0.724986,83.78,102.289,0.30722,0.72676,0.893275,A,0.0,0.04222
8987.601,0.69071,202.076,2.0419,25,0.6848,17.12,1.91257,7.45203,1858.334,7129.267,3794.464,0.23861,0.808552,85.58,104.416,0.20677,0.42219,0.928571,A,0.0,0.02572
7911.847,0.5746,182.109,1.9819,25,0.695,17.376,1.94265,7.66896,2546.085,5365.763,5046.099,0.11428,0.793024,83.256,103.438,0.32181,0.63779,0.935997,A,-0.001,0.001855
9661.591,0.58255,197.862,1.0333,20,0.7867,15.734,1.91862,5.21019,3042.538,6619.054,3143.926,0.295628,0.714432,86.194,103.617,0.31491,0.3254,0.84019,A,-0.001,0.036426
8686.867,0.34391,186.8,3.5983,18,0.6994,12.589,1.93525,6.50433,4089.695,4597.171,14715.765,0.072024,0.585777,82.864,102.284,0.47079,1.69402,0.901402,A,0.001,0.0272
11502.115,0.53048,188.356,3.4537,25,0.7779,19.448,1.93284,9.93833,4030.851,7471.265,13921.493,0.048813,0.790345,82.612,103.703,0.35044,1.21034,0.967753,A,-0.001,0.007099
10216.128,0.35875,126.81,2.2663,19,0.8243,15.662,2.05102,7.80644,4796.733,5419.395,10870.993,0.050043,0.631993,80.075,99.384,0.46953,1.0641,0.934506,A,0.0,-0.026694
11173.127,0.58426,153.97,2.4746,18,0.8045,14.48,1.99218,7.10794,3100.15,8072.977,7671.601,0.181129,0.739064,83.048,101.684,0.27746,0.68661,0.913981,A,0.0,0.037438
10201.933,0.49131,153.833,3.7286,18,0.8768,15.783,1.99244,8.57939,3533.683,6668.25,13175.739,0.07085,0.714122,81.586,101.512,0.34637,1.29149,0.950051,A,0.0,0.006235
10394.352,0.32292,167.907,1.2658,25,0.808,20.201,1.96645,7.63152,5258.016,5136.335,6655.435,0.044685,0.607745,81.808,101.537,0.50585,0.64029,0.930001,A,0.001,0.007788
8825.502,0.38761,174.381,2.8205,22,0.7869,17.313,1.95532,8.57049,4018.935,4806.566,11335.46,0.040899,0.677516,82.004,102.313,0.45538,1.2844,0.951951,A,0.001,-0.042962
11002.071,0.45606,185.684,2.9275,25,0.8427,21.068,1.93699,10.38214,4621.992,6380.079,13530.969,0.02954,0.765053,82.264,103.416,0.4201,1.22986,0.972789,A,0.0,-0.027723
12677.047,0.35795,173.54,3.0488,22,0.7279,16.013,1.95674,8.09415,5849.095,6827.953,17832.462,0.049314,0.622348,82.083,101.908,0.46139,1.40667,0.936436,A,-0.001,-0.056191
9535.469,0.43304,123.944,3.6334,27,0.7548,20.38,2.05807,11.53496,3734.427,5801.041,13568.822,0.01924,0.699421,79.523,99.643,0.39164,1.42298,0.9826,A,0.001,0.019223
9110.838,0.6997,202.932,1.7987,17,0.85,14.451,1.91135,6.01653,2429.366,6681.472,4369.759,0.310962,0.84105,86.563,104.667,0.26665,0.47962,0.881498,A,0.0,-0.039187
9763.245,0.38792,169.448,3.902,16,0.7638,12.221,1.96376,6.5652,4513.88,5249.365,17613.376,0.083706,0.649502,82.382,101.888,0.46233,1.80405,0.900236,A,0.0,0.046095
9278.08,0.52954,176.193,1.3307,16,0.7908,12.653,1.95229,4.83307,3143.934,6134.146,4183.543,0.281663,0.656579,85.249,102.261,0.33886,0.45091,0.819761,A,0.0,0.033154
8947.781,0.30177,162.965,1.9953,16,0.7423,11.877,1.97528,5.38556,4387.361,4560.42,8753.933,0.090497,0.505025,82.218,100.61,0.49033,0.97834,0.852956,A,0.0,0.002753
10207.29,0.6791,189.106,3.2005,20,0.7416,14.832,1.93169,7.4404,2330.578,7876.713,7458.973,0.221367,0.814541,84.916,103.897,0.22832,0.73075,0.925573,A,-0.001,-0.048105
9563.624,0.63728,183.976,1.3473,20,0.7588,15.177,1.93968,5.77131,3023.467,6540.157,4073.384,0.263915,0.809877,85.298,103.635,0.31614,0.42592,0.869076,A,0.0,0.045279
12158.31,0.33077,145.892,1.5194,18,0.7109,12.796,2.00835,5.38114,5964.626,6193.684,9062.685,0.109173,0.544173,81.751,99.953,0.49058,0.74539,0.838081,A,-0.0,-0.007519
10000.302,0.36563,164.034,2.0535,26,0.7447,19.362,1.97335,8.85076,4149.696,5850.606,8521.291,0.039783,0.596747,81.591,101.27,0.41496,0.8521,0.95485,A,0.0,-0.008514
10485.868,0.53556,183.671,3.5906,26,0.8275,21.516,1.94016,11.15391,3799.564,6686.304,13642.662,0.030237,0.822721,82.202,103.706,0.36235,1.30105,0.979542,A,0.0,-0.038664
11428.033,0.36329,184.084,1.2923,20,0.8351,16.703,1.93951,6.23772,5417.563,6010.47,7001.123,0.09005,0.609575,83.006,102.318,0.47406,0.61263,0.882492,A,0.0,0.00631
9548.866,0.42745,195.647,3.3896,23,0.7322,16.841,1.92186,8.49592,4180.838,5368.028,14171.32,0.049233,0.722028,82.867,103.572,0.43784,1.48408,0.949572,A,0.0,-0.038946
12155.105,0.61474,165.239,1.0342,25,0.7519,18.797,1.97118,6.48541,3762.714,8392.391,3891.277,0.218452,0.79242,83.997,102.622,0.30956,0.32014,0.889997,A,0.0,-0.041627
9050.959,0.57626,176.638,2.303,16,0.8767,14.027,1.95156,6.53921,3262.42,5788.539,7513.41,0.157487,0.812273,83.627,103.31,0.36045,0.83012,0.901491,A,0.0,0.042956
8787.508,0.55576,168.982,3.8416,20,0.6695,13.391,1.96457,7.17489,3060.6,5726.908,11757.559,0.12481,0.786073,82.907,102.767,0.34829,1.33799,0.921783,A,0.0,-0.015792
9450.599,0.3168,174.42,2.6609,16,0.6602,10.563,1.95526,5.14794,4515.361,4935.239,12014.936,0.107604,0.508193,82.886,101.197,0.47779,1.27134,0.837715,A,-0.001,0.024945
9827.924,0.38498,162.206,3.3546,26,0.6532,16.984,1.97667,8.9154,4653.322,5174.602,15609.827,0.035704,0.699066,81.465,101.852,0.47348,1.58831,0.956088,A,0.0,0.023651
7898.023,0.34785,191.459,3.65,19,0.8404,15.968,1.92811,8.22934,3650.37,4247.653,13324.002,0.039573,0.612781,82.598,102.669,0.46219,1.687,0.947419,A,0.0,-0.009844
9947.358,0.52542,150.829,1.9552,17,0.8998,15.296,1.99835,7.00638,3364.05,6583.308,6577.416,0.133559,0.725659,82.287,101.425,0.33819,0.66122,0.914035,A,0.0,0.004986
7498.77,0.59861,174.408,2.7984,17,0.7961,13.534,1.95528,6.68605,2313.473,5185.297,6473.962,0.172861,0.788567,83.747,103.047,0.30851,0.86334,0.910911,A,0.0,-0.024646
12088.208,0.49264,150.692,2.6713,26,0.7198,18.716,1.99862,9.42968,5083.233,7004.975,13578.811,0.045899,0.816821,81.124,102.019,0.42051,1.12331,0.960821,A,0.0,0.008793
9878.505,0.6224,182.467,3.5292,25,0.7889,19.723,1.94208,10.20065,2742.704,7135.801,9679.508,0.062873,0.837454,82.59,103.748,0.27764,0.97986,0.971953,A,-0.0,0.034393
9037.063,0.33025,173.742,2.0365,24,0.871,20.904,1.9564,9.40884,4401.957,4635.106,8964.409,0.024452,0.62066,81.763,101.907,0.4871,0.99196,0.963934,A,0.0,0.028513
8637.493,0.35955,222.198,1.6846,23,0.876,20.147,1.88553,8.01782,3705.566,4931.927,6242.401,0.048578,0.593199,83.7,103.801,0.42901,0.72271,0.942038,A,0.0,-0.012541
9423.354,0.32525,160.116,3.3166,18,0.7311,13.16,1.98052,6.90957,5147.866,4275.488,17073.281,0.052112,0.654112,81.598,101.448,0.54629,1.81181,0.912472,A,0.0,0.032289
9665.381,0.46276,212.718,1.3593,18,0.8775,15.796,1.8979,5.83122,4197.415,5467.965,5705.666,0.137041,0.712802,84.578,104.219,0.43427,0.59032,0.871396,A,0.001,-0.042625
8433.234,0.37934,163.849,1.0694,24,0.7078,16.988,1.97368,5.96878,4147.336,4285.898,4435.116,0.091006,0.658351,82.26,101.667,0.49178,0.52591,0.882017,A,0.0,0.005291
8620.307,0.67004,186.551,2.2048,16,0.7195,11.512,1.93564,5.23073,2288.721,6331.587,5046.187,0.38778,0.772071,87.024,103.502,0.2655,0.58538,0.846342,A,-0.001,-0.004434
9719.237,0.3621,183.866,3.9351,19,0.6734,12.795,1.93985,6.76034,4651.406,5067.831,18303.702,0.070406,0.629821,82.739,102.441,0.47858,1.88324,0.906946,A,-0.0,0.022439
9218.824,0.62122,147.766,3.1866,21,0.8575,18.008,2.00451,9.53138,2922.324,6296.501,9312.35,0.068092,0.877936,81.291,102.261,0.317,1.01015,0.965254,A,-0.001,0.006058
11408.82,0.32731,173.926,2.5898,24,0.696,16.704,1.95609,8.08547,5819.701,5589.118,15071.612,0.039469,0.627017,81.968,101.958,0.51011,1.32105,0.938488,A,0.001,0.051094
11706.806,0.39513,191.905,3.4221,17,0.7314,12.433,1.92744,6.3136,5030.873,6675.932,17216.075,0.106057,0.612974,83.49,102.69,0.42974,1.4706,0.884654,A,0.001,-0.021785
10024.032,0.43659,147.447,1.4368,26,0.8191,21.296,2.00516,8.73564,4398.674,5625.358,6319.813,0.046801,0.741373,80.996,101.342,0.43881,0.63047,0.95296,A,0.0,0.041252
10710.399,0.66439,197.342,3.9785,19,0.7851,14.917,1.91938,7.77207,2768.083,7942.316,11012.717,0.172914,0.835681,84.557,104.395,0.25845,1.02823,0.932736,A,0.0,-0.000889
7997.217,0.68415,141.418,3.5688,27,0.877,23.68,2.01775,12.98447,1741.062,6256.156,6213.556,0.031382,0.86581,80.524,101.819,0.21771,0.77696,0.990014,A,-0.001,0.015577
10956.127,0.56213,180.036,1.7301,25,0.8426,21.064,1.94599,8.88715,3648.813,7307.313,6312.858,0.077401,0.804168,82.694,103.416,0.33304,0.57619,0.954143,A,0.001,0.038615
9954.125,0.45436,154.127,2.2138,18,0.7593,13.668,1.99187,6.48765,4121.07,5833.055,9123.178,0.113149,0.695423,82.157,101.404,0.41401,0.91652,0.8969,A,0.0,0.020678
10727.002,0.64718,154.713,1.4562,24,0.8468,20.323,1.99074,8.29545,3082.441,7644.561,4488.548,0.126195,0.857247,82.354,102.504,0.28735,0.41843,0.943968,A,0.0,0.035529
12400.534,0.51904,185.858,3.9174,19,0.8134,15.454,1.93672,8.13785,4344.897,8055.637,17020.806,0.092021,0.749357,83.095,103.321,0.35038,1.37259,0.937881,A,0.0,0.003425
7000.0,0.33499,188.667,2.2257,24,0.7891,18.939,1.93237,8.60816,3534.875,3465.125,7867.44,0.029671,0.646455,82.37,102.768,0.50498,1.12392,0.955273,A,0.0,-0.000658
10391.422,0.44167,183.273,1.6441,21,0.813,17.072,1.94079,7.03916,4910.351,5481.071,8073.221,0.080494,0.765246,82.851,103.308,0.47254,0.77691,0.913881,A,0.0,-0.042097
8351.321,0.35349,163.803,3.2453,19,0.7956,15.116,1.97376,7.85684,3875.267,4476.054,12576.381,0.046296,0.619459,81.668,101.408,0.46403,1.50592,0.939228,A,0.0,-0.032836
10888.295,0.62219,179.931,3.6861,23,0.8059,18.536,1.94616,9.70868,3154.421,7733.874,11627.51,0.073728,0.845888,82.642,103.686,0.28971,1.06789,0.96567,A,0.0,0.027904
8030.03,0.39018,167.084,1.9243,21,0.8484,17.817,1.9679,7.93685,3666.574,4363.456,7055.414,0.049985,0.676049,81.846,101.946,0.45661,0.87863,0.941505,A,-0.0,-0.026661
9256.901,0.43796,189.163,2.8183,19,0.8458,16.071,1.9316,7.80945,4338.081,4918.82,12226.221,0.059395,0.771829,82.78,103.617,0.46863,1.32077,0.936445,A,0.0,0.004119
10304.101,0.55795,133.586,3.3272,27,0.6932,18.716,2.03507,10.22482,2957.071,7347.029,9838.665,0.054762,0.760474,80.468,100.657,0.28698,0.95483,0.971833,A,0.001,0.013499
10920.264,0.52409,174.535,3.6273,20,0.7217,14.433,1.95507,7.58526,3691.297,7228.967,13389.268,0.112022,0.734499,82.948,102.696,0.33802,1.22609,0.927749,A,0.0,0.025655
10112.191,0.60878,194.302,3.0302,26,0.8296,21.57,1.92385,10.61204,3078.903,7033.288,9329.821,0.048899,0.853867,82.818,104.384,0.30447,0.92263,0.975543,A,0.0,0.051834
8810.754,0.60115,162.574,3.2103,27,0.7601,20.523,1.976,10.65797,2828.677,5982.077,9080.838,0.04331,0.86493,81.58,102.965,0.32105,1.03065,0.97687,A,0.0,-0.003093
9169.702,0.67127,160.661,3.583,18,0.7307,13.152,1.97951,7.02131,2581.087,6588.614,9247.931,0.199173,0.856209,83.561,102.81,0.28148,1.00853,0.916481,A,0.001,0.032416
11326.754,0.51241,150.151,3.2153,18,0.8824,15.884,1.9997,8.39606,3934.407,7392.348,12650.28,0.081202,0.741908,81.567,101.495,0.34736,1.11685,0.944954,A,-0.001,0.01818
9991.751,0.45205,171.561,2.2252,20,0.7113,14.227,1.96011,6.60602,4596.486,5395.264,10228.109,0.097311,0.754273,82.642,102.683,0.46003,1.02366,0.900972,A,0.001,-0.019573
7474.278,0.32173,163.318,3.2284,26,0.8847,23.002,1.97464,11.949,3615.973,3858.305,11673.81,0.009383,0.614454,81.162,101.35,0.48379,1.56186,0.985891,A,0.0,0.019846
11265.494,0.35369,185.732,1.4295,18,0.8608,15.494,1.93692,6.02693,5213.082,6052.412,7452.267,0.096238,0.575436,83.146,102.167,0.46275,0.66151,0.874087,A,0.0,0.020236
10624.373,0.38176,147.268,1.514,18,0.8111,14.599,2.00552,6.1184,4676.198,5948.175,7079.72,0.103812,0.600273,81.74,100.4,0.44014,0.66637,0.880314,A,0.0,-0.013682
11310.123,0.34128,176.12,1.2614,19,0.8516,16.18,1.95242,6.03857,5411.286,5898.838,6825.785,0.089564,0.572183,82.711,101.7,0.47845,0.60351,0.874437,A,-0.001,0.047535
9495.059,0.30089,157.365,3.0778,25,0.7707,19.268,1.98567,9.97595,4933.735,4561.324,15185.204,0.017367,0.60757,81.027,100.997,0.51961,1.59927,0.970009,A,0.0,-0.039496
11242.235,0.4723,140.63,3.9341,17,0.7817,13.288,2.01944,7.44649,4371.131,6871.104,17196.496,0.092999,0.713599,81.302,100.769,0.38881,1.52963,0.92344,A,0.0,-0.016165
8408.403,0.34637,148.231,1.0,22,0.7337,16.141,2.00356,5.60853,4390.881,4017.521,4391.091,0.088702,0.627975,81.583,100.637,0.5222,0.52223,0.866267,A,0.001,0.035871
10855.0,0.42859,133.468,1.5311,23,0.7492,17.232,2.03534,7.40797,4557.456,6297.544,6978.089,0.078328,0.682076,80.774,100.132,0.41985,0.64285,0.92327,A,0.0,-0.035585
9264.43,0.42271,122.575,3.3488,23,0.8665,19.929,2.0615,11.10216,4641.421,4623.009,15542.996,0.016942,0.830094,79.422,100.415,0.50099,1.67771,0.979921,A,0.0,0.000218
11011.528,0.46546,154.789,1.5607,26,0.6527,16.969,1.99059,7.12004,3913.204,7098.324,6107.464,0.111663,0.660498,82.165,101.209,0.35537,0.55464,0.914746,A,0.0,0.036919
11508.466,0.5154,211.797,1.4276,20,0.789,15.78,1.89913,5.95205,4808.654,6699.812,6864.835,0.160556,0.770076,84.86,104.56,0.41784,0.5965,0.869836,A,0.0,0.040699
8896.015,0.42907,153.61,2.7489,25,0.844,21.1,1.99288,10.66897,3775.305,5120.71,10377.796,0.023357,0.728181,80.95,101.593,0.42438,1.16657,0.976898,A,0.0,0.029629
9923.156,0.39201,174.999,2.2075,21,0.8793,18.466,1.95429,8.51518,4764.359,5158.796,10517.531,0.041362,0.715844,82.033,102.595,0.48013,1.0599,0.94934,A,0.001,0.019803
10058.432,0.56496,160.607,1.4117,18,0.6503,11.705,1.97961,4.67881,2334.077,7724.355,3295.022,0.474238,0.592368,87.189,101.065,0.23205,0.32759,0.80521,A,0.0,0.043012
11784.497,0.34405,144.891,1.7022,22,0.7543,16.594,2.01042,7.29995,6302.278,5482.219,10727.827,0.052658,0.679027,80.961,100.786,0.53479,0.91033,0.918147,A,0.0,0.016117
11065.837,0.43805,175.884,1.1248,20,0.7371,14.742,1.95281,5.22316,4455.097,6610.74,5011.231,0.180461,0.611642,83.902,101.95,0.4026,0.45286,0.834143,A,0.0,0.012403
8171.084,0.36186,137.221,3.7766,22,0.8567,18.847,2.02689,10.52764,3975.543,4195.541,15014.206,0.017648,0.688024,80.15,100.399,0.48654,1.83748,0.976272,A,-0.0,-0.004828
10686.412,0.3102,190.851,1.8861,20,0.858,17.159,1.92903,7.3677,5726.294,4960.118,10800.406,0.044827,0.616559,82.646,102.667,0.53585,1.01067,0.922565,A,0.0,0.027027
11117.634,0.62917,150.002,3.9494,16,0.7983,12.773,2.0,7.06469,3275.04,7842.593,12934.556,0.186222,0.814142,82.947,101.964,0.29458,1.16343,0.91281,A,0.001,0.012935
13000.0,0.60018,203.471,3.3414,27,0.8674,23.42,1.91059,11.66975,3688.953,9311.047,12326.417,0.038807,0.822592,82.988,104.567,0.28377,0.94819,0.981652,A,0.0,-0.009973
7481.276,0.64304,187.242,3.2122,17,0.7626,12.964,1.93456,6.52376,2220.921,5260.356,7134.091,0.204139,0.828342,84.624,103.904,0.29686,0.95359,0.905758,A,-0.001,0.009317
9195.472,0.55797,174.818,1.0323,27,0.7853,21.202,1.95459,7.2176,2762.081,6433.391,2851.247,0.144957,0.73529,83.394,102.715,0.30037,0.31007,0.921964,A,0.0,0.006468
12000.057,0.63229,167.499,2.3119,24,0.7796,18.71,1.96717,8.83683,3375.754,8624.303,7804.502,0.108096,0.837474,82.629,103.033,0.28131,0.65037,0.951907,A,0.0,-0.018994
7967.395,0.47262,163.974,2.7782,20,0.7369,14.738,1.97346,7.36688,3224.755,4742.64,8959.027,0.083218,0.737392,82.162,102.195,0.40474,1.12446,0.928733,A,0.0,0.007768
8200.809,0.49426,165.853,1.951,20,0.7382,14.764,1.97009,6.61882,3514.974,4685.835,6857.646,0.107576,0.784327,82.558,102.599,0.42861,0.83622,0.906713,A,-0.0,-0.021895
10775.623,0.49382,176.271,1.9889,18,0.8651,15.573,1.95216,6.93176,4377.152,6398.471,8705.516,0.109941,0.756429,82.986,102.924,0.40621,0.80789,0.909564,A,0.0,0.000662
11527.613,0.32847,181.594,1.9406,26,0.7218,18.767,1.94347,8.22974,5663.832,5863.781,10991.34,0.039232,0.607851,82.246,102.192,0.49133,0.95348,0.941317,A,-0.0,-0.03356
8996.979,0.64073,174.188,1.2406,23,0.731,16.812,1.95565,6.24356,2690.449,6306.53,3337.775,0.23369,0.814384,84.542,103.207,0.29904,0.37099,0.890934,A,0.0,-0.0338
10810.191,0.64121,162.692,1.976,21,0.7111,14.933,1.97578,6.75181,2474.404,8335.787,4889.53,0.270081,0.751372,84.578,102.222,0.2289,0.45231,0.903587,A,0.0,0.036115
10175.433,0.69384,175.995,3.9458,16,0.686,10.976,1.95262,5.86002,2299.739,7875.694,9074.415,0.39689,0.780547,86.763,103.07,0.22601,0.8918,0.870718,A,0.0,0.029696
12278.124,0.64236,157.13,3.7786,18,0.899,16.181,1.98612,8.77974,3056.513,9221.61,11549.375,0.127599,0.812974,82.472,102.34,0.24894,0.94065,0.95055,A,0.001,0.038562
9997.722,0.67298,192.243,1.9116,27,0.8802,23.766,1.92693,10.23473,2818.101,7179.621,5387.186,0.066406,0.911069,82.979,104.672,0.28187,0.53884,0.972186,A,0.0,-0.001988
11485.371,0.69101,157.038,3.0091,22,0.8885,19.547,1.98629,10.06828,2790.357,8695.014,8396.391,0.087598,0.884657,81.94,102.808,0.24295,0.73105,0.969202,A,0.0,-0.028478
8645.323,0.45902,186.831,3.2723,22,0.7675,16.884,1.9352,8.53793,3303.446,5341.877,10809.905,0.058054,0.706974,82.681,103.085,0.38211,1.25038,0.951673,A,0.0,0.029759
9722.682,0.3286,158.647,1.3685,25,0.8703,21.758,1.98326,8.60843,4892.326,4830.355,6695.281,0.031827,0.629173,81.27,101.206,0.50319,0.68862,0.951262,A,0.001,0.036299
9854.943,0.52404,180.7,3.3685,25,0.8369,20.922,1.94491,10.73155,3735.484,6119.459,12582.792,0.032177,0.824287,82.121,103.579,0.37905,1.2768,0.976726,A,0.0,-0.00284
11708.662,0.61052,172.231,3.113,23,0.6503,14.957,1.95897,7.61214,3474.634,8234.028,10816.686,0.150639,0.80458,83.372,103.048,0.29676,0.92382,0.926778,A,0.0,0.022685
10869.42,0.68331,176.843,2.1223,23,0.7884,18.134,1.95122,8.23957,2921.861,7947.559,6201.039,0.14585,0.880903,83.481,103.772,0.26881,0.5705,0.942622,A,0.0,0.001388
8872.37,0.40711,191.375,1.9789,24,0.8056,19.334,1.92824,8.43337,3951.475,4920.896,7819.376,0.046148,0.696964,82.681,103.221,0.44537,0.88132,0.949516,A,-0.001,-0.009477
11022.952,0.43473,164.624,1.7325,25,0.7385,18.464,1.97229,7.95104,4551.065,6471.887,7884.67,0.067135,0.693221,81.976,101.936,0.41287,0.7153,0.936241,A,0.0,0.024196
11155.947,0.68392,155.39,1.6902,22,0.6805,14.971,1.98944,6.46997,3234.939,7921.008,5467.768,0.253512,0.859702,84.062,102.556,0.28997,0.49012,0.892514,A,0.0,-0.027003
9832.531,0.62313,169.271,3.4617,17,0.8929,15.18,1.96407,7.94995,2667.497,7165.034,9234.111,0.141427,0.802461,83.137,102.889,0.27129,0.93914,0.938426,A,0.0,0.028595
9613.507,0.36877,193.374,2.7953,27,0.8571,23.141,1.92524,11.16434,4389.006,5224.5,12268.576,0.01604,0.665097,82.352,103.098,0.45655,1.27618,0.980143,A,0.001,-0.025956
9709.295,0.68748,213.121,2.4089,26,0.6911,17.968,1.89736,8.13183,2575.605,7133.69,6204.303,0.149176,0.88183,84.751,105.351,0.26527,0.63901,0.942438,A,0.0,0.025822
7457.511,0.31229,161.265,2.7419,24,0.8862,21.27,1.97839,10.63365,3869.226,3588.286,10608.989,0.01345,0.634522,81.134,101.378,0.51884,1.42259,0.977654,A,-0.001,0.018611
10283.115,0.30321,131.046,2.6632,23,0.8724,20.066,2.04094,10.40753,5385.519,4897.596,14342.826,0.015288,0.619826,79.825,99.572,0.52372,1.39479,0.973594,A,0.0,-0.047854
10351.867,0.37517,153.001,3.1737,25,0.7617,19.042,1.99407,9.99334,5031.783,5320.084,15969.429,0.023608,0.707675,80.928,101.425,0.48607,1.54266,0.969413,A,0.0,0.029165
8701.707,0.37711,190.516,2.595,16,0.7558,12.093,1.92954,5.73743,4183.385,4518.322,10856.025,0.101202,0.632572,83.379,102.758,0.48075,1.24757,0.870985,A,0.0,-0.030186
11113.669,0.41684,183.713,3.2188,18,0.7376,13.276,1.94009,6.71317,4680.357,6433.312,15064.959,0.097589,0.649106,83.093,102.562,0.42114,1.35553,0.901406,A,0.0,-0.030992
7940.55,0.54121,200.857,1.4354,26,0.8907,23.158,1.9143,8.86314,2678.837,5261.713,3845.198,0.067663,0.7823,83.284,104.192,0.33736,0.48425,0.957823,A,0.0,0.008838
9172.281,0.66803,188.789,1.5927,23,0.8207,18.876,1.93218,7.63741,1918.662,7253.619,3055.871,0.215002,0.787858,84.821,103.706,0.20918,0.33316,0.932676,A,0.0,0.020951
9287.171,0.46988,208.542,1.695,23,0.7376,16.965,1.90355,6.86839,3632.964,5654.207,6157.905,0.10622,0.703543,84.04,103.99,0.39118,0.66305,0.911571,A,0.0,-0.015282
12981.265,0.38476,193.048,3.2002,27,0.8348,22.541,1.92572,11.2543,6177.592,6803.673,19769.685,0.017148,0.718553,82.356,103.437,0.47589,1.52294,0.978791,A,0.0,-0.061471
7601.224,0.48126,183.923,3.2751,22,0.7075,15.565,1.93976,7.90044,3193.338,4407.886,10458.459,0.066942,0.781424,82.696,103.445,0.42011,1.37589,0.941565,A,0.0,-0.03128
10843.945,0.35883,211.612,3.9123,23,0.8572,19.716,1.89938,10.07339,5173.091,5670.854,20238.784,0.022699,0.665459,83.035,103.862,0.47705,1.86637,0.969823,A,0.0,-0.01204
11413.185,0.65052,179.951,2.7597,27,0.7794,21.043,1.94612,10.28462,2908.168,8505.017,8025.793,0.072742,0.848077,82.629,103.701,0.25481,0.7032,0.971507,A,0.0,0.049847
10566.588,0.43272,176.247,1.4793,21,0.8487,17.822,1.95221,7.11329,5522.594,5043.994,8169.309,0.069835,0.830028,82.455,103.408,0.52265,0.77313,0.915651,A,0.0,0.047356
11772.712,0.53057,193.929,2.1658,17,0.8586,14.596,1.92441,6.5367,4142.663,7630.048,8971.993,0.161155,0.731139,84.287,103.558,0.35189,0.7621,0.893118,A,0.001,0.011285
8495.893,0.66679,146.023,1.2087,25,0.8929,22.321,2.00808,8.51626,1848.182,6647.711,2233.938,0.148561,0.81087,82.277,101.72,0.21754,0.26294,0.951533,A,0.0,-0.020691
7000.0,0.50037,159.965,1.2672,18,0.7591,13.665,1.9808,5.2203,2186.818,4813.182,2771.186,0.234486,0.621174,83.999,101.222,0.3124,0.39588,0.853601,A,0.0,-0.011721
11150.227,0.4874,159.982,3.8814,22,0.6932,15.251,1.98077,8.28839,4234.173,6916.053,16434.498,0.072992,0.741111,81.868,102.015,0.37974,1.47392,0.943131,A,0.001,-0.003071
8206.258,0.54754,178.281,1.0634,16,0.7272,11.635,1.94885,4.00111,2839.994,5366.264,3020.073,0.369013,0.642024,86.479,102.263,0.34608,0.36802,0.766763,A,0.0,-0.010479
9510.4,0.64765,175.883,2.4066,26,0.8885,23.1,1.95281,10.92183,2497.622,7012.778,6010.738,0.053142,0.85939,82.221,103.585,0.26262,0.63202,0.978451,A,0.0,-0.029354
8231.731,0.3405,140.304,2.1142,26,0.8327,21.649,2.02015,10.33489,4230.918,4000.813,8945.212,0.016849,0.682773,80.282,100.546,0.51398,1.08667,0.974567,A,0.0,-0.029426
11578.513,0.57257,196.361,2.5864,18,0.8164,14.695,1.92081,6.91776,3674.021,7904.492,9502.65,0.167846,0.760684,84.457,103.858,0.31731,0.82071,0.906981,A,0.0,0.018867
11297.725,0.43519,183.134,2.5265,20,0.7913,15.825,1.94101,7.5192,4669.082,6628.644,11796.244,0.078721,0.686288,82.823,102.781,0.41328,1.04413,0.925244,A,-0.001,-0.056695
8919.905,0.36069,121.226,1.1423,22,0.7986,17.569,2.06492,6.79256,4672.77,4247.134,5337.726,0.061819,0.689507,79.945,99.398,0.52386,0.59841,0.910215,A,0.001,0.025943
11355.238,0.6587,181.234,3.4131,21,0.8829,18.54,1.94405,9.53214,2751.774,8603.464,9391.957,0.100616,0.837203,83.044,103.689,0.24234,0.8271,0.962984,A,0.0,-0.023093
10181.916,0.66913,150.879,2.7699,22,0.7622,16.769,1.99825,8.52946,2546.045,7635.871,7052.252,0.135935,0.84691,82.32,102.228,0.25006,0.69263,0.9492,A,-0.0,0.033317
9790.917,0.35544,145.524,2.5512,27,0.6567,17.732,2.00911,8.88767,4595.614,5195.303,11724.304,0.033539,0.640177,80.736,100.566,0.46938,1.19747,0.955709,A,0.0,0.037752
10086.125,0.49151,150.369,2.813,19,0.7111,13.511,1.99926,6.9053,3447.853,6638.272,9698.881,0.128588,0.680008,82.202,101.099,0.34184,0.96161,0.910568,A,0.0,0.000711
9695.876,0.69793,210.236,2.9892,16,0.8462,13.539,1.90124,6.51821,2358.36,7337.516,7049.586,0.290418,0.828915,86.525,104.886,0.24323,0.72707,0.898788,A,0.0,-0.044533
10922.508,0.58291,155.933,3.3028,23,0.6531,15.021,1.9884,7.92474,3577.952,7344.556,11817.113,0.114172,0.811258,82.246,102.265,0.32758,1.0819,0.935839,A,0.0,0.007391
10465.521,0.46208,185.479,1.3743,26,0.836,21.736,1.93731,8.3201,4400.075,6065.446,6046.882,0.060584,0.753336,82.667,103.33,0.42044,0.57779,0.944876,A,0.0,0.014972
9475.799,0.36867,176.096,3.1953,22,0.8997,19.792,1.95246,10.08632,4498.357,4977.442,14373.807,0.022396,0.681623,81.823,102.422,0.47472,1.5169,0.971162,A,0.0,-0.041334
11509.384,0.69435,219.433,2.2525,17,0.7919,13.463,1.88907,5.93048,2359.505,9149.879,5314.829,0.444213,0.758852,88.839,104.787,0.20501,0.46178,0.868846,A,-0.0,0.014007
9082.787,0.54387,177.426,1.397,23,0.7022,16.151,1.95025,6.28745,3212.801,5869.986,4488.133,0.165578,0.750923,83.763,102.942,0.35372,0.49414,0.892311,A,0.0,-0.021295
10430.4,0.45519,159.107,1.8014,26,0.6768,17.597,1.9824,7.74322,4348.778,6081.623,7833.728,0.07357,0.728069,81.84,101.883,0.41693,0.75105,0.932613,A,-0.001,0.033003
10633.233,0.40001,189.956,1.686,17,0.6539,11.116,1.93039,4.58939,5036.623,5596.61,8491.848,0.172653,0.604627,84.302,102.549,0.47367,0.79861,0.795557,A,0.0,-0.050053
12218.211,0.67619,202.727,2.1073,19,0.8948,17.002,1.91164,7.47127,3234.543,8983.668,6816.154,0.199336,0.847876,85.083,104.703,0.26473,0.55787,0.921959,A,0.0,0.034743
9241.838,0.56086,174.09,3.2614,18,0.825,14.85,1.95581,7.62397,2795.885,6445.953,9118.466,0.12567,0.749613,83.112,102.775,0.30252,0.98665,0.932214,A,0.0,0.048227
12614.624,0.30344,191.118,2.6351,26,0.8331,21.661,1.92863,10.3133,6577.536,6037.087,17332.269,0.016983,0.615532,82.288,102.672,0.52142,1.37398,0.970816,A,0.001,0.054977
10264.247,0.55454,152.142,3.3355,26,0.6929,18.015,1.99575,9.57728,3777.225,6487.022,12598.867,0.05318,0.846476,81.282,102.294,0.368,1.22745,0.96471,A,0.0,-0.045729
9709.035,0.60903,144.85,1.722,17,0.7085,12.045,2.01051,5.32161,2824.535,6884.499,4863.724,0.322227,0.726704,84.517,101.098,0.29092,0.50095,0.846081,A,0.001,-0.040815
8991.291,0.50072,192.054,3.3399,24,0.8696,20.871,1.92722,10.53798,3637.181,5354.11,12147.857,0.030026,0.820476,82.492,104.066,0.40452,1.35107,0.975742,A,0.0,-0.009524
10879.44,0.35091,170.202,1.1393,16,0.8646,13.833,1.96245,4.96675,4813.284,6066.156,5483.57,0.143121,0.515775,83.195,101.043,0.44242,0.50403,0.819554,A,0.0,0.05066
10073.403,0.44931,182.013,2.2055,16,0.8129,13.006,1.9428,5.94307,4234.117,5839.285,9338.246,0.133829,0.67807,83.51,102.675,0.42033,0.92702,0.874804,A,0.001,-0.010922
8344.586,0.49175,159.508,2.7822,23,0.6738,15.498,1.98165,7.79703,3166.45,5178.136,8809.615,0.080406,0.743296,81.946,102.005,0.37946,1.05573,0.937955,A,0.0,-0.039189
8308.169,0.51629,152.006,3.4107,18,0.8514,15.325,1.99602,8.19048,3140.171,5167.998,10710.204,0.073764,0.785174,81.548,101.882,0.37796,1.28912,0.945999,A,0.0,0.015338
9166.721,0.3395,161.666,1.7839,23,0.8426,19.379,1.97766,8.46799,4715.075,4451.647,8411.336,0.033221,0.663904,81.411,101.592,0.51437,0.91759,0.949668,A,-0.001,-0.003977
8985.991,0.43631,160.994,2.0311,17,0.7884,13.404,1.97889,6.13031,3557.154,5428.837,7225.048,0.12503,0.640268,82.595,101.402,0.39586,0.80403,0.886562,A,0.0,0.01616
11635.454,0.49206,164.169,1.1701,26,0.6556,17.045,1.9731,6.24598,4117.215,7518.238,4817.496,0.163906,0.671772,83.235,101.772,0.35385,0.41404,0.882132,A,0.001,-0.036524
12063.307,0.3932,161.776,2.3447,20,0.757,15.14,1.97745,7.23639,5334.386,6728.921,12507.275,0.075011,0.645444,81.967,101.476,0.4422,1.0368,0.915641,A,0.0,0.012998
11302.839,0.3211,155.627,2.0366,25,0.7838,19.596,1.98898,9.03725,5248.461,6054.379,10688.8,0.030392,0.573114,81.127,100.677,0.46435,0.94567,0.95605,A,-0.001,-0.01899
10536.803,0.33301,179.453,1.6319,24,0.8491,20.379,1.94693,8.41887,5304.849,5231.954,8657.129,0.035297,0.634876,82.117,102.271,0.50346,0.82161,0.946637,A,0.0,-0.026516
9357.643,0.50368,151.641,3.7199,24,0.7233,17.359,1.99674,9.46044,3225.315,6132.327,11997.705,0.052274,0.7411,81.248,101.571,0.34467,1.28213,0.964229,A,0.001,-0.01003
10081.725,0.30622,120.0,2.7339,17,0.7707,13.102,2.06808,6.97039,5462.587,4619.137,14934.267,0.049399,0.609943,79.716,98.79,0.54183,1.48132,0.912594,A,0.001,-0.030785
11327.061,0.35246,171.78,2.3722,25,0.8246,20.616,1.95974,9.75752,5415.275,5911.785,12846.094,0.025199,0.652234,81.699,102.02,0.47808,1.13411,0.965819,A,0.001,0.009228
13000.0,0.41877,195.731,2.1915,26,0.7979,20.744,1.92174,9.30484,5087.289,7912.711,11148.832,0.044925,0.659121,82.813,103.161,0.39133,0.8576,0.958018,A,0.0,0.029555
11369.349,0.45279,188.756,2.952,22,0.7169,15.772,1.93223,7.75992,4171.308,7198.041,12313.825,0.084979,0.665939,83.104,102.9,0.36689,1.08307,0.931142,A,0.0,-0.002274
9579.382,0.47534,185.1,2.7935,25,0.7785,19.462,1.93791,9.4819,3853.988,5725.394,10766.013,0.042231,0.766878,82.411,103.402,0.40232,1.12387,0.964256,A,0.0,0.026973
10057.038,0.46401,160.326,3.0398,22,0.8227,18.1,1.98013,9.3042,3848.322,6208.716,11698.017,0.046795,0.722614,81.536,101.911,0.38265,1.16317,0.96141,A,0.0,-0.021129
9276.183,0.32867,148.927,1.2562,27,0.6793,18.34,2.00216,7.089,4962.636,4313.546,6234.018,0.050272,0.64895,81.106,100.814,0.53499,0.67205,0.918169,A,0.001,0.045753
8826.402,0.66121,139.192,3.1001,26,0.7471,19.426,2.02256,10.34567,2197.769,6628.633,6813.25,0.068549,0.857705,80.913,101.636,0.249,0.77192,0.974186,A,0.0,0.038732
9723.637,0.64036,169.159,3.8557,16,0.7509,12.015,1.96426,6.44099,2213.824,7509.813,8535.815,0.292716,0.742849,85.13,102.49,0.22767,0.87784,0.895928,A,0.0,-0.050594
10293.422,0.4599,166.944,2.6518,16,0.74,11.84,1.96815,5.82167,3964.186,6329.236,10512.143,0.157025,0.649606,83.253,101.765,0.38512,1.02125,0.868509,A,0.0,-0.04121
12753.852,0.65702,189.024,2.9396,26,0.7541,19.606,1.93182,9.63308,3599.825,9154.027,10582.016,0.086527,0.881362,83.133,104.334,0.28225,0.82971,0.962828,A,0.0,0.042238
10078.049,0.64898,199.308,3.1037,21,0.7752,16.28,1.91653,8.00957,2220.599,7857.449,6891.986,0.178927,0.781827,84.701,104.123,0.22034,0.68386,0.939251,A,0.001,-0.038657
12036.037,0.65275,144.428,3.8715,21,0.7408,15.558,2.01139,8.64031,3145.392,8890.645,12177.285,0.12881,0.838111,81.945,101.81,0.26133,1.01174,0.94843,A,0.0,0.017837
12651.234,0.40035,162.963,3.4889,20,0.819,16.379,1.97529,8.66569,5259.802,7391.432,18350.922,0.050077,0.649614,81.685,101.564,0.41575,1.45052,0.947997,A,0.0,-0.05128
10118.212,0.50273,154.909,1.4626,25,0.7019,17.548,1.99036,7.17375,3779.188,6339.024,5527.454,0.109684,0.737053,82.144,101.721,0.3735,0.54629,0.91851,A,0.0,0.015606
12411.698,0.68827,177.417,1.3369,17,0.7083,12.041,1.95027,4.60146,2710.789,9700.909,3624.15,0.675144,0.69194,90.488,102.552,0.21841,0.29199,0.78576,A,0.0,-0.02052
11072.403,0.5086,179.017,3.0377,23,0.8441,19.415,1.94764,9.73689,3534.495,7537.908,10736.835,0.054451,0.721552,82.354,102.823,0.31922,0.96969,0.965824,A,0.0,-0.025215
9373.697,0.6321,166.594,3.3512,26,0.7188,18.689,1.96877,9.75077,2508.383,6865.314,8406.076,0.07637,0.835151,82.175,102.972,0.2676,0.89677,0.967669,A,0.0,-0.025188
10397.77,0.51612,184.125,2.3745,22,0.7942,17.473,1.93944,8.14407,4172.194,6225.576,9906.811,0.075258,0.811571,82.813,103.653,0.40126,0.95278,0.94149,A,0.0,0.009136
10034.317,0.65472,155.451,2.6593,22,0.7601,16.721,1.98932,8.35798,2364.86,7669.456,6288.884,0.149192,0.810596,82.688,102.235,0.23568,0.62674,0.946296,A,0.001,0.019477
9651.491,0.50483,198.911,2.6209,20,0.8067,16.134,1.9171,7.60019,3115.372,6536.12,8165.055,0.108246,0.693854,83.755,103.526,0.32279,0.84599,0.930788,A,-0.001,0.022638
9701.828,0.60943,188.819,1.4848,21,0.8784,18.447,1.93213,7.26014,2735.953,6965.875,4062.302,0.168734,0.782519,84.211,103.672,0.282,0.41872,0.921921,A,0.0,0.007205
10216.314,0.34598,194.712,3.3546,19,0.8099,15.389,1.92325,7.75319,5142.407,5073.906,17250.605,0.045865,0.650156,82.791,103.058,0.50335,1.68854,0.933273,A,0.001,-0.046609
10651.272,0.53872,193.957,2.6117,24,0.6645,15.949,1.92437,7.54953,4195.238,6456.033,10956.885,0.09928,0.824277,83.471,104.174,0.39387,1.02869,0.927414,A,0.001,-0.00949
8672.677,0.31157,170.521,1.2937,27,0.6901,18.632,1.9619,7.08204,4504.738,4167.939,5827.82,0.048295,0.596117,81.956,101.589,0.51942,0.67197,0.919488,A,0.0,0.010358
9985.919,0.54203,124.926,1.9651,23,0.7082,16.288,2.05563,7.77859,3496.11,6489.809,6870.164,0.101689,0.779243,80.661,100.234,0.3501,0.68799,0.934318,A,0.0,0.013511
7716.467,0.55008,215.064,3.0012,17,0.8215,13.966,1.89478,6.69487,2143.045,5573.423,6431.742,0.177155,0.693476,85.181,104.185,0.27772,0.83351,0.910558,A,-0.001,-0.012058
10391.193,0.67103,144.119,2.5458,19,0.7025,13.348,2.01204,6.70013,2513.789,7877.404,6399.682,0.26897,0.79933,83.782,101.536,0.24192,0.61588,0.903032,A,-0.0,0.023072
10935.399,0.36532,159.199,2.2965,25,0.6911,17.276,1.98222,8.23493,5550.913,5384.486,12747.754,0.041441,0.699213,81.42,101.698,0.50761,1.16573,0.942418,A,0.0,-0.018032
10245.932,0.67318,201.141,2.1978,19,0.7485,14.222,1.9139,6.34499,2714.31,7531.622,5965.389,0.277816,0.815665,86.067,104.424,0.26492,0.58222,0.890671,A,0.0,-0.002702
10428.78,0.65606,173.418,1.6394,27,0.7506,20.266,1.95695,8.45137,2768.593,7660.187,4538.933,0.129967,0.846197,83.143,103.38,0.26548,0.43523,0.947408,A,0.0,0.052422
10884.915,0.52545,173.295,1.263,26,0.8902,23.146,1.95716,8.6741,4155.515,6729.399,5248.285,0.067861,0.808022,82.319,103.122,0.38177,0.48216,0.950695,A,0.001,-0.021255
9002.349,0.32953,194.283,3.7158,23,0.6735,15.491,1.92388,7.98699,4871.459,4130.89,18101.166,0.036087,0.675576,82.648,103.207,0.54113,2.01072,0.940741,A,0.0,0.017582
9641.427,0.67262,131.878,2.7451,17,0.8564,14.559,2.039,7.60316,2616.14,7025.287,7181.528,0.171337,0.859298,81.925,101.204,0.27134,0.74486,0.930881,A,0.0,-0.040019
10766.383,0.52204,186.014,2.6465,17,0.7628,12.967,1.93647,6.21964,3502.425,7263.958,9269.148,0.186155,0.683997,84.343,102.896,0.32531,0.86093,0.883998,A,0.0,-0.036825
11502.829,0.40393,136.041,3.031,25,0.8418,21.045,2.02952,11.20033,4649.752,6853.076,14093.24,0.020718,0.663942,80.135,100.169,0.40423,1.2252,0.979267,A,0.001,-0.04083
10592.382,0.52338,162.614,3.5428,22,0.669,14.717,1.97592,7.81669,3896.177,6696.205,13803.414,0.093899,0.773272,82.249,102.363,0.36783,1.30315,0.934008,A,0.0,0.005934
13000.0,0.48517,198.915,2.7815,20,0.738,14.76,1.91709,7.06586,4815.163,8184.837,13393.338,0.120398,0.699765,83.916,103.565,0.3704,1.03026,0.908083,A,0.0,0.011542
9862.959,0.33861,178.223,3.9452,24,0.8596,20.631,1.94894,10.98274,5222.651,4640.308,20604.577,0.013634,0.704365,81.786,102.672,0.52952,2.08909,0.978679,A,0.0,0.020379
11499.491,0.49865,177.016,2.6342,23,0.8426,19.38,1.95093,9.38782,4348.301,7151.19,11454.482,0.051557,0.770502,82.242,103.052,0.37813,0.99609,0.960904,A,0.0,0.029635
11900.092,0.31973,145.806,1.5481,24,0.8056,19.334,2.00853,8.19211,6283.624,5616.468,9727.597,0.036389,0.636721,80.786,100.559,0.52803,0.81744,0.939903,A,0.0,0.0385
9799.345,0.33416,174.49,1.159,27,0.8352,22.549,1.95514,8.1158,4585.201,5214.144,5314.055,0.041452,0.591566,82.015,101.751,0.46791,0.54229,0.941957,A,-0.0,-0.026936
8769.231,0.61167,155.905,3.869,17,0.7711,13.109,1.98845,7.15995,2445.474,6323.756,9461.434,0.172362,0.781553,83.013,102.068,0.27887,1.07894,0.921417,A,0.001,0.018263
8226.096,0.47655,156.786,2.9286,26,0.8972,23.328,1.98677,11.93844,3436.558,4789.538,10064.142,0.016548,0.806608,80.992,102.28,0.41776,1.22344,0.985493,A,0.0,-0.00178
10243.415,0.68696,193.228,2.9813,27,0.6619,17.872,1.92545,8.76791,2117.647,8125.769,6313.383,0.155573,0.825446,84.189,104.15,0.20673,0.61634,0.953182,A,-0.001,-0.015846
11665.438,0.60403,168.073,3.2411,24,0.8769,21.045,1.96616,10.87358,3246.259,8419.179,10521.57,0.050691,0.817382,81.893,102.928,0.27828,0.90194,0.976646,A,0.0,0.033031
10407.503,0.37188,178.532,1.9444,21,0.7605,15.971,1.94844,7.03497,5212.4,5195.103,10134.851,0.064069,0.680708,82.463,102.53,0.50083,0.9738,0.913714,A,0.0,0.040787
10259.284,0.53236,161.505,3.2299,22,0.8943,19.675,1.97795,10.24723,3165.009,7094.275,10222.794,0.048162,0.748382,81.601,102.141,0.3085,0.99644,0.97209,A,0.0,-0.028446
9431.179,0.63289,189.322,1.8228,17,0.6754,11.482,1.93136,4.88017,2845.245,6585.934,5186.375,0.373678,0.744873,86.934,103.446,0.30168,0.54992,0.821875,A,0.0,0.009
10841.545,0.39793,137.359,2.7276,24,0.7468,17.924,2.02659,9.26398,4429.846,6411.699,12082.669,0.039011,0.645906,80.438,100.129,0.4086,1.11448,0.959943,A,0.0,0.008425
7000.0,0.49242,145.05,1.7418,23,0.7495,17.239,2.01009,7.64591,2566.802,4433.198,4470.774,0.084116,0.728825,81.383,101.124,0.36669,0.63868,0.937362,A,0.0,0.005351
10348.56,0.68401,165.114,2.2896,26,0.7364,19.146,1.97141,9.0447,2319.014,8029.546,5309.575,0.130117,0.843975,82.826,102.956,0.22409,0.51307,0.957372,A,-0.0,0.039296
10042.189,0.45801,137.575,3.6772,20,0.7439,14.877,2.02611,8.2592,4506.966,5535.224,16573.046,0.056747,0.784723,80.683,101.058,0.4488,1.65034,0.944393,A,-0.001,0.048601
7944.49,0.4564,174.019,3.6982,18,0.8427,15.169,1.95593,8.01053,3333.314,4611.175,12327.231,0.06184,0.741625,82.267,102.718,0.41958,1.55167,0.94315,A,0.001,-0.029561
13000.0,0.42361,178.804,3.2346,19,0.7565,14.373,1.94799,7.32069,5594.069,7405.931,18094.393,0.082764,0.681071,82.72,102.546,0.43031,1.39188,0.915926,A,0.0,-0.022359
7918.88,0.61382,165.818,3.9047,16,0.7482,11.971,1.97015,6.46259,2354.697,5564.183,9194.333,0.201576,0.788277,83.797,102.624,0.29735,1.16106,0.902351,A,0.0,-0.000964
8383.719,0.5071,176.141,3.1098,20,0.8448,16.895,1.95238,8.55346,2550.105,5833.615,7930.371,0.079476,0.694031,82.579,102.506,0.30417,0.94593,0.952328,A,-0.001,0.002108
8198.705,0.44857,171.153,2.5546,17,0.8096,13.763,1.96081,6.6604,3020.014,5178.692,7714.875,0.111954,0.644871,82.82,101.941,0.36835,0.94099,0.908067,A,-0.001,0.002166
11665.552,0.66943,217.575,1.7771,20,0.6987,13.975,1.89148,5.69963,2922.181,8743.371,5192.945,0.381693,0.76559,87.957,104.759,0.2505,0.44515,0.857172,A,0.0,0.057039
8667.873,0.6745,181.851,1.0505,22,0.7385,16.247,1.94306,5.52909,1760.386,6907.487,1849.35,0.460398,0.729059,87.815,103.004,0.20309,0.21336,0.861372,A,0.0,0.03658
11002.985,0.58191,138.154,3.7471,20,0.8767,17.533,2.02483,9.76382,3724.502,7278.483,13955.946,0.058082,0.849954,80.727,101.523,0.3385,1.26838,0.966213,A,0.0,0.044736
10881.265,0.37328,184.718,3.9683,22,0.7175,15.786,1.93851,8.34593,5362.177,5519.088,21278.652,0.041889,0.695252,82.393,102.912,0.49279,1.95553,0.9447,A,0.0,-0.014603
10389.506,0.54121,139.589,1.0585,22,0.8834,19.434,2.0217,7.03461,3248.968,7140.538,3439.053,0.149273,0.719546,81.997,100.747,0.31272,0.33101,0.913749,A,0.0,-0.024214
8038.632,0.40144,196.448,2.4975,17,0.7869,13.377,1.92069,6.23477,3236.397,4802.235,8082.88,0.105852,0.60065,83.642,102.806,0.40261,1.0055,0.893841,A,0.0,-0.013118
9081.84,0.59556,202.094,2.9396,16,0.7565,12.105,1.91254,5.85673,2627.27,6454.57,7723.197,0.257765,0.733057,85.833,103.919,0.28929,0.8504,0.874793,A,0.0,-0.005342
12509.672,0.54024,138.715,3.8608,21,0.6694,14.058,2.0236,7.87044,4578.612,7931.06,17677.07,0.100993,0.793815,81.319,101.186,0.36601,1.41307,0.931578,A,0.0,0.023046
8063.868,0.60282,167.885,1.3167,18,0.6838,12.308,1.96649,4.73041,2218.953,5844.916,2921.649,0.394059,0.682078,86.419,102.026,0.27517,0.36231,0.820123,A,-0.001,-0.026108
8752.518,0.53629,157.278,1.9319,16,0.7379,11.806,1.98584,5.33699,2979.682,5772.836,5756.35,0.234185,0.692223,83.885,101.551,0.34044,0.65768,0.851339,A,0.0,0.001195
9756.63,0.58041,160.186,3.6407,16,0.8436,13.498,1.98039,7.23549,3116.074,6640.557,11344.703,0.14336,0.785495,82.805,102.318,0.31938,1.16277,0.921114,A,-0.001,0.000929
11213.485,0.68737,154.167,1.3775,25,0.859,21.475,1.9918,8.57352,2936.714,8276.771,4045.445,0.13533,0.883235,82.451,102.646,0.26189,0.36077,0.948438,A,0.0,0.053845
10377.459,0.49689,181.503,1.7242,21,0.8127,17.067,1.94362,7.17848,4089.3,6288.158,7050.813,0.103382,0.752803,83.09,103.145,0.39406,0.67944,0.918014,A,0.001,-0.048617
11113.066,0.67101,175.151,3.9585,16,0.6502,10.403,1.95403,5.56346,2652.389,8460.678,10499.542,0.414502,0.751422,86.964,102.837,0.23867,0.94479,0.852564,A,-0.001,0.018287
8399.059,0.44455,154.754,3.8081,19,0.8988,17.078,1.99066,9.31216,3520.975,4878.084,13408.309,0.038782,0.737427,81.201,101.715,0.41921,1.59641,0.963428,A,0.0,0.020376
11417.165,0.38254,121.099,2.1977,25,0.7206,18.015,2.06525,8.97956,4731.7,6685.465,10399.047,0.041531,0.623887,79.67,98.956,0.41444,0.91083,0.955005,A,0.0,0.035364
10853.543,0.69865,166.932,1.701,18,0.6852,12.334,1.96817,5.25933,2586.015,8267.529,4398.865,0.477251,0.767904,87.48,102.545,0.23826,0.40529,0.837241,A,-0.001,-0.019017
7608.153,0.56691,154.734,3.1333,25,0.7648,19.12,1.9907,9.97927,2796.102,4812.051,8761.162,0.043554,0.87102,81.264,102.596,0.36751,1.15155,0.971765,A,0.0,-0.036071
12309.874,0.32966,210.62,2.336,24,0.7646,18.352,1.90072,8.25304,5788.864,6521.01,13522.917,0.04172,0.585277,83.255,103.293,0.47026,1.09854,0.940487,A,0.0,-0.035513
13000.0,0.6525,167.312,2.1864,27,0.7344,19.828,1.9675,9.20751,3194.425,9805.575,6984.376,0.115342,0.827493,82.717,102.957,0.24572,0.53726,0.956563,A,0.0,0.003958
8847.134,0.58804,179.327,2.7058,22,0.6781,14.917,1.94714,7.25785,2912.383,5934.751,7880.246,0.135975,0.809883,83.441,103.42,0.32919,0.89071,0.92388,A,0.0,0.003455
10083.479,0.30637,154.401,1.0003,24,0.8795,21.108,1.99134,7.2708,5605.885,4477.594,5607.38,0.043363,0.63566,81.247,101.025,0.55595,0.5561,0.921313,A,0.0,-0.039932
12096.134,0.49976,122.242,1.7432,17,0.8721,14.825,2.06234,6.81919,4762.083,7334.051,8301.084,0.124039,0.743719,80.819,99.823,0.39369,0.68626,0.902288,A,0.0,0.006839
7778.14,0.69994,165.54,2.4517,21,0.8037,16.878,1.97064,8.13241,1782.801,5995.339,4370.814,0.165473,0.858875,83.31,103.076,0.22921,0.56194,0.945814,A,0.0,-0.020902
7015.21,0.46313,133.82,2.7945,26,0.704,18.303,2.03454,9.57405,2926.878,4088.331,8179.203,0.035425,0.769333,80.224,100.73,0.41722,1.16592,0.968087,A,0.001,-0.018399
8054.584,0.67883,193.244,3.4964,20,0.7138,14.276,1.92543,7.27291,1820.961,6233.623,6366.802,0.22176,0.812349,85.063,104.064,0.22608,0.79046,0.926145,A,0.0,-0.000465
9149.4,0.47543,178.33,3.1251,25,0.8219,20.548,1.94877,10.3859,4003.401,5145.999,12510.949,0.027934,0.823562,81.979,103.464,0.43756,1.36741,0.974291,A,0.0,0.01901
9132.337,0.62102,205.236,3.9149,19,0.8199,15.578,1.90812,8.01715,2357.857,6774.479,9230.778,0.141608,0.787885,84.402,104.411,0.25819,1.01078,0.941127,A,0.001,-0.037877
10911.021,0.64574,160.65,3.5249,22,0.7327,16.119,1.97953,8.57455,2614.053,8296.968,9214.219,0.137709,0.805807,82.749,102.476,0.23958,0.84449,0.948908,A,0.0,-0.050817
10402.805,0.53446,165.91,2.1596,18,0.7523,13.541,1.96998,6.2753,3463.867,6938.937,7480.71,0.180658,0.711077,83.525,102.119,0.33297,0.71911,0.887448,A,0.001,-0.010629
8130.884,0.50541,205.259,3.9702,27,0.6964,18.802,1.90809,9.70388,2945.452,5185.432,11694.088,0.044112,0.767447,83.116,104.277,0.36225,1.43823,0.968383,A,0.0,-0.043928
10851.07,0.61145,179.781,2.0386,20,0.7684,15.368,1.9464,6.86652,3420.653,7430.417,6973.245,0.179862,0.810129,84.037,103.443,0.31524,0.64263,0.907271,A,0.0,0.044968
12811.122,0.43176,172.894,3.6072,25,0.8879,22.197,1.95784,11.67591,5240.379,7570.744,18903.265,0.019225,0.717319,81.662,102.504,0.40905,1.47554,0.981787,A,-0.001,-0.054767
11795.581,0.49213,173.925,2.7001,21,0.6586,13.831,1.95609,6.77205,4560.342,7235.24,12313.291,0.125376,0.723292,83.102,102.593,0.38661,1.04389,0.901505,A,-0.001,0.010629
11486.661,0.48194,159.834,1.367,21,0.6749,14.173,1.98104,5.59548,4680.929,6805.732,6398.937,0.174291,0.69354,83.199,101.693,0.40751,0.55708,0.852627,A,0.0,-0.009765
10030.267,0.64131,150.7,3.8922,24,0.8208,19.699,1.9986,10.85234,3014.133,7016.134,11731.459,0.047866,0.896258,81.15,102.544,0.3005,1.16961,0.977571,A,0.0,-0.030187
11475.447,0.66863,168.405,1.9212,19,0.6688,12.708,1.96558,5.64802,2890.763,8584.684,5553.721,0.383915,0.7645,86.305,102.596,0.25191,0.48397,0.855358,A,0.0,0.029932
8550.801,0.37076,158.256,1.9226,21,0.6768,14.213,1.98399,6.40585,3719.168,4831.632,7150.358,0.086625,0.589475,81.978,100.924,0.43495,0.83622,0.898378,A,0.001,-0.004222
11126.522,0.6417,146.183,2.0006,16,0.8909,14.255,2.00775,6.62459,3104.415,8022.107,6210.606,0.233986,0.799479,83.411,101.654,0.27901,0.55818,0.898263,A,0.0,-0.006563
9869.127,0.43952,156.455,1.907,20,0.7225,14.45,1.9874,6.51078,4407.202,5461.925,8404.628,0.1004,0.713163,82.085,101.645,0.44656,0.85161,0.897992,A,0.0,-0.047201
11696.359,0.4749,157.833,3.6924,16,0.8733,13.972,1.98479,7.5369,5365.444,6330.914,19811.374,0.0778,0.81145,81.844,102.367,0.45873,1.69381,0.924851,A,0.001,-0.050819
10699.016,0.32206,140.801,3.4865,24,0.6844,16.425,2.01908,8.96844,5519.402,5179.614,19243.642,0.027617,0.635816,80.446,100.265,0.51588,1.79864,0.955763,A,0.0,0.014313
8365.18,0.59274,167.527,1.3732,20,0.691,13.821,1.96712,5.41044,2593.471,5771.71,3561.27,0.273663,0.736116,84.815,102.365,0.31003,0.42573,0.856862,A,-0.001,-0.008339
10191.989,0.52371,185.209,1.9723,17,0.8011,13.618,1.93774,5.9779,3741.697,6450.292,7379.901,0.177058,0.724796,84.195,103.129,0.36712,0.72409,0.875882,A,-0.0,0.003331
11827.332,0.44245,150.488,3.1001,21,0.8962,18.82,1.99903,9.85634,4398.828,7428.505,13636.691,0.039847,0.680854,81.035,101.111,0.37192,1.15298,0.966505,A,-0.001,-0.004399
8306.149,0.47305,174.861,3.4102,26,0.7136,18.554,1.95452,9.61455,3425.43,4880.719,11681.357,0.037627,0.778639,81.979,103.003,0.4124,1.40635,0.967197,A,0.0,0.016968
9161.29,0.66371,159.556,2.9449,24,0.6589,15.813,1.98156,8.07314,2424.964,6736.326,7141.221,0.144884,0.850479,82.799,102.714,0.2647,0.7795,0.942218,A,0.0,-0.002498
8846.99,0.37845,153.465,2.7049,26,0.8465,22.009,1.99316,11.08275,4223.877,4623.114,11425.225,0.01582,0.709769,80.844,101.463,0.47744,1.29143,0.980043,A,-0.001,-0.021369
7756.531,0.47996,171.151,3.6017,26,0.6509,16.923,1.96082,8.91873,3054.087,4702.444,10999.97,0.050125,0.759125,82.004,102.695,0.39374,1.41816,0.958879,A,-0.0,-0.004294
11441.902,0.51061,137.324,2.9945,16,0.8035,12.857,2.02666,6.80828,4666.424,6775.478,13973.495,0.120536,0.779268,81.513,101.007,0.40784,1.22126,0.903725,A,0.0,-0.035693
11966.496,0.64226,176.604,1.1294,20,0.813,16.26,1.95161,5.76645,2691.837,9274.659,3040.26,0.401796,0.712053,86.85,102.646,0.22495,0.25406,0.859274,A,0.0,-0.016383
11200.065,0.67268,159.0,3.0007,19,0.8839,16.793,1.9826,8.62056,2526.519,8673.546,7581.202,0.151187,0.824583,82.86,102.515,0.22558,0.67689,0.9493,A,0.0,0.024315
10363.855,0.40346,159.308,1.4129,17,0.8921,15.166,1.98202,6.0754,4288.806,6075.049,6059.704,0.117549,0.605302,82.429,101.083,0.41382,0.5847,0.879431,A,0.0,0.016772
9921.953,0.33189,170.158,3.719,22,0.6587,14.491,1.96253,7.69998,4306.386,5615.567,16015.641,0.051528,0.546894,81.985,101.246,0.43403,1.61416,0.932615,A,-0.0,-0.022376
10359.07,0.37052,202.663,1.6878,16,0.702,11.233,1.91173,4.57068,5037.911,5321.159,8502.794,0.155519,0.574086,84.502,102.893,0.48633,0.82081,0.795875,A,0.0,-0.05115
8902.666,0.323,165.255,3.4342,17,0.7648,13.002,1.97115,6.83354,4449.438,4453.228,15280.196,0.057169,0.5886,81.869,101.278,0.49979,1.71636,0.911541,A,-0.0,0.021196
11340.768,0.44771,180.369,1.2906,23,0.6873,15.808,1.94545,5.92737,4554.479,6786.289,5878.138,0.145663,0.650423,83.607,102.416,0.4016,0.51832,0.869338,A,0.0,-0.002284
11568.238,0.3965,157.695,3.0338,27,0.8014,21.638,1.98505,11.158,5352.743,6215.496,16239.082,0.018065,0.722398,81.05,101.772,0.46271,1.40376,0.978918,A,-0.001,0.047185
11398.815,0.30006,147.625,1.6011,16,0.8995,14.392,2.00479,6.16199,5865.185,5533.63,9390.946,0.070308,0.543585,81.314,100.046,0.51454,0.82385,0.879438,A,0.0,-0.039262
9203.578,0.64248,164.364,2.771,27,0.6959,18.79,1.97275,9.38121,3314.597,5888.981,9184.598,0.065299,0.967339,81.941,103.732,0.36014,0.99794,0.963396,A,0.0,0.033932
10117.607,0.65084,184.259,3.265,21,0.6782,14.243,1.93923,7.22125,2355.293,7762.314,7689.981,0.224072,0.780338,84.782,103.453,0.23279,0.76006,0.919855,A,0.0,-0.040455
9751.329,0.35949,177.124,3.3975,20,0.6582,13.164,1.95075,6.79587,4500.237,5251.092,15289.713,0.071658,0.606159,82.512,101.972,0.4615,1.56796,0.908007,A,0.0,0.030604
12682.862,0.40263,164.931,2.9123,20,0.8766,17.532,1.97173,8.86014,5636.639,7046.223,16415.609,0.044051,0.68948,81.683,101.927,0.44443,1.29431,0.951376,A,-0.0,-0.028692
10269.544,0.69232,197.481,3.0199,20,0.6558,13.115,1.91918,6.42301,2442.394,7827.15,7375.7,0.309901,0.811649,86.369,104.242,0.23783,0.71821,0.893541,A,0.0,0.011889
7176.894,0.61118,169.943,3.2504,20,0.8034,16.067,1.9629,8.28678,2203.232,4973.662,7161.409,0.100229,0.837514,82.619,103.153,0.30699,0.99784,0.949656,A,0.0,0.034779
10597.758,0.51221,201.214,1.529,20,0.6508,13.016,1.91379,5.1077,4131.2,6466.558,6316.438,0.223832,0.696447,85.357,103.64,0.38982,0.59602,0.829653,A,0.0,-0.032053
12823.399,0.43363,154.491,1.197,17,0.8691,14.774,1.99117,5.54375,5535.558,7287.842,6625.892,0.156533,0.644102,82.745,101.085,0.43168,0.5167,0.844173,A,-0.001,-0.0006
11027.764,0.52151,168.86,3.7299,24,0.8506,20.414,1.96478,10.87261,3679.73,7348.033,13725.2,0.035847,0.764718,81.728,102.62,0.33368,1.2446,0.977064,A,0.001,0.008823
11319.22,0.60207,163.277,2.4101,19,0.8633,16.403,1.97472,7.88809,3514.412,7804.808,8470.071,0.127484,0.815773,82.719,102.677,0.31048,0.74829,0.934258,A,0.0,-0.020151
10054.092,0.34575,169.385,3.4766,18,0.7363,13.253,1.96387,6.94653,4989.883,5064.209,17347.695,0.061351,0.625969,82.085,101.73,0.4963,1.72544,0.911934,A,0.0,0.030154
7042.916,0.34693,177.345,1.4304,23,0.7028,16.164,1.95039,6.35529,3362.028,3680.888,4809.032,0.071619,0.598393,82.519,101.931,0.47736,0.68282,0.901455,A,0.0,-0.003848
7284.613,0.32839,176.732,1.8259,20,0.7062,14.125,1.9514,6.10144,3533.097,3751.516,6450.926,0.073502,0.568432,82.522,101.705,0.48501,0.88556,0.891442,A,0.0,0.022624
8131.078,0.40094,154.021,3.9365,22,0.8147,17.924,1.99208,9.85031,3468.323,4662.756,13653.136,0.028234,0.678177,81.032,101.285,0.42655,1.67913,0.969963,A,-0.001,-0.024094
9809.752,0.66231,141.782,3.3606,18,0.8385,15.094,2.01697,8.16121,2595.101,7214.651,8721.096,0.143072,0.849085,82.015,101.73,0.26454,0.88902,0.942854,A,0.0,-0.041387
10464.998,0.32416,156.238,3.8369,25,0.8527,21.317,1.98781,11.6178,5218.34,5246.657,20022.307,0.011299,0.635337,80.9,101.12,0.49865,1.91326,0.982619,A,0.001,-0.02359
11034.121,0.52837,158.381,1.3151,20,0.8436,16.871,1.98376,6.56478,3653.325,7380.796,4804.402,0.165345,0.708062,83.022,101.713,0.33109,0.43541,0.89639,A,0.0,-0.021687
9489.313,0.61098,166.764,3.1314,16,0.7808,12.494,1.96847,6.41328,3179.376,6309.937,9955.972,0.190272,0.822957,83.685,102.9,0.33505,1.04918,0.895658,A,0.0,0.027403
11435.394,0.45241,173.711,1.3256,16,0.7394,11.83,1.95645,4.52558,4364.474,7070.92,5785.586,0.253662,0.575079,84.787,101.604,0.38166,0.50594,0.786003,A,0.0,0.047793
9580.377,0.67269,162.895,2.8989,22,0.8242,18.132,1.97541,9.17808,2692.631,6887.746,7805.659,0.095153,0.898471,82.277,103.203,0.28106,0.81475,0.960244,A,0.0,-0.02815
8943.266,0.4667,186.932,3.8433,19,0.8251,15.676,1.93505,8.21179,3545.782,5397.483,13627.421,0.064359,0.731004,82.768,103.248,0.39648,1.52376,0.945325,A,0.001,0.037596
11277.463,0.63166,160.955,3.8759,23,0.876,20.149,1.97896,10.93228,3507.043,7770.42,13592.781,0.045957,0.896009,81.55,103.087,0.31098,1.2053,0.977375,A,0.0,-0.01715
8628.333,0.35734,137.983,3.5126,24,0.8723,20.935,2.02521,11.4997,4423.68,4204.652,15538.744,0.011939,0.720727,80.11,100.66,0.51269,1.8009,0.98287,A,0.001,0.027977
7000.0,0.58464,195.65,3.8646,17,0.6736,11.451,1.92186,5.94322,2123.943,4876.057,8208.247,0.219028,0.7439,85.109,103.717,0.30342,1.17261,0.886328,A,0.0,-0.02179
8410.065,0.39494,187.99,3.2462,18,0.7585,13.654,1.93341,6.8817,4208.184,4201.881,13660.678,0.067605,0.722774,82.848,103.241,0.50037,1.62432,0.914348,A,0.0,-0.033546
10141.239,0.47284,162.992,1.8343,27,0.7807,21.079,1.97524,9.2858,3830.973,6310.266,7027.173,0.048737,0.730315,81.668,102.098,0.37776,0.69293,0.961063,A,0.0,-0.008596
7000.0,0.52572,187.982,1.7647,19,0.7638,14.512,1.93342,6.10694,2699.072,4300.928,4762.976,0.146355,0.763799,83.887,103.512,0.38558,0.68043,0.892659,A,0.0,-0.027188
9464.293,0.51119,120.0,3.0708,19,0.7685,14.602,2.06808,8.00382,3079.715,6384.578,9457.256,0.093869,0.712499,80.303,99.467,0.3254,0.99926,0.940247,A,-0.0,-0.043269
9501.864,0.68427,160.562,2.5147,27,0.8913,24.066,1.97969,11.75944,2465.448,7036.417,6199.805,0.042377,0.909175,81.487,103.154,0.25947,0.65248,0.983931,A,-0.001,0.027763
7860.316,0.61645,133.337,2.4055,25,0.7067,17.669,2.03564,8.8712,2434.475,5425.841,5856.088,0.083498,0.855583,80.836,101.27,0.30972,0.74502,0.958049,A,-0.0,-0.039316
7776.245,0.33761,170.411,2.5703,19,0.8567,16.277,1.96209,7.89785,3632.903,4143.341,9337.652,0.042506,0.59636,81.875,101.585,0.46718,1.20079,0.941181,A,0.001,-0.004939
9306.307,0.58417,164.532,3.1067,24,0.682,16.368,1.97245,8.41118,2589.809,6716.498,8045.699,0.108242,0.767689,82.515,102.423,0.27829,0.86454,0.948437,A,0.0,-0.042379
9179.35,0.37162,167.216,1.1019,27,0.6938,18.732,1.96767,6.64672,4112.374,5066.975,4531.389,0.079009,0.60911,82.234,101.511,0.448,0.49365,0.904753,A,0.001,-0.029653
11889.878,0.44629,167.607,3.036,24,0.706,16.944,1.96698,8.62251,5055.342,6834.536,15347.771,0.054243,0.736278,81.922,102.37,0.42518,1.29083,0.948322,A,0.0,-0.00176
10562.295,0.30906,158.624,1.7003,16,0.7048,11.276,1.9833,4.86193,5615.46,4946.835,9547.75,0.10781,0.537522,82.272,100.6,0.53165,0.90395,0.814546,A,0.0,-0.052493
7628.717,0.34791,164.483,3.7903,18,0.6976,12.557,1.97254,6.74953,3481.858,4146.859,13197.248,0.066697,0.584022,81.964,101.209,0.45641,1.72994,0.912501,A,-0.0,0.020562
8718.023,0.58774,149.89,3.4848,21,0.6661,13.988,2.00022,7.53516,2322.695,6395.328,8094.046,0.151779,0.746074,82.487,101.508,0.26642,0.92843,0.931198,A,-0.0,0.006571
11057.712,0.43957,171.011,2.3924,16,0.8752,14.003,1.96106,6.65106,5444.858,5612.854,13026.34,0.089802,0.778861,82.522,102.819,0.4924,1.17803,0.899403,A,0.0,0.046246
12843.965,0.68624,169.593,3.0873,25,0.824,20.6,1.96351,10.49888,2867.246,9976.719,8851.914,0.084607,0.85914,82.4,103.279,0.22324,0.68919,0.972477,A,0.0,0.055098
10579.749,0.51709,145.53,1.3568,22,0.7518,16.54,2.0091,6.6435,3644.331,6935.418,4944.783,0.149308,0.710352,82.265,101.029,0.34446,0.46738,0.900538,A,0.0,-0.03341
10466.069,0.63066,204.586,2.3101,25,0.7179,17.947,1.90903,8.09854,3426.532,7039.536,7915.579,0.11475,0.881787,84.026,105.004,0.32739,0.75631,0.94043,A,0.001,-0.034802
12791.129,0.69706,143.321,2.0427,16,0.7573,12.116,2.01371,5.69384,2948.571,9842.557,6023.175,0.446689,0.772058,86.092,101.311,0.23052,0.47089,0.852279,A,0.001,0.065277
9965.993,0.69149,157.931,3.4522,21,0.8219,17.26,1.9846,9.17301,2228.215,7737.778,7692.294,0.124619,0.854735,82.466,102.658,0.22358,0.77185,0.959707,A,0.0,-0.043104
9536.349,0.49553,142.763,3.7741,18,0.8659,15.585,2.01489,8.63161,3836.318,5700.031,14478.775,0.059214,0.789191,80.952,101.391,0.40228,1.51827,0.951929,A,0.0,-0.029879
7880.127,0.53115,123.593,3.541,16,0.7862,12.579,2.05894,7.08395,3067.365,4812.762,10861.558,0.107069,0.801428,80.664,100.293,0.38925,1.37835,0.921534,A,0.0,0.027529
9230.476,0.35483,163.505,1.0957,27,0.796,21.493,1.9743,7.64368,4029.544,5200.931,4415.058,0.0547,0.587369,81.767,101.181,0.43655,0.47831,0.932703,A,0.001,-0.031898
13000.0,0.55956,192.577,1.1498,22,0.7958,17.509,1.92643,6.13978,4056.673,8943.327,4664.185,0.227919,0.70999,85.122,103.36,0.31205,0.35878,0.872896,A,0.0,0.01441
7867.388,0.44278,192.204,3.1832,24,0.8003,19.208,1.92699,9.58754,3406.698,4460.689,10844.345,0.033391,0.75543,82.541,103.643,0.43302,1.37839,0.967345,A,0.001,0.030714
10016.788,0.612,161.762,3.8679,25,0.7427,18.568,1.97748,10.05952,2818.446,7198.342,10901.529,0.064359,0.826424,81.825,102.67,0.28137,1.08833,0.97041,A,0.0,-0.000699
7887.509,0.52794,194.059,3.3204,25,0.7895,19.738,1.92422,9.9287,2804.68,5082.828,9312.562,0.043054,0.795503,82.732,103.989,0.35559,1.18067,0.971002,A,0.001,-0.026114
10192.714,0.52132,176.084,2.902,17,0.7571,12.871,1.95248,6.40476,3344.928,6847.786,9707.053,0.169811,0.693016,83.769,102.496,0.32817,0.95235,0.893104,A,0.0,0.034831
11331.471,0.61184,163.319,3.4926,21,0.7027,14.757,1.97464,7.80576,3550.826,7780.645,12401.654,0.132161,0.830745,82.783,102.778,0.31336,1.09444,0.932312,A,-0.0,0.034571
9634.526,0.63478,139.937,1.3027,25,0.7393,18.482,2.02094,7.35627,2667.173,6967.353,3474.59,0.172759,0.81165,82.323,101.375,0.27683,0.36064,0.924658,A,0.0,-0.025788
11095.521,0.55221,194.698,3.0047,16,0.759,12.143,1.92327,5.95887,4092.134,7003.387,12295.489,0.192123,0.762615,84.721,103.799,0.36881,1.10815,0.871685,A,0.0,-0.023386
11081.266,0.33922,201.678,1.6523,20,0.6984,13.967,1.91313,5.64482,4921.069,6160.196,8130.911,0.109358,0.522852,83.861,102.514,0.44409,0.73375,0.856836,A,0.001,-0.04201
10670.537,0.49759,181.849,3.0557,27,0.8339,22.516,1.94306,11.2689,3657.907,7012.63,11177.596,0.028679,0.742179,82.116,103.09,0.3428,1.04752,0.980242,A,0.0,0.02067
12574.372,0.65408,159.495,2.5482,25,0.7472,18.679,1.98167,9.17501,3592.583,8981.789,9154.762,0.099402,0.87595,82.197,102.879,0.28571,0.72805,0.956581,A,-0.0,-0.062772
11168.256,0.59486,180.9,2.3018,24,0.8359,20.063,1.94459,9.30158,3259.896,7908.36,7503.504,0.081337,0.806533,82.777,103.471,0.29189,0.67186,0.960089,A,0.0,0.045287
9542.561,0.53732,175.245,3.1351,16,0.6719,10.75,1.95387,5.45923,3465.74,6076.821,10865.431,0.215916,0.72063,84.346,102.639,0.36319,1.13863,0.854058,A,0.0,-0.039359
8978.765,0.32505,163.111,3.429,22,0.8177,17.99,1.97502,9.47896,4565.267,4413.497,15654.354,0.022457,0.638053,81.326,101.495,0.50845,1.74349,0.964872,A,0.001,-0.019639
8732.04,0.68962,166.583,2.3308,17,0.8329,14.159,1.96879,6.71193,2514.619,6217.421,5861.161,0.219874,0.879602,84.069,103.265,0.28798,0.67122,0.908183,A,0.0,0.03414
10713.801,0.31076,159.064,1.2032,17,0.7069,12.018,1.98248,4.49132,5774.024,4939.777,6947.022,0.122292,0.531057,82.481,100.581,0.53893,0.64842,0.787916,A,0.0,0.000701
9514.417,0.35569,186.562,1.5364,22,0.701,15.423,1.93562,6.16997,4399.023,5115.394,6758.714,0.087473,0.58635,83.06,102.277,0.46235,0.71037,0.886297,A,-0.0,-0.024028
13000.0,0.32731,152.101,1.5671,16,0.8644,13.83,1.99583,5.83424,6680.22,6319.78,10468.605,0.090098,0.578052,81.767,100.52,0.51386,0.80528,0.85855,A,0.0,-0.00593
12763.671,0.54818,129.43,3.1159,18,0.768,13.824,2.04474,7.48547,3768.884,8994.788,11743.61,0.146374,0.716538,81.476,100.109,0.29528,0.92008,0.921154,A,-0.001,0.015138
9678.214,0.493,179.537,1.8787,16,0.7997,12.795,1.9468,5.56292,3928.326,5749.888,7380.157,0.171649,0.712546,83.92,102.788,0.40589,0.76255,0.858679,A,0.0,0.006578
9506.303,0.6739,172.057,1.7432,27,0.6913,18.665,1.95926,7.97718,2244.406,7261.897,3912.495,0.172374,0.828911,83.652,103.2,0.2361,0.41157,0.93961,A,0.0,-0.045952
12535.265,0.54949,187.189,2.8709,17,0.6852,11.648,1.93465,5.70103,4357.428,8177.837,12509.896,0.231272,0.719043,84.98,103.181,0.34761,0.99798,0.853694,A,0.0,0.035226
7174.96,0.52545,160.296,2.2071,23,0.6633,15.256,1.98018,7.17263,2538.691,4636.269,5603.065,0.110413,0.752718,82.374,102.108,0.35383,0.78092,0.925651,A,0.0,-0.024887
9322.673,0.30907,174.767,1.3075,21,0.8889,18.667,1.95468,7.08935,4890.025,4432.648,6393.826,0.048281,0.596776,82.116,101.798,0.52453,0.68584,0.918063,A,0.0,-0.034696
11426.135,0.68151,192.944,2.9551,16,0.8738,13.98,1.92588,6.84592,3068.756,8357.379,9068.542,0.24099,0.843259,85.307,104.255,0.26857,0.79367,0.905029,A,0.0,0.050697
8631.854,0.48133,159.909,1.6184,24,0.7919,19.004,1.9809,8.02926,3455.79,5176.063,5592.77,0.069394,0.756351,81.817,102.112,0.40035,0.64792,0.94228,A,0.001,0.038768
9284.755,0.40634,148.343,1.5692,17,0.7137,12.133,2.00333,5.14901,4318.519,4966.236,6776.665,0.141006,0.637063,82.278,100.703,0.46512,0.72987,0.838596,A,-0.0,0.025052
9473.288,0.5,156.379,1.3758,25,0.7899,19.746,1.98754,7.85476,3470.462,6002.826,4774.764,0.085945,0.73938,81.891,101.815,0.36634,0.50402,0.93703,A,0.0,0.005656
10991.213,0.6784,192.931,3.8701,25,0.8312,20.779,1.9259,10.8222,2152.582,8838.631,8330.661,0.080777,0.823947,83.192,104.127,0.19585,0.75794,0.976681,A,0.0,-0.003714
10206.29,0.60232,153.113,1.0763,19,0.7453,14.161,1.99385,5.06578,3221.251,6985.039,3467.114,0.326091,0.729713,84.925,101.576,0.31561,0.3397,0.82913,A,0.0,-0.042131
10603.131,0.34156,169.673,2.6847,24,0.6629,15.91,1.96337,7.82078,5104.34,5498.791,13703.698,0.04677,0.615209,81.903,101.673,0.4814,1.29242,0.934082,A,-0.0,-0.03027
10892.926,0.5212,168.215,1.4302,16,0.6509,10.415,1.96591,4.14321,3901.998,6990.928,5580.575,0.350401,0.616537,85.855,101.61,0.35821,0.51231,0.759175,A,0.0,-0.036746
10044.907,0.47007,181.643,2.3787,26,0.8085,21.02,1.94339,9.83279,3974.323,6070.584,9453.86,0.03809,0.752874,82.233,103.151,0.39566,0.94116,0.967939,A,0.0,0.042612
11665.849,0.36309,171.177,1.9186,16,0.8043,12.869,1.96077,5.69625,5861.706,5804.143,11246.223,0.103332,0.62542,82.707,101.814,0.50247,0.96403,0.857002,A,0.0,0.024194
8906.562,0.56696,183.179,2.3945,21,0.7158,15.031,1.94094,7.03161,2764.541,6142.02,6619.826,0.150775,0.754288,83.776,103.231,0.31039,0.74325,0.917455,A,0.001,-0.01126
7845.818,0.36437,151.724,3.3672,17,0.769,13.073,1.99658,6.96936,3989.24,3856.578,13432.483,0.058468,0.680801,81.334,101.178,0.50845,1.71206,0.918413,A,0.0,-0.024339
7334.692,0.5813,204.161,2.7867,17,0.6529,11.099,1.90962,5.28374,2338.714,4995.978,6517.395,0.263916,0.72987,85.982,103.984,0.31886,0.88857,0.855235,A,0.0,0.017953
7568.485,0.54301,230.0,3.0504,24,0.7185,17.244,1.87579,8.16901,3021.704,4546.782,9217.431,0.07227,0.855859,84.242,105.829,0.39925,1.21787,0.946864,A,-0.001,-0.019804
9174.226,0.39304,174.72,3.3544,22,0.8984,19.765,1.95476,10.20541,4332.191,4842.036,14531.861,0.022811,0.724278,81.778,102.637,0.47221,1.58399,0.972594,A,-0.001,0.036028
11545.07,0.32671,166.163,1.7348,16,0.783,12.528,1.96953,5.38631,5936.336,5608.734,10298.314,0.100923,0.565694,82.482,101.172,0.51419,0.89201,0.841166,A,0.0,-0.05019
10261.25,0.5449,140.645,3.4143,26,0.8728,22.693,2.01941,12.33588,3102.906,7158.344,10594.393,0.024213,0.770606,80.394,101.146,0.30239,1.03247,0.986563,A,0.0,-0.038374
9102.18,0.54123,191.869,2.5306,21,0.7932,16.657,1.92749,7.83493,3569.739,5532.441,9033.747,0.086517,0.834634,83.231,104.151,0.39219,0.99248,0.937308,A,0.0,-0.033589
8395.217,0.42766,150.635,3.7667,22,0.8523,18.752,1.99873,10.26144,3433.108,4962.108,12931.622,0.027431,0.704564,80.878,101.275,0.40894,1.54036,0.97377,A,0.001,0.002256
9206.672,0.40306,189.379,2.5606,19,0.726,13.794,1.93127,6.52915,4044.365,5162.306,10356.018,0.091141,0.647435,83.207,102.806,0.43929,1.12484,0.900668,A,0.001,-0.023839
9394.5,0.59851,202.301,1.58,23,0.8225,18.917,1.91225,7.51036,2927.434,6467.067,4625.313,0.136114,0.807829,84.234,104.421,0.31161,0.49234,0.929134,A,-0.001,-0.046824
9152.351,0.52362,192.473,2.1164,24,0.8349,20.037,1.92659,8.923,3236.413,5915.938,6849.567,0.063529,0.775315,82.948,103.786,0.35362,0.74839,0.957097,A,0.0,0.032479
7851.184,0.48023,203.042,3.7876,23,0.6801,15.642,1.9112,8.01543,3151.821,4699.362,11937.791,0.067688,0.756919,83.355,104.116,0.40145,1.52051,0.943416,A,0.001,-0.002753
9286.288,0.48046,145.085,2.5268,18,0.6765,12.177,2.01002,6.09097,3440.312,5845.976,8692.865,0.150542,0.674616,82.261,100.768,0.37047,0.9361,0.883921,A,0.0,-0.010462
11525.704,0.66959,136.428,1.5134,21,0.6585,13.829,2.02866,5.89008,2393.899,9131.805,3622.915,0.42904,0.732651,85.543,100.646,0.2077,0.31433,0.866916,A,0.0,-0.008351
7000.0,0.3058,198.732,3.9918,23,0.6999,16.098,1.91736,8.37965,3938.452,3061.548,15721.418,0.026334,0.665312,82.668,103.33,0.56264,2.24592,0.951548,A,0.0,0.000182
9639.087,0.65525,173.129,1.5904,18,0.8308,14.955,1.95744,6.16668,2889.73,6749.357,4595.894,0.24975,0.828869,84.714,103.251,0.29979,0.4768,0.885734,A,0.0,-0.031098
7000.0,0.47448,177.255,1.0563,19,0.8378,15.918,1.95054,5.46319,3004.997,3995.003,3174.201,0.148625,0.719584,83.532,102.727,0.42929,0.45346,0.865532,A,0.0,0.002082
10274.571,0.31302,153.514,2.0541,19,0.6618,12.574,1.99307,5.83277,5236.952,5037.62,10757.415,0.080392,0.554844,81.699,100.444,0.5097,1.04699,0.869093,A,-0.001,0.043938
8878.766,0.58092,152.513,3.4448,20,0.7123,14.246,1.99502,7.62529,2942.408,5936.357,10136.066,0.117447,0.810651,82.146,102.078,0.3314,1.14161,0.933,A,0.001,-0.037986
7000.0,0.36409,149.567,1.7417,17,0.6616,11.247,2.00087,4.95543,3206.174,3793.826,5584.098,0.12768,0.563886,82.155,100.288,0.45802,0.79773,0.83938,A,0.0,-0.019664
10151.053,0.49158,135.392,1.4196,18,0.8654,15.577,2.03098,6.47536,4558.656,5592.397,6471.338,0.114013,0.799349,81.336,101.024,0.44908,0.6375,0.895843,A,0.0,0.031638
12726.108,0.47078,185.262,2.8735,27,0.7559,20.409,1.93765,10.01469,4917.663,7808.445,14131.009,0.039594,0.74234,82.382,103.247,0.38642,1.1104,0.9675,A,0.0,-0.033886
10163.337,0.67261,189.801,1.2479,23,0.7794,17.925,1.93063,6.5462,2488.809,7674.528,3105.741,0.279182,0.800194,85.703,103.833,0.24488,0.30558,0.898356,A,0.0,0.020167
11742.687,0.57448,179.547,2.612,16,0.7156,11.45,1.94678,5.51597,3639.394,8103.293,9505.929,0.282942,0.705411,85.389,102.741,0.30993,0.80952,0.847353,A,0.0,0.049392
9892.743,0.65592,187.133,2.0667,18,0.6744,12.139,1.93473,5.39915,2449.005,7443.738,5061.241,0.399107,0.74041,87.193,103.319,0.24756,0.51161,0.84937,A,0.0,0.014897
7000.0,0.65014,161.906,1.1589,18,0.6624,11.923,1.97722,4.36291,2002.592,4997.408,2320.777,0.449135,0.730687,86.91,102.045,0.28608,0.33154,0.802364,A,0.0,0.004783
10735.725,0.57109,130.912,1.9083,27,0.7938,21.433,2.04125,10.03506,3197.295,7538.431,6101.493,0.058463,0.788517,80.388,100.677,0.29782,0.56834,0.969512,A,-0.001,-0.039264
9372.581,0.66128,152.679,3.0038,26,0.7608,19.78,1.9947,10.24651,2340.062,7032.519,7029.178,0.071988,0.857364,81.553,102.395,0.24967,0.74997,0.97282,A,0.0,0.015361
7806.873,0.37969,193.478,2.4311,19,0.7251,13.776,1.92508,6.39317,3897.808,3909.065,9475.93,0.075813,0.682686,83.145,103.219,0.49928,1.21379,0.900308,A,0.0,0.023143
11177.255,0.61375,189.559,3.7277,26,0.6862,17.842,1.931,9.25736,3590.84,7586.415,13385.431,0.077456,0.867586,83.032,104.267,0.32126,1.19756,0.959456,A,-0.0,0.040709
10430.286,0.55939,159.592,1.2145,23,0.8398,19.315,1.98149,7.2441,3497.986,6932.3,4248.274,0.133857,0.774118,82.655,102.212,0.33537,0.4073,0.91975,A,0.0,-0.050438
9211.886,0.67658,170.176,3.0995,20,0.7686,15.371,1.9625,7.83565,2605.796,6606.09,8076.761,0.150417,0.884132,83.291,103.473,0.28287,0.87678,0.937112,A,0.0,-0.033751
11302.104,0.56455,189.58,3.8124,26,0.8574,22.291,1.93097,11.62019,3412.883,7889.221,13011.373,0.033272,0.794378,82.45,103.785,0.30197,1.15123,0.982203,A,0.0,0.02577
8691.892,0.57843,170.92,2.0699,20,0.6712,13.423,1.96121,6.09626,2690.523,6001.369,5569.175,0.212566,0.742456,84.139,102.574,0.30954,0.64073,0.886247,A,0.0,-0.015045
10965.149,0.51123,152.558,2.6436,20,0.699,13.98,1.99493,7.00471,4164.12,6801.029,11008.175,0.119335,0.751181,82.173,101.688,0.37976,1.00392,0.911354,A,-0.0,-0.015902
8589.309,0.56249,156.394,3.8196,22,0.7138,15.704,1.98752,8.54892,2815.755,5773.555,10755.047,0.082459,0.7966,81.846,102.193,0.32782,1.25214,0.951943,A,-0.001,0.002165
10800.932,0.52689,176.034,1.0907,26,0.7466,19.412,1.95256,6.77673,3999.074,6801.858,4361.988,0.135972,0.756723,83.32,102.914,0.37025,0.40385,0.904451,A,0.0,0.01858
8348.878,0.37167,157.693,2.7112,19,0.7907,15.024,1.98505,7.52517,4239.402,4109.477,11493.69,0.049954,0.70356,81.47,101.647,0.50778,1.37667,0.931752,A,-0.001,-0.011239
12233.782,0.35121,182.385,3.0008,17,0.75,12.751,1.94221,6.34854,5907.005,6326.777,17725.759,0.084127,0.600579,82.867,102.18,0.48284,1.44892,0.884343,A,0.0,-0.041437
10381.461,0.51712,163.987,2.9947,21,0.8324,17.481,1.97343,8.90851,3464.9,6916.562,10376.367,0.06934,0.74144,81.98,102.222,0.33376,0.99951,0.955247,A,-0.001,-0.010783
12149.313,0.52556,177.452,1.9315,26,0.8749,22.748,1.95021,10.01095,4489.117,7660.196,8670.772,0.045546,0.806857,82.179,103.312,0.3695,0.71368,0.967978,A,0.0,0.048853
8766.331,0.62906,158.617,1.1079,22,0.6916,15.215,1.98331,5.4759,2656.29,6110.041,2942.929,0.294105,0.774676,84.731,102.165,0.30301,0.33571,0.858333,A,0.0,0.017887
9285.846,0.61581,173.388,3.1769,21,0.7089,14.886,1.957,7.60178,2551.947,6733.9,8107.388,0.153285,0.791097,83.45,103.015,0.27482,0.87309,0.931593,A,-0.001,-0.026459
11259.497,0.61301,179.214,3.3331,25,0.767,19.174,1.94732,9.82976,2957.718,8301.779,9858.417,0.077621,0.803751,82.667,103.374,0.26269,0.87556,0.966738,A,0.0,0.040054
7000.0,0.56067,182.2,2.7876,24,0.8679,20.83,1.9425,10.1792,2477.263,4522.737,6905.706,0.040889,0.845374,82.29,103.788,0.35389,0.98653,0.974191,A,0.0,-0.007075
8399.814,0.43929,185.486,2.722,26,0.7466,19.412,1.9373,9.38803,3930.319,4469.495,10698.146,0.033436,0.796187,82.309,103.613,0.46791,1.27362,0.964386,A,0.0,-0.01367
11549.765,0.30105,214.507,3.1134,22,0.8494,18.687,1.89552,9.0448,5968.423,5581.342,18582.078,0.025719,0.595484,83.164,103.516,0.51676,1.60887,0.955853,A,0.0,-0.044977
10697.664,0.65582,180.145,1.008,20,0.8575,17.151,1.94581,5.7312,2148.179,8549.485,2165.322,0.448581,0.707895,87.597,102.785,0.20081,0.20241,0.862648,A,0.0,-0.027964
11468.154,0.58705,166.585,1.0832,22,0.8876,19.528,1.96878,6.87822,3838.252,7629.902,4157.405,0.16491,0.799415,83.343,102.736,0.33469,0.36252,0.905982,A,0.0,-0.044439
9535.359,0.6721,175.376,2.1065,20,0.7223,14.446,1.95366,6.56019,2739.078,6796.28,5769.902,0.232222,0.849387,84.566,103.495,0.28725,0.60511,0.900749,A,0.001,-0.031268
10845.999,0.58408,135.534,3.1175,26,0.8987,23.367,2.03066,12.53247,3859.525,6986.474,12031.979,0.020947,0.895164,80.115,101.665,0.35585,1.10935,0.987238,A,0.0,0.045614
8903.734,0.30411,162.541,1.3614,27,0.6598,17.815,1.97606,6.99552,5066.81,3836.924,6897.835,0.044668,0.646702,81.597,101.523,0.56907,0.77471,0.916414,A,0.0,0.043853
7942.059,0.34697,156.075,2.9003,18,0.7849,14.129,1.98812,7.21979,3949.783,3992.277,11455.477,0.052305,0.638491,81.435,101.133,0.49732,1.44238,0.925029,A,-0.001,0.029877
7457.808,0.37182,190.462,2.9567,26,0.7471,19.424,1.92962,9.54076,3785.42,3672.388,11192.287,0.023996,0.73034,82.358,103.401,0.50758,1.50075,0.967242,A,0.0,0.03538
9172.436,0.43764,174.012,1.3232,16,0.7501,12.002,1.95595,4.58597,3912.352,5260.083,5176.865,0.200983,0.613655,84.103,101.873,0.42653,0.56439,0.804116,A,0.001,0.032416
9176.588,0.49941,198.023,3.9058,20,0.7475,14.95,1.91839,7.7545,3294.617,5881.97,12868.269,0.089902,0.728791,83.484,103.719,0.35902,1.40229,0.935371,A,0.001,-0.039643
9055.934,0.39384,177.061,1.4493,19,0.6942,13.19,1.95086,5.21565,3803.532,5252.402,5512.602,0.146822,0.572717,83.502,101.748,0.42,0.60873,0.843423,A,-0.0,0.006955
7000.0,0.6987,157.882,2.6383,17,0.7668,13.036,1.9847,6.47991,1565.582,5434.418,4130.536,0.294298,0.8152,84.704,102.394,0.22365,0.59008,0.905795,A,0.0,0.014795
7002.095,0.31146,174.316,3.9921,20,0.7461,14.923,1.95543,8.0028,3645.856,3356.239,14554.46,0.033071,0.613874,81.898,101.889,0.52068,2.07859,0.944713,A,0.0,-0.007455
9201.051,0.47317,154.605,1.8264,23,0.8869,20.399,1.99095,9.077,3907.522,5293.529,7136.691,0.045361,0.788967,81.282,102.047,0.42468,0.77564,0.959287,A,0.0,-0.007498
10430.525,0.45752,177.826,2.0409,23,0.7455,17.147,1.94959,7.68298,4166.86,6263.665,8504.075,0.078821,0.709447,82.632,102.687,0.39949,0.81531,0.931177,A,0.0,-0.000617
9131.811,0.60182,180.893,3.2692,18,0.8446,15.203,1.9446,7.74247,2806.371,6325.44,9174.638,0.126921,0.81251,83.379,103.51,0.30732,1.00469,0.935187,A,0.0,0.035828
8684.654,0.48015,166.156,3.3252,26,0.815,21.191,1.96955,11.04229,3127.665,5556.989,10400.234,0.026851,0.735279,81.504,102.291,0.36014,1.19754,0.97986,A,0.0,0.01837
7000.0,0.33977,158.839,1.7402,17,0.8004,13.607,1.9829,5.9155,3307.116,3692.884,5755.053,0.082546,0.570115,81.947,100.827,0.47245,0.82215,0.88522,A,0.0,0.032241
13000.0,0.43667,149.653,3.2391,19,0.8168,15.519,2.0007,8.22378,5183.846,7816.154,16790.983,0.067118,0.681772,81.359,101.071,0.39876,1.29161,0.93871,A,0.0,-0.054321
8348.333,0.57232,181.018,2.1687,16,0.803,12.847,1.9444,5.84683,2435.814,5912.519,5282.578,0.240872,0.708865,84.887,102.832,0.29177,0.63277,0.877202,A,0.0,0.020772
12525.095,0.64481,148.328,3.1715,24,0.857,20.569,2.00337,10.86572,3395.563,9129.532,10769.139,0.057068,0.863406,81.17,102.196,0.2711,0.8598,0.976007,A,0.0,0.035812
12341.029,0.65713,193.367,2.8272,27,0.7554,20.395,1.92525,9.86897,2714.605,9626.424,7674.649,0.101079,0.813938,83.475,104.08,0.21997,0.62188,0.966165,A,0.0,-0.04147
10410.894,0.40568,192.98,2.8601,17,0.8688,14.77,1.92582,7.17189,4859.176,5551.718,13897.886,0.071496,0.698179,83.071,103.299,0.46674,1.33494,0.917743,A,0.0,-0.013091
9141.086,0.65607,172.456,3.1695,24,0.6989,16.775,1.95858,8.57178,2893.081,6248.004,9169.691,0.100534,0.913309,82.719,103.776,0.31649,1.00313,0.951502,A,0.001,-0.018998
10198.323,0.66926,181.719,1.3986,25,0.7347,18.369,1.94327,7.11569,3377.711,6820.612,4723.916,0.168449,0.917267,83.957,104.24,0.3312,0.46321,0.916638,A,0.0,0.035303
8270.437,0.4839,196.093,2.984,17,0.7289,12.392,1.92121,6.06043,2911.51,5358.927,8687.943,0.156249,0.661908,84.295,103.195,0.35204,1.05048,0.886327,A,0.0,0.027286
10391.095,0.47125,180.976,2.5066,26,0.7176,18.658,1.94447,8.86892,3782.821,6608.275,9481.963,0.058757,0.707375,82.482,102.82,0.36404,0.91251,0.95461,A,-0.001,0.007777
10004.428,0.45305,168.946,2.4258,19,0.762,14.478,1.96463,6.92314,3805.018,6199.41,9230.17,0.105608,0.666295,82.652,101.974,0.38033,0.92261,0.911342,A,0.0,0.029879
10797.952,0.56678,160.541,3.452,18,0.8522,15.339,1.97973,8.12283,2967.031,7830.921,10242.328,0.12303,0.734905,82.551,102.003,0.27478,0.94854,0.940354,A,-0.0,0.046413
11425.655,0.69194,171.53,1.7963,17,0.7593,12.907,1.96017,5.58046,3182.945,8242.711,5717.499,0.367336,0.817289,86.205,103.097,0.27858,0.50041,0.852109,A,-0.001,-0.019594
12599.258,0.58253,174.882,1.8956,22,0.7063,15.538,1.95448,6.81627,3544.893,9054.365,6719.547,0.205387,0.730181,84.194,102.684,0.28136,0.53333,0.900799,A,0.0,0.045534
9417.526,0.50483,171.391,3.8694,27,0.7396,19.97,1.9604,10.68204,3967.54,5449.987,15351.98,0.028003,0.851959,81.721,103.32,0.42129,1.63015,0.976631,A,-0.001,-0.018847
11565.083,0.41807,181.475,1.4166,23,0.724,16.652,1.94366,6.48697,4814.623,6750.46,6820.341,0.108573,0.638809,83.157,102.391,0.41631,0.58974,0.891884,A,0.0,0.021585
8812.496,0.67655,133.46,1.3566,20,0.6924,13.849,2.03536,5.66567,1948.301,6864.195,2643.056,0.406246,0.75327,85.102,100.602,0.22108,0.29992,0.867246,A,0.0,0.012513
8658.153,0.54577,146.717,2.7268,25,0.7997,19.993,2.00665,10.18793,2503.819,6154.334,6827.378,0.051215,0.746978,81.022,101.338,0.28919,0.78855,0.972863,A,0.0,-0.02503
9072.915,0.64158,147.061,2.2653,21,0.7211,15.142,2.00595,7.31259,2650.819,6422.096,6004.951,0.165132,0.838242,82.541,101.959,0.29217,0.66185,0.924801,A,0.0,-0.004833
8527.052,0.5204,172.309,3.406,20,0.8788,17.576,1.95883,9.13518,3131.189,5395.862,10664.786,0.055363,0.790253,82.117,102.957,0.36721,1.2507,0.960934,A,0.001,0.029711
11470.396,0.40787,155.924,2.6007,27,0.6717,18.136,1.98841,9.00361,5625.031,5845.365,14629.18,0.037166,0.764607,81.229,101.957,0.4904,1.27539,0.955314,A,0.0,-0.036482
11384.862,0.62,159.146,1.0893,18,0.7264,13.076,1.98232,4.66502,2828.685,8556.176,3081.382,0.507825,0.657084,87.574,101.417,0.24846,0.27066,0.796493,A,0.001,0.011129
11908.468,0.68957,197.349,2.9756,16,0.812,12.993,1.91937,6.34044,2515.379,9393.089,7484.851,0.375182,0.773756,87.227,103.987,0.21123,0.62853,0.885075,A,0.0,0.038382
9962.05,0.44478,211.21,3.8854,26,0.7178,18.663,1.89993,9.52614,4067.422,5894.627,15803.44,0.038786,0.72493,83.234,104.239,0.40829,1.58636,0.964396,A,0.001,-0.030382
10411.572,0.6133,171.855,2.4599,20,0.7438,14.877,1.95961,7.11573,3082.889,7328.683,7583.615,0.17376,0.7982,83.663,102.987,0.2961,0.72838,0.916109,A,0.0,-0.020456
9132.36,0.45187,155.393,1.6171,25,0.8082,20.205,1.98943,8.58736,3712.239,5420.121,6003.045,0.053605,0.724646,81.424,101.665,0.40649,0.65734,0.951778,A,0.0,-0.024061
8273.558,0.62021,152.078,2.7715,27,0.8419,22.731,1.99588,11.54382,2681.194,5592.364,7430.872,0.031923,0.902253,80.998,102.659,0.32407,0.89815,0.98332,A,0.0,0.024455
10670.527,0.37952,172.345,1.1162,18,0.8476,15.257,1.95877,5.41053,5274.08,5396.447,5886.938,0.117898,0.635208,82.944,101.935,0.49427,0.5517,0.846456,A,0.0,0.008617
10402.56,0.58945,134.804,1.9331,20,0.8652,17.305,2.0323,8.08797,3374.236,7028.323,6522.855,0.108449,0.820369,81.235,101.127,0.32437,0.62704,0.940322,A,0.001,0.038161
8339.48,0.66789,176.997,2.1313,25,0.7808,19.521,1.95096,8.87989,1678.867,6660.613,3578.183,0.140885,0.800726,83.421,103.25,0.20132,0.42907,0.957534,A,0.0,0.002115
10877.999,0.43146,149.15,3.4279,22,0.7422,16.329,2.00171,8.77286,4951.549,5926.45,16973.585,0.045138,0.754235,81.048,101.521,0.45519,1.56036,0.95238,A,0.0,-0.017586
7387.409,0.31488,201.721,2.829,18,0.8847,15.925,1.91307,7.63243,3717.754,3669.655,10517.352,0.03988,0.593486,82.945,102.982,0.50326,1.42369,0.936262,A,0.0,-0.005551
9731.502,0.67595,157.454,1.6086,16,0.7401,11.842,1.9855,5.00838,2454.455,7277.047,3948.161,0.460615,0.74858,86.881,101.932,0.25222,0.40571,0.82813,A,0.0,-0.001856
9054.529,0.52465,165.843,1.2811,23,0.6546,15.055,1.9701,5.73342,3128.308,5926.222,4007.784,0.198351,0.696898,83.756,102.022,0.3455,0.44263,0.869381,A,-0.001,-0.01664
9206.086,0.39615,149.772,3.296,16,0.6503,10.405,2.00046,5.53513,4445.436,4760.65,14652.106,0.115397,0.658312,82.002,100.923,0.48288,1.59157,0.859339,A,0.0,0.007968
8374.813,0.31672,188.202,2.7026,26,0.682,17.731,1.93308,8.53041,4261.069,4113.745,11515.926,0.029907,0.613797,82.357,102.531,0.5088,1.37507,0.951956,A,-0.001,0.030643
11428.741,0.43785,141.964,2.1367,19,0.8772,16.667,2.01659,7.96347,5396.409,6032.332,11530.445,0.059563,0.776265,80.921,101.26,0.47218,1.0089,0.935767,A,0.0,-0.040262
10848.922,0.52723,170.732,3.371,24,0.8909,21.382,1.96154,11.11004,4172.528,6676.394,14065.696,0.028784,0.83874,81.706,103.2,0.3846,1.29651,0.979003,A,0.0,0.016397
11775.13,0.50607,162.385,3.313,17,0.7716,13.118,1.97634,6.86435,4793.844,6981.287,15882.116,0.118475,0.772226,82.565,102.344,0.40712,1.34878,0.904692,A,-0.001,-0.041964
10195.746,0.42606,168.937,1.8898,24,0.855,20.52,1.96465,9.06201,4538.371,5657.375,8576.597,0.040372,0.735455,81.79,102.43,0.44512,0.84119,0.957822,A,0.0,0.031696
8052.92,0.54607,168.186,3.9511,26,0.8993,23.382,1.96596,12.61348,2689.863,5363.056,10627.79,0.018623,0.810609,81.474,102.889,0.33402,1.31974,0.988609,A,0.001,0.023245
9431.498,0.6087,168.616,1.4913,20,0.7019,14.037,1.96521,5.6768,2341.22,7090.278,3491.374,0.330507,0.700559,85.608,102.184,0.24823,0.37018,0.865216,A,0.0,0.005169
8212.723,0.46183,177.893,1.992,25,0.8716,21.79,1.94949,9.68463,2934.237,5278.486,5845.009,0.041252,0.695627,82.139,102.599,0.35728,0.7117,0.968087,A,0.0,-0.018662
10670.193,0.59014,172.222,1.2447,21,0.7376,15.489,1.95898,5.7753,3019.894,7650.299,3758.998,0.281784,0.711861,85.102,102.435,0.28302,0.35229,0.864861,A,0.0,0.00039
11798.059,0.67564,170.991,2.7735,19,0.8041,15.278,1.96109,7.5627,2722.121,9075.938,7549.859,0.218717,0.812686,84.223,103.041,0.23073,0.63992,0.92531,A,-0.0,-0.021305
10474.136,0.33944,157.298,1.4505,16,0.8634,13.815,1.9858,5.6099,5457.518,5016.617,7916.044,0.092746,0.60781,82.019,100.995,0.52105,0.75577,0.857632,A,0.001,0.027781
9081.219,0.38432,149.132,3.8472,24,0.8385,20.124,2.00174,11.0852,4441.303,4639.915,17086.645,0.015784,0.73709,80.659,101.407,0.48906,1.88154,0.979915,A,0.001,-0.042388
9425.009,0.55478,151.273,1.445,16,0.8999,14.398,1.99747,5.88722,3323.42,6101.59,4802.307,0.196963,0.749675,83.143,101.608,0.35262,0.50953,0.874811,A,-0.001,0.006236
10285.675,0.59021,153.503,2.3936,22,0.6743,14.834,1.99309,7.21614,2746.671,7539.004,6574.536,0.178346,0.740265,82.991,101.667,0.26704,0.63919,0.919308,A,0.0,-0.01034
7809.464,0.65069,132.241,1.6953,27,0.7686,20.753,2.03816,9.2948,2021.912,5787.552,3427.832,0.090756,0.846309,80.879,101.141,0.25891,0.43893,0.963889,A,0.0,-0.017861
10201.903,0.42669,164.481,3.4668,26,0.8727,22.691,1.97254,11.96364,4498.085,5703.818,15593.773,0.014787,0.751519,81.279,102.314,0.44091,1.52852,0.98472,A,0.0,0.009209
10275.247,0.62821,160.227,3.3094,16,0.7672,12.275,1.98031,6.44093,2686.027,7589.219,8889.122,0.254284,0.760555,84.271,102.156,0.26141,0.8651,0.894189,A,0.001,-0.019228
9159.636,0.6931,163.372,1.0168,21,0.7594,15.948,1.97455,5.47029,2510.41,6649.225,2552.643,0.36336,0.817589,85.836,102.694,0.27407,0.27868,0.856316,A,0.001,0.027915
9348.947,0.35632,177.525,3.1468,18,0.8156,14.68,1.95009,7.44013,4771.764,4577.183,15015.703,0.050633,0.674997,82.249,102.445,0.51041,1.60614,0.927471,A,0.0,0.023275
10230.767,0.67616,184.325,3.6058,26,0.722,18.773,1.93913,9.73305,2732.866,7497.901,9854.096,0.084505,0.891812,82.942,104.191,0.26712,0.96318,0.966616,A,0.0,-0.023513
8742.567,0.64975,157.21,1.6484,27,0.7803,21.068,1.98596,8.99693,2585.196,6157.371,4261.388,0.090705,0.884464,81.989,102.816,0.2957,0.48743,0.95872,A,0.0,0.019721
8739.306,0.42194,158.296,1.3782,18,0.671,12.078,1.98392,4.79519,3695.202,5044.103,5092.698,0.179251,0.599728,83.202,100.994,0.42283,0.58273,0.820373,A,0.001,0.004316
11139.956,0.54584,156.943,1.5386,23,0.757,17.412,1.98647,7.24331,3270.104,7869.853,5031.541,0.152399,0.709318,82.792,101.646,0.29355,0.45167,0.918041,A,-0.001,0.044613
10305.056,0.54629,192.617,2.7463,20,0.8019,16.037,1.92637,7.70785,3361.564,6943.492,9231.812,0.113835,0.755662,83.617,103.663,0.32621,0.89585,0.932026,A,0.0,-0.047647
12487.995,0.34922,164.46,2.3903,27,0.8955,24.178,1.97258,11.58042,5929.202,6558.793,14172.669,0.013728,0.652499,81.264,101.659,0.47479,1.1349,0.981336,A,0.0,0.055655
8488.033,0.44962,145.287,3.9062,16,0.8215,13.144,2.0096,7.30371,3592.331,4895.702,14032.398,0.078692,0.721802,81.322,101.091,0.42322,1.6532,0.925928,A,0.0,-0.025809
7298.551,0.4357,156.089,2.3576,25,0.8198,20.495,1.9881,9.88916,2455.998,4842.554,5790.252,0.037352,0.637732,81.238,101.128,0.3365,0.79334,0.971152,A,-0.001,-0.009414
11378.168,0.61211,191.776,2.067,17,0.8949,15.213,1.92763,6.72892,3040.523,8337.645,6284.624,0.226324,0.752793,85.074,103.607,0.26722,0.55234,0.901195,A,-0.0,0.026295
11401.217,0.68515,179.594,1.6649,17,0.7792,13.246,1.9467,5.51268,2236.175,9165.042,3722.899,0.528651,0.723333,88.634,102.861,0.19613,0.32654,0.848665,A,0.0,0.010353
8856.725,0.32011,170.991,3.7319,16,0.8484,13.575,1.96109,7.21052,4734.695,4122.03,17669.233,0.046356,0.634563,81.948,101.865,0.53459,1.99501,0.922586,A,0.0,-0.043005
7760.714,0.63235,174.501,2.6797,24,0.8236,19.765,1.95512,9.6504,1786.465,5974.249,4787.195,0.087453,0.795294,82.623,103.096,0.23019,0.61685,0.968165,A,0.0,-0.02861
9891.714,0.53968,143.531,1.4534,25,0.7371,18.427,2.01327,7.63845,3082.249,6809.465,4479.598,0.119142,0.73004,81.778,101.045,0.3116,0.45286,0.931211,A,0.0,-0.046927
7333.142,0.59536,156.3,2.1455,24,0.8298,19.916,1.98769,9.3321,2254.629,5078.513,4837.322,0.067962,0.829495,81.651,102.405,0.30746,0.65965,0.964902,A,0.0,0.029184
9446.553,0.58535,201.42,1.2773,17,0.7873,13.384,1.9135,4.87131,2679.039,6767.514,3421.9,0.368966,0.671012,87.279,103.481,0.2836,0.36224,0.821238,A,0.0,-0.017609
7000.0,0.61205,153.604,3.2554,22,0.6699,14.739,1.99289,7.77524,1802.465,5197.535,5867.777,0.142299,0.77496,82.52,101.901,0.2575,0.83825,0.940134,A,0.0,-0.020691
9598.081,0.59567,168.457,1.3969,16,0.8941,14.306,1.96549,5.63371,2990.233,6607.848,4176.965,0.262949,0.746228,84.71,102.478,0.31154,0.43519,0.862472,A,0.0,0.048935
7000.0,0.46329,185.577,2.7791,16,0.8164,13.063,1.93716,6.35179,2854.315,4145.685,7932.486,0.111945,0.7052,83.348,103.017,0.40776,1.13321,0.901474,A,0.0,-0.033355
9596.741,0.66907,152.347,2.1974,27,0.7722,20.849,1.99535,9.89811,2338.375,7258.365,5138.243,0.084889,0.857266,81.709,102.376,0.24366,0.53542,0.969085,A,0.001,0.039655
12226.767,0.41144,178.093,1.3474,25,0.7346,18.364,1.94916,7.03513,5370.246,6856.521,7235.889,0.085182,0.666973,82.726,102.419,0.43922,0.59181,0.909067,A,0.0,0.018339
9548.957,0.63808,125.612,3.2365,18,0.8506,15.312,2.05395,8.4193,2770.018,6778.94,8965.133,0.113939,0.852258,80.858,100.761,0.29009,0.93886,0.948201,A,-0.001,-0.020445
11102.858,0.54432,160.37,1.6211,19,0.7077,13.446,1.98004,5.68088,3605.928,7496.93,5845.508,0.237082,0.6921,84.049,101.711,0.32477,0.52649,0.858543,A,0.0,-0.018209
8984.385,0.32991,149.388,2.0371,17,0.7087,12.048,2.00123,5.60624,4404.788,4579.597,8972.963,0.091696,0.559024,81.672,100.246,0.49027,0.99873,0.863731,A,0.0,0.032382
8607.275,0.51927,147.639,3.7315,24,0.7041,16.898,2.00476,9.26901,3198.62,5408.655,11935.802,0.05222,0.795475,81.076,101.709,0.37162,1.38671,0.962628,A,0.0,0.017917
7697.382,0.36039,151.692,3.7028,24,0.8395,20.147,1.99664,10.96868,4090.626,3606.757,15146.931,0.013582,0.753721,80.74,101.657,0.53143,1.9678,0.979972,A,-0.001,0.012124
11503.463,0.62647,159.072,2.2853,17,0.7964,13.539,1.98246,6.44521,3329.918,8173.545,7609.93,0.237007,0.785132,83.996,102.258,0.28947,0.66153,0.890486,A,0.0,0.048857
9854.53,0.56456,120.0,3.6897,24,0.6678,16.027,2.06808,9.16235,2713.927,7140.603,10013.49,0.082631,0.747728,80.155,99.699,0.2754,1.01613,0.959692,A,0.0,-0.009845
12373.477,0.57927,184.159,3.4786,17,0.6564,11.158,1.93939,5.7406,3721.047,8652.43,12944.015,0.276691,0.709402,85.473,102.98,0.30073,1.04611,0.856357,A,0.0,-0.047341
8170.272,0.66219,150.145,3.8489,25,0.7634,19.084,1.99971,10.49787,2043.898,6126.375,7866.753,0.063465,0.861944,81.332,102.287,0.25016,0.96285,0.976024,A,-0.001,-0.035744
9602.361,0.6724,200.592,1.5575,22,0.8192,18.023,1.91468,7.12962,2279.83,7322.531,3550.945,0.230764,0.809904,85.428,104.363,0.23742,0.3698,0.918518,A,0.0,-0.022301
10054.28,0.60307,174.676,3.5456,27,0.8512,22.981,1.95483,12.01566,3599.495,6454.785,12762.489,0.025163,0.925331,81.807,103.962,0.35801,1.26936,0.985062,A,0.0,0.047888
12052.258,0.66678,174.057,2.0112,18,0.899,16.182,1.95587,7.25026,2609.108,9443.15,5247.469,0.25849,0.779587,84.864,102.971,0.21648,0.43539,0.916076,A,0.0,0.019283
12665.402,0.68507,193.204,3.9064,19,0.7015,13.329,1.92549,6.95286,3378.244,9287.158,13196.739,0.243341,0.845751,85.347,104.283,0.26673,1.04195,0.905256,A,0.0,-0.001491
8958.11,0.63357,162.772,1.0578,22,0.6992,15.383,1.97563,5.38408,2246.996,6711.114,2376.859,0.371723,0.72124,85.923,102.027,0.25083,0.26533,0.852833,A,0.0,0.005797
8229.574,0.33319,186.99,1.0737,21,0.7947,16.688,1.93496,5.70356,4318.689,3910.885,4636.984,0.081668,0.610931,82.998,102.458,0.52478,0.56345,0.871371,A,0.0,0.032184
7324.232,0.3952,143.243,1.923,21,0.787,16.527,2.01388,7.61142,3146.459,4177.773,6050.571,0.058947,0.64845,80.97,100.49,0.4296,0.8261,0.935923,A,0.0,-0.014734
11933.085,0.61838,184.306,2.9108,24,0.6501,15.602,1.93916,7.69045,3239.241,8693.843,9428.847,0.163334,0.787926,83.982,103.505,0.27145,0.79014,0.928301,A,0.001,-0.002027
9796.009,0.41978,150.449,2.7348,16,0.7184,11.495,1.9991,5.83045,4420.134,5375.875,12087.963,0.120151,0.666146,82.094,101.011,0.45122,1.23397,0.870852,A,0.0,-0.03249
8953.785,0.58367,177.537,3.6488,20,0.8206,16.412,1.95007,8.60331,3013.819,5939.965,10996.87,0.082695,0.837861,82.673,103.521,0.3366,1.22818,0.952311,A,0.001,-0.037086
9847.84,0.44675,187.01,1.391,16,0.6805,10.889,1.93492,4.18134,4746.86,5100.98,6602.886,0.21352,0.663795,84.739,102.808,0.48202,0.67049,0.769624,A,0.0,-0.032046
7000.0,0.54656,179.369,1.9396,21,0.839,17.619,1.94707,7.74618,2728.124,4271.876,5291.558,0.084814,0.841439,82.768,103.63,0.38973,0.75594,0.939522,A,0.0,0.013822
7335.05,0.69854,156.247,1.5681,23,0.7975,18.342,1.9878,7.69443,1482.496,5852.555,2324.664,0.215196,0.82097,83.592,102.346,0.20211,0.31693,0.937736,A,-0.001,0.026539
11325.703,0.61834,185.969,3.5083,16,0.6852,10.963,1.93655,5.63813,2840.82,8484.883,9966.327,0.356267,0.70609,86.587,103.04,0.25083,0.87997,0.855481,A,0.0,-0.046263
10516.049,0.44998,150.752,1.5568,22,0.8192,18.023,1.9985,7.59845,4993.783,5522.266,7774.326,0.067344,0.795997,81.41,101.885,0.47487,0.73928,0.92893,A,0.0,0.003237
10147.119,0.32369,177.228,3.9288,27,0.7857,21.215,1.95058,11.29844,5362.362,4784.757,21067.438,0.011793,0.673243,81.725,102.42,0.52846,2.0762,0.980746,A,0.0,-0.021543
8419.47,0.57763,168.639,1.7334,26,0.8278,21.524,1.96517,9.22133,2343.474,6075.996,4062.124,0.078398,0.770177,82.281,102.645,0.27834,0.48247,0.962223,A,-0.0,0.02241
10803.018,0.49536,186.336,3.1105,24,0.8974,21.537,1.93597,10.76648,4032.241,6770.776,12542.231,0.031385,0.771669,82.312,103.49,0.37325,1.16099,0.976352,A,0.001,0.033168
12588.858,0.67863,190.941,1.2733,23,0.7318,16.831,1.9289,6.19325,3143.982,9444.876,4003.236,0.335142,0.792965,86.481,103.835,0.24974,0.318,0.876664,A,0.0,0.040192
8084.098,0.61661,168.634,1.35,16,0.8167,13.068,1.96518,5.07156,2337.295,5746.802,3155.31,0.340667,0.728845,85.743,102.372,0.28912,0.39031,0.840265,A,0.001,-0.031512
9942.755,0.54537,152.165,2.2826,26,0.7893,20.521,1.9957,9.86033,3829.576,6113.18,8741.537,0.044823,0.858932,81.172,102.378,0.38516,0.87919,0.968344,A,-0.001,0.021286
9267.724,0.53048,152.929,1.8029,18,0.755,13.59,1.99421,6.03394,3191.881,6075.843,5754.717,0.182292,0.713392,83.019,101.458,0.34441,0.62094,0.881648,A,0.0,0.030067
10461.418,0.57158,159.888,3.8043,17,0.8163,13.877,1.98094,7.51125,3352.859,7108.559,12755.18,0.130464,0.77964,82.623,102.264,0.3205,1.21926,0.926846,A,0.0,-0.007035
9940.862,0.55092,161.296,3.8535,18,0.81,14.581,1.97834,7.8982,2513.23,7427.632,9684.853,0.137075,0.690946,82.767,101.752,0.25282,0.97425,0.937096,A,0.0,0.026071
9699.07,0.38903,163.585,2.9877,23,0.7292,16.771,1.97416,8.54641,4469.847,5229.223,13354.717,0.042015,0.685654,81.603,101.834,0.46085,1.37691,0.950228,A,0.0,-0.009086
8596.277,0.63575,165.621,2.6743,17,0.798,13.566,1.9705,6.69714,2502.783,6093.494,6693.157,0.200679,0.814445,83.778,102.787,0.29115,0.77861,0.908097,A,0.0,0.011392
9895.622,0.42271,154.447,1.3175,19,0.7801,14.822,1.99125,5.80385,4083.002,5812.62,5379.195,0.133948,0.625539,82.445,100.96,0.41261,0.54359,0.869252,A,0.0,0.047922
8997.563,0.37369,149.563,2.8563,16,0.744,11.905,2.00088,6.11578,4976.992,4020.571,14215.773,0.077054,0.740896,81.487,101.456,0.55315,1.57996,0.885943,A,0.0,-0.022796
9699.405,0.44274,127.704,1.6808,24,0.8219,19.726,2.04886,8.8712,4258.271,5441.134,7157.179,0.0448,0.754174,80.05,100.248,0.43902,0.7379,0.955576,A,0.0,-0.017764
9823.729,0.52344,158.031,2.9255,21,0.664,13.944,1.98442,7.12183,3867.04,5956.689,11313.003,0.109375,0.792241,82.269,102.25,0.39364,1.1516,0.917746,A,0.0,0.041958
10900.443,0.45592,196.596,2.3443,17,0.6695,11.382,1.92047,5.20653,4653.727,6246.716,10909.88,0.177296,0.663491,84.59,103.227,0.42693,1.00087,0.833977,A,0.0,0.002945
9045.524,0.33057,143.201,2.0714,27,0.7793,21.041,2.01396,9.93478,3888.767,5156.757,8055.095,0.023075,0.562453,80.495,99.92,0.42991,0.89051,0.96999,A,0.0,0.012125
9433.87,0.53313,164.725,1.6129,20,0.6969,13.937,1.9721,5.84247,3234.036,6199.833,5216.066,0.197819,0.708045,83.705,102.039,0.34281,0.55291,0.8728,A,0.001,-0.035411
11526.95,0.59772,154.023,2.8765,19,0.8919,16.946,1.99208,8.66608,4104.21,7422.74,11805.568,0.084559,0.881453,81.775,102.627,0.35605,1.02417,0.949629,A,0.0,0.044219
9591.509,0.66508,138.622,1.4234,24,0.6984,16.763,2.02381,6.94102,2328.338,7263.172,3314.125,0.2384,0.801864,83.129,101.233,0.24275,0.34553,0.912986,A,-0.001,-0.031126
9526.054,0.30891,168.796,2.8193,17,0.7229,12.288,1.96489,6.12692,4654.847,4871.207,13123.535,0.072999,0.53435,82.216,101.096,0.48864,1.37765,0.88453,A,0.0,-0.035295
11215.405,0.41817,164.624,3.8548,18,0.8353,15.035,1.97229,8.10822,4861.604,6353.801,18740.741,0.058541,0.693331,81.862,101.937,0.43348,1.67098,0.939315,A,0.0,0.055548
10327.789,0.38372,177.911,2.4809,20,0.8438,16.876,1.94945,8.02899,4784.226,5543.563,11869.354,0.050354,0.671429,82.259,102.44,0.46324,1.14926,0.939212,A,0.0,-0.034682
10055.864,0.48272,201.944,2.7978,20,0.7055,14.109,1.91275,6.74098,3578.611,6477.253,10012.147,0.128374,0.678488,84.121,103.552,0.35587,0.99565,0.905359,A,0.0,0.027628
10249.293,0.35248,142.983,2.7466,16,0.7552,12.083,2.01442,6.20359,5521.561,4727.733,15165.722,0.07517,0.676363,81.173,100.659,0.53873,1.47968,0.885113,A,-0.001,-0.048619
8060.47,0.47338,230.0,2.652,17,0.8862,15.066,1.87579,6.88184,2771.151,5289.319,7349.196,0.116632,0.660289,84.828,104.538,0.3438,0.91176,0.915296,A,0.0,-0.018748
10612.305,0.56307,182.317,2.4755,22,0.7697,16.934,1.94231,8.00738,3511.525,7100.781,8692.939,0.105108,0.789541,83.142,103.425,0.33089,0.81914,0.938233,A,-0.001,0.023475
11910.697,0.37418,177.438,3.6328,27,0.8872,23.953,1.95023,12.54614,5689.16,6221.537,20667.829,0.01026,0.706962,81.713,102.652,0.47765,1.73523,0.986903,A,0.0,-0.016419
10794.875,0.60814,184.875,2.3809,17,0.847,14.4,1.93826,6.71095,3106.631,7688.244,7396.614,0.206576,0.770399,84.573,103.415,0.28779,0.6852,0.902242,A,0.0,0.024388
7590.734,0.32764,173.905,2.8614,21,0.8815,18.511,1.95613,9.20374,4061.91,3528.824,11622.649,0.022666,0.678679,81.745,102.297,0.53511,1.53116,0.962981,A,0.0,0.022092
10352.89,0.48888,193.789,1.871,18,0.8586,15.454,1.92462,6.59393,3890.821,6462.07,7279.784,0.130767,0.7045,83.881,103.376,0.37582,0.70316,0.899475,A,-0.001,0.001558
8570.913,0.55249,151.139,3.2238,19,0.8638,16.413,1.99773,8.66872,3139.035,5431.878,10119.723,0.069479,0.831613,81.454,102.141,0.36624,1.18071,0.953943,A,0.0,0.026351
9589.991,0.66494,139.385,2.7846,16,0.8832,14.131,2.02214,7.32138,2372.822,7217.169,6607.303,0.204687,0.816263,82.719,101.373,0.24743,0.68898,0.923835,A,0.0,-0.025221
10125.865,0.44203,146.54,3.1255,22,0.8745,19.239,2.00701,10.15421,4322.082,5803.783,13508.662,0.029741,0.749064,80.731,101.342,0.42684,1.33407,0.971281,A,-0.0,-0.011844
8144.454,0.32575,168.193,2.259,21,0.692,14.532,1.96595,6.80897,4246.092,3898.362,9591.812,0.054437,0.621263,81.947,101.64,0.52135,1.17771,0.912875,A,0.0,0.003309
11938.158,0.62525,172.113,3.4966,21,0.653,13.713,1.95917,7.17134,3802.492,8135.666,13295.906,0.168813,0.838589,83.607,103.266,0.31852,1.11373,0.914004,A,0.0,-0.056808
9832.508,0.65165,159.454,1.5241,20,0.7507,15.014,1.98175,6.20061,2496.724,7335.784,3805.2,0.29148,0.774234,84.73,102.206,0.25393,0.387,0.886421,A,0.0,-0.004663
11125.61,0.47514,196.274,2.3119,20,0.6532,13.063,1.92094,5.95285,4198.573,6927.037,9706.612,0.162039,0.664922,84.377,103.222,0.37738,0.87246,0.871302,A,0.0,-0.049531
10890.22,0.62031,185.188,1.0092,20,0.6797,13.593,1.93777,4.51665,3053.643,7836.577,3081.588,0.467442,0.679877,88.027,102.832,0.2804,0.28297,0.788699,A,-0.0,0.002916
11955.035,0.66034,182.845,3.6789,24,0.7973,19.135,1.94147,9.98182,3003.508,8951.527,11049.53,0.084563,0.853537,82.89,103.871,0.25123,0.92426,0.967827,A,0.0,-0.057336
11727.653,0.35111,182.95,2.1225,18,0.8885,15.993,1.94131,7.21131,5791.245,5936.407,12292.119,0.059935,0.635158,82.568,102.435,0.49381,1.04813,0.915705,A,0.001,0.041578
7730.26,0.65235,176.878,2.9063,22,0.7508,16.517,1.95116,8.2139,1873.58,5856.68,5445.176,0.141526,0.815764,83.425,103.344,0.24237,0.7044,0.947418,A,0.0,0.006124
10007.216,0.30401,206.826,1.2049,18,0.8579,15.442,1.90591,5.44253,5124.734,4882.483,6174.998,0.088377,0.530336,83.75,102.777,0.5121,0.61705,0.851128,A,-0.001,0.028615
7000.0,0.4606,148.084,3.0669,22,0.8986,19.77,2.00386,10.36254,3031.463,3968.537,9297.167,0.025744,0.792771,80.745,101.716,0.43307,1.32817,0.975795,A,0.0,0.016971
9274.335,0.473,198.395,3.4538,20,0.7465,14.929,1.91785,7.53927,3428.633,5845.701,11841.926,0.089427,0.697971,83.49,103.531,0.36969,1.27685,0.930105,A,0.001,0.018319
11017.634,0.61328,191.225,3.2996,26,0.6819,17.73,1.92847,8.93542,3433.289,7584.345,11328.446,0.088897,0.850663,83.241,104.229,0.31162,1.02821,0.95483,A,0.0,-0.036183
11317.445,0.66065,133.423,1.0165,26,0.6741,17.527,2.03544,6.27952,3464.716,7852.729,3521.978,0.249105,0.842232,83.026,101.187,0.30614,0.3112,0.884568,A,0.0,-0.027691
11880.739,0.67709,163.927,1.5488,27,0.6642,17.934,1.97354,7.40863,3082.281,8798.458,4773.713,0.206214,0.842041,83.784,102.883,0.25944,0.4018,0.920986,A,-0.0,0.057703
9382.334,0.5622,170.624,3.2619,23,0.8409,19.34,1.96172,9.97382,2904.689,6477.645,9474.867,0.054316,0.789945,82.039,102.873,0.30959,1.00986,0.970089,A,0.0,-0.006192
10428.946,0.66328,195.729,2.7982,24,0.8257,19.818,1.92174,9.53729,2640.88,7788.066,7389.61,0.094198,0.85625,83.464,104.462,0.25323,0.70857,0.964037,A,0.0,0.014176
10095.51,0.62009,171.297,3.5726,24,0.7555,18.132,1.96057,9.53726,2900.776,7194.734,10363.406,0.076845,0.83911,82.362,103.23,0.28733,1.02654,0.964392,A,0.0,0.041417
11850.53,0.33196,171.356,1.3553,22,0.6564,14.441,1.96046,5.59384,5317.441,6533.089,7206.648,0.110232,0.512433,82.805,101.077,0.44871,0.60813,0.851001,A,0.0,-0.020613
12332.95,0.64398,161.414,2.3507,22,0.8589,18.896,1.97812,9.04306,3303.348,9029.602,7765.227,0.10859,0.839841,82.395,102.74,0.26785,0.62963,0.954835,A,0.0,0.032608
9412.7,0.42886,166.797,2.5917,21,0.66,13.861,1.96841,6.77339,4341.35,5071.35,11251.34,0.085331,0.722935,82.301,102.242,0.46122,1.19534,0.908229,A,0.0,0.022373
13000.0,0.50176,195.532,3.3238,24,0.7068,16.963,1.92203,8.51992,5036.066,7963.934,16738.98,0.071569,0.773802,83.158,103.909,0.38739,1.28761,0.944745,A,0.0,-0.054265
9945.939,0.33094,163.207,2.3557,16,0.7021,11.234,1.97485,5.36643,5215.173,4730.766,12285.132,0.096317,0.589583,82.305,101.18,0.52435,1.23519,0.847391,A,0.0,0.020024
9401.667,0.58419,151.574,2.5439,18,0.8185,14.734,1.99687,7.31441,2785.073,6616.594,7085.034,0.149706,0.767069,82.532,101.739,0.29623,0.75359,0.924086,A,0.0,0.033563
10851.76,0.53045,163.693,3.1414,24,0.8421,20.21,1.97396,10.42515,4320.584,6531.176,13572.846,0.035556,0.857846,81.522,102.976,0.39815,1.25075,0.973313,A,0.0,-0.0498
11090.789,0.53197,165.428,3.0669,25,0.7199,17.997,1.97084,9.20774,3915.582,7175.206,12008.818,0.062006,0.788431,81.94,102.605,0.35305,1.08277,0.958849,A,0.001,0.022605
10773.421,0.57154,137.452,3.0599,22,0.8315,18.293,2.02638,9.73751,3848.883,6924.538,11777.215,0.054187,0.859102,80.643,101.542,0.35726,1.09317,0.966129,A,0.0,-0.00283
8980.485,0.4882,155.555,2.9571,17,0.7884,13.403,1.98912,6.88777,3176.832,5803.653,9394.141,0.120075,0.689708,82.308,101.443,0.35375,1.04606,0.912994,A,0.0,-0.011229
12165.701,0.379,170.574,2.1366,22,0.7925,17.434,1.96181,8.00265,5456.281,6709.42,11657.629,0.054675,0.642748,82.042,101.899,0.4485,0.95824,0.935299,A,-0.0,0.012229
10038.736,0.44062,176.712,1.6657,21,0.8602,18.064,1.95143,7.54651,4043.798,5994.938,6735.917,0.078049,0.685194,82.581,102.474,0.40282,0.67099,0.928647,A,0.0,-0.042082
12265.705,0.40803,167.464,1.3789,26,0.7479,19.445,1.96723,7.62635,5715.192,6550.514,7880.449,0.064816,0.707472,82.056,102.173,0.46595,0.64248,0.925983,A,-0.001,0.034486
12049.843,0.38474,187.172,2.6755,22,0.664,14.608,1.93467,7.01736,5566.755,6483.088,14893.69,0.075823,0.649985,82.927,102.724,0.46198,1.23601,0.908955,A,0.0,0.058578
8051.717,0.3523,150.66,2.4712,20,0.6694,13.387,1.99868,6.59972,4030.625,4021.092,9960.409,0.06578,0.639499,81.385,100.847,0.50059,1.23705,0.906531,A,-0.0,0.001074
8493.53,0.41048,174.474,1.1312,17,0.7166,12.182,1.95517,4.33528,4017.372,4476.158,4544.609,0.18171,0.615804,83.866,101.91,0.47299,0.53507,0.790618,A,0.0,-0.008473
8463.65,0.42836,172.39,2.6615,22,0.8843,19.455,1.9587,9.50689,3297.045,5166.606,8775.123,0.037642,0.677694,81.886,102.218,0.38955,1.0368,0.965768,A,-0.001,0.00386
10340.616,0.58369,121.835,1.0678,16,0.6653,10.644,2.06337,3.98147,3627.349,6713.267,3873.244,0.417216,0.673645,84.668,99.334,0.35079,0.37457,0.749262,A,0.0,-0.032636
10048.171,0.66456,186.402,1.7551,18,0.8954,16.116,1.93587,6.78177,2358.62,7689.551,4139.684,0.264082,0.787395,85.386,103.596,0.23473,0.41198,0.906722,A,0.0,0.029423
10371.363,0.39844,175.549,3.1563,18,0.7057,12.703,1.95337,6.45876,4153.133,6218.23,13108.402,0.104927,0.594484,82.893,101.82,0.40044,1.2639,0.894547,A,0.0,-0.048156
8750.934,0.52724,173.429,3.0047,17,0.7887,13.408,1.95693,6.75429,3398.937,5351.997,10212.955,0.122874,0.784042,83.05,102.97,0.38841,1.16707,0.909481,A,-0.0,0.011025
10610.721,0.59049,182.894,1.7032,19,0.8639,16.414,1.94139,6.86073,3098.227,7512.494,5276.941,0.186585,0.757063,84.238,103.237,0.29199,0.49732,0.907736,A,0.0,0.010713
12077.657,0.40119,144.114,3.8305,20,0.7915,15.831,2.01204,8.77691,5889.283,6188.374,22559.071,0.040496,0.744447,80.766,101.174,0.48762,1.86784,0.95078,A,0.0,0.026348
7969.608,0.49526,137.22,1.7632,25,0.6968,17.42,2.02689,7.85328,3169.446,4800.162,5588.28,0.074863,0.772835,80.905,100.958,0.39769,0.7012,0.939885,A,0.0,0.020623
9679.307,0.65813,139.042,1.0585,17,0.737,12.53,2.02289,4.53907,3229.224,6450.083,3418.046,0.398938,0.787891,85.267,101.166,0.33362,0.35313,0.797768,A,0.0,0.019807
10346.509,0.59875,152.59,3.7737,19,0.8636,16.408,1.99487,8.95767,2972.743,7373.765,11218.293,0.091576,0.803222,81.807,102.033,0.28732,1.08426,0.956056,A,0.001,-0.02992
9779.424,0.45129,192.827,1.5694,18,0.8068,14.522,1.92605,5.814,3477.711,6301.713,5458.049,0.16476,0.609423,84.297,102.707,0.35562,0.55812,0.870171,A,0.0,-0.040249
9678.809,0.47954,183.869,3.8236,21,0.6845,14.375,1.93985,7.55022,3741.671,5937.138,14306.668,0.087442,0.726647,82.964,103.08,0.38658,1.47814,0.929508,A,0.0,-0.006644
12628.396,0.45462,168.7,3.6823,20,0.7061,14.123,1.96506,7.50274,5001.679,7626.717,18417.82,0.08962,0.693997,82.431,102.145,0.39607,1.45844,0.921923,A,0.0,-0.0478
11900.601,0.48085,157.774,3.808,20,0.7165,14.33,1.9849,7.78117,4517.222,7383.379,17201.768,0.087908,0.721257,81.975,101.768,0.37958,1.44545,0.930606,A,0.0,-0.009748
11250.092,0.62407,183.442,1.8323,27,0.7263,19.61,1.94052,8.41047,3274.959,7975.133,6000.641,0.117154,0.832237,83.341,103.758,0.29111,0.53339,0.945352,A,0.0,-0.030395
8834.201,0.38025,136.356,1.4903,22,0.8663,19.059,2.02881,8.06885,3922.999,4911.202,5846.314,0.049053,0.644798,80.524,100.062,0.44407,0.66178,0.942714,A,-0.0,0.036833
13000.0,0.52896,191.431,1.9047,16,0.8899,14.238,1.92815,6.1298,4247.093,8752.907,8089.459,0.206516,0.685419,84.8,103.147,0.3267,0.62227,0.872451,A,0.0,-0.021421
10518.854,0.44929,158.462,3.4535,27,0.7131,19.254,1.9836,10.22628,4168.101,6350.753,14394.671,0.032125,0.723087,81.267,101.817,0.39625,1.36846,0.971668,A,0.0,-0.031265
9110.536,0.56793,178.766,1.191,20,0.8479,16.959,1.94805,6.14714,3237.005,5873.531,3855.172,0.180953,0.781202,84.015,103.205,0.3553,0.42316,0.886794,A,0.0,-0.01322
9471.434,0.52781,166.955,3.0071,19,0.824,15.655,1.96813,7.9547,3472.22,5999.214,10441.34,0.08754,0.782632,82.336,102.643,0.3666,1.1024,0.939198,A,0.0,-0.017411
9243.507,0.30614,146.292,1.1974,21,0.7754,16.282,2.00752,6.1834,5633.711,3609.796,6745.994,0.056377,0.695946,81.072,100.977,0.60948,0.72981,0.887764,A,0.0,-0.027579
13000.0,0.61445,181.312,1.8743,16,0.811,12.976,1.94393,5.6243,3834.688,9165.312,7187.521,0.317114,0.738851,85.904,103.044,0.29498,0.55289,0.847764,A,0.0,0.016813
10286.78,0.52915,212.599,1.7817,27,0.7169,19.358,1.89806,7.94548,3121.411,7165.37,5561.421,0.109016,0.712169,84.205,104.21,0.30344,0.54064,0.937485,A,-0.001,0.011508
10073.98,0.47038,172.358,2.2339,19,0.767,14.572,1.95875,6.76762,4216.83,5857.149,9419.906,0.105421,0.73313,82.78,102.582,0.41859,0.93507,0.906187,A,0.001,0.004631
7000.0,0.32026,166.335,3.7189,20,0.8866,17.731,1.96923,9.46909,3775.932,3224.068,14042.397,0.019646,0.672325,81.416,101.884,0.53942,2.00606,0.966909,A,0.0,0.016522
11085.715,0.32387,153.3,2.0262,22,0.7361,16.195,1.99348,7.48071,5621.298,5464.417,11389.636,0.048098,0.607556,81.264,100.78,0.50708,1.02742,0.924694,A,0.0,0.017991
8392.756,0.64576,166.98,3.2832,21,0.7699,16.168,1.96808,8.39086,1909.728,6483.028,6269.978,0.143254,0.793786,83.073,102.718,0.22754,0.74707,0.949522,A,-0.0,-0.006924
8285.565,0.53583,188.923,3.7857,24,0.8129,19.509,1.93197,10.16276,3077.929,5207.636,11652.212,0.039029,0.829467,82.503,103.987,0.37148,1.40633,0.972942,A,0.0,-0.036407
10899.337,0.47425,135.157,1.3893,16,0.7476,11.962,2.0315,4.92973,3937.449,6961.887,5470.177,0.240118,0.606675,82.99,99.738,0.36126,0.50188,0.817094,A,0.001,-0.044602
8685.387,0.65095,177.251,3.0779,18,0.7436,13.384,1.95054,6.74941,2534.414,6150.973,7800.723,0.201861,0.835988,84.235,103.495,0.2918,0.89814,0.909511,A,0.0,0.013707
11234.252,0.47889,144.555,3.6645,23,0.7151,16.446,2.01112,9.02747,4257.78,6976.472,15602.57,0.055614,0.737218,80.985,101.151,0.379,1.38884,0.955986,A,0.0,-0.001972
11663.34,0.30914,181.318,1.6095,21,0.7636,16.035,1.94392,6.57404,5734.53,5928.81,9229.906,0.066124,0.544196,82.591,101.759,0.49167,0.79136,0.894834,A,0.0,-0.019821
7296.408,0.5684,192.64,1.2021,19,0.6975,13.253,1.92633,4.74318,2321.3,4975.108,2790.528,0.31212,0.687983,86.236,103.217,0.31814,0.38245,0.825303,A,0.0,-0.035576
9776.335,0.50823,162.992,3.9031,17,0.8025,13.643,1.97523,7.39247,4324.866,5451.469,16880.405,0.085834,0.843326,82.158,102.844,0.44238,1.72666,0.925287,A,0.0,0.040643
7619.773,0.55428,141.148,3.8256,27,0.8246,22.265,2.01833,12.39601,2521.069,5098.704,9644.515,0.020308,0.818299,80.366,101.49,0.33086,1.26572,0.987877,A,0.0,0.025525
9887.599,0.50915,161.491,3.0007,27,0.7123,19.231,1.97798,9.8385,3331.074,6556.525,9995.693,0.048129,0.743373,81.6,102.108,0.33689,1.01093,0.968154,A,0.0,0.006111
11348.797,0.37996,186.696,2.6961,26,0.7414,19.275,1.93541,9.28415,5961.652,5387.145,16072.945,0.029196,0.768123,82.295,103.482,0.52531,1.41627,0.959635,A,0.0,0.042537
7934.759,0.46173,159.13,3.4116,27,0.7971,21.522,1.98235,11.38907,3306.968,4627.791,11282.026,0.019299,0.777887,81.124,102.213,0.41677,1.42185,0.98258,A,0.0,-0.00336
12683.74,0.60564,159.895,1.9007,26,0.6736,17.514,1.98093,7.84483,3761.512,8922.227,7149.464,0.141673,0.801238,82.771,102.407,0.29656,0.56367,0.930627,A,0.001,0.048287
9513.038,0.52157,159.15,1.5301,21,0.869,18.249,1.98232,7.55149,3414.84,6098.199,5224.943,0.101864,0.756593,82.215,102.074,0.35896,0.54924,0.929893,A,-0.001,0.011292
8203.648,0.56535,189.64,3.5649,24,0.8815,21.155,1.93087,10.87029,2666.007,5537.641,9503.935,0.036651,0.819877,82.496,103.955,0.32498,1.1585,0.978932,A,0.0,0.036084
9791.024,0.6191,173.151,1.8612,19,0.8988,17.077,1.9574,7.46073,3081.538,6709.486,5735.281,0.143561,0.837506,83.313,103.309,0.31473,0.58577,0.927018,A,0.0,-0.0005
11165.162,0.61041,173.156,1.7713,27,0.8806,23.777,1.95739,10.20677,3492.507,7672.655,6186.428,0.05673,0.862439,82.167,103.474,0.3128,0.55408,0.970929,A,0.0,-0.000291
7910.6,0.41468,142.193,3.9386,20,0.7924,15.849,2.0161,8.86237,3334.972,4575.628,13135.044,0.041458,0.686709,80.692,100.682,0.42158,1.66044,0.957852,A,0.0,-0.018589
9978.601,0.42755,200.554,1.1773,19,0.8143,15.473,1.91474,5.43465,4554.299,5424.302,5361.945,0.139723,0.669204,84.225,103.433,0.45641,0.53734,0.850845,A,0.0,0.045943
7915.281,0.42482,189.967,1.9413,19,0.8637,16.41,1.93038,7.12344,3370.691,4544.59,6543.642,0.07729,0.682588,83.044,103.064,0.42585,0.82671,0.922524,A,0.0,-0.033632
11781.319,0.45722,144.664,2.4147,21,0.7195,15.11,2.01089,7.46447,4971.825,6809.494,12005.321,0.083712,0.729924,81.36,101.109,0.42201,1.01901,0.922734,A,0.0,0.04016
10206.809,0.59323,132.811,2.0838,19,0.8654,16.442,2.03685,7.90416,2544.244,7662.566,5301.802,0.150586,0.740202,81.696,100.476,0.24927,0.51944,0.936725,A,-0.001,0.011098
9335.973,0.64804,169.234,1.7499,18,0.8177,14.718,1.96413,6.3225,2198.314,7137.658,3846.758,0.295047,0.756752,85.164,102.586,0.23547,0.41204,0.892793,A,0.001,0.041025
11526.23,0.34789,163.709,1.4575,23,0.8938,20.557,1.97393,8.29092,5807.223,5719.007,8464.262,0.039661,0.660883,81.577,101.677,0.50383,0.73435,0.942562,A,0.0,-0.05462
8040.083,0.41927,183.289,3.5567,23,0.8562,19.693,1.94077,10.19241,3782.721,4257.362,13453.895,0.023679,0.770762,82.102,103.345,0.47048,1.67335,0.973429,A,-0.0,-0.018301
9382.47,0.56893,167.476,3.1064,25,0.8047,20.118,1.96721,10.29711,2894.476,6487.994,8991.512,0.04926,0.800774,81.851,102.789,0.3085,0.95833,0.973289,A,0.0,-0.030138
12741.278,0.51438,199.921,1.8647,23,0.6626,15.239,1.91564,6.44823,4637.457,8103.821,8647.654,0.160099,0.717118,84.473,103.722,0.36397,0.67871,0.886715,A,0.0,0.010442
9785.4,0.61414,193.572,2.8945,16,0.6762,10.82,1.92494,5.26639,2953.876,6831.524,8550.071,0.319995,0.74133,86.371,103.61,0.30187,0.87376,0.842715,A,-0.0,-0.033682
12006.341,0.53673,169.37,1.7535,24,0.8089,19.413,1.96389,8.34414,4312.049,7694.292,7561.232,0.085415,0.789664,82.402,102.809,0.35915,0.62977,0.942846,A,0.0,-0.055658
10263.604,0.65784,167.41,2.868,19,0.8134,15.454,1.96733,7.75383,2972.133,7291.471,8524.008,0.151763,0.864128,83.202,103.204,0.28958,0.83051,0.933194,A,0.0,-0.014817
8920.563,0.60505,196.554,1.4517,20,0.836,16.721,1.92053,6.46117,2687.001,6233.562,3900.787,0.202537,0.778562,84.921,103.984,0.30121,0.43728,0.899171,A,0.0,-0.044976
9600.668,0.47966,172.484,2.464,27,0.7867,21.24,1.95853,10.15583,3769.779,5830.889,9288.561,0.034512,0.767453,81.848,102.815,0.39266,0.96749,0.971748,A,0.0,0.020544
10085.401,0.47642,170.725,2.7795,23,0.8005,18.412,1.96155,9.12258,4046.883,6038.518,11248.423,0.048867,0.762954,81.971,102.7,0.40126,1.11532,0.958842,A,0.0,0.016251
9354.979,0.38187,179.492,2.5126,22,0.7116,15.654,1.94687,7.46022,4582.614,4772.365,11514.38,0.056154,0.694634,82.394,102.667,0.48986,1.23083,0.927966,A,0.0,0.006735
8732.947,0.62445,180.3,3.6272,16,0.8297,13.275,1.94556,6.92569,2788.91,5944.037,10115.994,0.166597,0.839271,83.881,103.659,0.31935,1.15837,0.914799,A,0.0,0.006838
8796.412,0.68102,198.573,1.2746,20,0.7997,15.995,1.91759,5.8354,2182.735,6613.677,2782.04,0.34316,0.792531,86.845,104.163,0.24814,0.31627,0.874966,A,0.0,-0.038889
7743.298,0.65965,136.256,2.4816,24,0.8296,19.911,2.02904,10.04197,2080.166,5663.132,5162.243,0.068121,0.876925,80.771,101.588,0.26864,0.66667,0.972258,A,0.0,0.021509
10133.655,0.52704,156.337,1.0719,26,0.7018,18.248,1.98763,6.4852,3544.963,6588.692,3799.881,0.156302,0.72651,82.818,101.727,0.34982,0.37498,0.896255,A,0.0,0.006099
10558.121,0.64996,152.981,1.1129,22,0.862,18.965,1.99411,6.89444,2568.798,7989.323,2858.745,0.243207,0.780737,83.826,101.906,0.2433,0.27076,0.908959,A,0.0,0.046599
11090.95,0.31769,208.137,2.3736,21,0.7851,16.488,1.90411,7.47098,6134.411,4956.539,14560.826,0.043408,0.657148,83.198,103.667,0.5531,1.31286,0.924426,A,0.0,0.021702
7258.621,0.42728,182.042,1.8197,17,0.865,14.704,1.94276,6.30202,3007.558,4251.062,5472.934,0.104268,0.655799,83.121,102.529,0.41434,0.75399,0.898888,A,0.001,0.029315
11175.802,0.32406,170.764,1.019,20,0.718,14.359,1.96148,4.88244,5244.276,5931.525,5343.776,0.129459,0.496117,83.036,100.94,0.46925,0.47816,0.812539,A,0.001,-0.018719
9941.341,0.50822,190.283,3.3307,20,0.6813,13.627,1.9299,6.89025,3645.212,6296.129,12140.943,0.124072,0.73063,83.672,103.395,0.36667,1.22126,0.910485,A,0.0,-0.021152
7824.076,0.33044,123.641,3.8508,18,0.771,13.878,2.05882,7.95571,4176.875,3647.201,16084.431,0.035732,0.667939,79.725,99.416,0.53385,2.05576,0.942271,A,0.0,0.031787
10113.753,0.51401,164.261,3.8384,24,0.7209,17.302,1.97294,9.32729,3882.684,6231.069,14903.241,0.051339,0.8023,81.753,102.638,0.3839,1.47356,0.961655,A,0.0,0.050407
11188.892,0.3517,161.921,2.8651,22,0.6979,15.353,1.97719,7.75817,5496.343,5692.549,15747.478,0.049073,0.643901,81.63,101.473,0.49123,1.40742,0.931458,A,0.0,-0.026717
10750.631,0.65523,132.721,2.3862,19,0.7473,14.199,2.03705,7.11902,2897.92,7852.711,6915.026,0.20573,0.821105,82.42,101.004,0.26956,0.64322,0.915363,A,-0.0,0.046603
11054.991,0.63195,166.77,2.7403,24,0.7838,18.812,1.96846,9.3342,3167.118,7887.873,8678.86,0.086752,0.850851,82.319,103.084,0.28649,0.78506,0.960672,A,0.0,0.043112
11385.002,0.45448,149.933,1.2221,21,0.8234,17.292,2.00013,6.5927,4618.539,6766.463,5644.213,0.11612,0.685424,82.018,101.11,0.40567,0.49576,0.89635,A,0.0,0.054825
11310.936,0.5639,153.927,1.432,17,0.722,12.274,1.99226,4.98139,3796.318,7514.618,5436.469,0.305423,0.694476,84.687,101.387,0.33563,0.48064,0.818212,A,-0.0,0.032128
9913.825,0.56445,185.451,3.2629,26,0.6975,18.135,1.93735,9.17972,3189.507,6724.318,10406.902,0.070417,0.798787,82.796,103.629,0.32172,1.04974,0.959864,A,0.0,-0.034795
7000.0,0.53319,190.785,3.1744,22,0.835,18.371,1.92913,9.17917,2558.437,4441.563,8121.483,0.05343,0.809546,82.757,103.938,0.36549,1.16021,0.963375,A,0.0,-0.016849
8828.153,0.65399,172.723,1.3647,20,0.8701,17.402,1.95813,6.74862,2269.359,6558.794,3096.9,0.231303,0.800237,84.455,103.043,0.25706,0.3508,0.909083,A,0.0,0.024602
10501.894,0.56211,178.878,3.5807,23,0.8522,19.6,1.94787,10.21509,2964.903,7536.991,10616.347,0.056604,0.760966,82.377,103.076,0.28232,1.0109,0.971571,A,0.0,0.000374
9263.691,0.47218,154.871,3.4191,19,0.8533,16.212,1.99044,8.63418,3460.703,5802.988,11832.401,0.060201,0.717871,81.489,101.592,0.37358,1.27729,0.95237,A,0.0,-0.004963
10996.573,0.44871,186.099,2.8821,18,0.8161,14.69,1.93634,7.20647,4604.726,6391.847,13271.237,0.088594,0.708136,83.058,103.06,0.41874,1.20685,0.917322,A,0.0,0.024208
11165.227,0.38019,179.72,3.2421,20,0.8812,17.625,1.9465,8.97146,5272.712,5892.515,17094.899,0.036063,0.688116,82.137,102.635,0.47224,1.53108,0.955205,A,0.0,0.023989
10041.033,0.31381,155.626,2.9775,25,0.8308,20.77,1.98898,10.69125,5399.694,4641.339,16077.53,0.013852,0.662779,80.909,101.269,0.53776,1.60118,0.976263,A,0.0,-0.002017
12788.781,0.40527,143.755,1.5007,26,0.7569,19.68,2.0128,8.2617,5352.017,7436.764,8031.857,0.05823,0.655029,80.984,100.563,0.41849,0.62804,0.93987,A,0.0,-0.03476
8506.701,0.54053,185.589,2.1334,21,0.8996,18.892,1.93714,8.50485,2950.105,5556.596,6293.772,0.075871,0.787234,82.872,103.559,0.3468,0.73986,0.951322,A,0.0,-0.04162
11366.587,0.59603,160.04,2.7177,26,0.7177,18.66,1.98066,9.32238,3195.947,8170.641,8685.613,0.084473,0.796125,82.022,102.381,0.28117,0.76414,0.960151,A,-0.001,0.004053
9261.121,0.30077,166.817,2.1383,21,0.8779,18.437,1.96837,8.50695,4408.102,4853.019,9425.766,0.031465,0.545378,81.591,101.071,0.47598,1.01778,0.950205,A,0.0,0.036638
8799.301,0.68051,188.399,3.1141,21,0.8473,17.793,1.93278,8.87488,1996.119,6803.182,6216.078,0.129465,0.842186,83.678,104.047,0.22685,0.70643,0.956842,A,0.0,0.040141
10853.223,0.66564,168.056,1.5055,24,0.8364,20.074,1.96619,8.15529,2780.223,8073.0,4185.73,0.153485,0.842018,83.25,103.09,0.25617,0.38567,0.940933,A,0.0,0.005517
9046.579,0.55517,205.61,2.2383,17,0.6999,11.898,1.9076,5.31143,2957.24,6089.339,6619.269,0.257078,0.699933,85.938,103.846,0.32689,0.73169,0.848629,A,0.0,0.018604
11258.933,0.68791,166.793,2.5594,16,0.6875,11.001,1.96842,5.35695,2839.568,8419.366,7267.478,0.434116,0.773508,86.905,102.575,0.25221,0.64549,0.840842,A,-0.001,-0.016258
8220.559,0.32146,120.0,3.5325,17,0.8681,14.758,2.06808,8.35768,4333.825,3886.734,15309.36,0.030969,0.645357,79.473,99.024,0.52719,1.86233,0.94921,A,0.0,0.035676
10023.376,0.39969,189.405,1.0969,18,0.88,15.839,1.93123,5.45315,4001.904,6021.472,4389.495,0.148554,0.566603,83.965,102.273,0.39926,0.43793,0.851609,A,0.0,-0.039793
8705.605,0.3396,164.627,1.0431,27,0.6764,18.263,1.97228,6.33287,4756.179,3949.426,4961.18,0.065116,0.670145,81.949,101.784,0.54634,0.56988,0.895243,A,0.0,0.032019
9618.283,0.59366,136.547,1.6176,19,0.756,14.364,2.02839,6.27803,3090.791,6527.492,4999.781,0.2029,0.778682,82.564,100.957,0.32135,0.51982,0.890171,A,0.0,0.027866
9412.883,0.65838,170.519,2.909,18,0.7027,12.648,1.9619,6.34333,2242.762,7170.121,6524.283,0.294776,0.77211,85.209,102.75,0.23827,0.69312,0.893321,A,0.0,0.019373
8278.046,0.68241,164.524,2.1942,20,0.7978,15.956,1.97247,7.44542,1668.828,6609.218,3661.796,0.237028,0.79487,84.214,102.602,0.2016,0.44235,0.929977,A,0.0,-0.006704
10954.419,0.54827,163.038,3.1989,25,0.8537,21.343,1.97515,11.06716,3806.991,7147.429,12178.178,0.03373,0.822328,81.472,102.708,0.34753,1.11171,0.978619,A,-0.001,0.038504
8103.635,0.46413,208.166,1.5632,24,0.8312,19.95,1.90407,7.83534,3264.739,4838.895,5103.539,0.06999,0.730044,83.55,104.15,0.40287,0.62978,0.939247,A,0.001,0.034769
8501.366,0.34803,138.892,2.7001,19,0.7027,13.352,2.02322,6.86583,3945.844,4555.521,10654.021,0.064767,0.593376,80.849,99.873,0.46414,1.25321,0.913624,A,0.001,0.033102
11309.127,0.37741,158.916,3.1482,22,0.7173,15.781,1.98275,8.19766,5259.225,6049.902,16556.833,0.04786,0.663881,81.493,101.45,0.46504,1.46402,0.941026,A,0.0,0.056123
11432.111,0.4472,147.427,1.1037,20,0.8593,17.186,2.0052,6.27316,4323.966,7108.144,4772.197,0.13724,0.63576,82.189,100.644,0.37823,0.41744,0.883928,A,0.001,-0.054684
10974.168,0.39134,143.847,2.0029,24,0.8649,20.759,2.01261,9.68408,4643.511,6330.657,9300.388,0.032106,0.654842,80.643,100.567,0.42313,0.84748,0.965286,A,-0.0,-0.03375
10483.061,0.69005,173.866,1.1536,21,0.7315,15.362,1.95619,5.52135,2326.422,8156.639,2683.745,0.456736,0.756594,87.474,102.81,0.22192,0.25601,0.853112,A,0.0,0.011437
13000.0,0.38416,182.838,3.7966,21,0.6796,14.272,1.94148,7.49458,5946.199,7053.801,22575.324,0.066442,0.651987,82.65,102.541,0.4574,1.73656,0.920891,A,0.0,0.016093
8158.892,0.31551,185.833,1.0228,24,0.6602,15.845,1.93676,5.29608,4114.951,4043.941,4208.763,0.092595,0.542345,83.102,101.953,0.50435,0.51585,0.851985,A,0.0,-0.023055
8858.518,0.36255,171.233,3.5559,17,0.868,14.756,1.96067,7.75445,4400.406,4458.111,15647.503,0.046709,0.674301,81.962,102.139,0.49674,1.76638,0.936002,A,0.001,0.008432
8483.084,0.31232,134.637,1.2394,23,0.7823,17.992,2.03268,7.06343,4624.931,3858.153,5732.092,0.046149,0.6314,80.405,99.869,0.54519,0.67571,0.919442,A,0.0,-0.03695
11322.188,0.31149,170.817,1.808,22,0.8717,19.178,1.96139,8.31831,6509.399,4812.79,11768.773,0.030642,0.691332,81.734,102.231,0.57492,1.03944,0.943443,A,-0.001,0.0516
10406.515,0.35074,172.71,1.1733,18,0.8304,14.948,1.95815,5.42298,5131.83,5274.685,6021.431,0.107889,0.587021,82.825,101.635,0.49314,0.57862,0.848311,A,0.0,-0.037799
11640.979,0.61313,142.592,2.624,24,0.6903,16.566,2.01525,8.40551,3276.145,8364.834,8596.48,0.12061,0.806024,81.755,101.493,0.28143,0.73847,0.944639,A,-0.0,0.040646
11433.643,0.57626,168.977,2.841,16,0.8109,12.974,1.96458,6.48034,3359.867,8073.777,9545.313,0.211707,0.727963,84.054,102.383,0.29386,0.83484,0.892042,A,-0.001,0.032826
9637.563,0.33007,199.757,1.9947,18,0.7531,13.556,1.91588,5.87075,4815.453,4822.109,9605.239,0.083718,0.576084,83.459,102.785,0.49965,0.99665,0.87327,A,0.001,-0.009516
8746.905,0.50549,191.542,2.2909,19,0.837,15.902,1.92799,7.26727,3047.68,5699.225,6981.85,0.109725,0.71712,83.526,103.361,0.34843,0.79821,0.924367,A,0.0,0.038088
8487.325,0.52209,165.704,2.0241,19,0.8716,16.561,1.97035,7.51772,3054.419,5432.906,6182.37,0.099703,0.759567,82.448,102.429,0.35988,0.72842,0.931275,A,0.0,-0.04334
13000.0,0.63374,163.368,2.8155,26,0.6707,17.439,1.97455,8.75512,4139.804,8860.196,11655.668,0.101273,0.882525,82.377,103.122,0.31845,0.89659,0.949111,A,0.0,0.025155
11427.735,0.51959,168.174,1.0121,25,0.7657,19.142,1.96598,6.50889,4521.645,6906.09,4576.549,0.140337,0.767905,83.081,102.607,0.39567,0.40048,0.893133,A,0.0,-0.038307
10866.298,0.68537,162.092,3.2592,22,0.6794,14.946,1.97688,7.79468,2888.171,7978.127,9413.12,0.172868,0.870907,83.271,102.98,0.26579,0.86627,0.932961,A,0.0,-0.044335
9468.504,0.67683,186.006,1.2338,17,0.8775,14.917,1.93649,5.44499,2179.33,7289.174,2688.831,0.430329,0.750526,87.566,103.335,0.23017,0.28398,0.85366,A,0.0,0.024057
9679.903,0.56739,141.702,2.2448,17,0.6773,11.514,2.01715,5.58916,3068.626,6611.276,6888.409,0.25064,0.714413,83.431,100.837,0.31701,0.71162,0.859964,A,0.001,-0.021778
9461.362,0.59404,166.715,1.894,25,0.7255,18.136,1.96856,8.03911,3124.004,6337.358,5916.726,0.106172,0.834529,82.573,102.974,0.33019,0.62536,0.940986,A,-0.0,0.036695
9491.823,0.60462,172.32,3.99,21,0.6837,14.358,1.95881,7.71876,2953.178,6538.645,11783.116,0.128409,0.819701,83.082,103.152,0.31113,1.2414,0.933923,A,0.0,-0.002457
7000.0,0.69438,150.565,2.3592,19,0.7229,13.734,1.99887,6.68059,1471.703,5528.297,3472.103,0.290034,0.802026,84.341,101.915,0.21024,0.49601,0.912185,A,0.0,-0.021838
9885.701,0.53187,191.348,2.7801,17,0.8141,13.84,1.92828,6.68344,3014.667,6871.034,8381.19,0.167562,0.691704,84.283,103.185,0.30495,0.84781,0.903926,A,0.0,0.042457
9404.299,0.36659,178.097,3.382,18,0.6593,11.867,1.94915,6.11239,4513.813,4890.486,15265.939,0.088314,0.623429,82.767,102.132,0.47997,1.62329,0.884371,A,0.0,0.018293
10412.434,0.46532,191.785,1.4363,16,0.8439,13.503,1.92762,5.22449,4367.39,6045.044,6272.969,0.180419,0.671152,84.468,103.069,0.41944,0.60245,0.837369,A,-0.0,0.010282
10292.259,0.53397,178.711,3.3939,24,0.8126,19.502,1.94814,10.04569,3368.354,6923.906,11431.936,0.048913,0.76994,82.27,103.128,0.32727,1.11073,0.970021,A,-0.001,0.009053
11258.077,0.41835,153.611,1.1143,19,0.8689,16.509,1.99288,5.99964,4935.686,6322.391,5499.73,0.121279,0.650268,82.243,101.079,0.43841,0.48851,0.872906,A,0.0,-0.0271
9958.526,0.38782,154.623,1.0357,25,0.8795,21.987,1.99092,7.70298,4505.86,5452.666,4666.746,0.057761,0.660574,81.446,101.201,0.45246,0.46862,0.932612,A,0.0,-0.036816
11173.648,0.59144,192.287,2.2969,27,0.6822,18.419,1.92687,8.4166,3108.144,8065.504,7139.208,0.115687,0.774782,83.631,103.774,0.27817,0.63893,0.94559,A,0.0,-0.036802
7000.0,0.67156,158.462,1.1911,23,0.8697,20.003,1.9836,7.44753,1821.297,5178.703,2169.265,0.173299,0.846795,83.13,102.633,0.26019,0.3099,0.932858,A,0.0,-0.008756
8326.484,0.54782,194.091,3.8843,23,0.7307,16.806,1.92417,8.7474,2636.746,5689.738,10241.909,0.076919,0.766052,83.18,103.796,0.31667,1.23004,0.955537,A,0.0,-0.036575
12567.164,0.45427,181.941,2.1604,18,0.8076,14.537,1.94292,6.6001,4735.284,7831.881,10230.095,0.128883,0.651011,83.442,102.493,0.3768,0.81403,0.893098,A,-0.001,-0.052699
8149.722,0.6893,164.216,2.7214,24,0.793,19.033,1.97302,9.45833,1504.145,6645.576,4093.341,0.128755,0.81617,82.773,102.727,0.18456,0.50227,0.965525,A,0.001,0.017421
9560.043,0.58313,171.492,1.4205,21,0.8225,17.272,1.96023,6.82215,2763.371,6796.672,3925.346,0.182821,0.745882,83.768,102.624,0.28905,0.4106,0.909376,A,0.0,0.03032
11038.905,0.69086,186.578,2.4019,17,0.8719,14.822,1.9356,6.9112,2062.263,8976.642,4953.422,0.33945,0.771588,86.387,103.5,0.18682,0.44872,0.908208,A,0.0,0.033485
8654.921,0.67635,170.617,1.2292,16,0.6697,10.716,1.96173,3.98157,2162.245,6492.675,2657.818,0.64481,0.686855,89.833,102.192,0.24983,0.30709,0.761822,A,0.001,-0.007667
11062.562,0.48473,160.193,2.7999,20,0.7125,14.249,1.98037,7.17408,3893.28,7169.282,10900.889,0.115394,0.685291,82.436,101.657,0.35193,0.98539,0.916219,A,0.0,0.050095
7836.615,0.53529,192.82,1.4465,23,0.6632,15.253,1.92606,5.91131,2535.912,5300.703,3668.275,0.195389,0.697897,84.701,103.29,0.3236,0.46809,0.881881,A,0.0,0.027612
7108.741,0.45931,176.523,1.4638,16,0.8057,12.892,1.95175,5.12194,2903.663,4205.078,4250.497,0.170999,0.658387,83.801,102.288,0.40846,0.59793,0.84793,A,0.0,0.02367
7984.822,0.50605,186.444,1.2989,23,0.8541,19.644,1.9358,7.33116,2875.441,5109.38,3734.917,0.101463,0.733734,83.24,103.244,0.36011,0.46775,0.927797,A,0.001,0.042478
7498.199,0.54721,166.087,2.4694,26,0.7269,18.899,1.96967,9.11828,2442.646,5055.553,6031.937,0.063879,0.780734,81.99,102.588,0.32576,0.80445,0.961971,A,-0.0,0.013575
9952.211,0.41865,175.807,1.6201,27,0.7841,21.171,1.95294,8.76204,4500.163,5452.048,7290.496,0.043058,0.728658,82.085,102.718,0.45218,0.73255,0.953493,A,0.0,0.046725
9502.091,0.47079,157.418,2.6731,24,0.6565,15.756,1.98557,7.86492,4100.888,5401.203,10962.076,0.068508,0.776228,81.704,102.113,0.43158,1.15365,0.937198,A,0.0,-0.019215
10471.416,0.63169,153.049,2.4384,16,0.785,12.559,1.99397,6.14671,3147.89,7323.527,7675.899,0.247895,0.796654,83.89,102.014,0.30062,0.73303,0.882028,A,-0.001,0.025503
8425.158,0.59106,157.787,2.8414,21,0.8045,16.894,1.98487,8.56664,2556.179,5868.979,7263.225,0.092564,0.808168,82.037,102.343,0.3034,0.86209,0.952486,A,0.0,0.042714
13000.0,0.36241,145.222,3.7148,20,0.7402,14.805,2.00973,8.14195,6376.446,6623.554,23687.241,0.0466,0.666432,80.895,100.722,0.4905,1.8221,0.93693,A,0.0,0.039277
9835.569,0.34856,178.102,1.179,22,0.7406,16.293,1.94914,5.8835,4624.343,5211.226,5452.201,0.094096,0.574371,82.844,101.808,0.47017,0.55434,0.873076,A,0.0,-0.023337
9910.124,0.63228,173.12,3.12,26,0.7339,19.083,1.95745,9.70583,2966.487,6943.637,9255.407,0.070511,0.872279,82.347,103.537,0.29934,0.93393,0.966618,A,0.0,0.014499
10662.49,0.43961,196.055,3.3655,20,0.826,16.521,1.92126,8.31653,4306.319,6356.171,14492.854,0.060427,0.696512,83.029,103.421,0.40388,1.35924,0.944485,A,-0.0,-0.030085
9613.6,0.67154,184.209,1.2825,27,0.8415,22.72,1.93931,8.45531,2648.52,6965.08,3396.602,0.124927,0.879392,83.471,104.104,0.2755,0.35331,0.948749,A,0.0,0.009655
9031.719,0.42575,147.486,1.3155,18,0.8654,15.578,2.00508,6.15696,4063.294,4968.424,5345.254,0.106504,0.686831,81.785,100.984,0.44989,0.59183,0.887456,A,0.001,0.029676
10107.698,0.34367,173.6,1.1149,22,0.8011,17.623,1.95664,6.23604,4852.352,5255.346,5409.994,0.080974,0.586226,82.504,101.673,0.48007,0.53524,0.886889,A,0.0,-0.022243
11357.166,0.65909,180.956,3.6101,17,0.6759,11.49,1.9445,5.98356,2639.338,8717.829,9528.395,0.363523,0.748573,86.504,103.091,0.23239,0.83898,0.871822,A,-0.001,0.003063
10977.639,0.46613,120.0,3.4484,27,0.8891,24.006,2.06808,13.52224,3730.947,7246.692,12865.878,0.012426,0.699714,79.228,99.383,0.33987,1.17201,0.99094,A,0.0,0.034274
11392.121,0.5486,162.69,1.1578,16,0.6868,10.989,1.97578,4.01518,3811.399,7580.722,4412.837,0.41901,0.613752,86.544,101.314,0.33456,0.38736,0.744465,A,0.0,0.019997
9133.329,0.4282,167.504,2.0935,26,0.7092,18.44,1.96716,8.44314,3786.595,5346.734,7927.269,0.052384,0.694349,81.894,102.088,0.41459,0.86795,0.94928,A,0.0,0.035079
8817.547,0.54894,163.095,1.4769,25,0.659,16.476,1.97505,6.68614,2794.111,6023.436,4126.494,0.160928,0.728935,83.153,102.094,0.31688,0.46799,0.907103,A,0.0,-0.039765
12986.751,0.59084,199.725,2.0227,16,0.7622,12.196,1.91593,5.30625,4020.997,8965.754,8133.381,0.324591,0.710245,86.638,103.669,0.30962,0.62628,0.829901,A,0.0,0.030574
9622.165,0.69108,162.76,1.9435,16,0.6729,10.767,1.97566,4.84044,2297.852,7324.314,4465.85,0.525738,0.742958,87.956,102.17,0.23881,0.46412,0.818328,A,-0.001,-0.040007
10698.541,0.32144,190.138,1.2331,25,0.6544,16.361,1.93012,5.941,5669.189,5029.352,6990.866,0.077421,0.596497,83.052,102.503,0.5299,0.65344,0.872369,A,-0.0,0.031358
11088.883,0.67778,151.259,2.0485,18,0.8519,15.334,1.99749,7.1294,2673.922,8414.961,5477.405,0.239386,0.817086,83.702,102.052,0.24114,0.49395,0.914833,A,0.0,-0.023196
12112.754,0.52257,173.297,3.2319,27,0.6941,18.74,1.95715,9.60999,4174.922,7937.832,13492.985,0.055806,0.768071,82.16,102.858,0.34467,1.11395,0.963192,A,0.0,-0.042401
7955.158,0.3596,167.104,2.1936,23,0.7837,18.025,1.96787,8.38101,3492.517,4462.64,7661.112,0.040916,0.609007,81.727,101.505,0.43903,0.96304,0.950046,A,0.001,-0.004007
9261.896,0.68665,195.542,1.3682,27,0.8208,22.163,1.92202,8.36607,1636.127,7625.769,2238.598,0.203342,0.790346,84.898,104.019,0.17665,0.2417,0.947687,A,0.0,-0.008474
9332.06,0.61262,159.917,3.716,27,0.786,21.222,1.98089,11.43025,2791.429,6540.631,10372.946,0.036738,0.858398,81.387,102.785,0.29912,1.11154,0.982062,A,-0.0,-0.009491
9530.379,0.38006,143.445,3.8127,27,0.8578,23.161,2.01345,12.84125,4310.181,5220.198,16433.46,0.009256,0.686232,80.323,100.751,0.45226,1.72432,0.988986,A,0.0,-0.046107
7000.0,0.57907,206.895,2.2622,17,0.7679,13.055,1.90582,5.83823,2253.36,4746.64,5097.573,0.212134,0.753266,85.386,104.251,0.32191,0.72822,0.882073,A,0.0,-0.006796
9838.606,0.6503,136.499,1.5454,20,0.8207,16.413,2.0285,7.04831,2636.882,7201.724,4075.088,0.204873,0.813393,82.588,101.183,0.26801,0.41419,0.915564,A,0.0,-0.012334
7000.0,0.45765,176.168,2.875,16,0.8521,13.633,1.95234,6.76715,2839.26,4160.74,8162.891,0.096125,0.704345,82.799,102.575,0.40561,1.16613,0.914805,A,0.0,0.029717
10430.64,0.32101,157.672,1.5858,23,0.7211,16.585,1.98509,6.97401,5379.527,5051.113,8530.666,0.054902,0.604419,81.535,100.992,0.51574,0.81785,0.911793,A,0.0,0.004287
10790.272,0.31376,169.648,3.475,23,0.6973,16.038,1.96341,8.40275,5735.595,5054.676,19931.174,0.031914,0.633564,81.706,101.793,0.53155,1.84714,0.945933,A,0.001,0.049219
10881.134,0.3127,180.662,2.3516,20,0.841,16.82,1.94497,7.85093,6018.025,4863.109,14152.109,0.03718,0.653653,82.186,102.451,0.55307,1.30061,0.934239,A,0.0,-0.005355
8177.378,0.68806,126.339,3.0961,22,0.7893,17.365,2.05217,9.43586,1948.777,6228.601,6033.683,0.10041,0.871921,80.716,100.937,0.23831,0.73785,0.965222,A,0.0,0.001996
11417.572,0.50697,185.846,3.0589,21,0.729,15.31,1.93674,7.62651,4559.054,6858.518,13945.896,0.091731,0.782989,83.091,103.542,0.3993,1.22144,0.927751,A,0.0,0.015744
8689.139,0.31102,167.197,1.4545,20,0.8534,17.068,1.9677,6.84603,4637.174,4051.965,6744.71,0.050989,0.608616,81.863,101.507,0.53367,0.77622,0.91251,A,0.0,-0.039584
8144.759,0.31714,189.097,3.5158,16,0.7511,12.017,1.93171,6.16012,4279.743,3865.016,15046.607,0.06599,0.59523,82.865,102.449,0.52546,1.8474,0.890662,A,0.0,0.035155
8515.257,0.55221,165.619,2.0739,20,0.6529,13.058,1.9705,5.9759,2880.684,5634.573,5974.162,0.192603,0.736059,83.671,102.269,0.3383,0.70158,0.882007,A,-0.0,0.00352
8714.443,0.61003,199.06,1.365,21,0.6831,14.345,1.91689,5.38738,2638.458,6075.985,3601.438,0.293943,0.747291,86.211,103.885,0.30277,0.41327,0.854111,A,0.0,-0.013503
10245.264,0.65149,177.051,2.2573,19,0.6723,12.774,1.95087,5.91581,2544.771,7700.493,5744.309,0.333233,0.756668,85.962,102.962,0.24839,0.56068,0.872953,A,-0.0,-0.031269
11224.016,0.34984,155.846,2.1297,26,0.6637,17.256,1.98856,8.07195,5184.665,6039.351,11041.823,0.046558,0.610197,81.349,100.934,0.46193,0.98377,0.938525,A,0.0,0.028262
7000.0,0.49559,179.476,1.0137,26,0.7456,19.386,1.9469,6.50157,2701.558,4298.442,2738.539,0.120056,0.731606,83.237,102.911,0.38594,0.39122,0.906506,A,0.0,0.025795
9176.084,0.40805,179.445,1.2238,21,0.6589,13.836,1.94695,5.07323,4085.948,5090.136,5000.352,0.151378,0.614088,83.649,102.133,0.44528,0.54493,0.83481,A,0.0,-0.012996
11340.957,0.66259,167.024,3.9071,24,0.8899,21.358,1.96801,11.51323,3881.934,7459.023,15167.141,0.035804,0.98879,81.656,104.008,0.34229,1.33738,0.981504,A,0.0,0.008582
10294.292,0.65797,149.572,1.8781,22,0.8833,19.434,2.00086,8.79543,3045.297,7248.995,5719.335,0.10329,0.890989,81.833,102.447,0.29582,0.55558,0.953561,A,0.0,0.011774
10752.66,0.365,148.919,2.3417,22,0.7439,16.366,2.00217,7.96204,4758.084,5994.576,11142.105,0.051978,0.613456,81.128,100.579,0.4425,1.03622,0.936985,A,0.0,-0.003405
7742.994,0.69784,153.778,1.6804,23,0.6954,15.994,1.99255,6.91272,1940.389,5802.605,3260.675,0.230978,0.853954,83.698,102.432,0.2506,0.42111,0.917054,A,0.0,0.026012
11423.106,0.51113,155.964,2.4099,23,0.8148,18.74,1.98834,9.10293,4141.317,7281.789,9980.068,0.060766,0.767269,81.542,101.977,0.36254,0.87367,0.956899,A,0.0,-0.050063
7646.584,0.65648,156.95,1.1995,19,0.7531,14.309,1.98646,5.35598,1872.386,5774.197,2245.869,0.382268,0.745395,85.827,101.884,0.24487,0.29371,0.857414,A,0.001,0.01864
10285.107,0.35537,149.7,2.0875,26,0.6697,17.411,2.0006,8.16333,4496.206,5788.901,9385.838,0.047086,0.594817,81.097,100.5,0.43716,0.91257,0.942078,A,0.0,-0.026607
12041.886,0.40875,158.732,1.9117,21,0.873,18.334,1.9831,8.2413,5334.376,6707.51,10197.491,0.054725,0.690303,81.576,101.614,0.44299,0.84684,0.940691,A,0.0,-0.0171
12819.026,0.3525,153.339,3.9103,27,0.8872,23.954,1.99341,13.15919,6013.516,6805.51,23514.522,0.008145,0.656775,80.738,101.107,0.46911,1.83435,0.98916,A,0.0,0.037747
10767.305,0.45926,197.716,3.7851,16,0.8122,12.996,1.91883,6.69965,4089.167,6678.137,15477.98,0.11859,0.66786,83.852,103.304,0.37978,1.4375,0.901935,A,0.001,-0.002397
11321.454,0.54833,150.742,1.2942,16,0.83,13.28,1.99852,5.18712,3769.802,7551.651,4879.047,0.278646,0.682957,84.198,101.138,0.33298,0.43096,0.83079,A,0.001,-0.000288
9090.503,0.43469,167.41,2.1602,20,0.7271,14.542,1.96733,6.72616,4117.054,4973.448,8893.511,0.088668,0.721123,82.369,102.26,0.4529,0.97833,0.907618,A,0.001,0.032063
9277.834,0.40681,145.014,3.1657,22,0.6674,14.682,2.01017,7.79037,4716.636,4561.198,14931.252,0.05123,0.774499,80.947,101.423,0.50838,1.60935,0.935978,A,0.0,0.039097
11754.135,0.61467,195.858,3.1691,22,0.8332,18.331,1.92155,9.10096,3654.856,8099.279,11582.742,0.086072,0.853203,83.361,104.447,0.31094,0.98542,0.956459,A,0.0,0.004254
10002.41,0.60595,166.99,2.4989,19,0.7558,14.36,1.96807,6.94367,2337.365,7665.045,5840.836,0.228237,0.721127,84.195,102.239,0.23368,0.58394,0.911982,A,0.0,0.016258
9809.029,0.56778,189.607,1.0815,22,0.7875,17.324,1.93093,5.92281,3450.55,6358.48,3731.857,0.201902,0.766338,84.677,103.601,0.35177,0.38045,0.874911,A,-0.001,-0.047307
7884.163,0.55807,146.534,2.1771,18,0.7073,12.731,2.00703,6.07757,2133.291,5750.872,4644.428,0.2302,0.679696,83.377,100.883,0.27058,0.58908,0.888388,A,-0.0,-0.013438
10225.886,0.68912,163.669,1.9881,24,0.8972,21.533,1.97401,9.74326,2091.41,8134.476,4157.981,0.112069,0.837484,82.531,102.84,0.20452,0.40661,0.96674,A,0.0,-0.013165
10968.795,0.68282,145.097,2.1395,21,0.7777,16.332,2.01,7.77033,2959.479,8009.316,6331.857,0.171625,0.871715,82.54,102.07,0.26981,0.57726,0.932185,A,0.0,-0.048878
8808.746,0.56662,198.537,2.6646,18,0.7925,14.266,1.91764,6.7538,2865.763,5942.983,7636.061,0.157965,0.763675,84.399,103.971,0.32533,0.86687,0.909302,A,0.0,0.013864
9239.38,0.43962,214.08,1.0283,21,0.7704,16.178,1.89608,5.24741,3878.988,5360.393,3988.817,0.163061,0.639742,84.964,103.791,0.41983,0.43172,0.844277,A,-0.001,0.036035
12370.685,0.48395,166.191,1.2303,26,0.8096,21.05,1.96948,7.87021,4410.798,7959.887,5426.576,0.092516,0.700851,82.372,102.065,0.35655,0.43866,0.931838,A,0.0,0.028854
10267.399,0.56922,182.774,3.5014,21,0.8032,16.867,1.94159,8.70509,3176.949,7090.45,11123.823,0.088104,0.784783,82.934,103.414,0.30942,1.08341,0.952107,A,0.0,0.042322
9567.11,0.6262,168.576,3.5139,26,0.7789,20.252,1.96528,10.65155,2681.547,6885.563,9422.71,0.053011,0.84943,81.943,103.165,0.28029,0.98491,0.976272,A,0.0,-0.030985
8294.526,0.45138,200.75,3.7788,20,0.7361,14.723,1.91446,7.56057,3183.795,5110.731,12030.848,0.079132,0.683277,83.431,103.534,0.38384,1.45046,0.932708,A,0.0,-0.001866
9070.631,0.58323,163.049,2.7481,18,0.8134,14.641,1.97513,7.30658,2348.254,6722.377,6453.289,0.169758,0.727666,83.268,102.084,0.25889,0.71145,0.924648,A,-0.0,-0.015966
9625.006,0.58789,176.743,2.2642,23,0.8622,19.83,1.95138,9.19564,2934.826,6690.18,6644.928,0.076284,0.812317,82.559,103.315,0.30492,0.69038,0.960434,A,-0.0,0.017564
12053.692,0.5127,152.599,2.7811,16,0.8262,13.22,1.99485,6.71483,4311.537,7742.155,11990.889,0.145092,0.71742,82.514,101.467,0.35769,0.99479,0.898774,A,0.0,-0.018478
9084.258,0.54483,164.492,1.7248,20,0.6566,13.132,1.97252,5.64678,3209.988,5874.27,5536.628,0.207789,0.729011,83.827,102.166,0.35336,0.60948,0.865236,A,0.0,-0.031357
12691.504,0.67947,166.932,1.0592,17,0.8777,14.922,1.96817,5.19692,2988.963,9702.541,3165.805,0.505753,0.732987,87.856,102.315,0.23551,0.24944,0.824703,A,0.0,-0.017201
8606.968,0.39713,188.42,2.7828,17,0.6971,11.851,1.93275,5.74451,3939.155,4667.813,10961.863,0.111343,0.638312,83.44,102.703,0.45767,1.2736,0.871685,A,0.0,-0.033185
9463.62,0.6453,177.014,2.5645,24,0.8819,21.167,1.95093,10.17722,2101.402,7362.218,5389.01,0.081151,0.806322,82.633,103.288,0.22205,0.56944,0.972075,A,0.0,0.02477
11265.315,0.60896,159.68,3.0977,17,0.7576,12.879,1.98133,6.65727,3001.944,8263.372,9299.15,0.230771,0.746345,83.938,102.034,0.26648,0.82547,0.899016,A,-0.001,0.038228
9639.708,0.35287,180.13,3.9342,26,0.6548,17.024,1.94583,9.03591,4116.025,5523.683,16193.159,0.034594,0.590037,82.132,102.007,0.42699,1.67984,0.95814,A,0.0,-0.003353
8754.607,0.40164,176.684,1.6146,17,0.7736,13.151,1.95148,5.42965,4009.229,4745.378,6473.305,0.126228,0.634333,83.216,102.137,0.45796,0.73942,0.856074,A,0.0,-0.026466
9802.235,0.39807,153.97,2.3277,22,0.8452,18.594,1.99218,8.96449,4326.682,5475.553,10071.207,0.038896,0.681874,81.17,101.306,0.4414,1.02744,0.956869,A,0.0,0.047837
10673.069,0.50716,162.413,1.9816,22,0.7328,16.122,1.97629,7.299,4139.568,6533.5,8203.143,0.103679,0.762803,82.371,102.283,0.38785,0.76858,0.920711,A,0.001,-0.005997
7426.399,0.4386,183.199,3.2852,25,0.8757,21.893,1.94091,11.13069,3228.809,4197.589,10607.345,0.018924,0.761409,82.036,103.279,0.43477,1.42833,0.981241,A,0.001,0.034577
9627.195,0.52006,162.044,2.8519,21,0.7874,16.536,1.97696,8.34429,3328.853,6298.343,9493.663,0.08017,0.75255,82.045,102.197,0.34578,0.98613,0.946696,A,-0.001,0.026862
9835.995,0.52222,157.5,2.7611,18,0.7887,14.197,1.98542,7.14783,3183.759,6652.236,8790.605,0.131551,0.709189,82.54,101.674,0.32368,0.89372,0.918461,A,0.0,0.034032
9394.378,0.6963,195.809,2.2238,26,0.7366,19.152,1.92163,8.6289,1891.051,7503.328,4205.226,0.165721,0.830019,84.41,104.292,0.2013,0.44763,0.952091,A,-0.001,0.013735
11103.034,0.50025,169.488,1.9007,25,0.6809,17.022,1.96369,7.527,4083.211,7019.823,7760.856,0.100842,0.732576,82.61,102.439,0.36776,0.69899,0.925867,A,0.0,-0.020259
9147.172,0.66281,168.727,1.9581,17,0.7264,12.348,1.96501,5.52137,2251.647,6895.525,4408.999,0.379889,0.755198,86.264,102.55,0.24616,0.48201,0.858915,A,0.0,-0.025543
9453.228,0.68025,204.355,1.9371,24,0.7693,18.463,1.90935,7.8755,2310.106,7143.122,4475.001,0.173914,0.844004,84.8,104.745,0.24437,0.47338,0.937523,A,-0.0,-0.024968
10056.464,0.64325,157.989,2.6688,25,0.8763,21.908,1.98449,10.9225,2366.497,7689.966,6315.626,0.059869,0.82278,81.613,102.45,0.23532,0.62802,0.978098,A,0.001,-0.009566
11093.274,0.62226,175.284,2.9262,22,0.6716,14.775,1.95381,7.37571,3446.482,7646.792,10084.989,0.156508,0.832173,83.564,103.377,0.31068,0.90911,0.921858,A,-0.0,0.044835
9668.256,0.61341,144.519,1.766,25,0.8521,21.303,2.0112,9.50377,2614.044,7054.212,4616.439,0.080694,0.810819,81.314,101.635,0.27037,0.47748,0.964432,A,-0.0,-0.021873
12274.896,0.45641,184.811,2.6617,24,0.8436,20.246,1.93836,9.74026,4337.372,7937.524,11544.901,0.045632,0.680869,82.446,102.821,0.35335,0.94053,0.964672,A,0.0,0.048296
8638.423,0.60343,146.776,2.3481,23,0.7217,16.599,2.00653,8.10693,2854.75,5783.673,6703.176,0.102589,0.85064,81.703,102.025,0.33047,0.77597,0.943816,A,0.0,-0.005958
11929.772,0.63351,139.767,2.8228,24,0.8743,20.982,2.02131,10.90351,3449.347,8480.424,9736.657,0.051018,0.87043,80.708,101.753,0.28914,0.81616,0.976715,A,0.001,0.035612
8713.268,0.47906,171.794,1.7099,17,0.7397,12.575,1.95971,5.33843,3384.39,5328.878,5787.012,0.183037,0.66707,83.783,102.119,0.38842,0.66416,0.851596,A,0.0,-0.025072
9755.4,0.58139,172.763,1.7461,17,0.892,15.164,1.95806,6.47912,3379.093,6376.307,5900.207,0.17253,0.798058,83.681,103.03,0.34638,0.60481,0.897209,A,0.0,0.034279
10546.069,0.39384,206.53,3.8271,20,0.6931,13.863,1.90632,7.09108,4711.247,5834.822,18030.54,0.074897,0.651364,83.563,103.563,0.44673,1.70969,0.915045,A,0.0,0.012551
13000.0,0.356,175.622,3.665,23,0.7669,17.638,1.95325,9.27732,5831.091,7168.909,21370.818,0.033643,0.618202,81.954,101.98,0.44855,1.64391,0.957612,A,0.0,-0.009276
11343.739,0.68434,162.358,2.7298,21,0.8221,17.264,1.97639,8.60807,2775.609,8568.13,7576.9,0.143015,0.859704,82.888,102.92,0.24468,0.66794,0.948866,A,0.0,-0.035007
9391.206,0.52329,163.255,1.7464,26,0.8589,22.332,1.97476,9.66272,3145.83,6245.375,5493.755,0.052114,0.760621,81.723,102.312,0.33498,0.58499,0.96664,A,0.001,0.019025
11948.679,0.62928,160.67,3.5145,16,0.7318,11.709,1.97949,6.22432,2892.352,9056.326,10165.269,0.311508,0.730765,85.044,101.982,0.24206,0.85074,0.880172,A,0.001,0.027865
9679.443,0.68068,180.797,1.7432,25,0.8168,20.421,1.94476,8.63128,2088.249,7591.194,3640.244,0.152346,0.826015,83.711,103.595,0.21574,0.37608,0.951714,A,0.0,0.026767
8812.831,0.57687,158.743,3.6376,16,0.7751,12.401,1.98308,6.65948,2358.241,6454.59,8578.25,0.202115,0.713796,83.522,101.77,0.26759,0.97338,0.906246,A,0.0,-0.038584
10673.027,0.6071,157.911,3.3209,20,0.859,17.18,1.98464,9.05053,3086.75,7586.277,10250.766,0.090162,0.81744,82.01,102.41,0.28921,0.96044,0.957049,A,0.0,-0.039133
10141.706,0.40048,162.74,3.826,20,0.8673,17.347,1.97569,9.36433,4798.36,5343.346,18358.446,0.032066,0.731327,81.438,102.092,0.47313,1.81019,0.962118,A,0.0,-0.046993
11430.5,0.59119,187.143,1.9159,21,0.8626,18.114,1.93472,7.85491,3252.851,8177.649,6232.253,0.138614,0.771213,83.755,103.523,0.28458,0.54523,0.933276,A,0.0,-0.002612
9175.392,0.65188,161.332,2.5662,22,0.721,15.863,1.97827,7.78747,2124.807,7050.586,5452.598,0.179836,0.79414,83.333,102.435,0.23158,0.59426,0.936115,A,-0.001,-0.014621
10572.255,0.3943,174.54,1.3718,24,0.854,20.496,1.95506,7.94773,4975.793,5596.462,6826.016,0.052777,0.697942,82.167,102.455,0.47065,0.64565,0.937004,A,-0.0,0.026838
10951.824,0.3491,130.996,1.0629,17,0.8527,14.496,2.04106,5.32908,5232.359,5719.465,5561.513,0.116395,0.561994,81.157,99.187,0.47776,0.50782,0.840709,A,0.0,-0.043681
10417.068,0.61061,173.809,3.5617,23,0.8222,18.911,1.95629,9.9084,3374.812,7042.256,12020.107,0.059505,0.874706,82.228,103.587,0.32397,1.15389,0.968429,A,0.0,0.044127
9956.525,0.30814,184.003,2.7434,20,0.679,13.581,1.93963,6.59368,5483.261,4473.264,15042.687,0.055589,0.617708,82.549,102.368,0.55072,1.51084,0.900649,A,-0.0,0.023659
8953.572,0.35252,148.546,2.6128,26,0.8469,22.02,2.00292,11.06146,4280.189,4673.384,11183.208,0.014876,0.661748,80.622,100.877,0.47804,1.24902,0.979827,A,-0.001,0.038595
11355.628,0.4402,137.628,3.3983,16,0.8046,12.874,2.02599,7.02305,4839.968,6515.659,16447.791,0.092004,0.698848,81.15,100.494,0.42622,1.44843,0.910919,A,0.001,-0.004231
10205.837,0.38062,197.21,1.1643,18,0.8805,15.849,1.91957,5.55971,4370.317,5835.52,5088.386,0.127764,0.56999,83.956,102.636,0.42822,0.49858,0.856259,A,0.0,-0.011547
10744.456,0.68058,182.598,1.0792,17,0.7446,12.659,1.94187,4.36053,2760.75,7983.706,2979.332,0.588593,0.712389,89.534,102.928,0.25695,0.27729,0.777782,A,0.0,-0.000594
9473.833,0.5137,139.821,2.1316,21,0.8455,17.755,2.02119,8.50449,3754.809,5719.024,8003.619,0.065018,0.808284,80.895,101.346,0.39633,0.84481,0.949837,A,0.0,-0.017754
10019.518,0.41217,165.354,1.7718,18,0.8162,14.692,1.97098,6.37231,4645.631,5373.886,8231.356,0.095614,0.685827,82.38,101.924,0.46366,0.82153,0.892442,A,0.001,0.001258
8444.158,0.30876,172.661,3.8648,16,0.8279,13.246,1.95823,7.07186,3979.953,4464.205,15381.547,0.052553,0.537179,82.093,101.304,0.47133,1.82156,0.919777,A,0.0,-0.017424
10128.288,0.52057,192.073,1.894,22,0.8236,18.119,1.92719,7.77963,3260.447,6867.841,6175.33,0.10663,0.717088,83.504,103.384,0.32191,0.60971,0.934061,A,0.0,-0.024946
11147.815,0.51588,191.851,1.7812,21,0.7798,16.376,1.92752,6.88259,3694.624,7453.192,6580.756,0.144775,0.699838,84.0,103.261,0.33142,0.59032,0.90699,A,-0.001,0.01863
10139.49,0.44101,187.119,1.8256,20,0.7534,15.068,1.93475,6.42496,4252.964,5886.526,7764.152,0.111423,0.67914,83.396,102.914,0.41945,0.76573,0.894026,A,0.0,-0.036791
11289.089,0.50651,198.904,1.918,17,0.6988,11.88,1.91711,5.08204,4167.802,7121.288,7993.687,0.240622,0.662126,85.502,103.316,0.36919,0.70809,0.824615,A,-0.001,-0.018322
10469.366,0.50729,164.684,2.353,20,0.8465,16.93,1.97218,8.06844,3495.426,6973.94,8224.614,0.091479,0.715698,82.3,102.088,0.33387,0.78559,0.939793,A,0.0,0.011693
12045.785,0.38038,172.199,3.4131,25,0.7375,18.436,1.95902,9.58826,5847.181,6198.604,19957.137,0.029009,0.711835,81.765,102.434,0.48541,1.65677,0.962981,A,0.0,-0.028454
9714.926,0.65548,160.377,3.0973,27,0.8309,22.435,1.98003,11.5854,2862.453,6852.472,8865.864,0.03824,0.913321,81.425,103.172,0.29464,0.9126,0.982811,A,0.001,-0.027088
7542.055,0.4769,185.175,2.4896,16,0.6555,10.488,1.93779,4.95012,3436.502,4105.553,8555.601,0.171436,0.732587,84.119,103.179,0.45565,1.13439,0.836205,A,0.0,-0.008883
10648.732,0.45002,216.24,2.709,21,0.8907,18.704,1.89323,8.7197,3977.885,6670.848,10775.908,0.058054,0.68376,83.645,104.167,0.37355,1.01194,0.951811,A,-0.001,-0.04879
9752.216,0.36663,175.577,2.219,23,0.7931,18.241,1.95332,8.41884,4490.596,5261.62,9964.846,0.041504,0.644106,82.056,102.149,0.46047,1.0218,0.947872,A,0.0,0.036244
8538.56,0.39479,160.006,2.3746,16,0.6736,10.777,1.98072,5.18302,3551.503,4987.057,8433.307,0.147924,0.570602,82.858,100.891,0.41594,0.98767,0.844154,A,0.0,-0.039126
10976.898,0.55802,137.485,3.2388,22,0.6531,14.369,2.02631,7.75337,3691.497,7285.401,11955.867,0.113223,0.783394,81.424,101.044,0.3363,1.08918,0.931765,A,0.0,0.026826
10396.494,0.41824,193.798,2.1104,19,0.8437,16.03,1.9246,7.12122,4843.898,5552.596,10222.774,0.075129,0.71756,83.147,103.463,0.46592,0.98329,0.916307,A,0.0,-0.008348
10668.008,0.38064,190.828,3.7001,20,0.8184,16.369,1.92907,8.46672,4792.589,5875.419,17732.934,0.044635,0.654719,82.643,102.918,0.44925,1.66225,0.94732,A,0.0,0.004903
9501.436,0.50574,198.864,3.6602,17,0.6682,11.36,1.91717,5.80708,3483.637,6017.799,12750.725,0.178012,0.695465,84.674,103.535,0.36664,1.34198,0.870949,A,0.0,-0.041529
10295.571,0.59833,137.373,2.8239,16,0.8282,13.251,2.02655,6.91178,3224.281,7071.289,9104.904,0.171546,0.792929,82.189,101.1,0.31317,0.88435,0.910211,A,0.001,0.006373
10381.509,0.3995,179.899,3.8074,26,0.8446,21.96,1.94621,11.58092,4947.9,5433.609,18838.635,0.014722,0.749887,81.862,103.051,0.47661,1.81463,0.982437,A,0.0,-0.02289
12661.983,0.43509,138.252,1.772,25,0.7736,19.339,2.02462,8.72024,5732.777,6929.206,10158.586,0.049043,0.754482,80.612,100.899,0.45276,0.80229,0.948966,A,0.0,-0.0116
8974.06,0.30007,126.028,2.6657,26,0.6986,18.164,2.05293,9.5008,5178.614,3795.446,13804.614,0.018125,0.684764,79.614,99.682,0.57706,1.53828,0.965144,A,0.0,-0.000979
9984.259,0.49281,160.255,2.9146,26,0.7914,20.575,1.98026,10.46659,3730.747,6253.512,10873.519,0.03381,0.76665,81.362,102.197,0.37366,1.08907,0.974365,A,0.0,-0.048853
10545.79,0.65401,158.709,2.8107,27,0.814,21.977,1.98314,11.09859,2564.02,7981.77,7206.568,0.056205,0.846044,81.594,102.641,0.24313,0.68336,0.979105,A,0.0,0.012756
7412.82,0.66272,157.813,3.7655,21,0.8916,18.724,1.98483,10.14236,1514.697,5898.122,5703.547,0.085947,0.810841,81.95,102.362,0.20433,0.76942,0.9735,A,0.001,0.001267
7595.547,0.61831,165.248,2.2939,16,0.8914,14.263,1.97117,6.74062,2003.056,5592.491,4594.711,0.205573,0.766146,83.828,102.449,0.26371,0.60492,0.912322,A,-0.0,-0.036175
13000.0,0.38247,169.822,3.0397,17,0.7116,12.097,1.96311,6.13996,6174.484,6825.516,18768.707,0.102347,0.635876,82.643,101.817,0.47496,1.44375,0.872903,A,0.0,-0.011726
7349.322,0.43356,199.248,3.1228,20,0.7214,14.429,1.91661,7.10998,3135.782,4213.539,9792.431,0.077665,0.698426,83.363,103.57,0.42668,1.33243,0.923568,A,0.001,-0.013652
10862.394,0.33296,152.27,3.6641,21,0.8931,18.755,1.9955,10.1797,5795.903,5066.491,21237.028,0.018153,0.693094,80.825,101.289,0.53358,1.9551,0.97091,A,0.0,-0.024834
8727.662,0.52023,145.861,3.0437,19,0.679,12.901,2.00841,6.77161,2702.679,6024.983,8226.118,0.151041,0.685846,82.302,100.886,0.30967,0.94253,0.910093,A,0.0,-0.034227
8855.26,0.56632,144.25,3.5867,19,0.7811,14.84,2.01176,8.11171,3223.527,5631.733,11561.883,0.087852,0.840189,81.397,101.813,0.36402,1.30565,0.94353,A,0.0,-0.002568
7026.213,0.39076,165.813,2.2873,24,0.8772,21.053,1.97016,9.93335,3102.489,3923.723,7096.457,0.024914,0.68003,81.465,101.909,0.44156,1.01,0.971847,A,0.001,0.018229
8648.892,0.66507,131.659,1.4205,18,0.7598,13.676,2.03951,5.72,2330.577,6318.315,3310.566,0.319842,0.792408,83.875,100.749,0.26947,0.38277,0.87041,A,0.0,0.018841
11176.568,0.52408,183.403,3.9606,21,0.6927,14.547,1.94058,7.70006,4320.226,6856.342,17110.535,0.094806,0.794574,83.045,103.508,0.38654,1.53093,0.930075,A,0.0,-0.038677
7916.886,0.40197,147.348,3.7568,19,0.6523,12.393,2.00536,6.81063,3492.045,4424.841,13119.04,0.078779,0.657035,81.413,100.779,0.44109,1.6571,0.913556,A,0.0,-0.024554
10893.14,0.4276,153.884,1.5416,21,0.7736,16.246,1.99235,6.79233,4581.328,6311.813,7062.566,0.096878,0.667642,81.932,101.208,0.42057,0.64835,0.904714,A,-0.001,0.045315
10469.947,0.56985,148.386,1.445,22,0.6887,15.152,2.00325,6.22141,2834.113,7635.834,4095.259,0.241934,0.691562,83.612,101.065,0.27069,0.39114,0.885077,A,0.0,-0.021629
13000.0,0.45112,168.926,2.3554,22,0.6758,14.867,1.96467,7.04792,5350.181,7649.819,12601.644,0.101388,0.695715,82.595,102.168,0.41155,0.96936,0.907504,A,0.0,0.022023
9288.2,0.36749,148.541,1.8625,27,0.6821,18.416,2.00293,8.32331,3865.578,5422.622,7199.6,0.046926,0.596004,81.045,100.443,0.41618,0.77513,0.946856,A,0.0,0.020102
11895.121,0.48857,163.154,2.4397,23,0.715,16.444,1.97494,7.93741,4065.962,7829.159,9919.872,0.093893,0.693534,82.271,101.864,0.34182,0.83394,0.934309,A,0.0,0.045939
11333.303,0.38456,181.647,1.8783,27,0.8931,24.115,1.94339,10.45595,5369.114,5964.189,10084.616,0.021733,0.711181,82.017,102.876,0.47375,0.88982,0.973227,A,0.0,0.03015
9569.997,0.57309,191.51,2.0284,19,0.8811,16.741,1.92804,7.36112,3787.461,5782.536,7682.331,0.108702,0.877264,83.512,104.417,0.39576,0.80275,0.924933,A,0.0,-0.045666
7505.566,0.46987,193.758,1.1877,23,0.791,18.193,1.92466,6.46674,2607.363,4898.203,3096.638,0.13014,0.650706,83.871,103.02,0.34739,0.41258,0.903782,A,-0.0,0.027994
12264.161,0.40563,157.264,3.9239,23,0.6529,15.018,1.98586,8.21052,5712.537,6551.624,22415.634,0.052537,0.713511,81.487,101.691,0.46579,1.82773,0.939672,A,0.0,-0.063722
7953.417,0.36131,175.699,3.4594,19,0.6856,13.027,1.95312,6.76483,3978.968,3974.449,13764.847,0.063515,0.65945,82.351,102.256,0.50028,1.73068,0.912056,A,0.0,-0.025449
9289.876,0.34772,144.401,3.2643,21,0.6695,14.058,2.01145,7.52082,5084.5,4205.376,16597.093,0.044715,0.714075,80.834,100.99,0.54732,1.78658,0.929618,A,0.0,-0.031602
11324.765,0.35454,176.617,2.6615,26,0.8984,23.358,1.95159,11.35267,5585.718,5739.047,14866.133,0.014057,0.685928,81.733,102.475,0.49323,1.31271,0.980444,A,0.0,-0.009285
11673.933,0.44822,168.706,3.004,17,0.7788,13.239,1.96505,6.70962,4620.366,7053.567,13879.653,0.113613,0.667401,82.748,101.97,0.39578,1.18894,0.899678,A,0.0,-0.001062
8731.83,0.45508,162.715,2.3105,21,0.6694,14.058,1.97574,6.68097,3622.666,5109.164,8370.071,0.10181,0.70557,82.358,101.921,0.41488,0.95857,0.907183,A,0.0,-0.015273
9951.997,0.61181,188.147,2.425,21,0.8511,17.873,1.93317,8.34147,2758.334,7193.664,6688.98,0.11894,0.800801,83.531,103.763,0.27716,0.67212,0.946118,A,-0.001,-0.038286
9612.132,0.43506,193.208,3.5212,24,0.7781,18.675,1.92548,9.52916,3601.258,6010.874,12680.696,0.040867,0.67123,82.674,103.131,0.37466,1.31924,0.964807,A,0.0,0.002582
11772.338,0.3107,140.249,3.8712,19,0.7314,13.898,2.02027,7.76686,5877.273,5895.065,22752.244,0.043245,0.577349,80.628,99.847,0.49924,1.93269,0.930512,A,0.0,-0.007137
13000.0,0.41505,175.748,2.8742,19,0.7212,13.702,1.95304,6.80459,5224.34,7775.66,15015.546,0.104021,0.624026,82.888,102.025,0.40187,1.15504,0.899282,A,0.0,-0.005078
7255.17,0.32716,161.074,3.4282,19,0.8957,17.019,1.97874,8.99167,3657.205,3597.965,12537.564,0.025596,0.633685,81.286,101.362,0.50408,1.72809,0.960562,A,0.0,0.015147
11374.634,0.43358,178.384,1.5887,22,0.6502,14.304,1.94868,5.85677,4832.289,6542.345,7677.224,0.136824,0.652775,83.418,102.339,0.42483,0.67494,0.865939,A,0.0,-0.038558
7000.0,0.50002,161.047,3.1359,20,0.7278,14.555,1.97879,7.53207,2284.832,4715.168,7165.063,0.099856,0.693924,82.265,101.758,0.3264,1.02358,0.934816,A,0.0,0.017577
10021.1,0.41061,173.151,1.7091,18,0.897,16.146,1.9574,6.84135,4741.378,5279.722,8103.535,0.079215,0.70821,82.464,102.456,0.47314,0.80865,0.908721,A,0.0,0.023695
8336.823,0.3375,202.037,3.9801,19,0.7603,14.446,1.91262,7.48696,4376.982,3959.841,17420.654,0.044445,0.661418,83.016,103.444,0.52502,2.0896,0.93086,A,0.0,0.032683
12987.728,0.53708,185.937,1.4522,17,0.7861,13.363,1.9366,5.23023,4122.708,8865.021,5986.796,0.295567,0.649392,85.785,102.665,0.31743,0.46096,0.82531,A,-0.001,0.038802
10249.553,0.6242,142.136,2.2155,26,0.6713,17.453,2.01622,8.43252,2892.157,7357.396,6407.674,0.116488,0.823784,81.68,101.584,0.28217,0.62517,0.947341,A,0.0,-0.035708
8894.842,0.62277,202.63,3.1623,18,0.7185,12.933,1.91178,6.36747,2816.395,6078.447,8906.374,0.204764,0.816449,85.151,104.492,0.31663,1.0013,0.895893,A,0.0,0.002472
9251.031,0.45629,131.687,2.7097,25,0.7178,17.946,2.03945,9.34212,3420.632,5830.399,9268.986,0.045859,0.697083,80.26,100.122,0.36976,1.00194,0.962838,A,0.0,0.014146
9137.056,0.481,149.057,3.3045,26,0.777,20.201,2.00189,10.76423,3399.359,5737.698,11233.026,0.029105,0.748734,80.832,101.48,0.37204,1.22939,0.977488,A,-0.001,-0.023982
10282.467,0.63317,156.348,3.5738,16,0.8901,14.241,1.9876,7.64392,2326.959,7955.509,8316.079,0.194355,0.761525,83.321,101.959,0.2263,0.80876,0.930535,A,-0.001,-0.025477
9762.777,0.52994,169.152,3.9209,25,0.8508,21.27,1.96427,11.44161,3350.944,6411.833,13138.662,0.027949,0.792292,81.635,102.816,0.34324,1.34579,0.981897,A,0.0,-0.013482
10983.828,0.41886,179.574,3.2084,19,0.6634,12.605,1.94674,6.40169,5154.885,5828.944,16538.689,0.097759,0.702823,82.946,102.725,0.46932,1.50573,0.890464,A,-0.001,0.033884
12310.392,0.64411,174.335,3.831,17,0.7138,12.135,1.9554,6.45339,3263.382,9047.01,12502.173,0.271478,0.778528,85.046,102.977,0.26509,1.01558,0.88827,A,0.0,-0.040429
11052.118,0.68887,171.04,2.8568,26,0.8491,22.077,1.96101,11.01318,3258.236,7793.882,9308.193,0.051057,0.955506,82.012,103.986,0.29481,0.84221,0.97815,A,0.0,0.015757
8160.995,0.62515,168.634,3.2083,20,0.8015,16.03,1.96518,8.25616,2316.964,5844.032,7433.49,0.115664,0.82714,82.773,103.021,0.28391,0.91086,0.947472,A,-0.001,0.024072
7564.29,0.55797,161.465,2.2151,22,0.6585,14.487,1.97803,6.80793,2558.888,5005.401,5668.081,0.141106,0.771079,82.827,102.289,0.33829,0.74932,0.91445,A,0.001,0.012843
8866.871,0.66357,178.509,1.2079,20,0.765,15.3,1.94847,5.58331,2032.707,6834.164,2455.364,0.396172,0.743106,86.846,102.941,0.22925,0.27691,0.863133,A,0.0,-0.020282
11579.823,0.65697,153.69,2.8469,21,0.833,17.493,1.99272,8.92629,2745.784,8834.039,7817.072,0.127605,0.821506,82.329,102.213,0.23712,0.67506,0.953944,A,0.0,0.004506
9497.428,0.46036,203.486,1.0194,26,0.8684,22.578,1.91057,7.3788,4170.165,5327.263,4251.183,0.078046,0.759629,83.506,104.152,0.43908,0.44761,0.925561,A,0.0,0.027791
8998.641,0.6566,143.627,3.8727,26,0.7147,18.583,2.01307,10.33347,2260.47,6738.171,8754.182,0.068127,0.854022,81.109,101.869,0.2512,0.97283,0.973936,A,0.0,-0.037633
10207.424,0.57862,157.69,2.8461,25,0.7158,17.895,1.98506,9.07957,3271.933,6935.491,9312.157,0.075697,0.815883,81.81,102.389,0.32054,0.91229,0.958065,A,0.0,-0.005041
7876.711,0.42665,203.654,3.9978,27,0.8341,22.52,1.91034,11.66006,3908.109,3968.602,15623.773,0.013599,0.83341,82.661,104.646,0.49616,1.98354,0.984186,A,0.0,-0.020219
8291.008,0.61452,176.397,3.3012,24,0.709,17.016,1.95196,8.73471,2814.797,5476.212,9292.332,0.080749,0.888884,82.605,103.804,0.3395,1.12077,0.955389,A,-0.001,-0.019034
10765.488,0.41101,150.099,1.7958,22,0.7613,16.749,1.9998,7.45584,4546.986,6218.502,8165.393,0.073234,0.65799,81.459,100.938,0.42237,0.75848,0.924742,A,-0.0,0.017119
9545.27,0.32651,185.025,2.6656,20,0.8452,16.903,1.93802,8.13309,4583.515,4961.755,12217.889,0.038928,0.592166,82.365,102.246,0.48019,1.27999,0.942749,A,0.0,0.016424
9320.146,0.35843,185.693,1.8206,23,0.6556,15.079,1.93698,6.43493,4479.568,4840.578,8155.541,0.076827,0.619035,82.889,102.453,0.48063,0.87504,0.89698,A,0.0,-0.019042
10476.453,0.31915,171.494,2.8795,24,0.7239,17.375,1.96023,8.67987,5499.181,4977.272,15834.962,0.02956,0.639104,81.745,101.92,0.52491,1.51148,0.951382,A,0.0,0.00974
9122.693,0.32662,169.964,3.5715,25,0.6688,16.72,1.96286,8.80957,4747.188,4375.505,16954.784,0.027994,0.650622,81.666,101.921,0.52037,1.85853,0.9554,A,0.0,-0.038607
8970.563,0.37581,200.003,2.6218,27,0.8758,23.647,1.91553,11.12636,4443.949,4526.615,11650.938,0.014967,0.730053,82.56,103.811,0.49539,1.2988,0.98027,A,-0.001,0.045836
9310.285,0.34582,150.635,1.8762,24,0.6697,16.074,1.99873,7.26113,5140.881,4169.404,9645.129,0.048304,0.712655,81.153,101.329,0.55217,1.03596,0.922873,A,0.0,0.011035
10903.931,0.48166,176.647,2.3958,26,0.8622,22.418,1.95154,10.57488,3941.711,6962.22,9443.375,0.033794,0.73522,81.994,102.801,0.36149,0.86605,0.974637,A,0.0,0.017836
10089.73,0.36092,170.916,2.6816,26,0.7186,18.683,1.96122,9.16605,5025.169,5064.56,13475.295,0.029379,0.689883,81.721,102.227,0.49805,1.33555,0.959459,A,0.001,-0.002935
8208.104,0.60654,132.578,3.084,25,0.8024,20.06,2.03738,10.78029,2366.66,5841.443,7298.757,0.045744,0.83375,80.301,101.079,0.28833,0.88921,0.978255,A,0.001,-0.020196
9545.415,0.55708,169.091,3.7397,23,0.7442,17.116,1.96438,9.11797,3128.219,6417.196,11698.672,0.068943,0.795027,82.174,102.831,0.32772,1.22558,0.959442,A,0.0,0.046901
10972.336,0.40267,150.856,1.9598,19,0.8067,15.327,1.99829,7.02588,4833.397,6138.939,9472.28,0.08045,0.656358,81.587,100.969,0.44051,0.86329,0.91199,A,0.0,0.042024
12806.128,0.67235,179.432,2.7058,21,0.7052,14.809,1.94697,7.20446,2640.161,10165.967,7143.669,0.284042,0.773191,85.4,103.183,0.20616,0.55783,0.912903,A,0.0,0.049359
8286.469,0.33702,184.409,1.8689,25,0.8216,20.54,1.93899,8.86006,4158.239,4128.23,7771.339,0.028671,0.647613,82.208,102.584,0.50181,0.93783,0.95731,A,0.0,-0.010503
10507.803,0.39786,203.817,1.1073,22,0.7771,17.096,1.91011,5.81343,4212.533,6295.27,4664.418,0.131706,0.575958,84.225,102.954,0.4009,0.4439,0.867289,A,0.0,0.007512
9611.878,0.44751,153.683,3.4322,27,0.8504,22.961,1.99274,12.25962,3826.996,5784.881,13135.076,0.015211,0.733504,80.845,101.632,0.39815,1.36655,0.986466,A,0.001,-0.034265
11238.279,0.65927,196.685,3.0046,26,0.7837,20.377,1.92034,9.97576,3192.058,8046.221,9590.845,0.073315,0.891733,83.22,104.737,0.28403,0.85341,0.968414,A,0.0,-0.046327
10674.332,0.52417,132.883,3.0417,25,0.8483,21.208,2.03668,11.35316,3966.271,6708.061,12064.3,0.027065,0.818086,80.069,100.994,0.37157,1.13022,0.980814,A,0.0,0.046689
12208.265,0.57587,144.944,1.088,25,0.8477,21.192,2.01031,7.71074,3138.012,9070.254,3414.056,0.16074,0.71949,82.39,101.056,0.25704,0.27965,0.928253,A,-0.001,0.012466
10779.176,0.56658,202.293,1.1028,18,0.746,13.427,1.91226,4.56522,3165.753,7613.423,3491.239,0.399466,0.636072,87.71,103.287,0.29369,0.32389,0.792934,A,0.0,-0.030344
9182.33,0.65292,161.576,2.616,25,0.6762,16.905,1.97782,8.341,2658.643,6523.687,6954.96,0.118717,0.870631,82.536,102.952,0.28954,0.75743,0.947355,A,0.0,-0.023354
9192.11,0.41155,176.721,2.0827,19,0.8141,15.468,1.95142,6.98675,4141.386,5050.724,8625.147,0.077274,0.685651,82.571,102.478,0.45054,0.93832,0.915406,A,0.0,-0.042553
10608.325,0.61304,157.82,3.8736,23,0.7916,18.207,1.98481,9.92031,3268.634,7339.691,12661.279,0.062908,0.858034,81.647,102.674,0.30812,1.19352,0.968382,A,0.0,-9.7e-05
10592.415,0.3181,134.013,2.6948,27,0.8592,23.199,2.0341,12.0143,5288.484,5303.931,14251.444,0.009675,0.625622,79.894,99.793,0.49927,1.34544,0.984814,A,0.0,0.025209
13000.0,0.38974,188.604,1.6135,16,0.7178,11.485,1.93246,4.67116,5623.173,7376.827,9072.866,0.191482,0.54086,84.504,102.068,0.43255,0.69791,0.787482,A,0.0,0.052936
12514.499,0.46458,158.089,1.745,21,0.6707,14.084,1.9843,6.13528,5012.418,7502.081,8746.487,0.145688,0.677635,82.75,101.497,0.40053,0.69891,0.874396,A,0.0,0.064133
8239.632,0.43405,189.842,2.563,22,0.8165,17.963,1.93057,8.50002,3895.598,4344.035,9984.395,0.044389,0.783478,82.605,103.724,0.47279,1.21175,0.951649,A,-0.001,0.034716
10525.337,0.33198,167.924,1.1579,22,0.6571,14.455,1.96642,5.24505,6057.542,4467.795,7013.73,0.093451,0.655388,82.452,101.852,0.57552,0.66637,0.837995,A,0.0,-0.02121
8003.517,0.67289,186.738,1.4667,18,0.7666,13.798,1.93535,5.41726,2027.727,5975.79,2973.981,0.374931,0.773995,86.861,103.523,0.25335,0.37158,0.858832,A,0.0,-0.002739
7516.485,0.58821,219.371,3.0557,16,0.7607,12.172,1.88915,5.8337,2319.984,5196.5,7089.104,0.228925,0.748609,85.995,104.717,0.30865,0.94314,0.879875,A,0.001,0.022636
11115.319,0.46916,175.517,1.9119,17,0.7349,12.493,1.95342,5.49237,4655.565,6459.754,8901.036,0.169319,0.685254,83.741,102.418,0.41884,0.80079,0.84884,A,0.0,0.015184
10827.621,0.41968,177.697,2.8775,17,0.711,12.087,1.94981,5.98957,4751.609,6076.013,13672.82,0.120455,0.653674,83.177,102.313,0.43884,1.26277,0.874044,A,-0.001,0.049197
8442.148,0.33517,142.217,1.109,20,0.6544,13.088,2.01605,4.82555,3892.299,4549.849,4316.6,0.128007,0.512402,81.836,99.533,0.46106,0.51132,0.823918,A,-0.0,-0.0385
12465.53,0.6313,183.174,2.9257,27,0.7405,19.993,1.94095,9.88144,3215.624,9249.906,9407.825,0.082729,0.822,82.877,103.678,0.25796,0.75471,0.966195,A,0.0,0.040999
8533.645,0.40521,141.546,1.3668,18,0.8497,15.294,2.01748,6.19882,3681.652,4851.993,5032.035,0.102565,0.634859,81.47,100.303,0.43143,0.58967,0.8908,A,0.0,-0.021771
8248.407,0.6784,153.067,2.7188,22,0.6584,14.484,1.99394,7.30764,2051.02,6197.387,5576.403,0.20029,0.83663,83.263,102.279,0.24866,0.67606,0.926587,A,0.0,0.000627
10978.927,0.41099,157.216,3.225,23,0.8518,19.592,1.98595,10.26054,5202.398,5776.529,16777.798,0.024611,0.758967,81.116,101.988,0.47385,1.52818,0.971625,A,0.0,-0.001895
10331.408,0.69434,171.082,2.4708,19,0.7549,14.343,1.96093,6.87587,2098.424,8232.983,5184.738,0.31116,0.792009,85.447,102.909,0.20311,0.50184,0.908979,A,0.001,-0.032414
9759.238,0.63172,144.187,2.3087,19,0.8379,15.919,2.01189,7.76538,2787.65,6971.588,6435.941,0.144941,0.826361,82.147,101.718,0.28564,0.65947,0.934462,A,0.0,0.012619
9899.401,0.58314,182.454,3.5677,23,0.8171,18.793,1.9421,9.74351,2655.365,7244.036,9473.654,0.071599,0.770655,82.705,103.306,0.26823,0.95699,0.967066,A,0.0,-0.037343
10335.701,0.69354,141.801,3.1398,19,0.6873,13.059,2.01693,6.94886,2624.135,7711.566,8239.345,0.242399,0.84706,83.327,101.718,0.25389,0.79717,0.911263,A,-0.0,-0.024724
9790.63,0.49217,202.61,2.1114,24,0.8008,19.219,1.91181,8.45173,3714.447,6076.183,7842.646,0.066927,0.752119,83.331,104.066,0.37939,0.80104,0.948409,A,-0.0,0.044891
9741.243,0.44011,173.545,2.0717,17,0.779,13.243,1.95673,5.99583,4007.536,5733.707,8302.413,0.130176,0.656741,83.151,102.135,0.4114,0.8523,0.878317,A,0.0,-0.027018
7156.065,0.33768,167.245,1.6175,16,0.6918,11.068,1.96762,4.62915,3167.544,3988.521,5123.398,0.138065,0.496211,83.015,100.768,0.44264,0.71595,0.819022,A,-0.0,-0.014927
7987.058,0.64549,170.958,1.8356,26,0.6597,17.153,1.96115,7.47869,2429.725,5557.333,4460.121,0.145506,0.864083,83.256,103.378,0.30421,0.55842,0.931425,A,0.0,0.029532
10916.424,0.34967,164.53,2.6603,20,0.7352,14.703,1.97245,7.25903,5681.452,5234.972,15114.172,0.054408,0.670118,81.804,101.779,0.52045,1.38454,0.919019,A,0.0,-0.019427
8943.549,0.33102,172.737,3.5024,19,0.7235,13.746,1.9581,7.18533,4021.045,4922.503,14083.189,0.057656,0.554322,82.163,101.42,0.4496,1.57468,0.921689,A,0.001,0.004511
10817.79,0.53248,144.199,1.4475,27,0.7115,19.211,2.01187,7.94271,3931.272,6886.518,5690.433,0.093136,0.783285,81.464,101.435,0.36341,0.52603,0.936436,A,0.0,0.007619
11853.196,0.32785,175.267,3.2897,19,0.8649,16.432,1.95384,8.4405,5888.61,5964.586,19371.777,0.036309,0.615669,81.976,101.947,0.4968,1.63431,0.944981,A,0.0,0.05007
9467.574,0.35999,193.179,2.7602,27,0.8146,21.995,1.92553,10.57841,4971.212,4496.362,13721.754,0.016639,0.739592,82.354,103.581,0.52508,1.44934,0.975731,A,0.0,0.042603
10424.455,0.4208,120.0,1.3143,24,0.8572,20.572,2.06808,8.48921,4382.02,6042.435,5759.339,0.051948,0.688298,79.75,99.307,0.42036,0.55248,0.948107,A,-0.0,-0.022437
13000.0,0.40779,132.311,1.3945,24,0.6757,16.216,2.038,6.7237,5726.028,7273.972,7984.688,0.095926,0.653295,80.951,99.871,0.44046,0.61421,0.896389,A,0.0,-0.0545
11042.403,0.34086,205.715,1.4346,27,0.7765,20.966,1.90745,7.97818,5276.547,5765.857,7569.813,0.045077,0.611535,83.143,103.267,0.47784,0.68552,0.936807,A,-0.001,0.039217
12762.811,0.49764,180.058,2.1552,19,0.8726,16.58,1.94595,7.53987,5234.883,7527.928,11282.054,0.093853,0.778424,82.912,103.247,0.41017,0.88398,0.922643,A,0.0,0.055966
12300.111,0.44439,149.293,2.7705,19,0.826,15.694,2.00142,8.00147,5790.304,6509.807,16042.044,0.061335,0.785112,81.268,101.733,0.47075,1.30422,0.935027,A,0.0,-0.029562
11130.041,0.47029,151.826,2.9792,26,0.8767,22.794,1.99637,11.79825,4524.588,6605.452,13479.861,0.019248,0.779241,80.82,101.833,0.40652,1.21112,0.983362,A,0.001,0.01869
9832.159,0.56033,153.377,1.9567,27,0.6589,17.79,1.99333,8.12096,3508.238,6323.921,6864.489,0.091075,0.820647,81.834,102.19,0.35681,0.69817,0.942004,A,0.0,0.03408
8737.01,0.39847,149.379,1.792,21,0.8488,17.825,2.00124,7.93743,3793.073,4943.937,6797.201,0.054889,0.662079,81.186,100.926,0.43414,0.77798,0.940199,A,0.0,-0.038474
8332.453,0.64132,184.611,3.8136,25,0.8498,21.244,1.93867,11.14201,2365.59,5966.863,9021.383,0.043451,0.878351,82.41,104.116,0.2839,1.08268,0.980765,A,-0.0,-0.018576
10729.493,0.33959,159.055,2.0518,20,0.7704,15.408,1.98249,7.08909,5788.469,4941.024,11876.613,0.053803,0.674394,81.577,101.526,0.53949,1.10691,0.914525,A,0.0,-0.005409
10702.275,0.45327,147.248,2.6854,16,0.8603,13.765,2.00556,6.98029,4078.914,6623.361,10953.399,0.105515,0.667426,81.762,100.842,0.38113,1.02346,0.911278,A,0.0,0.03024
9738.067,0.57635,138.871,1.7033,19,0.8183,15.548,2.02326,6.90352,3102.136,6635.931,5283.81,0.16022,0.770884,82.108,101.044,0.31856,0.54259,0.911444,A,0.0,-0.022347
11272.7,0.54855,166.891,1.4617,19,0.7698,14.626,1.96824,5.88051,4118.2,7154.5,6019.474,0.199045,0.749721,83.806,102.423,0.36533,0.53399,0.867439,A,0.0,0.053572
9093.194,0.58379,176.616,1.3442,19,0.7462,14.177,1.95159,5.4357,2494.776,6598.418,3353.371,0.308831,0.68775,85.624,102.487,0.27436,0.36878,0.854863,A,0.0,-0.010421
11665.329,0.67858,204.768,2.1553,26,0.7254,18.861,1.90877,8.3285,3298.948,8366.381,7110.114,0.136565,0.892305,84.32,105.081,0.2828,0.60951,0.943087,A,0.0,-0.025479
10060.011,0.4621,130.489,2.9103,27,0.7205,19.454,2.04224,10.33892,4002.708,6057.302,11649.06,0.031204,0.746834,80.008,100.375,0.39788,1.15796,0.973132,A,0.001,0.031501
9945.51,0.47465,172.562,3.9542,20,0.8547,17.093,1.9584,9.16974,4274.503,5671.007,16902.063,0.044523,0.798865,81.983,103.026,0.42979,1.69947,0.959686,A,0.0,-0.046383
9999.59,0.68143,138.336,3.2025,23,0.7798,17.935,2.02443,9.63941,2561.553,7438.037,8203.354,0.091133,0.88472,81.172,101.763,0.25617,0.82037,0.965741,A,0.0,-0.00149
9852.113,0.39361,195.192,3.1022,26,0.7531,19.58,1.92254,9.6786,4749.247,5102.866,14732.94,0.02747,0.734381,82.565,103.634,0.48205,1.49541,0.966357,A,-0.0,-0.019453
13000.0,0.3387,131.087,1.4277,19,0.7338,13.942,2.04084,5.84894,6723.177,6276.823,9598.372,0.092163,0.602775,80.842,99.462,0.51717,0.73834,0.859276,A,0.0,-0.040146
7582.72,0.58031,173.798,2.8063,25,0.8187,20.468,1.95631,10.12662,2040.984,5541.736,5727.701,0.057766,0.772754,82.205,102.913,0.26916,0.75536,0.973207,A,0.0,0.030101
10265.834,0.63613,185.418,2.2166,18,0.7811,14.061,1.93741,6.40809,2684.03,7581.804,5949.541,0.260347,0.769162,85.302,103.432,0.26145,0.57955,0.892996,A,0.0,-0.009704
11866.159,0.40227,162.249,1.674,22,0.7882,17.34,1.97659,7.39672,5387.955,6478.204,9019.519,0.070265,0.678406,81.923,101.718,0.45406,0.7601,0.920689,A,0.0,-0.03734
11076.27,0.32338,153.503,1.7204,24,0.8629,20.711,1.99309,9.03314,5991.898,5084.371,10308.434,0.026138,0.673682,80.982,101.227,0.54097,0.93068,0.956274,A,0.001,-0.021261
9546.877,0.57052,176.579,3.5648,17,0.7223,12.278,1.95165,6.41164,3354.62,6192.257,11958.611,0.169807,0.787601,83.787,103.144,0.35138,1.25262,0.895416,A,0.0,0.018502
12610.182,0.6527,194.382,1.8228,18,0.8894,16.01,1.92374,6.76394,3886.607,8723.574,7084.652,0.214025,0.848136,85.0,104.35,0.30821,0.56182,0.898935,A,0.001,0.05757
8397.261,0.64737,185.144,1.4354,25,0.7501,18.753,1.93784,7.31213,2434.681,5962.58,3494.835,0.164429,0.844561,84.026,103.917,0.28994,0.41619,0.926357,A,0.0,0.040164
8040.556,0.34848,178.737,2.1163,19,0.7192,13.664,1.9481,6.18798,3877.9,4162.656,8206.813,0.077976,0.600474,82.654,102.01,0.48229,1.02068,0.892081,A,-0.0,0.023126
10852.106,0.44716,210.766,2.6488,25,0.8157,20.393,1.90053,9.50619,4506.913,6345.193,11938.0,0.039636,0.736622,83.232,104.298,0.4153,1.10006,0.963188,A,0.0,-0.017043
7818.295,0.51262,174.698,2.4675,22,0.7741,17.03,1.95479,8.12283,2983.082,4835.213,7360.784,0.073139,0.783758,82.441,103.029,0.38155,0.94148,0.945561,A,0.0,-0.002122
7000.0,0.3303,175.507,1.458,17,0.7324,12.451,1.95344,4.94539,3587.665,3412.335,5230.872,0.103877,0.568353,82.877,101.646,0.51252,0.74727,0.838814,A,0.0,0.013289
11324.33,0.42038,152.937,2.094,24,0.6874,16.498,1.99419,7.70698,4727.917,6596.413,9900.455,0.070538,0.671128,81.544,101.18,0.4175,0.87426,0.929946,A,0.0,-0.013428
11142.025,0.44427,166.53,3.3273,24,0.7159,17.182,1.96888,8.95041,4198.148,6943.877,13968.516,0.053173,0.680713,81.866,101.95,0.37679,1.25368,0.954904,A,-0.0,0.051979
11098.43,0.39658,184.402,2.3547,26,0.8752,22.756,1.93901,10.57653,5427.32,5671.11,12779.882,0.020674,0.756325,82.102,103.301,0.48902,1.1515,0.974507,A,0.0,0.008685
9268.793,0.4929,154.198,3.056,24,0.7576,18.182,1.99174,9.43893,2951.633,6317.16,9020.115,0.055634,0.697207,81.401,101.42,0.31845,0.97317,0.964056,A,0.0,0.008747
10274.419,0.51367,164.67,3.9947,16,0.8591,13.746,1.9722,7.46626,3531.68,6742.739,14108.173,0.11044,0.724868,82.549,102.148,0.34374,1.37314,0.926096,A,0.0,0.026335
8552.01,0.55013,177.874,1.0948,24,0.6619,15.885,1.94952,5.54229,2542.353,6009.657,2783.34,0.254426,0.675221,84.952,102.463,0.29728,0.32546,0.862511,A,0.0,0.029948
12601.527,0.63178,160.55,1.1335,18,0.8206,14.77,1.97971,5.35934,3899.039,8702.488,4419.662,0.337315,0.763716,85.38,102.193,0.30941,0.35072,0.834803,A,0.0,-0.040938
11186.536,0.42304,130.99,3.6487,27,0.8269,22.325,2.04107,12.50212,4729.535,6457.002,17256.838,0.013034,0.723351,79.793,100.252,0.42279,1.54264,0.986973,A,-0.001,0.028577
11113.384,0.52318,173.029,2.7772,25,0.8364,20.909,1.95761,10.32666,3869.833,7243.551,10747.126,0.04182,0.780343,81.965,102.926,0.34821,0.96704,0.972165,A,0.0,0.009507
7075.023,0.35976,187.273,3.4908,24,0.6852,16.445,1.93452,8.43488,3505.607,3569.416,12237.416,0.034591,0.679116,82.387,102.921,0.49549,1.72966,0.952358,A,0.0,0.000306
11210.953,0.53343,164.682,2.4857,22,0.7284,16.024,1.97218,7.76041,4516.224,6694.729,11225.93,0.090747,0.832054,82.29,102.856,0.40284,1.00134,0.931468,A,-0.0,0.048836
12240.958,0.35076,177.998,1.9729,24,0.8457,20.298,1.94931,8.991,5905.446,6335.512,11650.955,0.033356,0.646625,82.038,102.28,0.48243,0.9518,0.954123,A,0.0,-0.044076
11824.393,0.57972,139.276,2.9522,19,0.7848,14.91,2.02238,7.84404,3035.077,8789.316,8960.204,0.152986,0.727079,82.032,100.778,0.25668,0.75777,0.932263,A,0.0,-0.014268
11183.696,0.38227,187.938,1.9051,20,0.6741,13.482,1.93349,5.82916,5326.315,5857.381,10147.162,0.108053,0.631634,83.38,102.637,0.47626,0.90732,0.865382,A,0.0,-0.053835
9998.564,0.47675,160.001,3.8799,18,0.7081,12.747,1.98073,6.92662,4079.923,5918.642,15829.652,0.103441,0.734086,82.27,101.969,0.40805,1.58319,0.911465,A,-0.001,-0.008159
9487.251,0.66246,169.638,2.1102,20,0.6918,13.836,1.96343,6.33346,2074.351,7412.899,4377.303,0.325075,0.756877,85.575,102.606,0.21865,0.46139,0.892709,A,0.001,-0.04811
10902.463,0.37801,151.634,1.8138,18,0.7561,13.609,1.99675,6.06651,5039.145,5863.318,9140.131,0.100494,0.616509,81.885,100.749,0.4622,0.83835,0.877122,A,0.0,0.047884
10574.154,0.35036,202.33,1.5235,17,0.8545,14.526,1.91221,5.68509,5316.316,5257.838,8099.442,0.096921,0.606623,83.718,103.094,0.50277,0.76597,0.86092,A,0.0,-0.027529
10354.562,0.59311,174.577,1.1545,24,0.7276,17.463,1.95499,6.27332,3399.362,6955.2,3924.672,0.203188,0.78368,84.153,103.023,0.3283,0.37903,0.887532,A,0.0,0.033566
9536.163,0.53628,213.945,2.2683,17,0.8408,14.294,1.89626,6.34778,3152.343,6383.82,7150.478,0.173445,0.715444,85.097,104.285,0.33057,0.74983,0.893087,A,0.0,0.029646
12521.885,0.65078,160.188,1.6502,16,0.8228,13.165,1.98038,5.6013,3135.236,9386.649,5173.639,0.393632,0.736664,86.109,101.996,0.25038,0.41317,0.848553,A,0.0,0.056704
8248.235,0.36065,178.67,3.7721,23,0.7152,16.449,1.94821,8.67129,4118.14,4130.095,15533.936,0.032903,0.687452,82.057,102.581,0.49928,1.8833,0.95445,A,0.0,-0.015276
9966.051,0.6846,178.555,2.0568,26,0.8229,21.395,1.9484,9.60198,2141.939,7824.112,4405.484,0.110454,0.841784,83.076,103.595,0.21492,0.44205,0.965324,A,0.0,-0.039512
9129.729,0.5527,135.445,1.7399,17,0.7917,13.459,2.03086,6.05497,3267.317,5862.411,5684.658,0.180673,0.760045,82.219,100.767,0.35788,0.62265,0.883013,A,0.001,-0.010915
11548.065,0.67704,159.715,2.0507,21,0.7511,15.774,1.98126,7.24982,2544.093,9003.972,5217.17,0.254278,0.796488,84.25,102.366,0.2203,0.45178,0.917259,A,0.0,0.039397
12145.722,0.37515,161.456,3.5662,22,0.7907,17.395,1.97804,9.26668,5435.842,6709.88,19385.357,0.034825,0.650858,81.423,101.495,0.44755,1.59606,0.958454,A,0.0,-0.014666
11866.133,0.64465,202.577,3.2758,17,0.7725,13.133,1.91186,6.52043,3201.833,8664.3,10488.639,0.257493,0.787719,85.846,104.3,0.26983,0.88391,0.892222,A,0.0,0.019322
11133.111,0.55499,176.401,3.9394,19,0.8355,15.875,1.95195,8.46807,3489.177,7643.934,13745.229,0.094521,0.765182,82.787,102.988,0.31341,1.23463,0.946624,A,0.0,-0.035931
7896.097,0.52799,152.669,2.9253,24,0.6979,16.75,1.99472,8.6193,2928.355,4967.742,8566.364,0.065304,0.800726,81.464,102.021,0.37086,1.08489,0.95413,A,0.0,0.026779
13000.0,0.66062,177.863,2.2133,23,0.7314,16.822,1.94953,7.73521,3391.972,9608.028,7507.339,0.184117,0.828845,84.023,103.477,0.26092,0.57749,0.927281,A,0.0,-0.025676
10775.044,0.6568,132.738,1.695,22,0.8135,17.896,2.03702,8.00836,3475.996,7299.048,5891.857,0.126317,0.909436,81.372,101.588,0.3226,0.54681,0.937958,A,0.0,-0.045504
9837.305,0.67337,174.314,3.3874,18,0.7655,13.779,1.95544,7.13414,1901.153,7936.152,6439.967,0.28548,0.766288,85.23,102.895,0.19326,0.65465,0.918066,A,0.0,0.026866
10032.251,0.6666,171.833,2.3153,16,0.7533,12.052,1.95965,5.6626,2480.759,7551.492,5743.79,0.371851,0.763433,86.277,102.757,0.24728,0.57253,0.862061,A,0.0,-0.03239
9490.721,0.46886,197.88,2.2852,24,0.7234,17.36,1.9186,7.86867,3941.33,5549.392,9006.878,0.070787,0.751589,83.226,103.863,0.41528,0.94902,0.937302,A,-0.001,-0.037463
10635.821,0.5276,168.912,2.5044,22,0.892,19.624,1.96469,9.47104,3903.161,6732.659,9775.194,0.05324,0.802597,81.959,102.872,0.36698,0.91908,0.962968,A,0.001,0.042953
10465.252,0.65711,135.934,3.1687,23,0.7921,18.218,2.02976,9.80301,2173.746,8291.506,6887.989,0.103779,0.802172,81.227,101.075,0.20771,0.65818,0.967196,A,0.0,0.018605
9459.85,0.36392,182.236,2.0359,25,0.7131,17.827,1.94244,7.93736,4186.779,5273.071,8523.747,0.050283,0.612952,82.415,102.255,0.44258,0.90104,0.938849,A,0.0,-0.034612
7000.0,0.31423,214.255,2.5084,20,0.8287,16.574,1.89585,7.57981,3546.171,3453.829,8895.195,0.039762,0.596032,83.342,103.51,0.5066,1.27074,0.935896,A,0.0,0.014542
9947.318,0.36878,156.949,2.0706,27,0.7133,19.258,1.98646,8.91321,4806.283,5141.035,9951.674,0.033662,0.682075,81.225,101.466,0.48317,1.00044,0.955896,A,0.0,0.011386
10715.254,0.4928,171.794,3.8218,21,0.7842,16.468,1.95971,8.78157,4224.599,6490.655,16145.451,0.059058,0.775106,82.146,102.832,0.39426,1.50677,0.952751,A,0.0,0.035169
10789.252,0.39567,154.792,1.9606,24,0.8346,20.03,1.99059,9.1316,4806.661,5982.591,9423.963,0.037206,0.68367,81.182,101.362,0.4455,0.87346,0.958108,A,0.0,0.028721
9769.802,0.51982,172.378,3.3792,23,0.6867,15.795,1.95871,8.19378,3150.386,6619.417,10645.93,0.090968,0.723926,82.59,102.522,0.32246,1.08968,0.94357,A,-0.001,-0.013909
10679.972,0.4153,138.844,2.0122,19,0.8166,15.516,2.02332,7.30452,4449.188,6230.784,8952.634,0.078907,0.655508,81.034,100.281,0.41659,0.83826,0.920848,A,0.0,-0.008464
11542.478,0.39656,194.075,3.079,26,0.6671,17.344,1.92419,8.56877,5086.635,6455.843,15661.95,0.046918,0.672043,82.784,103.174,0.44069,1.3569,0.947861,A,0.0,0.026238
9294.625,0.40246,216.565,1.9295,20,0.7578,15.155,1.8928,6.36899,4360.682,4933.943,8414.072,0.090366,0.678291,84.081,104.144,0.46916,0.90526,0.894657,A,0.0,0.008256
12199.419,0.38366,150.303,2.285,20,0.715,14.299,1.99939,6.89129,5933.969,6265.449,13559.404,0.075368,0.675632,81.496,101.066,0.48641,1.11148,0.904445,A,0.001,0.059879
7067.263,0.69674,176.801,3.5766,21,0.7734,16.242,1.95129,8.48505,1797.674,5269.589,6429.592,0.128192,0.890699,83.246,103.835,0.25437,0.90977,0.9532,A,0.0,-0.020255
8108.427,0.44792,159.202,1.4505,25,0.7122,17.804,1.98222,7.21059,3304.643,4803.784,4793.232,0.083101,0.698882,81.97,101.696,0.40756,0.59114,0.924387,A,0.0,0.029314
8642.283,0.42701,172.104,1.25,25,0.8809,22.023,1.95918,8.22827,3633.61,5008.673,4541.968,0.054695,0.697108,82.1,102.332,0.42045,0.52555,0.946146,A,0.0,0.014947
7000.0,0.31932,192.246,3.1998,27,0.8426,22.749,1.92693,11.36877,3732.427,3267.573,11943.203,0.010193,0.672432,82.237,103.097,0.5332,1.70617,0.98298,A,0.0,-0.025276
8500.356,0.47562,185.47,1.4843,24,0.7746,18.59,1.93733,7.34525,3299.117,5201.239,4896.881,0.089496,0.720532,83.048,103.113,0.38812,0.57608,0.926969,A,0.0,0.022407
11872.558,0.59892,202.044,1.3568,23,0.7911,18.195,1.91261,6.7926,3486.949,8385.609,4731.024,0.199851,0.764858,85.067,104.127,0.2937,0.39848,0.901997,A,0.0,0.042064
11862.294,0.38202,178.945,1.8992,27,0.8839,23.866,1.94776,10.42311,5894.067,5968.227,11193.906,0.02114,0.738414,81.912,102.931,0.49687,0.94365,0.972504,A,0.0,0.010606
10146.038,0.67938,175.995,1.9152,22,0.7609,16.74,1.95262,7.35922,2182.934,7963.104,4180.681,0.241349,0.799463,84.71,103.194,0.21515,0.41205,0.923568,A,0.0,-0.040655
12581.503,0.58954,227.823,3.8258,19,0.8214,15.607,1.87847,7.80047,4280.328,8301.175,16375.664,0.121751,0.830752,84.832,105.582,0.34021,1.30157,0.929741,A,0.0,-0.052669
10359.235,0.61973,194.058,3.5313,27,0.8822,23.82,1.92422,12.15014,2792.229,7567.006,9860.065,0.033066,0.836211,82.6,104.257,0.26954,0.95181,0.985619,A,0.0,-0.012792
9253.282,0.53089,178.462,1.7035,22,0.7388,16.253,1.94855,6.83179,3235.74,6017.542,5512.18,0.135841,0.743309,83.408,102.94,0.34969,0.5957,0.910524,A,0.0,0.035597
10362.446,0.63171,162.071,2.9217,22,0.8422,18.529,1.97692,9.40803,3174.93,7187.516,9276.301,0.077427,0.876552,82.01,103.016,0.30639,0.89518,0.962447,A,0.0,0.003933
9794.28,0.37298,181.308,1.4832,25,0.7838,19.596,1.94393,7.78021,4151.032,5643.248,6156.992,0.057438,0.60509,82.476,102.161,0.42382,0.62863,0.934733,A,0.0,-0.029354
11103.9,0.49799,194.53,3.7289,25,0.7268,18.17,1.92352,9.37268,4392.055,6711.846,16377.533,0.048922,0.791849,82.826,103.985,0.39554,1.47494,0.961143,A,-0.001,-0.005497
7745.424,0.31228,185.156,3.1864,22,0.7742,17.032,1.93782,8.57626,4159.99,3585.434,13255.294,0.026944,0.643349,82.211,102.589,0.53709,1.71137,0.953659,A,0.0,-0.031142
11499.122,0.52237,170.806,1.5088,21,0.8528,17.908,1.96141,7.2555,4271.001,7228.121,6444.264,0.115974,0.762505,82.86,102.701,0.37142,0.56041,0.917539,A,0.0,-0.007114
9310.71,0.43691,171.659,1.3619,27,0.6749,18.222,1.95994,7.07041,4077.876,5232.834,5553.508,0.082252,0.713298,82.447,102.417,0.43798,0.59646,0.917548,A,0.0,-0.041177
11282.985,0.52441,172.333,2.0263,27,0.7534,20.341,1.95879,9.15683,3695.792,7587.193,7488.949,0.06744,0.747,82.277,102.673,0.32755,0.66374,0.957875,A,0.0,0.03278
7688.44,0.65188,153.584,3.8867,25,0.6643,16.608,1.99293,9.10905,2053.562,5634.878,7981.676,0.093687,0.855303,81.877,102.43,0.2671,1.03814,0.961613,A,0.0,0.020146
9371.112,0.46426,150.983,2.8763,18,0.8988,16.179,1.99804,8.30954,3942.021,5429.091,11338.306,0.059086,0.758453,81.31,101.65,0.42066,1.20992,0.946463,A,-0.0,0.003848
10117.095,0.51999,140.26,1.7703,25,0.7026,17.565,2.02024,7.89344,3510.256,6606.839,6214.224,0.094931,0.745829,81.31,100.96,0.34696,0.61423,0.936657,A,0.0,-0.016008
11352.179,0.68758,159.621,3.6125,25,0.6869,17.172,1.98144,9.19682,2097.544,9254.635,7577.395,0.154887,0.808313,82.934,102.44,0.18477,0.66748,0.958378,A,0.0,0.007159
8173.703,0.53817,198.711,1.6592,19,0.7892,14.994,1.91739,6.09012,2681.827,5491.876,4449.75,0.18396,0.711147,84.748,103.632,0.3281,0.5444,0.887847,A,0.0,-0.038293
12501.166,0.6315,172.783,1.6612,21,0.791,16.612,1.95803,6.96763,3710.091,8791.076,6163.323,0.199645,0.81375,84.039,103.135,0.29678,0.49302,0.906175,A,-0.001,0.047116
10723.995,0.5769,147.664,3.2656,22,0.7893,17.364,2.00471,9.24549,3080.811,7643.184,10060.546,0.080682,0.776908,81.452,101.588,0.28728,0.93813,0.959822,A,0.0,0.055927
9211.337,0.38379,153.811,3.5976,18,0.8188,14.738,1.99249,7.95053,3854.745,5356.592,13867.937,0.055402,0.620114,81.381,100.89,0.41848,1.50553,0.939592,A,0.0,-0.039247
11825.953,0.66486,132.441,3.931,16,0.7304,11.687,2.0377,6.63208,2864.12,8961.833,11258.958,0.28421,0.786511,83.442,100.759,0.24219,0.95206,0.89647,A,-0.0,0.011332
10154.067,0.44273,173.791,1.1126,23,0.7627,17.541,1.95632,6.19935,4097.956,6056.111,4559.335,0.125862,0.657144,83.103,102.15,0.40358,0.44902,0.885268,A,0.0,-0.003862
11737.445,0.64421,189.725,3.6022,26,0.8036,20.895,1.93074,10.75985,2993.051,8744.394,10781.716,0.061521,0.843653,82.828,104.116,0.255,0.91857,0.975648,A,0.0,0.009722
13000.0,0.477,150.58,3.3759,19,0.6746,12.818,1.99884,6.84845,5098.15,7901.85,17210.644,0.120641,0.706924,82.106,101.288,0.39217,1.3239,0.900816,A,0.0,-0.053324
11152.793,0.39233,152.167,3.4578,24,0.8567,20.561,1.9957,11.02054,5007.268,6145.524,17314.153,0.0191,0.696424,80.833,101.305,0.44897,1.55245,0.978142,A,0.001,0.046053
9209.981,0.55535,165.713,3.8591,26,0.8131,21.141,1.97034,11.38696,2920.421,6289.56,11270.144,0.031777,0.798464,81.552,102.686,0.31709,1.22369,0.981856,A,0.0,-0.026506
9361.439,0.38597,179.041,1.0577,21,0.7702,16.174,1.94761,5.54197,4641.748,4719.69,4909.515,0.109754,0.657633,83.085,102.402,0.49584,0.52444,0.859005,A,0.001,-0.039693
10873.832,0.58684,177.369,2.1291,21,0.7309,15.349,1.95035,6.97666,3784.574,7089.257,8057.811,0.150539,0.819754,83.562,103.393,0.34804,0.74103,0.910718,A,0.001,0.026803
10431.858,0.31531,169.638,2.0288,27,0.696,18.792,1.96343,8.49274,5026.616,5405.242,10198.061,0.033923,0.576985,81.732,101.419,0.48185,0.97759,0.94816,A,0.0,0.007696
8750.455,0.54442,182.391,2.962,25,0.7913,19.783,1.9422,9.81799,3259.141,5491.314,9653.468,0.04528,0.840666,82.355,103.765,0.37245,1.1032,0.969023,A,0.0,-0.012169
8997.836,0.58638,165.067,2.8288,19,0.7389,14.039,1.97149,7.04071,2834.043,6163.793,8017.051,0.153619,0.78536,83.135,102.567,0.31497,0.891,0.917485,A,0.0,-0.008248
10998.673,0.38475,174.891,3.7833,20,0.6687,13.374,1.95447,7.08839,4609.746,6388.927,17440.158,0.079106,0.605285,82.527,101.86,0.41912,1.58566,0.913829,A,0.0,-0.04081
13000.0,0.32479,199.74,2.3368,19,0.7422,14.103,1.91591,6.42147,6479.002,6520.998,15140.383,0.075056,0.572922,83.344,102.763,0.49838,1.16464,0.884829,A,0.0,-0.04119
7000.0,0.5487,161.351,2.5454,27,0.8259,22.298,1.97823,10.92143,2392.002,4607.998,6088.618,0.031961,0.816934,81.381,102.586,0.34171,0.8698,0.980096,A,0.0,0.018986
11085.874,0.67239,162.844,3.5013,23,0.6985,16.065,1.9755,8.50741,2472.61,8613.264,8657.322,0.158492,0.819916,83.111,102.682,0.22304,0.78093,0.947426,A,0.0,-0.011051
9683.429,0.67368,189.774,1.8032,18,0.8301,14.942,1.93067,6.32333,2356.087,7327.342,4248.52,0.299903,0.793865,85.976,103.79,0.24331,0.43874,0.891684,A,0.0,0.014532
11169.047,0.39037,163.463,1.4858,26,0.7266,18.89,1.97438,7.68083,5421.401,5747.646,8055.181,0.056603,0.705195,81.791,101.956,0.4854,0.72121,0.929618,A,0.0,-0.017904
11301.582,0.68864,170.257,3.4792,26,0.8581,22.311,1.96236,11.68293,2519.842,8781.74,8766.989,0.053772,0.870814,82.018,103.389,0.22296,0.77573,0.98259,A,0.0,-0.037652
10079.257,0.37221,139.505,1.124,26,0.8952,23.274,2.02188,8.67113,4857.858,5221.399,5460.136,0.037219,0.683878,80.514,100.507,0.48197,0.54172,0.951806,A,-0.0,-0.004274
8476.04,0.50476,157.622,2.2459,21,0.6724,14.12,1.98519,6.69938,3235.228,5240.812,7265.905,0.120982,0.741668,82.405,101.895,0.38169,0.85723,0.908515,A,0.0,0.019042
7904.422,0.36491,170.255,3.0135,21,0.6765,14.207,1.96236,7.19109,3469.945,4434.477,10456.534,0.062873,0.601246,82.138,101.609,0.43899,1.32287,0.924363,A,-0.0,0.025222
7188.732,0.61374,176.491,1.5109,18,0.8755,15.76,1.9518,6.34192,2165.087,5023.645,3271.201,0.202724,0.790882,84.218,103.161,0.30118,0.45505,0.900518,A,0.0,-0.013124
11833.518,0.66998,184.45,3.469,23,0.8092,18.611,1.93893,9.56574,2693.189,9140.329,9342.584,0.10918,0.835218,83.272,103.824,0.22759,0.7895,0.962912,A,0.0,0.010708
9685.446,0.43004,186.89,1.358,16,0.8194,13.11,1.93511,4.98443,4076.738,5608.708,5536.062,0.176826,0.614086,84.251,102.474,0.42091,0.57159,0.826925,A,0.0,0.026863
9189.588,0.68284,179.253,1.7911,24,0.8363,20.072,1.94726,8.58407,2216.009,6973.579,3969.088,0.136946,0.856307,83.451,103.723,0.24114,0.43191,0.951638,A,0.0,0.020189
9583.421,0.5654,173.301,3.7074,27,0.7192,19.418,1.95715,10.26896,3223.574,6359.847,11950.937,0.045621,0.828864,82.026,103.26,0.33637,1.24704,0.972859,A,0.0,-0.04466
7990.798,0.59792,182.185,1.5002,25,0.7917,19.791,1.94253,7.88528,2565.433,5425.365,3848.764,0.110786,0.828263,83.212,103.674,0.32105,0.48165,0.940514,A,0.0,0.014789
10456.922,0.61331,182.442,2.2372,21,0.8471,17.79,1.94212,8.16084,2882.958,7573.964,6449.741,0.129623,0.797415,83.47,103.482,0.2757,0.61679,0.941731,A,0.0,0.044664
11978.052,0.68124,199.316,3.2197,20,0.832,16.639,1.91652,8.25886,2465.931,9512.121,7939.47,0.194702,0.807373,84.91,104.292,0.20587,0.66283,0.941161,A,0.0,-0.023221
11707.691,0.56609,168.703,2.512,20,0.8519,17.039,1.96506,8.23265,3602.165,8105.526,9048.798,0.108419,0.769488,82.68,102.643,0.30768,0.77289,0.941074,A,0.0,-0.04132
7651.301,0.56941,173.5,3.7205,27,0.7056,19.05,1.95681,10.07959,2217.379,5433.922,8249.703,0.053637,0.779882,82.139,102.946,0.2898,1.07821,0.972701,A,0.0,-0.024212
12045.268,0.40449,202.171,1.2742,22,0.6681,14.698,1.91243,5.33938,5336.118,6709.149,6799.43,0.149541,0.607267,84.407,103.092,0.44301,0.56449,0.83622,A,0.001,-0.022754
8853.645,0.66679,187.851,1.1348,16,0.8639,13.822,1.93362,4.84477,2063.056,6790.589,2341.079,0.506971,0.715348,88.642,103.186,0.23302,0.26442,0.822834,A,0.0,-0.021874
7130.572,0.60705,148.517,3.4479,23,0.6766,15.561,2.00298,8.37899,2419.331,4711.241,8341.716,0.087081,0.874059,81.574,102.277,0.33929,1.16985,0.951329,A,0.0,0.033373
8155.792,0.6771,165.565,1.2342,26,0.7944,20.655,1.9706,7.73987,2188.178,5967.614,2700.703,0.158795,0.867153,83.223,103.132,0.2683,0.33114,0.937079,A,0.0,-0.019345
8550.229,0.55389,169.469,1.3732,24,0.7539,18.093,1.96372,7.06484,3004.183,5546.046,4125.257,0.127199,0.785017,82.957,102.784,0.35136,0.48247,0.919312,A,0.0,0.016875
9989.578,0.3926,172.602,1.0581,22,0.678,14.916,1.95833,5.15407,4514.01,5475.569,4776.29,0.143011,0.598366,83.285,101.705,0.45187,0.47813,0.8354,A,-0.001,-0.039082
8452.037,0.55604,147.39,1.6175,23,0.6794,15.627,2.00527,6.7188,2733.86,5718.177,4422.016,0.156086,0.747264,82.436,101.377,0.32346,0.52319,0.909203,A,0.0,-0.034436
7734.632,0.52169,137.468,1.6152,20,0.7566,15.132,2.02634,6.60034,2943.755,4790.876,4754.833,0.126799,0.764337,81.602,100.917,0.38059,0.61475,0.907496,A,0.001,-0.028811
9603.259,0.37184,186.664,3.9484,17,0.8158,13.869,1.93546,7.30764,4107.666,5495.593,16218.694,0.066557,0.600021,82.787,102.371,0.42774,1.68887,0.923437,A,0.0,0.010693
12885.856,0.42319,169.936,2.2943,25,0.7248,18.121,1.96291,8.51128,6005.12,6880.736,13777.29,0.05017,0.748737,81.958,102.567,0.46602,1.06918,0.944752,A,0.0,0.0269
8946.474,0.68904,174.497,2.8805,25,0.6703,16.757,1.95513,8.3394,1877.592,7068.882,5408.39,0.171686,0.826462,83.735,103.301,0.20987,0.60453,0.947708,A,0.0,-0.040171
10696.38,0.69429,157.195,1.9432,19,0.6843,13.001,1.98599,5.88935,2395.419,8300.961,4654.684,0.402881,0.778385,86.109,102.115,0.22395,0.43516,0.870049,A,0.0,-0.02266
10119.92,0.51453,190.474,2.292,22,0.8199,18.038,1.9296,8.25515,3705.336,6414.584,8492.6,0.078435,0.766437,83.077,103.64,0.36614,0.8392,0.944185,A,0.0,-0.000109
13000.0,0.45134,156.493,3.3312,26,0.8773,22.81,1.98733,12.04867,4842.329,8157.671,16130.745,0.019471,0.707691,81.019,101.611,0.37249,1.24083,0.983931,A,0.0,0.024664
7152.613,0.5879,210.084,3.5866,27,0.6964,18.802,1.90145,9.44824,2341.538,4811.075,8398.21,0.060163,0.844749,83.481,104.984,0.32737,1.17415,0.966499,A,0.0,-0.003563
11643.072,0.31449,167.545,3.4654,23,0.7685,17.676,1.96709,9.28087,5752.147,5890.925,19933.469,0.025943,0.596231,81.546,101.443,0.49404,1.71205,0.959246,A,0.0,0.04966
8077.923,0.6729,207.576,3.1806,19,0.7706,14.642,1.90488,7.17866,2208.842,5869.081,7025.5,0.18798,0.855397,85.089,104.953,0.27344,0.86972,0.923612,A,-0.0,0.021987
9111.377,0.47597,176.532,2.0392,19,0.7351,13.966,1.95173,6.26637,3807.083,5304.295,7763.277,0.12369,0.728822,83.177,102.754,0.41784,0.85204,0.891418,A,-0.001,-0.042876
9854.978,0.33177,175.041,2.5679,18,0.8815,15.867,1.95422,7.65137,5228.696,4626.281,13426.853,0.042773,0.658392,82.053,102.218,0.53056,1.36244,0.931597,A,0.001,0.032637
13000.0,0.46222,195.856,2.134,22,0.8536,18.78,1.92156,8.35197,5361.488,7638.512,11441.41,0.065676,0.740558,83.091,103.704,0.41242,0.88011,0.9414,A,0.0,-0.022256
8855.492,0.6014,168.438,3.0351,19,0.8162,15.507,1.96552,7.88222,2722.002,6133.49,8261.574,0.119727,0.815165,82.819,102.932,0.30738,0.93293,0.938807,A,0.0,-0.010621
7166.674,0.30828,176.998,3.6051,16,0.8686,13.897,1.95096,7.27108,3205.975,3960.699,11557.82,0.049488,0.517766,82.214,101.383,0.44734,1.61272,0.928188,A,0.0,-0.030309
11946.045,0.65378,186.923,1.3306,20,0.8242,16.484,1.93506,6.21259,3005.32,8940.725,3998.743,0.312662,0.768443,86.045,103.495,0.25157,0.33473,0.879688,A,0.0,-0.001603
8741.146,0.44637,139.63,1.2132,19,0.7222,13.722,2.02161,5.29446,3628.157,5112.989,4401.5,0.162213,0.648011,82.17,100.277,0.41507,0.50354,0.849163,A,0.0,-0.022006
9635.574,0.49222,174.813,1.8313,20,0.7913,15.826,1.9546,6.86038,3628.219,6007.356,6644.228,0.117157,0.718739,83.027,102.605,0.37654,0.68955,0.910375,A,-0.001,0.029937
9963.937,0.42844,164.872,3.7251,24,0.7973,19.136,1.97184,10.24293,4026.704,5937.233,15000.046,0.029372,0.699084,81.487,101.988,0.40413,1.50543,0.972294,A,0.0,0.052224
10145.483,0.53754,186.844,1.616,24,0.7386,17.726,1.93518,7.2293,3818.674,6326.809,6170.787,0.114232,0.793037,83.423,103.653,0.37639,0.60823,0.920014,A,0.0,-0.005465
9744.792,0.44044,160.325,3.7123,23,0.7468,17.176,1.98013,9.24365,3999.384,5745.408,14846.828,0.041905,0.71786,81.471,101.879,0.41041,1.52357,0.960952,A,-0.0,0.003415
10401.635,0.43011,185.831,1.3531,17,0.8661,14.723,1.93676,5.59651,4697.856,5703.779,6356.853,0.135924,0.67241,83.674,102.812,0.45165,0.61114,0.85727,A,0.0,0.017814
10581.039,0.51231,159.09,3.9418,19,0.7166,13.615,1.98243,7.43181,3862.62,6718.419,15225.772,0.105932,0.745953,82.266,102.0,0.36505,1.43897,0.924517,A,0.0,-0.02778
11280.884,0.4607,152.099,1.2437,26,0.7849,20.408,1.99583,7.81736,4460.153,6820.731,5546.961,0.078437,0.710664,81.613,101.395,0.39537,0.49171,0.932685,A,0.0,0.014263
9359.15,0.65017,162.259,3.5712,16,0.8131,13.009,1.97657,6.92484,2633.311,6725.839,9404.064,0.200787,0.826115,83.646,102.693,0.28136,1.0048,0.913109,A,0.0,-0.012546
8876.905,0.43597,202.262,2.5235,24,0.7123,17.095,1.9123,7.93758,3403.971,5472.934,8589.829,0.068282,0.664651,83.338,103.474,0.38346,0.96766,0.939941,A,0.0,0.043269
8404.675,0.3488,145.619,3.7351,20,0.7883,15.766,2.00891,8.67573,4338.114,4066.561,16203.432,0.030886,0.687941,80.705,100.886,0.51615,1.92791,0.954295,A,0.0,0.00961
10889.063,0.57376,153.773,3.6015,16,0.7598,12.156,1.99256,6.55931,3519.785,7369.279,12676.382,0.183487,0.760173,83.071,101.813,0.32324,1.16414,0.89663,A,-0.001,-0.052929
9930.553,0.60625,180.692,1.9297,16,0.8891,14.225,1.94493,6.23298,2649.991,7280.562,5113.776,0.255883,0.733776,85.074,102.981,0.26685,0.51495,0.887368,A,0.0,0.008447
10829.807,0.67429,143.402,2.9076,19,0.7407,14.073,2.01354,7.32915,2567.06,8262.747,7463.906,0.22421,0.814117,83.159,101.593,0.23704,0.6892,0.921182,A,0.0,0.02724
10807.294,0.45143,185.191,2.5738,16,0.7907,12.651,1.93776,6.02725,4816.094,5991.201,12395.582,0.125848,0.713155,83.518,103.052,0.44563,1.14696,0.875769,A,-0.001,-0.014016
12528.815,0.48002,158.81,3.7317,23,0.6983,16.061,1.98295,8.6712,4368.432,8160.383,16301.647,0.071211,0.698859,81.797,101.675,0.34867,1.30113,0.948274,A,0.0,0.044262
10311.258,0.59296,159.315,1.5427,23,0.8441,19.414,1.98201,8.05825,3141.173,7170.084,4845.999,0.117058,0.801445,82.422,102.378,0.30464,0.46997,0.939861,A,0.001,0.036143
11128.557,0.47295,138.675,2.6121,22,0.6666,14.664,2.02369,7.47531,4778.243,6350.314,12481.132,0.08321,0.766207,81.083,101.001,0.42937,1.12154,0.924458,A,0.0,-0.001606
8196.115,0.69893,161.655,1.1254,22,0.7093,15.604,1.97768,5.63438,1922.417,6273.699,2163.499,0.392276,0.792901,86.15,102.443,0.23455,0.26397,0.868358,A,-0.001,-0.029605
8379.547,0.49154,190.596,2.512,25,0.6943,17.359,1.92942,8.15999,3469.062,4910.485,8714.273,0.06495,0.792903,82.903,103.82,0.41399,1.03995,0.945297,A,0.0,0.028668
9532.393,0.36976,162.552,2.4116,18,0.8081,14.545,1.97604,7.00298,4482.998,5049.395,10811.306,0.066825,0.638713,81.89,101.471,0.47029,1.13416,0.915006,A,0.0,0.007066
8174.923,0.61594,175.57,1.6045,19,0.7303,13.876,1.95333,5.72353,2273.083,5901.841,3647.148,0.28246,0.744375,85.237,102.811,0.27806,0.44614,0.872488,A,-0.001,0.024154
11034.39,0.3431,179.555,1.7885,26,0.864,22.465,1.94677,9.59841,5195.896,5838.493,9292.667,0.026109,0.625194,81.999,102.212,0.47088,0.84216,0.964167,A,0.001,0.048768
8000.421,0.43926,186.534,3.6039,26,0.7605,19.772,1.93566,10.22226,3411.157,4589.264,12293.409,0.027055,0.745648,82.261,103.327,0.42637,1.5366,0.973739,A,0.0,0.000553
10102.575,0.36806,156.347,3.3895,19,0.822,15.618,1.98761,8.28435,4997.938,5104.636,16940.486,0.041082,0.688205,81.298,101.475,0.49472,1.67685,0.944781,A,0.001,-0.007553
7000.0,0.61032,182.913,3.7927,17,0.8964,15.238,1.94136,7.99962,2200.723,4799.277,8346.716,0.107439,0.840915,83.194,103.791,0.31439,1.19239,0.944656,A,0.0,0.012503
8342.83,0.63208,198.079,1.292,21,0.8701,18.272,1.91831,6.70991,2314.335,6028.496,2990.078,0.206816,0.795335,85.029,104.16,0.2774,0.3584,0.909233,A,-0.001,0.020613
9491.447,0.6033,172.513,1.6672,26,0.7325,19.046,1.95849,8.0023,2563.276,6928.171,4273.544,0.133665,0.777049,83.158,102.88,0.27006,0.45025,0.940166,A,0.0,0.041341
9611.44,0.47158,153.671,2.7221,22,0.8198,18.035,1.99276,9.09452,3917.184,5694.257,10663.02,0.047411,0.763375,81.27,101.828,0.40755,1.10941,0.959026,A,-0.001,-0.008173
7312.531,0.60765,169.55,2.3385,20,0.8147,16.293,1.96358,7.70105,1817.017,5495.515,4249.044,0.1518,0.758372,83.285,102.612,0.24848,0.58106,0.937926,A,-0.001,-0.00842
10163.004,0.66158,144.819,2.8727,22,0.8785,19.327,2.01057,10.01276,2605.432,7557.572,7484.537,0.07796,0.86278,81.291,101.995,0.25636,0.73645,0.96979,A,0.0,-0.001263
11462.296,0.43006,179.886,2.2878,22,0.8174,17.984,1.94623,8.33294,4660.483,6801.813,10662.165,0.059756,0.683783,82.456,102.614,0.40659,0.93019,0.943505,A,0.0,0.019097
10972.361,0.43715,143.44,1.6755,22,0.8113,17.848,2.01346,7.82225,4769.424,6202.936,7991.379,0.06698,0.721772,81.085,100.985,0.43468,0.72832,0.933399,A,0.001,0.006069
9012.125,0.63962,162.01,3.0909,25,0.7175,17.936,1.97703,9.23689,2408.494,6603.632,7444.505,0.091602,0.8395,82.195,102.769,0.26725,0.82605,0.961726,A,-0.001,-0.036539
9119.055,0.64105,185.797,2.4088,19,0.7439,14.134,1.93681,6.60218,2252.082,6866.973,5424.772,0.250652,0.76908,85.187,103.448,0.24696,0.59488,0.903436,A,0.0,0.029755
8220.55,0.43314,147.262,3.2665,25,0.7205,18.011,2.00553,9.59639,3425.543,4795.007,11189.38,0.034221,0.718126,80.822,101.178,0.4167,1.36115,0.967077,A,0.0,0.004323
10944.682,0.54175,164.58,2.2045,22,0.7279,16.015,1.97236,7.48322,3315.882,7628.8,7309.944,0.133989,0.718989,82.857,102.104,0.30297,0.6679,0.925069,A,0.0,-0.033523
12162.488,0.54503,187.607,3.4629,23,0.8858,20.374,1.934,10.42716,5287.045,6875.443,18308.268,0.034719,0.937449,82.4,104.641,0.4347,1.50531,0.972309,A,-0.0,-0.017246
9211.067,0.30774,145.357,1.5574,20,0.7982,15.963,2.00945,6.78406,5455.173,3755.894,8496.027,0.047215,0.686131,80.909,100.859,0.59224,0.92237,0.909134,A,0.0,0.012459
7453.273,0.54025,161.38,1.4897,25,0.8933,22.332,1.97818,9.1152,2670.762,4782.511,3978.501,0.057313,0.809945,81.717,102.541,0.35833,0.53379,0.961986,A,-0.0,-0.009516
10300.006,0.65613,167.046,2.558,26,0.8807,22.899,1.96797,11.14565,2603.357,7696.649,6659.452,0.052968,0.860151,81.884,103.16,0.25275,0.64655,0.979596,A,-0.0,-0.032011
11061.654,0.62265,142.779,2.6312,18,0.8707,15.673,2.01486,7.95614,2896.968,8164.686,7622.457,0.151489,0.78983,82.171,101.397,0.26189,0.68909,0.936282,A,0.0,-0.033866
7000.0,0.6236,178.009,1.7146,26,0.813,21.138,1.94929,8.9116,2228.795,4771.205,3821.459,0.078774,0.878105,82.638,103.809,0.3184,0.54592,0.959779,A,0.0,0.009936
10207.534,0.66169,188.358,3.6183,25,0.6599,16.497,1.93284,8.5173,2715.401,7492.133,9825.074,0.126993,0.855481,83.644,104.133,0.26602,0.96253,0.948945,A,0.0,0.008822
13000.0,0.54818,185.946,3.0309,16,0.863,13.809,1.93658,6.86233,4688.724,8311.276,14211.004,0.150019,0.772805,83.864,103.479,0.36067,1.09315,0.901297,A,0.0,-0.053335
11230.971,0.61999,154.221,2.0693,21,0.8187,17.193,1.99169,7.98646,3171.419,8059.552,6562.771,0.139101,0.809216,82.503,102.16,0.28238,0.58435,0.936645,A,0.0,0.023725
10825.688,0.68472,192.012,1.6739,18,0.7447,13.405,1.92728,5.50575,2536.42,8289.268,4245.722,0.435997,0.760827,87.849,103.67,0.2343,0.39219,0.850811,A,0.0,-0.005328
10603.182,0.63181,184.145,2.2496,21,0.7666,16.099,1.93941,7.38224,3253.083,7350.098,7318.225,0.158267,0.841393,83.909,103.85,0.3068,0.69019,0.923146,A,0.001,0.019726
11592.848,0.53336,166.914,3.3801,17,0.8923,15.168,1.9682,7.9259,3757.835,7835.013,12701.696,0.107592,0.737562,82.6,102.344,0.32415,1.09565,0.93461,A,0.0,0.040568
8588.249,0.45352,180.976,1.2379,17,0.8422,14.317,1.94447,5.26645,2993.173,5595.076,3705.255,0.19727,0.59061,84.31,102.05,0.34852,0.43143,0.848404,A,0.0,-0.028388
8731.993,0.52852,163.014,3.7738,25,0.7587,18.969,1.9752,10.20668,3657.283,5074.71,13801.687,0.034098,0.884838,81.476,103.119,0.41884,1.58059,0.972978,A,0.0,0.030658
10611.354,0.63232,173.061,2.7489,24,0.8378,20.108,1.95756,9.90383,3050.793,7560.561,8386.338,0.069948,0.859245,82.338,103.449,0.2875,0.79032,0.968196,A,0.0,0.000256
8972.006,0.68449,190.961,2.8006,18,0.8292,14.926,1.92887,7.22553,2453.645,6518.361,6871.576,0.193435,0.869328,84.611,104.34,0.27348,0.76589,0.922715,A,0.0,0.033835
10388.054,0.34537,176.79,3.7742,27,0.7363,19.881,1.95131,10.50638,5150.519,5237.534,19439.068,0.017823,0.66747,81.789,102.361,0.49581,1.87129,0.974413,A,0.001,0.027691
7131.156,0.56455,193.693,1.0211,23,0.8792,20.221,1.92476,6.68944,2305.118,4826.038,2353.744,0.153558,0.760862,84.178,103.744,0.32325,0.33006,0.912078,A,0.0,-0.024115
11136.932,0.50465,162.641,1.8126,25,0.8077,20.193,1.97587,8.86209,3959.503,7177.429,7176.866,0.066011,0.746627,81.882,102.188,0.35553,0.64442,0.953495,A,0.0,0.019699
11270.457,0.4086,168.099,3.6784,18,0.8652,15.574,1.96611,8.27855,4756.358,6514.099,17495.598,0.055442,0.666458,81.957,101.934,0.42202,1.55234,0.942736,A,0.0,0.033339
10065.517,0.38546,152.725,2.9151,21,0.8823,18.529,1.99461,9.52549,4182.048,5883.468,12190.883,0.033141,0.635887,81.042,100.936,0.41548,1.21115,0.964277,A,0.001,0.036114
10246.634,0.63101,172.521,3.6011,27,0.7141,19.282,1.95847,10.14355,3081.462,7165.172,11096.629,0.060703,0.876277,82.195,103.535,0.30073,1.08295,0.97107,A,0.0,-0.000892
12430.977,0.38006,177.721,2.4021,17,0.7364,12.518,1.94977,5.9018,5331.271,7099.706,12806.5,0.120504,0.574957,83.178,101.794,0.42887,1.03021,0.864019,A,0.0,0.051975
8375.358,0.66405,122.571,1.959,16,0.7652,12.244,2.06151,5.86412,2373.885,6001.473,4650.397,0.286208,0.813511,82.976,100.306,0.28344,0.55525,0.877838,A,0.0,-0.0327
8630.265,0.56418,143.216,3.0829,16,0.8222,13.155,2.01393,6.95376,2813.744,5816.521,8674.461,0.145527,0.766707,82.112,101.269,0.32603,1.00512,0.915902,A,0.0,-0.020182
8359.291,0.36104,174.082,1.8434,22,0.7107,15.635,1.95583,6.79951,3664.814,4694.477,6755.847,0.072477,0.586302,82.41,101.696,0.43841,0.80818,0.91199,A,0.0,0.042444
9362.905,0.60654,165.013,3.3879,20,0.653,13.06,1.97159,6.84507,2651.603,6711.302,8983.465,0.191385,0.770563,83.631,102.466,0.2832,0.95947,0.910639,A,0.0,0.018356
8483.275,0.50621,135.857,2.3787,21,0.7064,14.835,2.02993,7.39467,3073.269,5410.006,7310.538,0.100243,0.736824,81.176,100.639,0.36227,0.86176,0.92826,A,0.0,0.022672
10055.573,0.52044,162.016,1.0672,26,0.7917,20.584,1.97701,7.24287,3490.893,6564.68,3725.528,0.11902,0.733895,82.557,102.072,0.34716,0.37049,0.920607,A,0.0,0.050499
9023.895,0.63607,199.074,3.2518,18,0.8847,15.924,1.91687,7.92464,2663.405,6360.489,8660.917,0.130613,0.847733,84.056,104.548,0.29515,0.95978,0.939393,A,0.001,-0.042846
7826.276,0.69331,176.1,2.5569,17,0.775,13.174,1.95245,6.3365,1666.731,6159.545,4261.6,0.331255,0.791277,85.901,103.145,0.21297,0.54452,0.898247,A,0.0,0.016147
7674.733,0.45141,141.969,3.1862,19,0.8552,16.249,2.01658,8.6747,2947.602,4727.131,9391.649,0.052502,0.700143,80.828,100.758,0.38407,1.22371,0.95533,A,0.0,0.028544
11817.486,0.58306,166.092,1.0656,22,0.6989,15.376,1.96966,5.37675,3540.377,8277.109,3772.481,0.312582,0.698754,85.273,102.047,0.29959,0.31923,0.839389,A,0.0,-0.017758
9896.682,0.34089,132.728,3.147,27,0.8978,24.24,2.03704,13.08769,5044.482,4852.2,15874.851,0.006832,0.688192,79.795,100.127,0.50971,1.60406,0.989784,A,0.0,-0.029196
9658.993,0.5079,165.468,1.1303,16,0.7001,11.202,1.97077,4.03213,3791.772,5867.221,4285.66,0.312252,0.634339,85.245,101.59,0.39256,0.4437,0.758655,A,0.0,0.007052
10039.854,0.51167,161.185,1.2793,26,0.8496,22.091,1.97854,8.46053,3787.155,6252.699,4845.003,0.07029,0.779,81.881,102.327,0.37721,0.48258,0.948181,A,0.0,0.04045
9876.457,0.32607,184.923,3.9103,22,0.7806,17.174,1.93818,9.05017,4852.184,5024.273,18973.348,0.027842,0.614077,82.215,102.386,0.49129,1.92107,0.95805,A,0.0,0.031336
11134.169,0.47307,159.353,3.0326,27,0.8443,22.795,1.98194,11.72666,4831.007,6303.162,14650.378,0.018603,0.821386,81.124,102.512,0.43389,1.3158,0.982937,A,0.0,0.041083
10843.389,0.59909,151.811,3.1393,20,0.7713,15.426,1.9964,8.08804,3215.182,7628.206,10093.329,0.122151,0.800111,82.178,101.97,0.29651,0.93083,0.939543,A,0.001,0.016689
9115.438,0.31661,169.92,1.8873,16,0.8567,13.707,1.96294,6.04279,4343.353,4772.085,8197.173,0.078032,0.53375,82.325,101.147,0.47648,0.89926,0.882565,A,0.0,0.017935
8764.709,0.42329,209.628,1.0664,20,0.7328,14.655,1.90207,4.8625,3861.921,4902.788,4118.167,0.168678,0.623851,84.899,103.508,0.44062,0.46986,0.824416,A,0.0,-0.016634
8369.919,0.56781,155.816,3.5019,25,0.7157,17.893,1.98862,9.56797,2975.347,5394.572,10419.509,0.053365,0.851555,81.438,102.525,0.35548,1.24488,0.966591,A,0.0,-0.030445
8123.303,0.3427,182.369,3.4223,23,0.7814,17.972,1.94223,9.23265,4377.552,3745.751,14981.271,0.023706,0.715494,82.069,102.938,0.53889,1.84423,0.962723,A,0.0,0.019324
12103.218,0.60614,153.066,3.7536,26,0.6903,17.948,1.99394,9.78053,3686.063,8417.156,13836.056,0.068994,0.841364,81.529,102.31,0.30455,1.14317,0.965334,A,-0.001,0.036287
8625.191,0.49334,151.314,1.4672,20,0.8163,16.326,1.99739,6.71674,3845.467,4779.724,5642.05,0.101091,0.808924,81.879,102.001,0.44584,0.65414,0.908643,A,0.0,-0.023834
7000.0,0.68155,174.674,1.6513,17,0.7642,12.992,1.95483,5.42388,1615.663,5384.337,2667.923,0.402566,0.765259,86.789,102.906,0.23081,0.38113,0.863669,A,0.0,0.02666
8734.773,0.56621,161.823,1.8985,25,0.6975,17.438,1.97737,7.78707,3522.154,5212.619,6686.96,0.088503,0.888994,82.147,103.086,0.40323,0.76556,0.936972,A,0.0,0.00761
8817.457,0.51348,184.001,3.0129,18,0.7431,13.376,1.93964,6.65352,3322.817,5494.64,10011.419,0.128033,0.746581,83.505,103.218,0.37685,1.13541,0.906037,A,0.0,-0.036234
10494.777,0.65816,181.361,1.367,27,0.6977,18.839,1.94385,7.23142,2567.16,7927.617,3509.231,0.217297,0.800926,84.589,103.456,0.24461,0.33438,0.919239,A,0.0,-0.02831
8671.026,0.52225,182.608,1.9702,26,0.8032,20.884,1.94185,9.19334,2520.119,6150.907,4965.067,0.069095,0.707919,82.677,102.899,0.29064,0.5726,0.961548,A,0.0,-0.028226
10802.13,0.41755,169.439,2.7934,20,0.6899,13.798,1.96378,6.85721,4994.846,5807.284,13952.706,0.08389,0.704535,82.384,102.251,0.46239,1.29166,0.907101,A,0.0,-0.023082
10582.79,0.53898,187.2,1.4356,21,0.7355,15.446,1.93463,6.00803,3399.959,7182.832,4881.109,0.208442,0.695435,84.679,103.025,0.32127,0.46123,0.875752,A,-0.001,0.025128
11900.244,0.38883,169.82,2.5469,25,0.7804,19.51,1.96311,9.44986,5123.315,6776.929,13048.547,0.034949,0.656367,81.753,101.952,0.43052,1.09649,0.961304,A,0.0,-0.035418
13000.0,0.47414,181.027,3.9332,22,0.7705,16.951,1.94439,8.98663,6360.697,6639.303,25017.813,0.045475,0.88481,82.308,103.994,0.48928,1.92445,0.953072,A,0.0,0.045616
13000.0,0.46163,136.864,1.3684,20,0.8728,17.456,2.02768,7.12953,4805.596,8194.404,6576.162,0.112256,0.666526,81.382,100.235,0.36966,0.50586,0.910109,A,0.0,-0.050305
12026.252,0.69653,169.833,1.8228,26,0.791,20.567,1.96309,8.95835,2345.612,9680.64,4275.523,0.16472,0.82539,83.466,103.068,0.19504,0.35552,0.953875,A,0.0,-0.027353
8260.45,0.51403,172.922,1.9817,16,0.8017,12.827,1.95779,5.72728,2979.677,5280.773,5904.789,0.181961,0.701394,83.811,102.4,0.36072,0.71483,0.87231,A,0.0,0.031609
9393.701,0.41493,179.533,3.786,23,0.7512,17.279,1.9468,9.10571,4561.255,4832.446,17268.727,0.034647,0.773873,82.111,103.192,0.48557,1.83833,0.959455,A,-0.0,-0.004929
10371.469,0.39088,169.588,2.7468,18,0.8476,15.257,1.96352,7.54682,4673.688,5697.781,12837.527,0.062503,0.660242,82.108,101.966,0.45063,1.23777,0.927944,A,-0.0,-0.034041
13000.0,0.624,183.491,3.3966,24,0.6943,16.663,1.94045,8.5338,3179.769,9820.231,10800.495,0.140279,0.780624,83.648,103.42,0.2446,0.83081,0.945013,A,0.0,0.03718
11014.93,0.55594,158.871,3.4599,25,0.6679,16.698,1.98284,8.86749,3841.992,7172.939,13292.938,0.073722,0.814231,81.832,102.44,0.3488,1.20681,0.953747,A,-0.001,-0.028445
11805.059,0.30706,151.059,2.4313,18,0.8003,14.406,1.99789,7.06458,5939.593,5865.466,14440.873,0.054275,0.563039,81.25,100.364,0.50314,1.22328,0.911066,A,-0.0,0.003895
9739.072,0.47537,173.022,2.4965,17,0.7635,12.98,1.95762,6.22533,3930.013,5809.059,9811.26,0.132274,0.707489,83.159,102.445,0.40353,1.00741,0.887716,A,0.0,-0.021226
10885.427,0.3305,164.935,2.1706,18,0.7766,13.979,1.97173,6.49726,5498.991,5386.436,11935.973,0.069107,0.597362,82.014,101.319,0.50517,1.09651,0.894371,A,0.0,-0.037329
11077.288,0.60507,171.068,3.5238,20,0.866,17.321,1.96096,9.08596,3313.526,7763.763,11676.082,0.08683,0.826251,82.485,103.134,0.29913,1.05406,0.957074,A,-0.001,0.004245
9315.537,0.67716,135.893,3.2989,27,0.6913,18.666,2.02985,10.14058,2152.382,7163.155,7100.512,0.082522,0.855837,80.944,101.427,0.23105,0.76222,0.971843,A,0.0,-0.002918
11165.992,0.63326,142.803,2.8645,16,0.663,10.608,2.01481,5.50799,3248.596,7917.395,9305.759,0.327708,0.758636,84.498,101.192,0.29094,0.8334,0.849443,A,0.001,-0.035677
11606.216,0.39189,197.374,3.9807,21,0.6786,14.25,1.91933,7.42514,5107.601,6498.615,20331.84,0.069412,0.645348,83.191,103.14,0.44007,1.75181,0.922054,A,0.0,-0.037005
9762.451,0.37298,183.935,1.3107,24,0.8909,21.383,1.93974,8.03596,4301.9,5460.551,5638.367,0.050465,0.627063,82.479,102.426,0.44066,0.57756,0.940378,A,-0.0,-0.005901
11527.22,0.62611,177.554,1.225,26,0.8762,22.781,1.95004,8.37646,3635.127,7892.092,4453.201,0.110679,0.863524,83.043,103.691,0.31535,0.38632,0.944255,A,0.001,-0.035359
12471.932,0.693,199.259,1.5688,24,0.8908,21.38,1.9166,8.49444,2300.297,10171.635,3608.774,0.206429,0.803036,85.063,104.261,0.18444,0.28935,0.94506,A,0.0,0.011783
10099.45,0.31827,170.73,1.1234,21,0.6772,14.222,1.96154,5.06933,4751.379,5348.07,5337.639,0.115085,0.498791,82.845,100.956,0.47046,0.52851,0.829886,A,0.001,-0.029684
10000.483,0.31188,192.713,1.3192,18,0.8176,14.717,1.92622,5.48781,5103.728,4896.755,6732.955,0.089529,0.543633,83.3,102.268,0.51035,0.67326,0.853499,A,0.0,-0.018637
9535.574,0.61522,161.63,1.5243,21,0.8806,18.493,1.97772,7.61556,2740.247,6795.327,4177.064,0.14686,0.804085,82.909,102.516,0.28737,0.43805,0.931401,A,0.0,0.022651
9071.036,0.55343,212.95,1.5587,24,0.698,16.751,1.89759,6.53664,3222.869,5848.166,5023.329,0.153679,0.77373,84.805,104.631,0.35529,0.55378,0.901341,A,0.001,-0.005311
10234.227,0.69819,124.41,1.1182,20,0.6862,13.725,2.05691,5.22542,1835.296,8398.931,2052.255,0.629631,0.713175,87.604,99.765,0.17933,0.20053,0.838281,A,0.0,-0.031923
9382.26,0.53632,169.258,2.3264,23,0.6795,15.628,1.96409,7.37794,3054.028,6328.232,7104.819,0.122255,0.736152,82.884,102.451,0.32551,0.75726,0.925799,A,0.0,-0.017153
9532.029,0.50164,123.267,1.9557,24,0.7585,18.204,2.05976,8.70346,3617.027,5915.002,7073.822,0.061963,0.770497,80.052,100.068,0.37946,0.74211,0.953129,A,0.0,0.033888
8839.763,0.5343,174.589,3.7129,17,0.721,12.257,1.95498,6.47335,2818.462,6021.301,10464.624,0.167825,0.70584,83.687,102.51,0.31884,1.18381,0.899852,A,0.0,0.001888
7695.928,0.61439,186.775,3.9375,27,0.833,22.491,1.93529,11.84254,2395.297,5300.631,9431.529,0.029116,0.878864,82.297,104.217,0.31124,1.22552,0.98525,A,0.0,0.025973
8594.134,0.65866,178.754,1.2993,19,0.8397,15.955,1.94807,6.01207,1795.109,6799.024,2332.371,0.368301,0.735318,86.487,102.901,0.20888,0.27139,0.883203,A,0.001,0.027131
10493.496,0.6551,173.962,3.4473,26,0.796,20.697,1.95603,10.76356,2679.325,7814.171,9236.346,0.060185,0.859086,82.243,103.491,0.25533,0.8802,0.976542,A,0.0,-0.010853
8225.292,0.5598,171.483,2.7498,17,0.6694,11.379,1.96025,5.61654,2873.812,5351.48,7902.343,0.21244,0.746342,84.159,102.627,0.34939,0.96074,0.867411,A,0.0,-0.028446
9028.039,0.41027,163.042,1.5869,26,0.7535,19.591,1.97514,8.17992,4177.704,4850.336,6629.395,0.049148,0.721316,81.676,102.041,0.46275,0.73431,0.944566,A,-0.001,-0.017198
12463.24,0.35013,159.662,2.9071,21,0.6681,14.031,1.98136,7.13849,5629.766,6833.474,16366.447,0.068431,0.5822,81.795,100.949,0.45171,1.31318,0.911714,A,0.0,0.055141
11689.774,0.55695,174.09,2.0122,18,0.7784,14.012,1.95581,6.2789,3374.574,8315.199,6790.152,0.225148,0.691607,84.425,102.392,0.28868,0.58086,0.883302,A,0.001,-0.008792
8959.876,0.55341,174.098,1.6066,19,0.6705,12.74,1.9558,5.26732,2796.816,6163.06,4493.42,0.271812,0.681201,85.041,102.323,0.31215,0.5015,0.846686,A,0.0,-0.005808
10905.069,0.36879,199.655,2.3127,23,0.699,16.077,1.91603,7.29826,5088.978,5816.092,11769.102,0.063104,0.636262,83.184,103.177,0.46666,1.07923,0.92015,A,-0.001,-0.012799
9024.571,0.48074,177.138,3.779,18,0.7215,12.987,1.95073,6.8622,4201.136,4823.435,15876.257,0.09078,0.820381,82.765,103.387,0.46552,1.75923,0.912093,A,0.0,0.038708
12441.384,0.56354,181.826,1.319,27,0.6567,17.73,1.9431,6.69901,3880.866,8560.518,5118.773,0.185905,0.734737,84.191,103.04,0.31193,0.41143,0.897097,A,0.0,0.015832
9121.459,0.50171,177.083,3.5296,16,0.8777,14.044,1.95082,7.31291,3381.956,5739.504,11937.111,0.101898,0.7373,82.909,102.836,0.37077,1.30868,0.924697,A,-0.001,-0.023657
10122.575,0.5613,159.037,2.0291,18,0.6647,11.965,1.98253,5.48513,3302.69,6819.885,6701.553,0.253194,0.710501,84.208,101.764,0.32627,0.66204,0.852824,A,0.0,0.044943
12077.213,0.53076,153.672,1.5659,17,0.723,12.291,1.99276,5.17176,4609.059,7468.154,7217.216,0.241757,0.709114,83.835,101.47,0.38163,0.59759,0.826168,A,0.0,0.05674
8758.185,0.31668,193.721,1.5942,20,0.7967,15.935,1.92472,6.41184,4612.831,4145.354,7353.64,0.06137,0.600774,82.962,102.689,0.52669,0.83963,0.897932,A,-0.0,0.031683
11956.801,0.58932,148.128,1.1995,23,0.6897,15.863,2.00377,6.01279,3669.411,8287.39,4401.547,0.247848,0.74052,83.679,101.374,0.30689,0.36812,0.870934,A,0.0,-0.052255
8773.823,0.43156,178.195,2.5353,16,0.6949,11.119,1.94899,5.32092,3809.973,4963.85,9659.474,0.148674,0.648689,83.568,102.303,0.43424,1.10094,0.850402,A,0.0,-0.007765
10357.294,0.51816,186.365,2.8261,17,0.8413,14.303,1.93593,6.97874,3097.549,7259.745,8753.834,0.15224,0.674283,83.908,102.848,0.29907,0.84519,0.91213,A,0.0,0.041961
9556.578,0.53884,156.542,2.7402,26,0.8357,21.728,1.98723,10.93228,2765.06,6791.518,7576.951,0.040041,0.741924,81.292,101.84,0.28934,0.79285,0.9785,A,0.0,-0.039479
9867.242,0.34433,206.229,1.9956,19,0.8397,15.954,1.90674,6.85927,5187.095,4680.147,10351.346,0.059141,0.660419,83.345,103.611,0.52569,1.04906,0.909711,A,0.0,-0.040549
10240.135,0.59521,180.71,3.3212,25,0.7744,19.361,1.9449,9.8985,3442.176,6797.96,11432.186,0.055803,0.868338,82.433,103.87,0.33615,1.11641,0.968485,A,-0.001,0.020016
9888.483,0.51109,169.049,1.3522,18,0.7262,13.071,1.96445,5.07368,3665.956,6222.527,4957.121,0.232686,0.675113,84.333,102.038,0.37073,0.5013,0.831217,A,0.0,-0.020732
8474.0,0.37738,163.27,2.7116,21,0.6813,14.306,1.97473,7.11182,3871.106,4602.894,10496.952,0.065412,0.639741,81.899,101.515,0.45682,1.23872,0.920817,A,0.0,0.041324
11299.87,0.389,199.564,2.7622,20,0.8861,17.721,1.91616,8.46119,4994.082,6305.788,13794.663,0.047321,0.659602,82.973,103.328,0.44196,1.22078,0.946237,A,0.0,0.014099
11080.809,0.54188,143.014,2.6381,23,0.6627,15.242,2.01436,7.7398,3005.363,8075.446,7928.431,0.137393,0.69242,81.995,100.767,0.27122,0.71551,0.931232,A,0.0,-0.047377
11934.755,0.63184,179.413,2.1837,26,0.8463,22.005,1.947,10.05625,3011.349,8923.406,6575.755,0.078448,0.818594,82.685,103.482,0.25232,0.55098,0.968673,A,-0.0,-0.025318
12077.422,0.63574,164.065,2.7916,21,0.8666,18.199,1.97329,9.10749,3302.581,8774.841,9219.338,0.101927,0.836649,82.413,102.855,0.27345,0.76335,0.956158,A,0.0,0.016141
7984.048,0.48895,200.352,1.8649,17,0.8418,14.311,1.91503,6.05263,3459.327,4524.721,6451.304,0.127462,0.765316,84.056,104.059,0.43328,0.80802,0.88705,A,0.0,0.026155
11928.267,0.40869,173.856,1.9155,21,0.7498,15.746,1.95621,6.94165,5128.076,6800.191,9822.674,0.08857,0.650097,82.613,102.106,0.42991,0.82348,0.906831,A,0.0,-0.01402
11946.602,0.46442,161.714,1.522,16,0.6581,10.529,1.97757,4.33256,4956.166,6990.436,7543.078,0.260074,0.609302,84.407,101.234,0.41486,0.6314,0.76768,A,0.0,-0.015651
9201.635,0.52607,193.317,2.7789,18,0.7364,13.255,1.92532,6.38563,3335.36,5866.275,9268.678,0.151565,0.738994,84.139,103.583,0.36247,1.00729,0.895567,A,0.0,0.038259
11556.107,0.6062,162.519,2.5249,25,0.7612,19.029,1.9761,9.28434,3657.2,7898.907,9234.197,0.077776,0.850855,82.033,102.87,0.31647,0.79908,0.959396,A,0.0,0.045161
12202.347,0.31187,196.302,3.9221,23,0.7847,18.048,1.9209,9.38791,6173.153,6029.194,24211.59,0.024587,0.606014,82.564,102.835,0.5059,1.98417,0.960116,A,-0.0,-0.009327
9191.747,0.52029,185.171,3.9953,17,0.8479,14.415,1.9378,7.62704,3844.709,5347.037,15360.843,0.084099,0.833935,82.966,103.848,0.41828,1.67116,0.932391,A,0.001,-0.043436
7931.861,0.56592,176.642,2.7338,27,0.7504,20.26,1.95155,9.91827,2180.447,5751.414,5960.813,0.060001,0.757723,82.34,102.95,0.2749,0.7515,0.970854,A,0.0,-0.008894
9460.695,0.32541,189.408,2.3358,24,0.8191,19.659,1.93123,9.05998,5222.753,4237.942,12199.356,0.024335,0.696444,82.326,103.131,0.55205,1.28948,0.958717,A,0.0,0.019787
13000.0,0.6884,162.851,2.5409,21,0.7383,15.504,1.97549,7.57441,3638.106,9361.894,9243.889,0.189236,0.88238,83.517,103.095,0.27985,0.71107,0.92307,A,0.0,-0.008655
10354.391,0.68345,183.224,1.1698,24,0.8466,20.319,1.94087,7.26433,2375.39,7979.0,2778.696,0.236857,0.816398,84.914,103.643,0.22941,0.26836,0.920495,A,0.001,0.041138
8178.686,0.65245,160.637,2.3268,23,0.7878,18.119,1.97955,8.65356,2219.368,5959.318,5163.94,0.109959,0.85448,82.382,102.797,0.27136,0.63139,0.954267,A,0.0,0.02615
9620.579,0.67362,176.08,2.3352,22,0.7536,16.58,1.95248,7.7675,2071.202,7549.377,4836.674,0.204051,0.802451,84.221,103.218,0.21529,0.50274,0.934786,A,-0.0,-0.021536
8508.922,0.36172,145.303,1.4173,27,0.8804,23.77,2.00957,9.72652,4221.593,4287.329,5983.055,0.023144,0.695114,80.589,100.916,0.49614,0.70315,0.968256,A,0.0,-0.039693
9401.079,0.66591,195.025,3.8312,25,0.841,21.026,1.92278,10.9008,2161.062,7240.018,8279.565,0.062675,0.845966,83.024,104.363,0.22987,0.8807,0.978364,A,-0.001,0.018889
10142.716,0.42826,131.426,3.8034,25,0.8873,22.182,2.04005,12.52278,4583.962,5558.754,17434.866,0.011884,0.771615,79.799,100.597,0.45195,1.71895,0.987458,A,0.0,0.025782
7000.0,0.44722,146.87,2.931,19,0.8388,15.937,2.00634,8.27428,2664.33,4335.67,7809.245,0.059068,0.685741,81.132,100.942,0.38062,1.11561,0.949728,A,0.0,0.016674
10540.601,0.3228,178.01,3.0083,23,0.7788,17.913,1.94929,8.97337,4873.212,5667.389,14660.308,0.03069,0.573984,82.003,101.802,0.46233,1.39084,0.956045,A,0.0,-0.043481
12122.004,0.66471,173.005,3.9868,21,0.718,15.077,1.95765,8.09697,3230.466,8891.539,12879.204,0.155948,0.849556,83.471,103.382,0.2665,1.06246,0.937477,A,-0.001,-0.02774
9703.947,0.56712,187.098,1.0337,17,0.8677,14.75,1.93479,4.94831,3374.758,6329.188,3488.514,0.28599,0.717026,85.699,103.163,0.34777,0.35949,0.824625,A,0.001,-0.036973
9425.958,0.67029,140.093,3.6989,25,0.8804,22.009,2.0206,12.18654,2589.665,6836.293,9578.897,0.033683,0.911447,80.494,102.043,0.27474,1.01623,0.986194,A,0.0,-0.021044
11640.386,0.69868,159.708,2.2516,22,0.8053,17.716,1.98127,8.38795,2726.463,8913.923,6138.848,0.166156,0.861565,83.086,102.796,0.23422,0.52737,0.944298,A,0.0,-0.037365
8100.042,0.59106,176.33,1.0248,16,0.6877,11.002,1.95207,3.7248,2556.929,5543.113,2620.361,0.47944,0.642553,87.865,102.175,0.31567,0.3235,0.743946,A,0.0,-0.027103
8131.165,0.54306,164.411,1.8468,25,0.8512,21.279,1.97267,9.37857,2793.769,5337.396,5159.609,0.055999,0.798007,81.82,102.617,0.34359,0.63455,0.96457,A,0.0,-0.017175
7914.196,0.53575,170.219,2.3453,24,0.8109,19.46,1.96242,9.19801,2783.552,5130.644,6528.372,0.057093,0.79544,82.06,102.889,0.35172,0.82489,0.962519,A,0.0,-0.010291
9763.933,0.36593,178.963,2.2575,17,0.8839,15.026,1.94773,6.94199,4645.707,5118.226,10487.725,0.067249,0.637044,82.521,102.262,0.4758,1.07413,0.91256,A,0.0,-0.038311
10591.04,0.4852,170.628,1.367,27,0.7004,18.911,1.96172,7.35924,4045.885,6545.156,5530.589,0.098367,0.724314,82.621,102.44,0.38201,0.5222,0.922553,A,-0.001,0.042915
9864.141,0.53345,150.865,1.5388,25,0.7943,19.859,1.99828,8.33278,3568.493,6295.647,5491.271,0.079485,0.790762,81.575,101.857,0.36176,0.55669,0.946096,A,0.001,0.025937
10824.664,0.47423,135.854,2.5293,23,0.7521,17.299,2.02994,8.77741,4234.062,6590.602,10709.245,0.057553,0.741917,80.613,100.672,0.39115,0.98934,0.95253,A,0.0,0.017774
11246.121,0.65007,158.573,1.2845,19,0.7382,14.025,1.98339,5.40047,3350.155,7895.966,4303.38,0.34194,0.780805,85.361,102.203,0.29789,0.38265,0.843306,A,-0.0,0.004145
10744.878,0.48538,147.866,3.3513,17,0.7954,13.522,2.0043,7.2412,4089.154,6655.724,13703.947,0.103411,0.720062,81.761,101.224,0.38057,1.27539,0.91892,A,0.0,-0.048556
8787.019,0.32087,135.478,2.6329,20,0.8632,17.265,2.03078,8.86403,4121.464,4665.555,10851.401,0.029626,0.578156,80.226,99.569,0.46904,1.23494,0.956695,A,0.0,-0.030323
9597.868,0.38622,180.14,2.8597,23,0.6957,16.001,1.94582,7.8921,4161.955,5435.914,11901.917,0.055568,0.639387,82.41,102.333,0.43363,1.24006,0.937611,A,-0.001,-0.035681
11872.371,0.52031,188.576,2.9861,17,0.8637,14.683,1.9325,7.24669,3588.77,8283.6,10716.368,0.143904,0.683389,83.875,103.007,0.30228,0.90263,0.916398,A,0.001,-0.046123
8429.97,0.59525,166.852,3.6088,24,0.7518,18.044,1.96831,9.56797,2803.699,5626.271,10118.059,0.059907,0.862021,81.968,103.162,0.33259,1.20025,0.966528,A,0.0,0.014693
9619.864,0.66015,197.217,1.0926,23,0.8085,18.595,1.91956,6.33104,2151.413,7468.452,2350.592,0.318252,0.758645,86.471,103.881,0.22364,0.24435,0.892185,A,-0.001,-0.042038
9374.089,0.46877,196.125,3.4537,27,0.7673,20.718,1.92116,10.49004,3139.274,6234.815,10842.247,0.034939,0.687209,82.695,103.363,0.33489,1.15662,0.97504,A,0.0,-0.012375
9729.867,0.57422,179.755,1.8491,19,0.7127,13.541,1.94644,5.85304,2758.115,6971.752,5100.087,0.259036,0.698913,85.081,102.708,0.28347,0.52417,0.872125,A,0.0,-0.014954
8386.497,0.34516,133.526,1.9572,21,0.7696,16.162,2.03521,7.60078,4354.447,4032.051,8522.364,0.044237,0.670151,80.327,100.057,0.51922,1.0162,0.933456,A,-0.001,-0.027377
7976.0,0.46418,165.372,1.0485,20,0.7869,15.738,1.97094,5.46571,2832.659,5143.341,2970.102,0.181245,0.620004,83.511,101.491,0.35515,0.37238,0.861328,A,0.0,0.002406
13000.0,0.43616,198.623,3.3809,22,0.7923,17.431,1.91752,8.75791,5606.673,7393.327,18955.522,0.051414,0.727924,82.995,103.739,0.43128,1.45812,0.949161,A,0.0,0.038351
11418.852,0.69825,160.126,2.3527,21,0.6821,14.325,1.9805,6.86907,2441.678,8977.174,5744.586,0.307558,0.804507,84.97,102.441,0.21383,0.50308,0.905814,A,0.0,0.056483
8931.074,0.35896,187.398,3.9807,22,0.7176,15.787,1.93432,8.32417,4252.234,4678.84,16927.004,0.039616,0.649179,82.457,102.729,0.47612,1.89529,0.947453,A,0.0,0.037149
9911.553,0.54881,182.861,1.181,22,0.8559,18.83,1.94145,6.76454,3261.654,6649.898,3851.959,0.155861,0.74154,83.831,103.133,0.32908,0.38863,0.906542,A,0.001,0.029385
11015.063,0.592,157.933,3.0476,17,0.7241,12.309,1.9846,6.35239,3871.541,7143.522,11798.736,0.187875,0.811022,83.301,102.369,0.35148,1.07115,0.888456,A,0.0,-0.001969
9484.509,0.3038,159.456,1.1735,23,0.8429,19.388,1.98174,7.15975,4664.523,4819.985,5474.049,0.049628,0.549778,81.538,100.725,0.4918,0.57716,0.919661,A,0.001,-0.018827
10924.785,0.50207,175.294,3.5752,23,0.7366,16.943,1.95379,8.86752,3833.35,7091.435,13705.076,0.066007,0.737786,82.369,102.754,0.35089,1.25449,0.953869,A,0.0,0.017409
9077.073,0.64318,142.893,1.1139,18,0.7549,13.588,2.01461,5.01525,2736.001,6341.072,3047.765,0.358622,0.765963,84.91,101.246,0.30142,0.33577,0.831937,A,0.0,-0.024871
9462.206,0.4167,173.302,2.875,17,0.786,13.362,1.95715,6.65703,4215.21,5246.996,12118.535,0.089546,0.679525,82.606,102.274,0.44548,1.28073,0.90427,A,0.0,-0.018911
9872.847,0.55416,171.308,3.6204,22,0.8664,19.061,1.96055,10.05525,3126.792,6746.055,11320.175,0.051628,0.787078,82.03,102.887,0.31671,1.1466,0.970494,A,0.0,0.035399
9313.757,0.53804,157.304,1.7404,19,0.8688,16.508,1.98579,7.19211,3110.915,6202.842,5414.386,0.12729,0.744044,82.475,101.894,0.33401,0.58133,0.920979,A,0.0,-0.001927
7000.0,0.67874,159.584,2.3319,18,0.7638,13.749,1.98151,6.58058,1581.26,5418.74,3687.393,0.273259,0.797068,84.495,102.363,0.22589,0.52677,0.909056,A,0.0,-0.017781
10031.728,0.64534,143.954,3.7017,22,0.8562,18.836,2.01238,10.37076,2310.397,7721.331,8552.332,0.074388,0.816186,81.206,101.638,0.23031,0.85253,0.973452,A,0.0,-0.032728
10392.433,0.39864,135.019,1.615,21,0.8381,17.6,2.03182,7.70575,4471.562,5920.871,7221.745,0.063186,0.651976,80.648,100.028,0.43027,0.6949,0.9318,A,0.0,0.033583
10714.295,0.40781,148.401,3.9026,23,0.6892,15.851,2.00322,8.76624,4661.903,6052.392,18193.571,0.044522,0.687639,81.007,101.04,0.43511,1.69807,0.952498,A,0.0,-0.021384
8509.022,0.58241,215.539,1.745,21,0.7718,16.208,1.89415,6.5816,2676.602,5832.421,4670.546,0.176697,0.768603,85.189,104.699,0.31456,0.54889,0.904566,A,-0.001,-0.024318
10516.371,0.6857,169.576,3.7327,18,0.8872,15.97,1.96354,8.49857,2260.823,8255.548,8438.877,0.165425,0.82818,83.466,103.074,0.21498,0.80245,0.948136,A,-0.0,-0.000793
10323.551,0.3708,170.444,1.6057,18,0.6613,11.903,1.96203,4.9437,5289.228,5034.323,8493.156,0.129515,0.624311,83.025,101.771,0.51235,0.8227,0.821047,A,0.0,-0.04488
7346.773,0.67913,161.042,3.9609,26,0.7888,20.508,1.9788,11.1753,1874.547,5472.226,7424.8,0.049029,0.894975,81.594,103.085,0.25515,1.01062,0.98158,A,0.0,0.001318
7000.0,0.62673,177.251,2.8896,23,0.8272,19.025,1.95054,9.4429,1992.937,5007.063,5758.848,0.073514,0.846917,82.541,103.567,0.28471,0.82269,0.966604,A,0.0,0.034455
10714.706,0.41001,198.001,1.9057,22,0.6641,14.61,1.91842,6.24266,4307.606,6407.1,8208.915,0.117178,0.606881,83.843,102.913,0.40203,0.76614,0.885103,A,0.0,0.032696
8568.722,0.51905,159.514,2.5581,18,0.7281,13.106,1.98164,6.44418,3230.594,5338.128,8264.343,0.138117,0.749587,82.708,102.046,0.37702,0.96448,0.899676,A,0.0,0.003849
11503.309,0.44149,162.546,1.0829,26,0.6763,17.585,1.97605,6.22663,4664.107,6839.203,5050.534,0.128725,0.654782,82.706,101.577,0.40546,0.43905,0.88178,A,-0.001,0.021698
13000.0,0.38527,180.725,3.7585,22,0.7673,16.881,1.94487,8.86958,5880.283,7119.717,22101.329,0.041642,0.66907,82.247,102.556,0.45233,1.7001,0.95111,A,0.0,0.054202
9125.91,0.47988,175.795,1.4301,24,0.7561,18.145,1.95296,7.1475,3459.756,5666.154,4947.802,0.101013,0.71121,82.85,102.603,0.37911,0.54217,0.920197,A,0.0,0.035972
8965.908,0.37767,182.286,2.9861,25,0.8822,22.055,1.94236,10.96908,4017.145,4948.762,11995.521,0.01757,0.669973,81.985,102.634,0.44805,1.3379,0.979156,A,0.001,0.036313
9982.456,0.37912,127.731,3.4385,22,0.6865,15.104,2.0488,8.39236,5101.022,4881.434,17539.989,0.039307,0.734225,79.979,100.118,0.511,1.75708,0.947021,A,0.0,-0.028032
11012.12,0.52093,155.303,2.1019,17,0.7202,12.243,1.9896,5.70735,3795.956,7216.164,7978.617,0.211244,0.683835,83.501,101.391,0.34471,0.72453,0.860216,A,0.0,0.005233
8296.301,0.57476,209.137,1.8139,17,0.8796,14.953,1.90274,6.20092,3050.309,5245.992,5532.971,0.16931,0.810507,84.892,104.72,0.36767,0.66692,0.891693,A,0.0,0.020908
11868.207,0.34675,155.821,2.7524,25,0.886,22.15,1.98861,11.16878,5809.168,6059.039,15989.326,0.015006,0.664807,80.932,101.293,0.48947,1.34724,0.978817,A,0.0,0.036862
11486.832,0.55221,181.613,3.1751,22,0.8299,18.259,1.94344,9.22644,3670.202,7816.631,11653.373,0.07147,0.777941,82.673,103.316,0.31951,1.0145,0.958647,A,-0.001,-0.043575
10991.66,0.67771,195.251,2.6523,17,0.7702,13.093,1.92245,6.21444,2772.648,8219.011,7353.791,0.31429,0.80031,86.353,104.072,0.25225,0.66903,0.883018,A,0.001,-0.014335
9190.239,0.62812,184.958,1.5833,21,0.7374,15.485,1.93813,6.28016,2282.2,6908.039,3613.493,0.273986,0.74511,85.465,103.252,0.24833,0.39319,0.891678,A,0.0,0.033132
11374.453,0.61456,184.147,1.9509,22,0.7216,15.875,1.93941,6.95186,3512.362,7862.091,6852.26,0.181861,0.807868,84.22,103.629,0.30879,0.60243,0.908622,A,-0.0,-0.009562
11285.819,0.38547,157.628,1.8176,20,0.6514,13.028,1.98517,5.76292,4841.962,6443.857,8800.765,0.124152,0.581819,82.447,100.841,0.42903,0.77981,0.861816,A,0.0,0.046948
8198.544,0.32907,125.332,3.9913,25,0.7229,18.072,2.05463,10.40613,4116.201,4082.343,16428.888,0.016242,0.644493,79.554,99.371,0.50206,2.00388,0.97522,A,0.0,-0.00195
13000.0,0.44351,165.972,1.9171,18,0.659,11.861,1.96987,5.28478,5565.964,7434.036,10670.284,0.177596,0.64261,83.487,101.67,0.42815,0.82079,0.828556,A,0.0,-0.048817
9549.209,0.47762,183.082,3.6367,20,0.7206,14.411,1.9411,7.49683,3968.332,5580.877,14431.551,0.082221,0.758764,82.867,103.256,0.41557,1.51128,0.928461,A,0.0,0.044421
10553.779,0.38895,171.855,3.6855,21,0.8233,17.289,1.95961,9.14878,5182.438,5371.341,19099.882,0.032755,0.732612,81.801,102.554,0.49105,1.80977,0.958646,A,0.0,0.032713
9213.767,0.37634,176.403,1.7667,22,0.7441,16.37,1.95195,6.99142,4355.667,4858.099,7695.25,0.067278,0.65343,82.427,102.25,0.47273,0.83519,0.915488,A,0.001,0.040879
10577.345,0.3872,158.961,3.9505,25,0.7165,17.913,1.98267,9.78363,4978.745,5598.601,19668.731,0.027259,0.707291,81.223,101.738,0.4707,1.85951,0.966863,A,-0.001,-0.007726
11740.124,0.37055,157.582,3.8757,25,0.6609,16.522,1.98526,9.00646,5449.728,6290.396,21121.46,0.035911,0.660459,81.281,101.357,0.4642,1.79908,0.955013,A,0.0,0.049114
8788.947,0.31111,164.699,3.4062,24,0.7023,16.856,1.97215,8.84945,4673.863,4115.084,15920.146,0.025466,0.63554,81.429,101.559,0.53179,1.81138,0.95647,A,0.0,0.004221
7516.861,0.32007,180.405,3.1052,27,0.87,23.491,1.94539,11.82448,3976.741,3540.12,12348.486,0.008928,0.669577,81.803,102.544,0.52904,1.64277,0.985242,A,0.0,0.034427
9325.022,0.33453,222.809,1.8753,16,0.6813,10.9,1.88475,4.50578,4323.869,5001.153,8108.693,0.146029,0.497509,85.005,103.192,0.46368,0.86956,0.797594,A,0.0,-0.029284
8040.931,0.55086,171.665,1.9091,27,0.6852,18.5,1.95993,8.16962,2606.147,5434.784,4975.305,0.091671,0.77105,82.572,102.799,0.32411,0.61875,0.946063,A,0.0,0.028946
8862.141,0.33502,163.403,3.2989,25,0.7061,17.652,1.97449,9.21554,4465.253,4396.888,14730.425,0.02552,0.649332,81.378,101.585,0.50386,1.66217,0.961618,A,0.0,0.001142
9810.275,0.34705,173.181,3.6356,24,0.8995,21.588,1.95735,11.37076,4551.961,5258.314,16549.286,0.0139,0.635453,81.602,101.977,0.464,1.68693,0.981416,A,-0.0,-0.027725
9903.764,0.45118,183.353,3.7663,21,0.6521,13.694,1.94066,7.17467,4237.382,5666.382,15959.047,0.085354,0.724746,82.918,103.044,0.42786,1.61141,0.919058,A,0.0,0.015049
11936.093,0.53793,178.371,3.5649,21,0.6851,14.386,1.9487,7.49532,3501.575,8434.518,12482.618,0.140777,0.702806,83.47,102.669,0.29336,1.04579,0.923227,A,0.0,0.011426
8477.802,0.62145,170.762,3.1074,22,0.6793,14.945,1.96148,7.6174,2518.173,5959.63,7825.073,0.138814,0.825376,83.16,103.113,0.29703,0.92301,0.933651,A,-0.001,0.036815
10529.063,0.5941,156.794,1.8826,16,0.7346,11.753,1.98676,5.26948,2871.642,7657.42,5406.279,0.349932,0.685672,85.393,101.482,0.27273,0.51346,0.839357,A,0.001,-0.041586
9238.649,0.49738,164.324,2.5025,23,0.7969,18.328,1.97283,8.89797,3367.573,5871.075,8427.41,0.059214,0.748703,81.859,102.287,0.36451,0.91219,0.956604,A,0.001,0.020306
12047.586,0.35724,188.381,3.8192,21,0.6986,14.67,1.93281,7.6611,5957.036,6090.549,22751.122,0.052506,0.655299,82.662,102.813,0.49446,1.88844,0.927326,A,0.001,-0.031179
13000.0,0.36243,189.962,3.8043,23,0.745,17.135,1.93038,8.92401,6393.57,6606.43,24322.976,0.035349,0.678978,82.49,103.04,0.49181,1.871,0.952032,A,0.0,-0.036934
10455.16,0.69258,149.27,1.6686,27,0.8282,22.361,2.00146,9.70171,2772.535,7682.625,4626.201,0.088741,0.910499,81.628,102.559,0.26518,0.44248,0.966022,A,0.0,-0.025196
12511.287,0.42183,187.611,3.8967,25,0.8024,20.061,1.93399,10.52951,5561.464,6949.822,21671.272,0.025602,0.738898,82.28,103.331,0.44452,1.73214,0.973021,A,0.001,0.042018
9204.692,0.45958,149.912,3.8423,25,0.682,17.049,2.00018,9.37839,3598.405,5606.286,13826.194,0.043075,0.726911,81.053,101.383,0.39093,1.50208,0.963359,A,0.001,0.020091
7600.89,0.6231,213.554,2.3212,21,0.79,16.589,1.89678,7.4221,1639.959,5960.931,3806.738,0.199511,0.739635,85.429,104.43,0.21576,0.50083,0.930916,A,0.0,0.011499
8094.402,0.37709,179.965,3.7271,26,0.7451,19.373,1.9461,10.17025,3662.34,4432.063,13649.728,0.022356,0.670216,81.965,102.528,0.45245,1.68632,0.973176,A,-0.001,0.003242
7631.365,0.31742,189.432,3.7936,18,0.6582,11.847,1.93119,6.17067,3943.793,3687.572,14961.078,0.065819,0.586506,82.874,102.406,0.51679,1.96047,0.892841,A,0.0,-0.011737
8567.876,0.55882,169.744,3.0511,27,0.7343,19.826,1.96324,10.07325,2521.418,6046.458,7693.139,0.053489,0.769547,81.995,102.695,0.29429,0.89791,0.971832,A,0.0,-0.001276
9639.672,0.67937,173.586,3.8518,24,0.804,19.296,1.95667,10.28291,2338.812,7300.86,9008.705,0.075757,0.872742,82.434,103.563,0.24262,0.93454,0.972945,A,0.0,-0.044572
11725.155,0.67926,200.441,2.7824,24,0.6672,16.012,1.9149,7.65214,2686.703,9038.452,7475.462,0.21414,0.817513,85.203,104.407,0.22914,0.63756,0.927762,A,0.0,0.046195
11049.789,0.56915,129.151,1.6972,18,0.7165,12.897,2.0454,5.80752,4100.75,6949.039,6959.907,0.207215,0.782729,82.266,100.528,0.37112,0.62987,0.864884,A,0.0,0.036151
10695.646,0.41962,162.916,1.9691,25,0.7405,18.514,1.97537,8.35845,4383.277,6312.368,8631.039,0.056069,0.67206,81.762,101.71,0.40982,0.80697,0.94524,A,0.001,0.050978
9364.396,0.37673,197.357,3.4001,25,0.6885,17.211,1.91936,8.67139,4038.756,5325.64,13732.335,0.041194,0.631196,82.818,103.046,0.43129,1.46644,0.952841,A,0.0,-0.046275
8917.132,0.61415,161.545,2.7386,22,0.7402,16.284,1.97788,8.13563,2768.15,6148.981,7580.844,0.111,0.840653,82.432,102.752,0.31043,0.85014,0.943893,A,0.001,0.032643
10049.897,0.47375,172.606,3.1673,27,0.7697,20.782,1.95833,10.61599,4120.471,5929.426,13050.796,0.028167,0.783386,81.769,102.926,0.41,1.2986,0.975623,A,0.0,0.048081
10206.5,0.53018,152.202,2.3443,21,0.8524,17.901,1.99563,8.67026,3254.217,6952.283,7628.899,0.080469,0.740681,81.644,101.599,0.31884,0.74745,0.951608,A,0.0,-0.005342
10384.317,0.69917,197.964,3.976,23,0.6963,16.016,1.91847,8.33785,3169.465,7214.852,12601.669,0.125192,0.95132,83.947,105.185,0.30522,1.21353,0.945349,A,0.0,-0.02175
10557.322,0.42799,133.545,1.376,26,0.755,19.631,2.03517,8.07834,4307.282,6250.041,5926.743,0.063103,0.679451,80.577,100.12,0.40799,0.56139,0.939845,A,-0.001,0.029219
9823.579,0.62905,121.651,2.0655,18,0.7821,14.077,2.06384,6.87269,2560.626,7262.953,5289.09,0.216589,0.774472,82.01,99.987,0.26066,0.53841,0.910252,A,-0.0,-0.034791
7113.016,0.45139,173.403,1.0056,27,0.7744,20.909,1.95698,7.03872,3061.172,4051.843,3078.362,0.081557,0.730792,82.504,102.617,0.43036,0.43278,0.922241,A,0.001,0.029838
8327.141,0.46236,177.825,2.8065,26,0.7262,18.882,1.9496,9.29413,3496.145,4830.996,9812.097,0.040438,0.767705,82.125,103.071,0.41985,1.17833,0.96328,A,0.0,-0.019983
8761.578,0.65405,157.949,2.1747,27,0.8946,24.153,1.98457,11.34006,2229.44,6532.139,4848.417,0.046755,0.861322,81.439,102.702,0.25446,0.55337,0.98181,A,-0.001,-0.002404
12545.099,0.37812,132.592,2.5157,17,0.8325,14.152,2.03735,7.20667,6293.065,6252.034,15831.51,0.065127,0.693173,80.558,100.152,0.50164,1.26197,0.913599,A,0.0,-0.036774
9359.091,0.66471,174.549,3.3841,19,0.6926,13.159,1.95504,6.80992,2317.182,7041.909,7841.641,0.242853,0.803518,84.676,103.152,0.24759,0.83786,0.909543,A,0.0,0.046143
11012.551,0.46531,168.825,1.771,25,0.791,19.775,1.96484,8.53621,4327.564,6684.988,7664.088,0.061497,0.726721,82.065,102.367,0.39297,0.69594,0.948064,A,-0.001,-0.003262
12196.358,0.63218,168.671,3.7221,24,0.85,20.399,1.96511,10.86237,3341.891,8854.467,12438.874,0.054913,0.850048,81.972,103.174,0.27401,1.01988,0.976199,A,0.0,0.058376
10500.045,0.57995,154.896,1.8483,22,0.6999,15.398,1.99039,6.87781,2990.979,7509.067,5528.212,0.186117,0.736819,83.152,101.719,0.28485,0.52649,0.908585,A,-0.001,0.005821
9410.813,0.61675,155.709,2.7688,16,0.7335,11.736,1.98882,5.92821,2811.179,6599.634,7783.483,0.254681,0.770978,84.091,101.988,0.29872,0.82708,0.876647,A,0.0,-0.007583
9560.168,0.42407,191.246,1.8506,25,0.6916,17.29,1.92843,7.37114,4310.326,5249.843,7976.524,0.070338,0.714505,82.996,103.331,0.45086,0.83435,0.925218,A,-0.001,-0.038339
8466.411,0.44668,187.997,1.4387,24,0.8974,21.537,1.9334,8.37674,3145.706,5320.705,4525.703,0.061127,0.674629,82.762,102.924,0.37155,0.53455,0.949154,A,0.0,-0.012999
10459.808,0.62648,170.58,1.0926,17,0.7993,13.588,1.9618,4.78085,3615.163,6844.645,3949.791,0.344785,0.775263,85.872,102.774,0.34562,0.37762,0.809785,A,0.0,0.006524
11692.105,0.41554,172.791,1.3755,24,0.7026,16.861,1.95801,6.56034,5318.099,6374.006,7315.271,0.096619,0.681633,82.68,102.263,0.45485,0.62566,0.894242,A,0.0,-0.024927
10854.717,0.6108,184.155,2.0193,23,0.783,18.009,1.93939,7.9777,2506.661,8348.056,5061.622,0.166257,0.74428,84.015,103.21,0.23093,0.46631,0.937142,A,0.0,0.020086
11156.976,0.66931,204.05,1.1644,23,0.6664,15.327,1.90978,5.33485,3510.694,7646.282,4087.732,0.34016,0.82043,86.985,104.577,0.31466,0.36638,0.840079,A,0.0,0.038794
11076.521,0.594,128.985,3.4225,25,0.7013,17.531,2.0458,9.71127,3492.262,7584.26,11952.424,0.064974,0.837593,80.38,100.88,0.31529,1.07908,0.965513,A,-0.001,0.024157
13000.0,0.62649,191.657,1.1478,19,0.662,12.579,1.92781,4.41237,3956.635,9043.365,4541.576,0.478919,0.69105,88.404,103.194,0.30436,0.34935,0.767334,A,0.0,0.044939
9049.28,0.45724,166.351,2.6038,16,0.7628,12.205,1.9692,5.97554,4145.058,4904.222,10793.051,0.119773,0.742464,82.738,102.348,0.45805,1.1927,0.880014,A,0.0,0.018472
10236.286,0.58903,150.644,2.0563,24,0.7266,17.437,1.99872,8.12443,3893.378,6342.908,8005.963,0.0908,0.894853,81.715,102.532,0.38035,0.78212,0.941369,A,0.0,-0.009432
11058.214,0.32549,163.728,3.8019,16,0.654,10.464,1.9739,5.63382,5622.553,5435.661,21376.632,0.091939,0.567066,82.268,101.058,0.50845,1.9331,0.85638,A,0.0,0.027634
11870.899,0.52023,175.881,3.7494,21,0.6912,14.515,1.95281,7.66885,4253.44,7617.459,15947.755,0.104705,0.752256,82.902,102.878,0.35831,1.34343,0.927885,A,0.0,-0.037886
7000.0,0.63346,163.027,1.2679,26,0.7895,20.527,1.97517,7.81118,1499.678,5500.322,1901.445,0.174799,0.758518,83.334,102.286,0.21424,0.27164,0.940882,A,0.0,-0.015458
9216.488,0.54044,170.115,3.1662,25,0.7346,18.365,1.9626,9.41073,3245.001,5971.487,10274.314,0.05563,0.80389,82.037,102.94,0.35209,1.11478,0.963758,A,-0.0,0.020685
9687.259,0.40484,169.036,2.7674,24,0.7946,19.07,1.96448,9.45845,3863.26,5824.0,10691.255,0.036705,0.649035,81.746,101.865,0.3988,1.10364,0.963843,A,-0.001,0.009135
8455.87,0.54322,151.84,3.0294,21,0.8208,17.236,1.99635,8.95837,2105.458,6350.411,6378.243,0.090467,0.693333,81.761,101.267,0.24899,0.7543,0.958533,A,0.001,-0.026277
11270.701,0.33476,172.814,1.8054,19,0.8872,16.857,1.95797,7.28881,5943.313,5327.389,10729.951,0.051402,0.65087,82.084,102.061,0.52732,0.95202,0.919029,A,-0.001,0.044014
10328.484,0.30841,168.702,1.4905,25,0.7246,18.114,1.96506,7.32334,5237.538,5090.947,7806.674,0.047329,0.577011,81.873,101.373,0.5071,0.75584,0.922181,A,-0.001,-0.012105
9405.326,0.43514,170.877,1.3464,16,0.7389,11.822,1.96129,4.56952,4156.071,5249.254,5595.825,0.195399,0.624955,83.911,101.796,0.44188,0.59496,0.801573,A,0.001,-0.006095
7548.819,0.30737,180.454,3.1696,19,0.7346,13.956,1.94531,7.05964,4047.209,3501.61,12828.151,0.044888,0.610753,82.28,102.158,0.53614,1.69936,0.921704,A,0.0,-0.009434
8014.342,0.55179,179.501,2.9403,23,0.8384,19.283,1.94686,9.58657,2934.146,5080.195,8627.349,0.049465,0.841912,82.306,103.64,0.36611,1.07649,0.96718,A,0.001,0.019107
8521.998,0.56146,168.688,2.8004,18,0.8909,16.036,1.96508,7.98251,2909.756,5612.242,8148.592,0.096148,0.802702,82.517,102.862,0.34144,0.95618,0.941529,A,0.0,0.035899
10682.218,0.4867,176.296,1.7451,26,0.8828,22.953,1.95212,9.7607,3235.155,7447.063,5645.764,0.053848,0.674741,82.246,102.386,0.30285,0.52852,0.966492,A,0.0,-0.009862
8171.109,0.39994,183.609,3.6323,19,0.8909,16.927,1.94026,8.79781,3501.1,4670.009,12717.118,0.040576,0.669358,82.336,102.691,0.42847,1.55635,0.956529,A,0.0,-0.015184
7000.0,0.354,175.542,1.3613,24,0.8534,20.481,1.95338,7.90579,3492.385,3507.615,4754.106,0.040581,0.666063,82.043,102.292,0.49891,0.67916,0.942808,A,0.0,-0.017045
7821.224,0.51794,195.592,2.8835,23,0.6723,15.463,1.92194,7.50121,2994.101,4827.123,8633.56,0.091563,0.782402,83.424,103.968,0.38282,1.10386,0.932324,A,0.0,0.025199
9112.057,0.67914,156.128,3.0816,27,0.7259,19.6,1.98802,10.16837,2214.172,6897.885,6823.257,0.077449,0.872278,81.769,102.678,0.24299,0.74882,0.972289,A,0.0,0.003652
12509.913,0.61981,151.768,1.0457,24,0.8184,19.642,1.99649,6.94182,3319.299,9190.615,3471.025,0.221217,0.76377,83.484,101.728,0.26533,0.27746,0.9053,A,-0.001,-0.032209
13000.0,0.41173,132.016,2.6634,26,0.7393,19.221,2.03868,9.95366,5894.356,7105.644,15699.012,0.030378,0.728067,80.071,100.347,0.45341,1.20762,0.966547,A,0.0,0.046343
9277.932,0.40853,183.538,1.39,24,0.6675,16.019,1.94037,6.1756,4010.503,5267.428,5574.459,0.106476,0.638501,83.204,102.484,0.43226,0.60083,0.887338,A,0.001,0.033197
11415.788,0.54986,163.866,2.8291,18,0.6643,11.957,1.97365,6.00625,4476.592,6939.195,12664.638,0.17861,0.789359,83.417,102.532,0.39214,1.1094,0.872621,A,0.001,0.005067
12101.816,0.62074,163.013,3.3193,18,0.8114,14.605,1.9752,7.63954,2834.221,9267.595,9407.753,0.194378,0.751125,83.592,102.237,0.2342,0.77738,0.926663,A,0.0,0.04876
11926.813,0.38597,199.405,2.7578,22,0.817,17.974,1.91639,8.57994,5054.701,6872.112,13940.059,0.04782,0.634697,82.974,103.156,0.42381,1.1688,0.947492,A,0.0,-0.032658
9824.821,0.63616,187.857,3.2701,16,0.7778,12.445,1.93361,6.28432,2685.282,7139.54,8781.107,0.25667,0.778887,85.339,103.606,0.27332,0.89377,0.889725,A,-0.001,0.031904
8046.881,0.65259,163.477,3.8582,18,0.6912,12.442,1.97436,6.72133,1981.904,6064.977,7646.617,0.237301,0.788297,84.177,102.506,0.24629,0.95026,0.91044,A,0.0,0.003097
9267.543,0.59854,165.002,3.1239,24,0.7024,16.858,1.97161,8.66913,2595.78,6671.763,8109.021,0.100556,0.792294,82.432,102.609,0.28009,0.87499,0.952944,A,0.0,-0.023861
7207.026,0.32419,174.231,2.1979,16,0.7307,11.692,1.95558,5.38933,4093.922,3113.104,8997.941,0.079289,0.646239,82.505,102.099,0.56805,1.2485,0.861068,A,0.0,0.033562
10357.954,0.67744,193.209,2.328,25,0.6956,17.391,1.92548,7.97033,2925.698,7432.256,6810.88,0.148949,0.885473,84.101,104.545,0.28246,0.65755,0.937895,A,0.0,0.050549
11166.241,0.32411,168.804,3.7561,23,0.7194,16.546,1.96488,8.82591,5841.99,5324.251,21943.147,0.029202,0.647705,81.638,101.845,0.52318,1.96513,0.952862,A,0.0,-0.051415
7160.514,0.60318,172.955,3.2331,18,0.7026,12.646,1.95773,6.48859,2273.599,4886.915,7350.767,0.179361,0.800363,83.778,103.055,0.31752,1.02657,0.905583,A,0.0,-0.022106
9922.271,0.31036,134.879,1.4778,25,0.7332,18.33,2.03213,7.75194,5067.643,4854.628,7489.139,0.040211,0.592368,80.338,99.626,0.51073,0.75478,0.933829,A,0.0,-0.025244
10438.534,0.56967,179.517,2.7163,21,0.8724,18.321,1.94683,8.92094,3451.15,6987.384,9374.251,0.076907,0.813049,82.669,103.45,0.33062,0.89804,0.955366,A,0.0,0.016497
11873.981,0.34171,165.883,2.1773,25,0.7594,18.985,1.97003,8.82125,6469.135,5404.847,14085.026,0.030221,0.714533,81.538,102.14,0.54482,1.18621,0.951817,A,-0.001,0.012777
12067.935,0.66722,148.327,1.5016,19,0.7631,14.499,2.00337,6.04736,3165.553,8902.382,4753.472,0.325367,0.788775,84.711,101.704,0.26231,0.39389,0.872085,A,0.0,0.024746
11201.911,0.33114,139.054,1.4403,23,0.7143,16.43,2.02286,6.83173,5813.316,5388.595,8372.829,0.06051,0.623109,80.801,100.079,0.51896,0.74745,0.905171,A,0.0,-0.044984
8969.899,0.51592,182.942,2.909,27,0.8413,22.715,1.94132,11.21342,3510.772,5459.127,10212.957,0.025227,0.831483,82.11,103.73,0.39139,1.13858,0.980862,A,-0.0,0.012751
9447.479,0.58938,139.782,2.6945,21,0.7683,16.135,2.02128,8.28102,2587.569,6859.909,6972.101,0.116634,0.767707,81.575,101.076,0.27389,0.73799,0.9458,A,0.001,-0.043508
11806.439,0.68089,214.797,2.8898,26,0.7742,20.129,1.89513,9.56025,2616.057,9190.382,7560.004,0.114099,0.842226,84.34,105.156,0.22158,0.64033,0.962869,A,0.0,0.018093
9091.14,0.52215,126.514,3.6855,25,0.7932,19.829,2.05174,11.20935,2976.804,6114.336,10971.033,0.030676,0.761422,79.804,100.219,0.32744,1.20678,0.980763,A,0.0,0.032366
9936.628,0.33647,159.319,3.2815,21,0.6967,14.63,1.982,7.67076,4822.615,5114.013,15825.636,0.047217,0.609246,81.501,101.11,0.48534,1.59266,0.931893,A,0.0,-0.024153
12341.216,0.43132,138.427,3.6651,19,0.8936,16.979,2.02423,9.407,4870.828,7470.388,17852.057,0.043466,0.684212,80.547,100.445,0.39468,1.44654,0.960227,A,0.0,-0.031239
10191.822,0.63996,159.987,2.142,20,0.6859,13.719,1.98076,6.39236,2462.285,7729.537,5274.292,0.284382,0.753236,84.658,102.095,0.24159,0.5175,0.892642,A,0.0,-0.036657
7938.227,0.37453,199.302,3.2926,23,0.7403,17.027,1.91654,8.49608,3755.047,4183.18,12364.025,0.03797,0.676654,82.84,103.429,0.47303,1.55753,0.952044,A,-0.0,-0.040456
9556.615,0.39821,151.257,3.8154,18,0.7533,13.559,1.9975,7.43329,4003.911,5552.704,15276.572,0.06954,0.635208,81.46,100.852,0.41897,1.59853,0.926835,A,0.0,-0.014314
10958.983,0.4938,134.78,1.8889,27,0.7434,20.072,2.03236,9.30748,4339.272,6619.711,8196.427,0.04937,0.785136,80.454,100.893,0.39596,0.74792,0.960413,A,0.0,-0.057469
9714.504,0.45359,177.848,1.0552,17,0.6874,11.686,1.94956,4.00573,3838.721,5875.783,4050.682,0.280078,0.56695,85.289,101.748,0.39515,0.41697,0.756005,A,0.0,-0.014603
11741.968,0.6292,183.486,1.3467,27,0.827,22.33,1.94045,8.49487,2569.542,9172.426,3460.427,0.154721,0.76212,83.839,103.297,0.21883,0.29471,0.946188,A,0.0,-0.005145
11923.014,0.68292,172.677,1.399,21,0.7778,16.334,1.95821,6.4011,3045.532,8877.482,4260.618,0.30093,0.81397,85.372,103.131,0.25543,0.35734,0.887443,A,0.0,-0.031247
9023.773,0.54025,133.017,2.1768,26,0.6534,16.99,2.03637,8.27913,3253.38,5770.393,7081.929,0.080221,0.799617,80.777,100.881,0.36053,0.78481,0.946465,A,-0.0,-0.000373
9244.512,0.53996,178.427,3.7729,21,0.6552,13.759,1.94861,7.25573,3142.501,6102.011,11856.372,0.122495,0.754952,83.231,103.016,0.33993,1.28253,0.922883,A,0.0,0.000631
9843.54,0.49274,147.498,2.2694,25,0.6743,16.856,2.00505,8.13975,3673.373,6170.167,8336.251,0.076101,0.740781,81.385,101.341,0.37318,0.84688,0.942365,A,0.0,0.016061
8197.354,0.3557,167.071,1.4733,23,0.8049,18.512,1.96792,7.46523,3709.618,4487.737,5465.437,0.054518,0.604658,81.905,101.475,0.45254,0.66673,0.930639,A,-0.001,0.011785
10566.727,0.58695,203.831,3.5457,27,0.8925,24.098,1.91009,12.16437,2819.753,7746.974,9997.921,0.031669,0.789058,82.905,104.361,0.26685,0.94617,0.985602,A,0.0,0.029844
9729.659,0.33978,146.477,1.1223,16,0.8215,13.144,2.00714,4.84255,4627.046,5102.613,5192.713,0.130128,0.529891,82.053,99.891,0.47556,0.5337,0.81787,A,0.0,0.006588
11177.805,0.42087,192.453,1.4778,18,0.8934,16.081,1.92662,6.28932,5352.649,5825.157,7910.396,0.100697,0.715064,83.438,103.388,0.47886,0.70769,0.885426,A,-0.001,0.047029
9099.845,0.38757,178.157,3.494,17,0.6611,11.239,1.94905,5.83155,3857.925,5241.92,13479.478,0.115538,0.587772,83.129,101.899,0.42396,1.48129,0.873614,A,-0.0,0.036186
8680.35,0.54301,137.779,2.8969,18,0.7529,13.552,2.02566,7.1115,2536.787,6143.563,7348.731,0.148097,0.706075,81.898,100.551,0.29224,0.84659,0.920295,A,0.0,0.010064
12756.675,0.68828,208.605,1.2458,18,0.8766,15.779,1.90346,5.63404,2615.078,10141.597,3257.962,0.505984,0.735291,89.319,104.202,0.205,0.25539,0.849299,A,0.0,-0.048357
8681.011,0.59657,147.947,1.9981,20,0.8405,16.811,2.00414,7.78883,2129.456,6551.555,4254.847,0.152932,0.74076,82.418,101.366,0.2453,0.49013,0.937116,A,0.0,0.038885
9121.566,0.68851,166.786,1.9223,20,0.6982,13.965,1.96843,6.22103,2405.268,6716.297,4623.635,0.288137,0.831886,84.978,102.96,0.26369,0.50689,0.889646,A,0.001,0.049255
8901.269,0.40211,160.429,2.7985,18,0.6926,12.466,1.97994,6.27354,4085.696,4815.573,11433.804,0.094271,0.663295,82.167,101.524,0.459,1.28451,0.892392,A,0.0,-0.018863
9543.064,0.64285,187.465,1.3573,26,0.7848,20.404,1.93422,7.75022,2782.676,6760.388,3776.831,0.144306,0.848057,83.842,104.044,0.29159,0.39577,0.934544,A,0.0,0.007483
8625.931,0.50873,155.516,1.5183,19,0.7468,14.19,1.98919,5.88355,3478.555,5147.376,5281.379,0.154276,0.748272,82.758,101.827,0.40327,0.61227,0.877707,A,0.0,-0.025008
9932.521,0.51896,146.499,3.4953,17,0.6969,11.848,2.0071,6.41809,4218.03,5714.49,14743.099,0.129012,0.806785,82.039,101.72,0.42467,1.48433,0.894427,A,0.001,0.039797
8942.685,0.37048,193.27,2.5948,25,0.6875,17.187,1.92539,8.12748,4189.65,4753.036,10871.501,0.04453,0.657788,82.725,103.045,0.4685,1.21569,0.943688,A,-0.001,0.03078
9374.687,0.66656,160.504,1.2066,19,0.8538,16.222,1.9798,6.05839,1979.435,7395.252,2388.359,0.371653,0.745498,85.831,102.071,0.21115,0.25477,0.882272,A,0.0,-0.017165
10544.227,0.33924,175.429,1.489,16,0.8665,13.864,1.95357,5.55414,5330.266,5213.961,7936.613,0.097626,0.586251,82.792,101.76,0.50552,0.7527,0.854525,A,0.0,-0.038831
11052.371,0.3332,177.571,1.5918,26,0.6762,17.58,1.95002,7.21076,6063.703,4988.668,9652.469,0.050218,0.677161,82.245,102.462,0.54863,0.87334,0.917312,A,0.0,0.011568
10700.455,0.40154,189.093,3.595,27,0.6889,18.601,1.93171,9.58169,5149.721,5550.733,18513.019,0.029781,0.746442,82.387,103.446,0.48126,1.73012,0.964307,A,0.001,-0.003382
8895.9,0.54328,164.332,1.3206,20,0.8569,17.138,1.97281,6.62648,3129.994,5765.907,4133.359,0.146825,0.7585,83.016,102.352,0.35185,0.46464,0.904912,A,-0.001,-0.037277
10595.747,0.55482,161.82,3.2979,18,0.6697,12.055,1.97737,6.3065,3176.78,7418.966,10476.683,0.207197,0.703674,83.713,101.863,0.29982,0.98876,0.888034,A,0.001,-0.020416
9819.306,0.66133,167.392,1.3973,24,0.8363,20.072,1.96736,7.91671,3060.713,6758.592,4276.586,0.132114,0.900987,82.942,103.446,0.3117,0.43553,0.937731,A,0.001,0.035069
9840.512,0.32113,164.907,1.6832,27,0.6601,17.823,1.97178,7.59104,5198.386,4642.126,8749.929,0.04245,0.633195,81.661,101.554,0.52826,0.88917,0.930168,A,0.0,0.04116
7416.446,0.40452,180.563,1.842,21,0.7396,15.532,1.94513,6.69778,3168.958,4247.488,5837.244,0.083773,0.643827,82.797,102.382,0.42729,0.78707,0.911513,A,0.0,-0.019839
11006.976,0.41616,165.787,2.1183,21,0.8714,18.299,1.9702,8.4297,4899.711,6107.265,10379.059,0.05039,0.70961,81.8,102.103,0.44515,0.94295,0.9461,A,0.0,-0.009622
9790.592,0.40491,148.986,2.0681,26,0.6795,17.667,2.00204,8.26672,4284.512,5506.08,8861.003,0.050929,0.68036,81.117,101.025,0.43762,0.90505,0.944958,A,0.0,-0.013894
12559.401,0.48924,153.234,3.564,23,0.761,17.503,1.99361,9.42993,4623.407,7935.994,16477.618,0.052757,0.743532,81.322,101.674,0.36812,1.31197,0.960304,A,0.0,-0.021229
10960.153,0.65894,170.641,2.7502,18,0.8491,15.284,1.96169,7.55219,3095.583,7864.569,8513.572,0.170724,0.851102,83.576,103.277,0.28244,0.77677,0.926823,A,0.001,0.042501
8325.224,0.61957,172.047,2.8204,17,0.6538,11.114,1.95928,5.51849,2732.072,5593.152,7705.458,0.259883,0.795263,84.807,102.977,0.32817,0.92556,0.862347,A,0.0,0.013127
7941.71,0.56553,159.148,3.0092,20,0.7216,14.432,1.98232,7.41214,2637.567,5304.143,7936.974,0.119348,0.787397,82.446,102.277,0.33212,0.9994,0.929911,A,0.0,0.020624
11726.468,0.49535,163.128,1.6093,22,0.7534,16.575,1.97499,6.95731,4021.826,7704.641,6472.503,0.133062,0.684466,82.787,101.803,0.34297,0.55196,0.907871,A,0.001,-0.011094
8687.693,0.62543,172.308,2.2553,18,0.672,12.095,1.95884,5.63418,2475.915,6211.778,5583.944,0.29342,0.75776,85.259,102.742,0.28499,0.64274,0.866296,A,0.0,0.023956
11026.737,0.51519,174.609,3.6105,20,0.6861,13.721,1.95494,7.20324,3854.009,7172.728,13914.899,0.122114,0.726401,83.084,102.646,0.34951,1.26192,0.917156,A,-0.0,-0.040612
9548.844,0.34418,158.247,2.5055,25,0.7603,19.008,1.98401,9.30763,4606.386,4942.457,11541.299,0.027081,0.639717,81.191,101.255,0.4824,1.20866,0.962043,A,0.001,0.001824
13000.0,0.35058,156.401,2.9155,20,0.739,14.78,1.9875,7.55913,6755.167,6244.833,19694.761,0.05218,0.673357,81.447,101.38,0.51963,1.51498,0.922658,A,0.0,0.053372
10120.29,0.6191,192.526,3.6618,21,0.7793,16.364,1.92651,8.42849,2833.156,7287.134,10374.441,0.116169,0.814633,83.645,104.048,0.27995,1.02511,0.94747,A,0.0,0.006808
12273.66,0.5382,148.475,2.0565,21,0.6818,14.319,2.00307,6.69258,4225.548,8048.112,8689.774,0.160472,0.73652,82.541,101.367,0.34428,0.708,0.897349,A,0.0,0.006223
12001.221,0.36651,168.039,1.4344,20,0.7966,15.933,1.96622,6.34726,6102.085,5899.135,8752.949,0.08286,0.659909,82.317,101.887,0.50846,0.72934,0.885048,A,0.001,0.056467
9308.416,0.59596,175.729,3.2922,19,0.8668,16.47,1.95307,8.45625,2638.799,6669.616,8687.389,0.10671,0.789532,82.923,103.116,0.28349,0.93328,0.94924,A,0.001,-0.017902
9510.923,0.4628,157.329,1.7216,18,0.6502,11.703,1.98574,5.07826,3394.596,6116.326,5844.149,0.216024,0.599769,83.648,100.943,0.35692,0.61447,0.833402,A,0.001,-0.041771
12234.268,0.30111,183.287,3.8038,24,0.8503,20.406,1.94077,10.71427,7111.406,5122.862,27050.048,0.012999,0.701065,81.961,102.885,0.58127,2.21101,0.974906,A,0.0,-0.039977
10010.617,0.49202,148.285,3.0099,19,0.7213,13.704,2.00345,7.14773,3681.851,6328.766,11081.996,0.109658,0.714467,81.862,101.211,0.36779,1.10702,0.918029,A,0.0,-0.015098
8708.981,0.37355,191.981,2.6642,17,0.6802,11.564,1.92733,5.51657,4069.279,4639.702,10841.218,0.111457,0.603419,83.564,102.63,0.46725,1.24483,0.860585,A,0.0,0.005882
11820.486,0.56379,184.173,2.7012,20,0.7805,15.61,1.93937,7.54571,4128.402,7692.084,11151.729,0.121366,0.801247,83.423,103.587,0.34926,0.94342,0.924817,A,0.0,-0.035064
13000.0,0.42218,167.668,1.6347,22,0.6545,14.399,1.96687,6.04313,5217.774,7782.226,8529.721,0.138297,0.612523,83.034,101.556,0.40137,0.65613,0.868522,A,0.0,-0.054907
9964.751,0.35959,178.595,3.566,23,0.7449,17.134,1.94833,8.92494,4756.64,5208.111,16962.054,0.033106,0.657781,82.057,102.382,0.47735,1.70221,0.956054,A,0.0,-0.044973
12127.619,0.33354,161.38,2.5912,27,0.8361,22.574,1.97818,11.11145,5898.398,6229.221,15283.789,0.014931,0.635233,81.158,101.388,0.48636,1.26025,0.978228,A,0.0,-0.029683
9790.218,0.63455,183.984,1.5776,21,0.7393,15.524,1.93966,6.29495,2252.334,7537.884,3553.331,0.302712,0.733698,85.81,103.132,0.23006,0.36295,0.890249,A,0.0,0.043887
12071.727,0.48774,190.047,1.8509,25,0.7076,17.69,1.93025,7.55284,4227.732,7843.996,7824.979,0.105192,0.693928,83.415,103.142,0.35022,0.64821,0.924468,A,-0.001,-0.027914
9682.796,0.50741,155.782,1.9319,27,0.7047,19.026,1.98869,8.61844,3555.49,6127.306,6868.758,0.067031,0.762942,81.617,101.938,0.3672,0.70938,0.951491,A,0.0,0.040374
12045.444,0.63692,177.377,3.2582,24,0.8601,20.642,1.95033,10.55068,3268.259,8777.186,10648.752,0.062047,0.850975,82.394,103.6,0.27133,0.88405,0.973568,A,-0.001,0.03267
10866.796,0.52687,166.553,1.8043,19,0.6868,13.05,1.96884,5.68808,3308.603,7558.193,5969.644,0.242496,0.651356,84.366,101.757,0.30447,0.54935,0.859866,A,0.0,-0.008544
9779.717,0.40672,194.481,1.9279,22,0.6774,14.903,1.92359,6.4195,4942.09,4837.626,9528.09,0.084537,0.735855,83.294,103.613,0.50534,0.97427,0.894964,A,0.001,0.025756
10413.807,0.54417,155.074,2.4599,24,0.6702,16.084,1.99004,7.86928,3698.191,6715.615,9097.149,0.098755,0.789457,82.006,102.076,0.35512,0.87357,0.935553,A,0.001,-0.022768
9248.927,0.38639,188.651,3.7094,16,0.8107,12.971,1.93239,6.73038,3741.163,5507.764,13877.385,0.088547,0.588697,83.147,102.386,0.4045,1.50043,0.907303,A,0.0,0.02
8376.116,0.54204,173.161,3.2716,22,0.8184,18.006,1.95738,9.26181,2975.672,5400.444,9735.303,0.056751,0.809433,82.167,103.125,0.35526,1.16227,0.962805,A,0.0,0.019967
8484.042,0.30257,173.966,1.1198,20,0.8951,17.902,1.95602,6.34479,4370.854,4113.187,4894.409,0.060845,0.55944,82.252,101.513,0.51519,0.5769,0.8964,A,0.001,-0.009359
9987.084,0.66484,159.634,2.1264,26,0.731,19.005,1.98141,8.83901,2576.866,7410.218,5479.453,0.116773,0.855434,82.432,102.751,0.25802,0.54865,0.954682,A,0.0,-0.047871
8489.036,0.30823,185.133,2.7473,21,0.6992,14.683,1.93785,7.12183,4564.917,3924.119,12540.982,0.04525,0.614157,82.452,102.396,0.53774,1.47732,0.921057,A,0.0,-0.012081
10740.196,0.49115,199.393,2.4551,26,0.8703,22.628,1.9164,10.45826,4228.896,6511.3,10382.298,0.032798,0.788835,82.775,104.173,0.39374,0.96668,0.973706,A,0.0,0.006599
10880.876,0.41293,156.041,3.7204,17,0.8802,14.964,1.98819,8.10512,5243.751,5637.126,19508.87,0.051549,0.749085,81.423,101.861,0.48192,1.79295,0.939838,A,-0.001,0.043477
10793.121,0.5185,190.307,3.8952,18,0.7936,14.284,1.92986,7.47258,3839.355,6953.766,14955.188,0.109142,0.744515,83.476,103.488,0.35572,1.38562,0.925122,A,0.0,0.015262
9344.583,0.48151,210.069,1.4497,21,0.8042,16.888,1.90147,6.42262,3708.102,5636.48,5375.613,0.125642,0.715634,84.345,104.132,0.39682,0.57527,0.896458,A,0.001,-0.039919
10177.528,0.69101,127.536,3.6043,22,0.8253,18.157,2.04927,10.19807,1948.033,8229.494,7021.323,0.102259,0.83038,80.8,100.74,0.19141,0.68988,0.971675,A,0.001,-0.037511
10056.338,0.69233,195.384,1.3923,20,0.6803,13.605,1.92225,5.17446,2121.842,7934.495,2954.186,0.537328,0.733781,89.301,103.639,0.211,0.29376,0.836243,A,0.001,-0.002306
12081.031,0.59195,174.815,1.9982,23,0.7312,16.817,1.9546,7.51134,3628.661,8452.371,7250.856,0.151077,0.781224,83.474,103.018,0.30036,0.60019,0.923343,A,-0.001,-0.036
8887.208,0.32417,159.916,3.3197,26,0.8381,21.79,1.98089,11.44651,4399.308,4487.9,14604.392,0.011521,0.630653,81.054,101.282,0.49502,1.6433,0.982407,A,0.0,-0.025809
9522.002,0.46335,143.945,1.3984,24,0.7203,17.288,2.0124,7.04907,3747.954,5774.047,5241.173,0.098421,0.700224,81.523,100.872,0.39361,0.55043,0.916392,A,0.001,0.01596
9749.598,0.69629,162.158,1.1943,27,0.8369,22.597,1.97676,8.38114,2445.34,7304.258,2920.357,0.146624,0.88031,82.927,103.046,0.25081,0.29954,0.947184,A,0.0,-0.009301
9886.716,0.68367,168.578,1.3584,23,0.7648,17.591,1.96528,6.8455,1886.618,8000.097,2562.764,0.325238,0.768202,85.537,102.629,0.19082,0.25921,0.909221,A,0.001,-0.039253
8977.494,0.48915,186.808,3.6935,21,0.7214,15.149,1.93524,7.87061,3853.608,5123.886,14233.203,0.070282,0.80418,82.842,103.725,0.42925,1.58543,0.938325,A,0.0,-0.024731
9159.126,0.68997,141.653,3.6168,20,0.7065,14.131,2.01725,7.76817,2444.473,6714.653,8841.165,0.166196,0.880655,82.314,101.931,0.26689,0.96528,0.935714,A,0.0,-0.032206
11627.676,0.60477,187.79,1.7083,26,0.8604,22.37,1.93372,9.305,3253.23,8374.446,5557.613,0.087314,0.805782,83.101,103.78,0.27978,0.47796,0.959606,A,0.0,0.039244
9146.102,0.4846,154.645,3.9526,27,0.848,22.895,1.99087,12.58167,3048.843,6097.259,12050.829,0.017329,0.718259,80.914,101.583,0.33335,1.31759,0.98808,A,0.0,-0.043523
11480.845,0.51034,195.203,1.2384,25,0.7678,19.195,1.92252,6.94132,3983.718,7497.127,4933.279,0.135306,0.709615,83.988,103.471,0.34699,0.4297,0.908003,A,-0.0,0.039713
13000.0,0.61247,168.343,3.4756,22,0.8442,18.573,1.96569,9.74755,3562.6,9437.4,12382.282,0.080358,0.813339,82.295,102.915,0.27405,0.95248,0.964044,A,0.0,0.021111
12023.873,0.41694,149.926,1.9354,27,0.8751,23.629,2.00015,10.79978,4975.476,7048.397,9629.609,0.024394,0.694035,80.807,101.167,0.4138,0.80087,0.97579,A,0.0,0.027635
7393.083,0.52285,169.174,3.466,21,0.6596,13.852,1.96424,7.25758,2801.253,4591.83,9709.189,0.100301,0.78062,82.591,102.74,0.3789,1.31328,0.927313,A,-0.0,0.030635
11267.007,0.62067,157.374,1.3626,23,0.7847,18.047,1.98566,7.13961,2894.452,8372.555,3943.903,0.206093,0.763996,83.518,102.03,0.2569,0.35004,0.914698,A,-0.0,-0.031591
10824.374,0.32411,191.536,1.2198,17,0.7508,12.763,1.928,4.60426,5986.259,4838.115,7301.812,0.119863,0.57682,83.66,102.435,0.55304,0.67457,0.795474,A,0.0,0.0354
10923.438,0.59229,164.563,2.4076,21,0.8763,18.403,1.97239,8.83169,3177.365,7746.073,7649.776,0.095116,0.79623,82.343,102.613,0.29088,0.70031,0.953288,A,0.0,-0.030861
7665.924,0.45874,157.735,3.5714,17,0.8059,13.7,1.98497,7.33804,3041.627,4624.297,10862.833,0.082431,0.70625,81.901,101.667,0.39677,1.41703,0.928704,A,0.0,0.031864
11245.329,0.40266,173.488,2.0307,22,0.7314,16.091,1.95683,7.23779,5054.616,6190.713,10264.202,0.073788,0.671182,82.405,102.228,0.44949,0.91275,0.917631,A,0.0,-0.020963
8471.319,0.63188,205.757,1.7947,18,0.7539,13.569,1.90739,5.627,2127.972,6343.347,3819.122,0.334895,0.731505,86.97,104.061,0.2512,0.45083,0.866866,A,0.0,0.01982
12046.836,0.46929,164.172,2.6143,18,0.6909,12.436,1.9731,6.11336,4964.745,7082.091,12979.235,0.142247,0.698548,82.949,101.949,0.41212,1.0774,0.87508,A,0.0,0.059081
11712.146,0.30684,161.402,2.2043,19,0.755,14.345,1.97814,6.73171,6344.596,5367.55,13985.493,0.05645,0.602817,81.707,101.175,0.54171,1.1941,0.900342,A,0.0,-0.047954
13000.0,0.69337,144.032,1.0376,17,0.7147,12.15,2.01222,4.32621,3019.881,9980.119,3133.44,0.715732,0.686609,89.675,100.787,0.2323,0.24103,0.760211,A,0.0,-0.054994
9521.147,0.64263,188.64,2.1906,17,0.8229,13.988,1.93241,6.32691,2752.693,6768.454,6029.99,0.239274,0.806666,85.136,103.824,0.28911,0.63333,0.892352,A,0.0,0.045117
7811.834,0.49563,148.69,3.2206,18,0.8725,15.705,2.00263,8.32244,2638.878,5172.956,8498.857,0.074468,0.710481,81.415,101.207,0.33781,1.08795,0.949245,A,-0.0,-0.019633
11671.426,0.52276,157.413,1.1596,25,0.7551,18.877,1.98558,6.95225,4270.635,7400.791,4952.046,0.13165,0.748455,82.537,101.929,0.36591,0.42429,0.907852,A,0.0,-0.03347
11408.69,0.65951,160.943,3.931,20,0.7947,15.894,1.97899,8.64911,2794.428,8614.263,10985.007,0.135971,0.829339,82.738,102.647,0.24494,0.96286,0.949501,A,-0.001,0.03971
9522.085,0.66257,175.341,2.2985,21,0.8333,17.5,1.95371,8.16693,1946.551,7575.533,4474.176,0.183242,0.785728,83.919,103.073,0.20442,0.46987,0.943463,A,0.001,0.049567
12137.351,0.33082,187.019,3.5116,18,0.6995,12.591,1.93491,6.46856,5840.829,6296.523,20510.453,0.076031,0.567166,82.925,102.171,0.48123,1.68986,0.889401,A,-0.001,0.020624
11129.07,0.66203,145.163,3.973,22,0.7358,16.187,2.00986,9.02715,2791.843,8337.228,11092.058,0.115812,0.844933,81.806,101.897,0.25086,0.99667,0.956115,A,-0.001,0.050225
8162.123,0.46307,154.169,3.3669,22,0.7236,15.919,1.99179,8.45677,3173.788,4988.335,10685.782,0.058315,0.720587,81.435,101.573,0.38884,1.30919,0.951032,A,0.0,0.025498
9566.648,0.57682,180.366,2.7649,20,0.7889,15.778,1.94545,7.7112,3002.515,6564.133,8301.541,0.122041,0.784837,83.295,103.303,0.31385,0.86776,0.933596,A,0.0,0.029515
9424.451,0.47821,181.165,2.4832,18,0.8268,14.882,1.94416,7.05331,3601.081,5823.37,8942.298,0.104173,0.709514,83.088,102.843,0.3821,0.94884,0.916764,A,-0.0,-0.03124
9928.805,0.57421,179.132,1.291,18,0.6631,11.936,1.94746,4.48291,3835.56,6093.245,4951.678,0.308881,0.741222,85.717,102.958,0.38631,0.49872,0.792195,A,0.0,0.040265
10381.265,0.4665,196.812,3.6236,17,0.8193,13.928,1.92015,7.12142,4637.917,5743.349,16806.115,0.087346,0.772679,83.409,103.957,0.44676,1.61889,0.916351,A,-0.001,-0.008538
9049.023,0.56489,206.658,2.687,16,0.8987,14.379,1.90614,6.75983,3274.374,5774.649,8798.237,0.142348,0.804482,84.457,104.579,0.36185,0.97229,0.908817,A,-0.0,0.000835
9796.272,0.56969,164.127,3.1768,27,0.825,22.274,1.97318,11.51411,2811.83,6984.441,8932.624,0.035064,0.784922,81.533,102.516,0.28703,0.91184,0.982333,A,0.001,0.00279
10977.016,0.56202,144.102,2.7844,25,0.6942,17.355,2.01207,8.92795,3821.015,7156.001,10639.372,0.073034,0.823118,81.195,101.692,0.34809,0.96924,0.954765,A,0.0,0.005292
9981.419,0.49556,147.609,1.095,22,0.7847,17.264,2.00483,6.27654,4306.015,5675.404,4715.197,0.127621,0.774728,82.07,101.571,0.4314,0.4724,0.888902,A,-0.0,-0.040331
9686.15,0.36186,159.323,1.4958,27,0.8667,23.402,1.98199,9.59476,4014.95,5671.201,6005.518,0.030093,0.596728,81.275,101.028,0.4145,0.62001,0.965529,A,-0.001,0.043918
9634.355,0.35414,179.666,1.3699,18,0.7834,14.102,1.94659,5.42944,4454.279,5180.076,6101.727,0.113276,0.561254,83.154,101.795,0.46233,0.63333,0.852117,A,0.0,0.009196
9940.771,0.37217,145.48,2.6293,26,0.759,19.734,2.0092,9.97501,4833.65,5107.121,12708.932,0.023275,0.702382,80.599,100.974,0.48624,1.27847,0.969591,A,0.0,0.003677
7217.318,0.50931,164.257,2.3366,17,0.847,14.399,1.97295,6.85216,2624.257,4593.061,6131.839,0.116666,0.733649,82.615,102.185,0.36361,0.8496,0.91671,A,0.0,-0.003946
10331.561,0.4801,173.502,3.8622,18,0.782,14.077,1.95681,7.50633,3839.17,6492.391,14827.62,0.094313,0.708229,82.676,102.473,0.3716,1.43518,0.927002,A,0.0,-0.00079
8547.706,0.33254,180.504,1.9064,25,0.8608,21.521,1.94523,9.39281,4113.85,4433.856,7842.764,0.024681,0.618176,82.015,102.21,0.48128,0.91753,0.964279,A,0.0,0.016855
10249.913,0.65757,202.76,1.9623,22,0.7017,15.438,1.9116,6.62635,2406.12,7843.793,4721.493,0.277565,0.774142,86.116,104.218,0.23475,0.46064,0.900913,A,0.0,-0.029007
7882.109,0.50409,208.364,1.5258,20,0.8161,16.322,1.90379,6.34843,2623.294,5258.815,4002.562,0.153749,0.67885,84.662,103.82,0.33282,0.5078,0.89849,A,0.0,0.016934
11474.09,0.48342,121.558,2.7522,23,0.7061,16.241,2.06408,8.63288,5037.635,6436.454,13864.652,0.056026,0.817932,79.885,100.267,0.43904,1.20834,0.949117,A,0.001,-0.015644
10446.125,0.31296,153.81,1.3808,20,0.6823,13.646,1.99249,5.45608,5070.686,5375.44,7001.368,0.096786,0.51688,81.928,100.209,0.48541,0.67024,0.849882,A,-0.001,-0.009562
8063.591,0.66915,190.91,1.4289,17,0.7272,12.363,1.92894,4.77794,1833.636,6229.955,2619.993,0.520575,0.712876,88.928,103.305,0.2274,0.32492,0.823093,A,0.0,0.021456
10446.584,0.33777,198.301,1.4482,25,0.8274,20.685,1.91798,7.96904,5264.232,5182.352,7623.757,0.041756,0.63846,82.857,103.134,0.50392,0.72978,0.937704,A,0.0,0.004948
8951.123,0.35174,170.168,1.9985,21,0.7061,14.828,1.96251,6.66338,4321.915,4629.208,8637.447,0.068499,0.61618,82.209,101.704,0.48283,0.96496,0.905971,A,0.0,-0.004237
12793.198,0.56659,175.561,3.5513,23,0.8091,18.61,1.95335,9.72271,3963.083,8830.115,14074.079,0.06596,0.791279,82.379,103.12,0.30978,1.10012,0.963937,A,0.0,0.008533
10827.86,0.41361,175.766,3.8306,27,0.8834,23.851,1.95301,12.66017,4734.301,6093.559,18135.146,0.011538,0.72599,81.668,102.699,0.43723,1.67486,0.987803,A,0.0,0.023911
8896.344,0.52932,162.899,2.4461,18,0.6548,11.786,1.9754,5.69513,3155.918,5740.426,7719.624,0.196566,0.712266,83.616,101.974,0.35474,0.86773,0.868265,A,-0.0,-0.043637
10429.734,0.55708,189.468,1.702,17,0.8642,14.691,1.93114,6.09,3755.83,6673.904,6392.571,0.185931,0.765955,84.461,103.592,0.36011,0.61292,0.879811,A,0.0,-0.039149
10043.921,0.41911,145.9,3.3353,17,0.7146,12.148,2.00833,6.5169,4385.296,5658.625,14626.493,0.098224,0.667788,81.607,100.769,0.43661,1.45625,0.897675,A,0.0,0.004545
11890.94,0.4177,150.195,1.2312,17,0.8499,14.448,1.99961,5.52469,5201.635,6689.305,6404.374,0.145926,0.629031,82.423,100.753,0.43745,0.53859,0.847176,A,0.0,0.011636
10630.24,0.61756,195.572,2.1802,19,0.777,14.763,1.92197,6.61256,3522.394,7107.847,7679.567,0.187667,0.830595,84.692,104.286,0.33136,0.72243,0.899306,A,-0.001,0.031721
10866.401,0.4072,172.834,3.2281,19,0.8675,16.483,1.95794,8.45551,4996.652,5869.749,16129.652,0.047108,0.71373,82.028,102.477,0.45983,1.48436,0.946804,A,0.0,0.000251
8418.782,0.68485,147.652,1.3245,23,0.7781,17.895,2.00474,7.09216,2109.675,6309.108,2794.366,0.217516,0.841116,83.258,102.011,0.25059,0.33192,0.920409,A,-0.001,0.023101
11286.374,0.58476,133.487,1.2303,27,0.7487,20.215,2.0353,7.92436,3275.825,8010.549,4030.143,0.130655,0.770456,81.466,100.717,0.29025,0.35708,0.935149,A,0.0,0.041605
13000.0,0.55588,206.597,3.0489,16,0.8036,12.858,1.90623,6.24632,4711.585,8288.415,14365.21,0.187813,0.765111,85.056,104.317,0.36243,1.10502,0.877548,A,0.0,-0.014403
11055.089,0.64214,181.378,1.6615,18,0.6779,12.202,1.94382,5.06282,3012.008,8043.081,5004.565,0.413341,0.727826,87.177,102.974,0.27245,0.45269,0.824624,A,0.0,-0.03502
10040.556,0.60868,146.591,3.0869,25,0.863,21.575,2.00691,11.35196,3137.085,6903.471,9683.992,0.036696,0.868608,80.825,102.133,0.31244,0.96449,0.981164,A,0.0,-0.042983
10346.088,0.34841,153.177,2.0718,19,0.8724,16.576,1.99372,7.71397,4860.579,5485.509,10070.247,0.050364,0.612501,81.288,100.806,0.4698,0.97334,0.932089,A,0.0,0.002571
8670.977,0.53344,165.111,3.0065,22,0.8289,18.236,1.97141,9.28801,3379.582,5291.395,10160.628,0.050911,0.841622,81.781,102.94,0.38976,1.1718,0.962802,A,0.0,0.033629
10380.029,0.46925,187.859,3.3181,23,0.886,20.379,1.93361,10.32549,4131.522,6248.507,13708.705,0.03213,0.758268,82.375,103.469,0.39803,1.32068,0.972747,A,0.0,0.039901
8453.482,0.53306,182.115,2.0786,26,0.8877,23.08,1.94264,10.34793,3032.795,5420.687,6303.989,0.037881,0.810104,82.247,103.551,0.35876,0.74573,0.974505,A,0.0,0.007586
10167.667,0.54999,136.8,2.351,19,0.8085,15.362,2.02783,7.61952,2979.602,7188.064,7004.962,0.131041,0.723655,81.627,100.609,0.29305,0.68894,0.930179,A,0.001,-0.013306
9519.531,0.50187,201.341,2.973,21,0.7835,16.454,1.91361,7.99059,3428.404,6091.127,10192.494,0.083794,0.737181,83.512,103.915,0.36014,1.07069,0.939869,A,0.0,0.024245
8855.702,0.33933,187.133,2.9304,24,0.8573,20.576,1.93473,10.12441,4661.527,4194.175,13660.18,0.017997,0.696464,82.163,103.029,0.52639,1.54253,0.972082,A,-0.0,0.019961
10973.004,0.56743,163.879,2.6771,20,0.7762,15.524,1.97363,7.68394,3673.423,7299.58,9834.014,0.118489,0.793351,82.624,102.559,0.33477,0.8962,0.930094,A,0.001,0.022349
7867.984,0.54472,138.462,2.3774,17,0.7426,12.624,2.02416,6.26627,2852.22,5015.765,6780.745,0.156913,0.765252,82.046,100.982,0.36251,0.86181,0.895575,A,-0.001,-0.02635
10042.325,0.41163,164.81,2.1572,26,0.763,19.839,1.97195,9.20447,4554.882,5487.442,9825.936,0.03625,0.723223,81.575,102.144,0.45357,0.97845,0.960057,A,0.001,-0.036498
8115.254,0.33176,184.333,1.593,24,0.8754,21.01,1.93911,8.54764,4136.968,3978.286,6590.075,0.030825,0.644696,82.233,102.561,0.50978,0.81206,0.952635,A,0.0,0.009557
12848.916,0.66819,150.341,3.705,22,0.699,15.378,1.99932,8.38983,3721.636,9127.28,13788.645,0.132853,0.886476,82.257,102.46,0.28965,1.07314,0.942411,A,-0.0,-0.027991
13000.0,0.57749,186.126,2.9723,21,0.8056,16.918,1.9363,8.36482,4214.705,8785.295,12527.37,0.103914,0.804692,83.262,103.698,0.32421,0.96364,0.941662,A,0.0,-0.05346
11373.738,0.51106,179.929,2.0185,18,0.6718,12.092,1.94616,5.38418,3608.646,7765.092,7284.065,0.254775,0.630161,85.031,102.262,0.31728,0.64043,0.841829,A,0.0,0.011618
12950.11,0.50559,160.358,3.6209,23,0.884,20.333,1.98007,10.88401,4858.221,8091.89,17590.904,0.03251,0.78962,81.349,102.354,0.37515,1.35836,0.975877,A,-0.001,-0.012832
10993.727,0.36321,179.852,2.2263,16,0.8882,14.211,1.94628,6.53028,5278.478,5715.249,11751.37,0.079238,0.625486,82.712,102.228,0.48014,1.06892,0.895254,A,0.0,-0.032692
10917.318,0.37508,195.188,3.5395,19,0.8599,16.338,1.92254,8.32675,4943.769,5973.549,17498.642,0.046161,0.647292,82.811,103.059,0.45284,1.60283,0.944269,A,0.0,0.027835
9465.217,0.6189,175.575,1.5252,17,0.8284,14.083,1.95332,5.69496,2833.615,6631.602,4321.933,0.277164,0.764926,85.167,102.947,0.29937,0.45661,0.865932,A,0.0,-0.038058
8759.64,0.3167,153.751,3.0203,18,0.6782,12.208,1.9926,6.32302,4988.13,3771.51,15065.779,0.058561,0.658113,81.421,101.138,0.56944,1.71991,0.894704,A,0.0,-0.011654
10294.333,0.44739,164.994,1.0503,20,0.6784,13.568,1.97162,4.71841,4221.57,6072.763,4434.057,0.211066,0.611678,83.89,101.417,0.41009,0.43073,0.806534,A,0.0,-0.023779
9299.023,0.68255,157.376,3.4985,27,0.8724,23.556,1.98565,12.56604,2065.55,7233.473,7226.351,0.037002,0.866889,81.286,102.709,0.22213,0.77711,0.987958,A,-0.0,0.000492
9445.072,0.37973,166.981,3.5879,17,0.7046,11.979,1.96808,6.34264,4003.195,5441.877,14362.899,0.095692,0.588668,82.445,101.365,0.42384,1.52068,0.893191,A,0.0,0.044605
11195.321,0.36311,198.449,3.9702,16,0.7025,11.24,1.91777,5.8465,4977.128,6218.194,19759.994,0.109323,0.566244,83.754,102.664,0.44457,1.76502,0.866151,A,-0.001,0.003401
9909.893,0.38688,150.973,3.9611,20,0.8248,16.497,1.99806,9.11692,4317.434,5592.459,17101.871,0.036429,0.657432,81.011,100.983,0.43567,1.72574,0.958977,A,0.0,-0.001905
7759.572,0.38404,214.68,1.7393,21,0.7151,15.018,1.89529,6.09655,3460.923,4298.649,6019.528,0.095084,0.616679,84.085,103.663,0.44602,0.77576,0.88957,A,0.0,0.021062
9775.279,0.55943,145.485,1.9248,20,0.7995,15.989,2.00919,7.34192,3078.786,6696.494,5926.142,0.135072,0.754537,82.075,101.318,0.31496,0.60624,0.923955,A,-0.001,-0.025945
8954.249,0.39798,230.0,1.1608,26,0.6833,17.765,1.87579,6.00319,3966.286,4987.963,4603.961,0.106454,0.629799,84.694,104.337,0.44295,0.51416,0.881518,A,0.0,-0.029102
9656.828,0.48944,196.624,2.6431,26,0.8001,20.803,1.92043,9.849,3844.126,5812.702,10160.58,0.03874,0.787498,82.762,104.046,0.39807,1.05217,0.968492,A,-0.0,0.025255
8451.599,0.65158,170.284,3.8426,27,0.7803,21.068,1.96231,11.26971,1802.73,6648.87,6927.199,0.056401,0.812952,82.054,103.008,0.2133,0.81963,0.981537,A,-0.001,0.004937
11898.177,0.34724,155.753,3.4299,18,0.7038,12.669,1.98874,6.74387,6065.897,5832.28,20805.346,0.067949,0.637725,81.628,101.11,0.50982,1.74862,0.900238,A,0.0,-0.039417
12951.978,0.3748,178.868,3.7717,23,0.7333,16.865,1.94789,8.88814,5890.509,7061.469,22217.224,0.039977,0.654099,82.157,102.371,0.4548,1.71535,0.95149,A,0.0,0.016665
8429.911,0.37487,123.859,1.2511,26,0.7758,20.172,2.05828,8.09271,3922.04,4507.872,4906.797,0.045198,0.661703,79.861,99.389,0.46525,0.58207,0.943904,A,-0.001,-0.020053
11069.982,0.51718,149.173,1.9173,23,0.7345,16.894,2.00166,7.70531,3366.503,7703.479,6454.484,0.118332,0.691482,82.015,101.108,0.30411,0.58306,0.930419,A,0.0,-0.008808
10993.791,0.48837,205.359,3.4402,20,0.7825,15.651,1.90795,7.83372,4831.237,6162.554,16620.32,0.073765,0.81341,83.51,104.585,0.43945,1.51179,0.933624,A,-0.0,-0.021536
8484.852,0.38346,166.877,3.3375,23,0.7617,17.52,1.96827,9.12839,3734.946,4749.906,12465.545,0.034067,0.658189,81.628,101.818,0.44019,1.46915,0.960893,A,0.0,0.027062
10247.952,0.54112,171.92,2.2859,20,0.8427,16.853,1.9595,7.88666,3778.759,6469.193,8637.703,0.093541,0.802556,82.606,103.019,0.36873,0.84287,0.936258,A,-0.0,0.013233
12212.685,0.53528,121.327,1.3876,19,0.8939,16.985,2.06467,7.15616,4184.993,8027.692,5807.254,0.136097,0.743379,80.93,99.76,0.34268,0.47551,0.912873,A,-0.0,0.023383
11365.865,0.36014,160.49,1.1566,18,0.7971,14.349,1.97982,5.25594,5576.806,5789.058,6450.223,0.121397,0.590124,82.527,101.045,0.49066,0.56751,0.834605,A,0.001,0.03304
12523.502,0.48678,136.893,3.6825,25,0.8068,20.17,2.02762,11.21287,4760.561,7762.941,17530.986,0.027208,0.768606,80.261,100.911,0.38013,1.39985,0.978753,A,0.0,0.02193
8338.036,0.52814,154.086,2.843,17,0.7098,12.067,1.99195,6.15189,3180.73,5157.306,9042.914,0.152744,0.759655,82.678,101.826,0.38147,1.08454,0.889673,A,0.0,0.03962
8972.638,0.53684,154.099,3.9277,26,0.8413,21.873,1.99193,12.01423,3530.909,5441.729,13868.394,0.019728,0.872375,80.923,102.571,0.39352,1.54563,0.985539,A,0.0,-0.015125
10528.312,0.40839,149.25,1.7344,19,0.7813,14.844,2.00151,6.53336,4689.386,5838.926,8133.367,0.094637,0.660379,81.705,100.907,0.44541,0.77252,0.896786,A,-0.0,-0.036198
10621.525,0.42394,201.406,2.3929,27,0.7467,20.162,1.91352,9.2275,4849.099,5772.426,11603.293,0.037432,0.748619,82.903,103.993,0.45654,1.09243,0.95969,A,-0.0,0.030055
10125.192,0.35994,152.804,2.1296,19,0.8744,16.614,1.99445,7.80496,4231.698,5893.494,9011.797,0.056283,0.577982,81.351,100.558,0.41794,0.89004,0.934649,A,0.0,-0.044499
9506.77,0.43887,173.057,1.7999,20,0.7503,15.005,1.95756,6.47935,4114.282,5392.488,7405.462,0.103448,0.694787,82.78,102.363,0.43277,0.77897,0.897989,A,0.0,-0.008654
9469.975,0.33316,188.616,1.1073,17,0.7022,11.938,1.93244,4.13247,4450.426,5019.549,4927.838,0.164245,0.482925,84.145,101.686,0.46995,0.52036,0.768319,A,0.0,-0.009048
9172.757,0.42392,196.923,1.2909,21,0.8689,18.248,1.91999,6.70735,3452.339,5720.418,4456.58,0.105008,0.616394,83.646,102.93,0.37637,0.48585,0.906771,A,0.0,-0.039399
10759.434,0.3671,179.122,3.2252,16,0.7863,12.581,1.94747,6.40091,4884.205,5875.228,15752.48,0.088025,0.599103,82.801,102.019,0.45395,1.46406,0.891151,A,0.001,-0.010644
7000.0,0.59188,138.963,1.463,24,0.8259,19.823,2.02306,8.29646,2002.865,4997.135,2930.212,0.103189,0.787743,81.36,101.16,0.28612,0.4186,0.950117,A,0.0,0.028247
12480.005,0.39319,193.659,3.2256,21,0.6932,14.557,1.92481,7.27663,5636.487,6843.518,18180.806,0.073266,0.656688,83.117,103.055,0.45164,1.45679,0.915842,A,-0.0,-0.005839
9287.427,0.33783,172.466,1.2219,18,0.7076,12.736,1.95857,4.70821,4037.611,5249.816,4933.735,0.146362,0.485095,83.324,100.95,0.43474,0.53123,0.811656,A,0.0,-0.04085
7932.111,0.46597,191.073,3.168,27,0.7958,21.487,1.9287,10.72744,3419.817,4512.293,10834.109,0.023732,0.801139,82.375,103.895,0.43114,1.36585,0.978043,A,0.001,-0.007236
10893.12,0.41928,182.049,2.4479,26,0.8908,23.16,1.94274,10.91973,4802.752,6090.368,11756.46,0.021371,0.733066,82.027,103.039,0.4409,1.07926,0.977528,A,0.0,-0.013968
7967.167,0.32759,180.201,1.6954,24,0.8539,20.493,1.94572,8.57993,4007.346,3959.821,6793.868,0.030358,0.628385,82.079,102.263,0.50298,0.85273,0.953388,A,0.0,0.017109
10652.847,0.59181,170.559,1.4591,24,0.8655,20.772,1.96183,8.30573,3058.213,7594.634,4462.318,0.114843,0.783872,82.836,102.83,0.28708,0.41889,0.944291,A,0.0,0.026085
9469.583,0.68793,166.933,1.3871,16,0.7532,12.051,1.96817,4.74157,2616.181,6853.402,3628.789,0.466128,0.772593,87.333,102.576,0.27627,0.3832,0.812802,A,0.0,0.044605
10956.765,0.47119,138.131,3.3619,16,0.6923,11.077,2.02488,6.02321,3671.378,7285.387,12342.656,0.175708,0.620093,82.279,100.005,0.33508,1.12649,0.875048,A,0.0,0.010134
11253.229,0.3717,143.827,1.3163,25,0.7535,18.839,2.01265,7.48794,4690.85,6562.379,6174.38,0.067306,0.589276,81.107,100.133,0.41684,0.54868,0.924519,A,0.0,0.050422
12009.71,0.4299,173.056,2.0889,22,0.7654,16.84,1.95756,7.64943,5119.874,6889.836,10694.96,0.073507,0.694741,82.385,102.363,0.42631,0.89053,0.927107,A,0.0,-0.023802
9323.052,0.6626,172.942,3.7648,26,0.8381,21.792,1.95776,11.56714,2348.866,6974.186,8843.094,0.044957,0.870621,82.003,103.518,0.25194,0.94852,0.982906,A,0.0,-0.016503
9627.892,0.66109,175.007,1.4207,18,0.7983,14.37,1.95427,5.65088,2565.935,7061.957,3645.53,0.339409,0.777977,85.968,103.006,0.26651,0.37864,0.863172,A,0.0,-0.038431
10044.795,0.62252,178.31,2.918,20,0.675,13.5,1.9488,6.70845,2811.388,7233.407,8203.628,0.212839,0.781751,84.419,103.187,0.27989,0.8167,0.904308,A,0.0,-0.010383
7939.839,0.40658,167.582,1.9507,19,0.7566,14.375,1.96702,6.4293,3634.187,4305.651,7089.304,0.087815,0.675635,82.364,101.968,0.45772,0.89288,0.90114,A,0.001,-0.004904
10950.44,0.56089,155.49,1.5928,25,0.7011,17.527,1.98924,7.4051,3639.162,7311.279,5796.56,0.129994,0.775371,82.436,102.005,0.33233,0.52934,0.922978,A,-0.001,-0.030643
10253.062,0.50713,148.943,3.9689,17,0.6967,11.844,2.00212,6.56722,4186.166,6066.896,16614.42,0.125661,0.770341,82.102,101.616,0.40828,1.62043,0.898831,A,0.0,0.018795
8048.016,0.38897,172.041,3.6932,16,0.726,11.616,1.95929,6.14813,3324.135,4723.881,12276.689,0.103082,0.590145,82.737,101.623,0.41304,1.52543,0.890539,A,-0.0,0.003547
11873.742,0.60475,158.426,1.5757,16,0.8474,13.559,1.98367,5.68143,3625.323,8248.419,5712.392,0.286399,0.744667,84.622,101.957,0.30532,0.48109,0.855404,A,0.0,0.031161
12106.25,0.56907,151.699,3.7382,18,0.8592,15.465,1.99662,8.43664,3386.147,8720.103,12657.961,0.112898,0.746214,82.051,101.608,0.2797,1.04557,0.94451,A,0.0,-0.048477
8081.086,0.68643,162.516,1.941,21,0.8615,18.092,1.9761,8.13279,2350.181,5730.906,4561.765,0.129124,0.914977,82.711,103.293,0.29082,0.5645,0.945293,A,-0.001,-0.012088
10914.295,0.31456,173.572,3.5851,26,0.6732,17.503,1.95669,9.18663,6268.379,4645.916,22472.945,0.022589,0.708483,81.732,102.478,0.57433,2.05904,0.958756,A,0.0,0.051717
11931.503,0.6966,148.362,2.0673,20,0.7774,15.547,2.0033,7.28038,2751.405,9180.098,5687.855,0.250004,0.830449,83.718,101.981,0.2306,0.47671,0.917239,A,0.0,0.01953
11314.738,0.57964,182.168,1.3936,21,0.7755,16.285,1.94255,6.29555,3779.199,7535.538,5266.613,0.199187,0.770442,84.378,103.292,0.33401,0.46546,0.885222,A,0.001,0.012455
8582.512,0.37594,207.899,3.7893,27,0.6655,17.969,1.90443,9.15847,4297.525,4284.987,16284.572,0.029142,0.72375,83.003,104.097,0.50073,1.89741,0.961184,A,0.0,0.011746
7957.162,0.62426,165.903,1.905,19,0.8514,16.176,1.97,7.19248,2565.94,5391.222,4888.17,0.1466,0.851606,83.075,103.046,0.32247,0.61431,0.924272,A,0.0,-0.025856
9878.995,0.6346,191.009,3.6419,27,0.751,20.276,1.92879,10.44982,3129.656,6749.338,11397.828,0.051491,0.904986,82.739,104.578,0.3168,1.15374,0.974295,A,0.001,0.004711
9307.156,0.4543,182.158,3.9693,25,0.7979,19.947,1.94257,10.57991,3588.308,5718.848,14243.068,0.028442,0.721501,82.124,102.968,0.38554,1.53034,0.975862,A,0.0,0.027764
10038.559,0.62458,155.491,3.3271,18,0.6564,11.815,1.98924,6.24787,2720.623,7317.936,9051.843,0.25906,0.760476,84.14,101.907,0.27102,0.90171,0.88759,A,0.0,-0.036112
9895.332,0.51065,212.611,2.1959,26,0.6678,17.362,1.89804,7.64444,3384.381,6510.951,7431.785,0.102501,0.722799,84.119,104.281,0.34202,0.75104,0.931348,A,0.0,0.039977
10840.009,0.64434,169.363,1.3048,27,0.7892,21.307,1.96391,8.14128,2720.267,8119.742,3549.274,0.15235,0.809166,83.285,102.938,0.25095,0.32742,0.940665,A,0.0,-0.000434
9207.147,0.66386,170.832,2.3373,23,0.8538,19.638,1.96136,9.26488,1909.991,7297.157,4464.253,0.122019,0.805689,82.941,102.987,0.20745,0.48487,0.961871,A,-0.001,-0.037711
9804.491,0.36424,170.891,3.4366,19,0.7498,14.246,1.96126,7.43302,4498.177,5306.314,15458.564,0.05853,0.623393,82.105,101.787,0.45879,1.57668,0.926277,A,0.0,-0.009501
13000.0,0.47523,174.764,2.2895,17,0.8588,14.6,1.95468,6.81077,5520.71,7479.29,12639.618,0.112465,0.742994,82.963,102.763,0.42467,0.97228,0.899499,A,0.0,0.035756
9850.853,0.67731,179.587,2.7722,19,0.662,12.579,1.94671,6.15789,2074.252,7776.601,5750.284,0.371048,0.758994,86.554,103.096,0.21057,0.58373,0.884646,A,0.0,0.04069
11149.41,0.41791,180.718,2.2286,16,0.8853,14.165,1.94488,6.50426,5424.703,5724.707,12089.34,0.091204,0.727494,82.901,102.941,0.48655,1.0843,0.893817,A,0.0,0.005326
10476.34,0.36067,169.652,1.0341,27,0.7884,21.285,1.9634,7.3007,5110.575,5365.765,5284.662,0.058249,0.648717,82.054,101.893,0.48782,0.50444,0.921217,A,0.0,-0.047309
10369.732,0.64857,163.358,2.0332,25,0.8601,21.503,1.97457,9.80659,2778.979,7590.753,5650.132,0.079068,0.857072,82.083,102.954,0.26799,0.54487,0.967329,A,0.0,-0.053084
8673.797,0.30154,197.708,3.0594,22,0.729,16.038,1.91885,7.87748,4256.857,4416.94,13023.389,0.037448,0.556063,82.781,102.565,0.49077,1.50146,0.939051,A,0.0,-0.010941
10831.432,0.65807,172.319,1.2158,21,0.6893,14.475,1.95882,5.33994,3071.457,7759.975,3734.323,0.366964,0.773287,86.23,102.845,0.28357,0.34477,0.841871,A,0.0,0.038522
9962.662,0.37107,145.428,1.6878,24,0.7425,17.821,2.00931,7.80883,4367.1,5595.562,7370.853,0.054977,0.617766,81.015,100.412,0.43835,0.73985,0.935055,A,0.0,0.006977
11265.508,0.46478,167.916,3.3108,23,0.8135,18.71,1.96644,9.71706,4184.675,7080.833,13854.737,0.043301,0.713869,81.79,102.237,0.37146,1.22984,0.965393,A,0.0,-0.004977
13000.0,0.64551,180.267,2.703,25,0.7179,17.948,1.94561,8.72007,3999.818,9000.182,10811.636,0.108083,0.884358,83.107,103.956,0.30768,0.83166,0.948483,A,0.0,-0.065282
10314.798,0.30303,178.057,3.7443,16,0.6818,10.909,1.94922,5.74604,5737.405,4577.394,21482.325,0.073603,0.590597,82.572,101.913,0.55623,2.08267,0.864897,A,-0.001,0.007854
11179.455,0.61508,161.627,1.5819,23,0.821,18.883,1.97773,7.88982,3412.016,7767.439,5397.301,0.131875,0.827332,82.711,102.669,0.3052,0.48279,0.934563,A,0.0,0.048729
8501.538,0.33807,166.428,1.9959,23,0.682,15.687,1.96906,7.08094,4594.712,3906.826,9170.565,0.050113,0.676738,81.822,101.918,0.54046,1.07869,0.919888,A,0.0,-0.037464
10211.628,0.55619,147.283,3.4679,23,0.878,20.194,2.00549,10.90748,3452.519,6759.109,11972.91,0.036388,0.821699,80.851,101.863,0.3381,1.17248,0.97788,A,0.0,0.02201
12363.074,0.45042,175.519,2.8776,25,0.6636,16.589,1.95342,8.2431,4984.178,7378.896,14342.305,0.066822,0.70952,82.388,102.578,0.40315,1.16009,0.940191,A,0.0,0.048759
9945.583,0.47151,182.762,3.0923,25,0.8526,21.315,1.9416,10.68686,3889.233,6056.349,12026.647,0.028583,0.75595,82.148,103.223,0.39105,1.20925,0.976294,A,0.001,-0.021133
9079.576,0.64609,208.244,1.3362,21,0.829,17.409,1.90396,6.41152,2078.749,7000.827,2777.547,0.290954,0.751537,86.469,104.295,0.22895,0.30591,0.896898,A,-0.0,0.0224
10344.406,0.55025,154.652,3.7864,19,0.7155,13.594,1.99086,7.40478,3974.9,6369.506,15050.381,0.108357,0.82602,82.116,102.294,0.38426,1.45493,0.924332,A,0.0,-0.038184
9757.473,0.37607,175.427,2.4494,23,0.7634,17.558,1.95357,8.34926,4762.852,4994.621,11666.337,0.041158,0.695436,82.046,102.481,0.48812,1.19563,0.946579,A,0.0,0.024159
9673.353,0.36833,171.661,3.3051,27,0.8231,22.225,1.95994,11.48143,4053.325,5620.027,13396.597,0.01565,0.622697,81.568,101.82,0.41902,1.3849,0.982196,A,0.001,-0.022379
9475.02,0.45848,127.588,2.8126,23,0.7964,18.318,2.04914,9.69492,3556.917,5918.104,10004.184,0.04039,0.709766,79.986,99.947,0.3754,1.05585,0.966929,A,-0.001,-0.025712
13000.0,0.47133,196.59,3.9397,27,0.8023,21.663,1.92048,11.27494,5496.931,7503.069,21656.373,0.023483,0.799427,82.559,104.124,0.42284,1.66587,0.978933,A,0.0,0.049628
8727.073,0.42673,192.742,2.0198,24,0.7086,17.007,1.92618,7.45678,3930.818,4796.255,7939.64,0.067015,0.721537,83.004,103.443,0.45042,0.90977,0.929265,A,0.0,0.004649
9414.038,0.49684,179.871,1.2049,22,0.7613,16.749,1.94625,6.09481,3809.383,5604.655,4589.888,0.142891,0.737408,83.552,102.967,0.40465,0.48756,0.883623,A,0.0,0.026659
9177.639,0.4249,177.583,2.4772,17,0.7089,12.051,1.94999,5.73337,4214.97,4962.67,10441.337,0.121307,0.682755,83.184,102.499,0.45927,1.13769,0.868882,A,-0.001,-0.014311
11893.167,0.33965,166.353,2.6903,20,0.8548,17.096,1.9692,8.44562,5507.992,6385.176,14817.91,0.040324,0.597857,81.69,101.394,0.46312,1.24592,0.945017,A,-0.001,-0.012266
9614.539,0.61067,177.211,2.7188,18,0.8906,16.03,1.95061,7.83021,2575.523,7039.016,7002.23,0.145413,0.780904,83.488,103.13,0.26788,0.7283,0.936213,A,0.0,0.000255
11989.189,0.55203,174.571,1.1005,23,0.6508,14.969,1.95501,5.25752,4597.629,7391.56,5059.627,0.24223,0.744722,84.669,102.765,0.38348,0.42202,0.831727,A,0.0,0.050985
10282.33,0.65355,175.474,1.2473,17,0.8455,14.373,1.95349,5.34185,2610.57,7671.76,3256.266,0.40024,0.739747,86.788,102.776,0.25389,0.31669,0.844516,A,0.0,0.00079
9997.382,0.54916,151.768,1.1047,27,0.806,21.763,1.99649,7.89741,2821.898,7175.484,3117.233,0.122625,0.716901,82.182,101.419,0.28226,0.3118,0.936972,A,-0.0,0.015402
7841.181,0.33928,130.999,2.4383,21,0.8515,17.882,2.04105,9.04758,3984.938,3856.243,9716.3,0.026314,0.662698,79.968,99.852,0.50821,1.23914,0.960585,A,-0.0,-0.028292
11849.247,0.42331,135.399,2.5418,16,0.7801,12.482,2.03096,6.34677,4970.348,6878.9,12633.622,0.115527,0.645702,81.357,100.01,0.41947,1.0662,0.885522,A,-0.001,-0.024134
10843.501,0.34882,188.915,3.0367,25,0.8386,20.965,1.93199,10.38624,5275.596,5567.906,16020.365,0.019391,0.660948,82.243,102.874,0.48652,1.47742,0.972953,A,-0.001,0.034602
10639.507,0.59395,207.542,1.8082,27,0.8818,23.81,1.90492,9.87988,3015.975,7623.532,5453.448,0.067255,0.802313,83.494,104.601,0.28347,0.51257,0.967902,A,0.0,0.036955
9855.735,0.33058,192.522,3.6318,27,0.7493,20.23,1.92651,10.4013,4787.739,5067.997,17388.014,0.01778,0.626082,82.346,102.803,0.48578,1.76425,0.973873,A,-0.001,0.001179
9406.797,0.46023,169.695,2.8203,20,0.7947,15.893,1.96333,7.91551,3582.305,5824.492,10103.058,0.074349,0.697562,82.268,102.218,0.38082,1.07402,0.93848,A,0.0,0.0051
8129.668,0.33728,145.203,1.2208,18,0.7875,14.174,2.00977,5.4388,4089.793,4039.875,4992.705,0.094313,0.583253,81.524,100.172,0.50307,0.61413,0.859328,A,0.0,-0.015438
11450.395,0.59112,173.072,3.9822,23,0.7357,16.921,1.95754,9.08454,3601.892,7848.503,14343.61,0.08158,0.82496,82.492,103.223,0.31456,1.25267,0.956587,A,0.0,0.014108
10435.18,0.38539,155.665,3.5699,25,0.7719,19.296,1.98891,10.36454,5564.102,4871.078,19863.083,0.019463,0.803387,80.984,102.199,0.53321,1.90347,0.973073,A,0.0,-0.040838
9493.087,0.51033,176.391,2.9092,16,0.882,14.111,1.95197,7.02381,4001.03,5492.057,11639.83,0.102044,0.807769,82.886,103.268,0.42147,1.22614,0.915724,A,0.0,0.012593
9086.233,0.40502,171.929,1.4451,19,0.7959,15.122,1.95948,6.01212,4118.737,4967.496,5952.166,0.105966,0.652981,82.771,102.032,0.45329,0.65508,0.881404,A,0.0,-0.020501
10205.85,0.43782,144.846,3.2795,20,0.7167,14.335,2.01052,7.67187,4210.973,5994.878,13809.955,0.072827,0.694205,81.225,100.884,0.4126,1.35314,0.931368,A,-0.001,-0.021566
9895.508,0.5076,185.425,1.1751,20,0.6665,13.33,1.9374,4.76264,4053.906,5841.602,4763.892,0.233232,0.698007,84.944,102.962,0.40967,0.48142,0.811765,A,0.0,-0.019831
12496.165,0.50832,182.433,2.7993,25,0.6934,17.335,1.94213,8.47822,4713.399,7782.766,13194.146,0.074511,0.771037,82.742,103.308,0.37719,1.05586,0.94471,A,0.0,0.049972
11192.774,0.31459,188.896,1.1348,25,0.6839,17.097,1.93201,5.98511,6175.545,5017.229,7008.09,0.072698,0.61233,82.946,102.553,0.55174,0.62613,0.872499,A,-0.0,-0.014831
9137.909,0.50789,172.066,1.9384,18,0.7532,13.558,1.95925,6.01524,3793.86,5344.049,7354.144,0.14515,0.7654,83.293,102.781,0.41518,0.8048,0.881345,A,0.0,0.038718
8373.708,0.42739,160.649,2.8849,19,0.6659,12.651,1.97953,6.41526,3754.894,4618.814,10832.427,0.096002,0.696793,82.198,101.757,0.44841,1.29362,0.899275,A,0.0,0.004465
9678.314,0.38924,193.12,1.2304,27,0.7028,18.975,1.92561,6.85889,4407.434,5270.88,5422.816,0.076745,0.650549,83.145,102.991,0.45539,0.56031,0.910213,A,0.0,-0.027294
8664.932,0.31574,171.152,3.1646,16,0.8285,13.255,1.96081,6.78243,4451.322,4213.61,14086.594,0.054941,0.591243,82.068,101.587,0.51372,1.6257,0.910608,A,0.0,0.03813
10146.613,0.53513,185.653,3.17,23,0.7491,17.229,1.93704,8.65957,3960.776,6185.838,12555.736,0.06647,0.835214,82.751,103.878,0.39035,1.23743,0.951513,A,-0.001,-0.014265
10639.085,0.44965,168.922,1.1448,19,0.8586,16.313,1.96468,5.88034,4479.113,6159.972,5127.74,0.138998,0.675543,83.092,102.034,0.42101,0.48197,0.869858,A,0.0,-0.049143
10987.953,0.52008,148.683,1.7096,22,0.882,19.404,2.00265,8.50239,3925.384,7062.569,6710.866,0.076454,0.76665,81.441,101.577,0.35724,0.61075,0.947483,A,-0.0,-0.015236
10658.64,0.39192,161.915,2.1317,27,0.7033,18.99,1.9772,8.81169,4783.404,5875.237,10196.624,0.040762,0.677815,81.52,101.697,0.44878,0.95665,0.953324,A,-0.001,0.029308
9749.695,0.37022,144.004,2.0138,24,0.7108,17.059,2.01228,7.9709,4184.973,5564.723,8427.624,0.052587,0.609095,80.92,100.274,0.42924,0.8644,0.939029,A,-0.001,0.011952
10937.041,0.31432,151.68,3.3278,20,0.8195,16.391,1.99666,8.71495,5663.336,5273.705,18846.415,0.029549,0.620133,80.95,100.775,0.51781,1.72317,0.951321,A,-0.0,-0.013691
8703.628,0.40902,161.402,3.2946,22,0.6772,14.898,1.97814,7.7962,3957.929,4745.698,13039.62,0.056455,0.703058,81.707,101.837,0.45474,1.49818,0.937234,A,0.001,0.012098
9920.764,0.3861,157.667,1.2323,18,0.7132,12.837,1.9851,4.85909,4279.859,5640.905,5274.058,0.162999,0.55537,82.962,100.668,0.4314,0.53162,0.817875,A,0.0,0.004833
11257.925,0.51096,215.166,3.4858,21,0.7853,16.492,1.89464,8.1896,4518.825,6739.1,15751.806,0.075173,0.803166,83.838,104.913,0.40139,1.39917,0.940947,A,0.0,0.039736
10472.058,0.32839,151.489,1.279,25,0.8085,20.213,1.99704,7.84614,5671.845,4800.213,7254.492,0.039461,0.669783,81.073,101.092,0.54162,0.69275,0.934917,A,0.0,0.001387
8134.112,0.67233,161.975,1.56,19,0.7254,13.782,1.97709,5.72466,1912.617,6221.496,2983.618,0.363986,0.767127,85.789,102.289,0.23514,0.3668,0.872703,A,-0.001,-0.035852
8309.024,0.6726,178.099,2.8147,17,0.8804,14.967,1.94915,7.37045,1676.839,6632.184,4719.828,0.239813,0.78202,84.767,103.179,0.20181,0.56804,0.928045,A,0.001,0.02122
7620.009,0.58661,210.855,3.7439,16,0.6574,10.518,1.90041,5.32972,2723.336,4896.673,10195.826,0.235992,0.781605,85.826,104.599,0.35739,1.33803,0.856221,A,0.0,0.02387
12749.589,0.65883,171.313,3.5858,20,0.7621,15.242,1.96054,8.02387,2679.908,10069.681,9609.717,0.204607,0.779715,84.049,102.839,0.2102,0.75373,0.934721,A,0.0,0.002464
7719.686,0.63063,181.552,1.3678,17,0.8914,15.154,1.94354,5.81713,1893.826,5825.859,2590.291,0.312636,0.734002,85.854,103.023,0.24532,0.33554,0.87838,A,0.001,-0.004761
9837.952,0.50123,165.423,3.7536,27,0.806,21.762,1.97085,11.65865,3971.76,5866.192,14908.307,0.020878,0.826458,81.397,102.856,0.40372,1.51539,0.983184,A,-0.0,-0.007032
12800.869,0.5636,151.781,3.5226,22,0.8263,18.178,1.99646,9.78882,3464.442,9336.427,12203.724,0.073399,0.745502,81.533,101.608,0.27064,0.95335,0.964754,A,0.0,-0.041811
11662.471,0.40103,157.355,1.269,26,0.8547,22.223,1.98569,8.52566,5157.918,6504.553,6545.141,0.048163,0.680852,81.433,101.48,0.44227,0.56121,0.946886,A,0.0,-0.057979
12023.22,0.5926,188.115,3.0267,20,0.8531,17.063,1.93322,8.45437,3923.201,8100.019,11874.376,0.099918,0.831233,83.278,103.963,0.3263,0.98762,0.944982,A,-0.0,-0.041319
9299.572,0.48321,167.854,1.8893,17,0.7375,12.537,1.96655,5.54423,3367.247,5932.325,6361.797,0.187656,0.650974,83.693,101.819,0.36209,0.6841,0.859383,A,0.0,-0.027251
11157.183,0.56013,170.585,3.3996,21,0.8057,16.919,1.96179,8.8098,3982.511,7174.672,13538.875,0.074369,0.82977,82.302,103.134,0.35695,1.21347,0.952608,A,0.0,-0.030032
13000.0,0.38845,169.414,2.624,18,0.666,11.988,1.96382,5.85804,6018.735,6981.265,15793.015,0.117697,0.621882,82.829,101.704,0.46298,1.21485,0.859723,A,0.0,-0.060094
9994.858,0.67316,195.107,3.647,24,0.822,19.728,1.92266,10.12114,2453.519,7541.339,8948.09,0.079359,0.866352,83.247,104.502,0.24548,0.89527,0.971061,A,0.0,-0.024328
10670.21,0.46297,201.672,2.6636,16,0.7583,12.133,1.91314,5.72274,3563.448,7106.761,9491.762,0.190819,0.599424,84.936,103.019,0.33396,0.88956,0.862352,A,0.001,0.050434
9577.606,0.67496,170.947,1.7781,17,0.806,13.701,1.96117,5.90663,2766.433,6811.173,4919.014,0.29191,0.830539,85.188,103.157,0.28884,0.5136,0.875079,A,0.0,0.006676
10031.189,0.42457,160.113,2.9605,16,0.6923,11.077,1.98052,5.6582,4446.402,5584.787,13163.567,0.132322,0.657241,82.656,101.468,0.44326,1.31226,0.861853,A,0.0,0.034116
10612.038,0.55541,162.33,2.3655,27,0.8509,22.974,1.97644,11.00156,3786.708,6825.33,8957.406,0.033712,0.844856,81.444,102.82,0.35683,0.84408,0.978341,A,0.0,-0.046477
12132.063,0.63259,140.86,1.601,25,0.8357,20.893,2.01895,9.03541,3735.712,8396.351,5980.861,0.092513,0.872887,81.306,101.834,0.30792,0.49298,0.954969,A,0.0,-0.045826
8701.788,0.46869,164.232,2.662,21,0.7462,15.67,1.97299,7.74072,3542.269,5159.519,9429.365,0.07368,0.739891,82.047,102.225,0.40707,1.08361,0.936007,A,0.0,-0.035035
7909.918,0.59358,181.789,1.5129,20,0.8763,17.527,1.94316,7.00999,2605.662,5304.256,3942.17,0.145235,0.813823,83.653,103.56,0.32942,0.49838,0.919399,A,0.0,0.010275
10091.645,0.36367,181.198,2.0986,17,0.6908,11.743,1.94411,5.28736,4718.03,5373.614,9901.452,0.122577,0.575353,83.332,101.959,0.46752,0.98115,0.842422,A,0.001,-0.018362
10361.545,0.59217,158.493,2.9121,21,0.7693,16.155,1.98354,8.23619,3290.889,7070.655,9583.32,0.105516,0.818672,82.237,102.449,0.31761,0.92489,0.943407,A,0.001,0.007389
12170.836,0.59797,169.68,2.0965,20,0.689,13.779,1.96336,6.29401,3330.797,8840.038,6982.854,0.257126,0.726399,84.68,102.407,0.27367,0.57374,0.882323,A,0.001,-0.03447
11130.651,0.39612,161.962,2.466,25,0.8875,22.188,1.97711,10.76063,4642.652,6487.998,11448.809,0.022721,0.663316,81.284,101.603,0.41711,1.02858,0.976076,A,0.001,-0.005103
9117.839,0.41324,170.815,2.5845,27,0.8075,21.802,1.96139,10.58991,3678.546,5439.294,9507.224,0.024494,0.676141,81.653,102.131,0.40344,1.04271,0.976086,A,-0.001,0.023798
10904.737,0.56869,189.963,3.6639,19,0.7097,13.484,1.93038,6.96731,3050.232,7854.505,11175.877,0.182277,0.718744,84.43,103.302,0.27972,1.02486,0.910344,A,-0.0,0.049405
11728.964,0.48642,175.265,2.1705,22,0.6736,14.819,1.95384,6.7952,4582.306,7146.657,9945.81,0.121411,0.720459,83.1,102.638,0.39068,0.84797,0.902485,A,0.001,-0.01304
10484.143,0.50079,155.341,3.8953,23,0.7727,17.771,1.98953,9.72746,3703.353,6780.79,14425.583,0.04778,0.748198,81.345,101.818,0.35323,1.37594,0.966298,A,0.0,0.03425
9545.114,0.60624,162.04,2.3585,25,0.8685,21.712,1.97697,10.39187,2647.42,6897.693,6244.066,0.056759,0.817134,81.736,102.623,0.27736,0.65416,0.974032,A,0.001,0.025528
11069.799,0.35944,156.316,1.9004,20,0.8528,17.057,1.98767,7.67746,4955.9,6113.899,9418.188,0.056412,0.60508,81.499,100.925,0.4477,0.8508,0.929738,A,0.0,-0.041685
9522.268,0.47453,172.362,3.2921,17,0.6966,11.842,1.95874,6.10676,3549.028,5973.24,11683.879,0.14804,0.668514,83.342,102.156,0.37271,1.22701,0.883726,A,0.0,0.009164
7253.456,0.4409,163.39,2.3456,21,0.7367,15.47,1.97451,7.37905,3045.074,4208.382,7142.632,0.072829,0.70723,82.002,101.966,0.41981,0.98472,0.930655,A,0.0,-0.014946
12050.169,0.6103,143.487,1.8598,21,0.7607,15.974,2.01336,7.26997,3062.795,8987.374,5696.205,0.200115,0.750081,82.845,101.175,0.25417,0.47271,0.916658,A,0.0,0.048442
8118.468,0.56866,158.16,1.4755,18,0.6834,12.3,1.98417,5.0236,3077.965,5040.503,4541.678,0.243909,0.76697,84.05,102.09,0.37913,0.55943,0.837384,A,0.0,-0.009938
9550.128,0.30558,183.826,1.3805,26,0.8,20.801,1.93991,7.99344,5198.329,4351.799,7176.369,0.033756,0.63029,82.254,102.443,0.54432,0.75144,0.939873,A,0.0,-0.042071
9577.252,0.52418,147.609,3.4021,20,0.8203,16.406,2.00483,8.81887,3692.871,5884.381,12563.517,0.06128,0.814685,81.194,101.835,0.38559,1.31181,0.954922,A,0.0,-0.012117
9547.479,0.40752,149.693,1.4496,23,0.7472,17.185,2.00061,7.05204,3807.717,5739.762,5519.702,0.08541,0.62121,81.603,100.673,0.39882,0.57813,0.916414,A,0.0,-0.026019
9622.295,0.42041,175.619,2.1982,22,0.8104,17.829,1.95325,8.20407,4104.19,5518.105,9021.931,0.055173,0.692058,82.238,102.468,0.42653,0.93761,0.944023,A,0.0,0.019856
7888.044,0.31813,210.413,2.6667,26,0.8546,22.221,1.901,10.38115,3758.977,4129.067,10023.928,0.016524,0.592698,82.915,103.334,0.47654,1.27077,0.975248,A,0.0,0.020349
10836.066,0.47001,176.099,3.2711,16,0.7273,11.637,1.95245,5.96315,4830.168,6005.898,15800.064,0.134077,0.740173,83.298,102.808,0.44575,1.4581,0.872843,A,0.0,0.041405
10087.487,0.47653,153.27,3.3292,26,0.6612,17.192,1.99354,9.12132,3741.275,6346.212,12455.456,0.052908,0.726262,81.326,101.562,0.37088,1.23474,0.958822,A,-0.0,0.034183
10104.314,0.33583,163.583,3.9704,17,0.8551,14.536,1.97416,7.89758,4879.529,5224.785,19373.812,0.04397,0.60841,81.629,101.324,0.48292,1.91738,0.936773,A,0.0,-0.032561
11652.262,0.62808,179.513,1.4539,24,0.8136,19.526,1.94684,7.70716,3428.565,8223.697,4984.923,0.150941,0.827,83.646,103.542,0.29424,0.42781,0.929287,A,0.0,0.044268
11693.034,0.50943,199.542,1.7325,17,0.867,14.738,1.91619,6.07714,4659.563,7033.471,8072.733,0.160117,0.740842,84.461,103.863,0.39849,0.69039,0.874752,A,0.0,0.016339
12051.287,0.57358,200.051,1.4169,25,0.7544,18.859,1.91546,7.18603,3603.929,8447.358,5106.328,0.164623,0.748058,84.537,103.932,0.29905,0.42372,0.91417,A,0.0,-0.026137
12818.252,0.40356,149.612,1.2914,27,0.8866,23.937,2.00078,9.35614,5480.655,7337.597,7077.706,0.038725,0.676067,80.983,101.031,0.42757,0.55216,0.958971,A,0.0,-0.011779
10721.911,0.60888,160.065,1.1986,17,0.679,11.543,1.98061,4.30053,2862.814,7859.097,3431.244,0.517157,0.642293,87.734,101.367,0.26701,0.32002,0.773217,A,0.0,-0.01012
7734.676,0.32246,165.244,1.5694,26,0.8559,22.253,1.97117,9.22426,4061.039,3673.637,6373.581,0.022678,0.65386,81.413,101.708,0.52504,0.82403,0.963075,A,0.0,-0.016908
10361.094,0.41618,170.055,1.4521,21,0.7819,16.419,1.96271,6.55673,4585.112,5775.983,6658.223,0.095801,0.670499,82.565,102.057,0.44253,0.64262,0.898132,A,-0.001,0.030961
10061.22,0.39502,182.355,2.2938,27,0.7424,20.044,1.94225,9.26647,4135.829,5925.391,9486.586,0.037581,0.644502,82.252,102.469,0.41107,0.94289,0.960892,A,0.0,0.028184
10145.298,0.54135,176.798,2.7374,24,0.8742,20.98,1.95129,10.27238,3778.67,6366.628,10343.835,0.040074,0.838868,82.083,103.493,0.37246,1.01957,0.972429,A,0.0,-0.029846
9141.271,0.51171,167.77,2.1285,22,0.6853,15.076,1.96669,6.93764,3640.202,5501.069,7748.319,0.110415,0.777256,82.67,102.649,0.39822,0.84762,0.914074,A,0.0,0.007993
8708.539,0.47143,199.806,1.1122,25,0.8286,20.716,1.91581,7.09162,3756.549,4951.989,4177.868,0.087794,0.762451,83.515,104.017,0.43136,0.47974,0.919667,A,0.001,0.015113
11236.489,0.58342,171.651,3.7889,25,0.6837,17.093,1.95996,9.10062,3767.737,7468.753,14275.619,0.07465,0.840076,82.347,103.254,0.33531,1.27047,0.957096,A,-0.001,0.0107
11496.78,0.58339,141.132,1.1704,22,0.8357,18.385,2.01837,6.96287,3438.579,8058.201,4024.58,0.178179,0.756305,82.449,101.08,0.29909,0.35006,0.908652,A,0.0,-0.033791
8365.169,0.61144,170.198,1.4244,22,0.8375,18.424,1.96246,7.29811,2543.343,5821.826,3622.837,0.14868,0.81361,83.268,103.008,0.30404,0.43309,0.926069,A,0.0,-0.041156
10851.255,0.6533,160.72,1.6244,27,0.8302,22.414,1.9794,9.47265,2243.45,8607.805,3644.234,0.117695,0.792896,82.488,102.395,0.20675,0.33584,0.962754,A,-0.0,-0.01211
9788.364,0.67496,166.276,1.6714,21,0.7963,16.722,1.96933,7.09012,2654.357,7134.007,4436.408,0.206796,0.849148,83.884,103.049,0.27117,0.45323,0.916917,A,0.0,0.015979
9460.14,0.30977,206.78,1.6863,23,0.8473,19.488,1.90598,7.89046,4620.958,4839.182,7792.471,0.039422,0.567927,83.103,103.023,0.48847,0.82372,0.937837,A,0.0,-0.001954
11068.144,0.62864,179.954,3.7964,19,0.7016,13.33,1.94612,7.02531,3049.023,8019.121,11575.429,0.201439,0.791064,84.328,103.325,0.27548,1.04583,0.911727,A,0.0,0.047965
9964.585,0.65944,144.19,1.8893,17,0.6848,11.641,2.01189,5.32132,2790.038,7174.547,5271.297,0.365348,0.773809,85.057,101.372,0.28,0.529,0.844875,A,0.0,-0.01791
9209.657,0.43854,172.918,3.6857,20,0.7701,15.402,1.9578,8.13891,4326.269,4883.388,15945.262,0.052794,0.780284,82.106,102.921,0.46975,1.73136,0.943449,A,0.0,-0.027587
10123.991,0.57555,179.262,1.6352,22,0.7818,17.2,1.94724,7.11277,3082.884,7041.108,5041.239,0.15737,0.75864,83.721,103.079,0.30451,0.49795,0.916738,A,-0.001,0.043392
7044.474,0.41251,161.425,2.5177,21,0.7444,15.633,1.9781,7.63235,2739.089,4305.385,6896.154,0.066867,0.632409,81.845,101.372,0.38883,0.97895,0.936971,A,0.0,-0.002917
9149.83,0.33061,187.235,3.7825,19,0.852,16.188,1.93458,8.44881,4891.619,4258.211,18502.652,0.031319,0.67442,82.342,102.888,0.53461,2.02219,0.949355,A,0.0,0.002018
9377.46,0.47394,160.46,1.3323,17,0.6769,11.508,1.97988,4.48999,3723.777,5653.683,4961.103,0.243299,0.625844,84.135,101.279,0.3971,0.52905,0.796146,A,0.0,0.038589
7938.439,0.30636,183.695,2.3975,21,0.8817,18.517,1.94012,8.65988,4096.421,3842.018,9821.362,0.026884,0.604331,82.159,102.265,0.51602,1.23719,0.954716,A,0.0,0.04141
10299.481,0.35376,158.585,2.218,24,0.7633,18.318,1.98337,8.64629,4482.844,5816.636,9943.161,0.039773,0.595745,81.373,100.983,0.43525,0.9654,0.951065,A,0.001,0.01643
10435.421,0.66756,154.028,1.7994,16,0.6893,11.028,1.99207,4.88532,1935.356,8500.065,3482.427,0.659616,0.669368,89.366,101.227,0.18546,0.33371,0.816747,A,0.0,0.006351
9126.449,0.66205,186.962,2.697,24,0.815,19.561,1.935,9.41949,2175.839,6950.61,5868.302,0.100056,0.837979,83.24,103.955,0.23841,0.643,0.963969,A,0.0,-0.005404
9772.387,0.59877,140.532,3.5803,17,0.7057,11.997,2.01966,6.59202,3029.542,6742.845,10846.544,0.190941,0.782005,82.59,101.215,0.31001,1.10992,0.901141,A,0.0,0.009881
11035.738,0.32422,210.478,3.0253,18,0.7609,13.696,1.90091,6.61189,5220.868,5814.87,15794.772,0.069849,0.552606,83.621,103.072,0.47309,1.43124,0.89808,A,-0.0,0.002514
11614.265,0.40968,167.107,3.9088,27,0.7174,19.371,1.96786,10.44181,4159.82,7454.445,16259.934,0.031025,0.620983,81.596,101.584,0.35816,1.4,0.972876,A,0.0,-0.00995
8883.094,0.64616,129.404,1.5843,21,0.8001,16.803,2.0448,7.36809,2272.642,6610.452,3600.481,0.185183,0.804644,81.987,100.689,0.25584,0.40532,0.926679,A,-0.0,-0.015184
10530.365,0.55478,145.687,1.7785,26,0.7477,19.44,2.00877,8.67949,3133.383,7396.982,5572.726,0.090802,0.751319,81.499,101.308,0.29756,0.52921,0.951298,A,0.0,0.025332
11576.149,0.66023,152.182,2.3493,21,0.7707,16.185,1.99567,7.84429,3237.197,8338.952,7605.057,0.158782,0.854895,82.677,102.352,0.27964,0.65696,0.932747,A,0.0,-0.01613
9973.595,0.57196,125.965,2.8815,17,0.7561,12.853,2.05308,6.86377,3449.43,6524.164,9939.41,0.149559,0.795289,81.346,100.408,0.34586,0.99657,0.909564,A,0.001,0.008231
8859.854,0.30166,200.238,1.5555,27,0.8027,21.673,1.91519,8.57232,4647.414,4212.439,7229.017,0.027644,0.603968,82.735,102.989,0.52455,0.81593,0.951931,A,0.001,0.012087
8865.54,0.52648,222.771,2.4052,21,0.8016,16.834,1.8848,7.53658,3024.23,5841.31,7273.86,0.106623,0.743857,84.483,104.817,0.34112,0.82046,0.930916,A,0.0,-0.022309
9530.686,0.53703,156.097,3.6771,16,0.7365,11.784,1.98808,6.36627,3358.66,6172.026,12350.27,0.161846,0.74119,82.882,101.812,0.3524,1.29584,0.893794,A,0.0,0.034665
8462.993,0.59671,179.774,2.1148,21,0.7455,15.656,1.94641,7.07923,2662.303,5800.69,5630.367,0.151867,0.800876,83.667,103.382,0.31458,0.66529,0.919937,A,0.0,0.003179
13000.0,0.47741,210.199,1.1611,20,0.8865,17.731,1.90129,6.121,5096.139,7903.861,5917.171,0.155815,0.684764,84.747,103.933,0.39201,0.45517,0.872057,A,0.0,-0.004372
9154.609,0.55633,161.05,3.2114,22,0.6874,15.123,1.97879,7.87057,3122.334,6032.275,10026.932,0.101154,0.791929,82.283,102.405,0.34107,1.09529,0.937986,A,0.0,0.013543
10575.579,0.55097,183.288,3.871,16,0.725,11.6,1.94077,6.11281,3520.426,7055.153,13627.487,0.198202,0.727,84.406,103.056,0.33288,1.28858,0.880252,A,0.0,-0.024943
10281.953,0.40866,189.509,3.3834,16,0.7175,11.479,1.93107,5.83088,4628.61,5653.343,15660.66,0.118941,0.64586,83.578,102.801,0.45017,1.52312,0.868977,A,0.0,0.023301
10961.496,0.60119,137.689,3.1018,19,0.6895,13.1,2.02586,6.9936,3367.255,7594.242,10444.412,0.174143,0.790539,82.238,101.103,0.30719,0.95283,0.911018,A,-0.001,0.013416
9426.824,0.39356,176.142,1.3628,17,0.7695,13.081,1.95238,5.04778,4251.828,5174.995,5794.289,0.146551,0.596505,83.464,101.862,0.45104,0.61466,0.832046,A,0.001,0.000816
8055.279,0.43122,192.284,1.4699,22,0.6609,14.54,1.92687,5.67551,3574.532,4480.748,5254.233,0.125534,0.675084,83.76,103.116,0.44375,0.65227,0.870819,A,-0.001,-0.009173
12459.576,0.32519,172.511,3.365,24,0.8577,20.584,1.95849,10.66628,6195.884,6263.693,20849.227,0.016794,0.630253,81.615,101.911,0.49728,1.67335,0.974319,A,-0.001,-0.035461
9883.721,0.69105,173.984,2.5801,26,0.8012,20.831,1.95599,10.07186,2569.204,7314.517,6628.84,0.078011,0.906374,82.479,103.804,0.25994,0.67068,0.970655,A,0.0,0.031192
10175.497,0.66146,194.603,3.1755,18,0.8245,14.841,1.92341,7.38266,2506.622,7668.875,7959.827,0.203735,0.811073,84.871,104.115,0.24634,0.78225,0.924126,A,0.0,-0.01984
10300.54,0.39933,196.83,1.4945,25,0.7847,19.618,1.92013,7.66812,4485.471,5815.069,6703.641,0.063198,0.658603,83.091,103.205,0.43546,0.6508,0.931084,A,0.0,0.019953
11892.519,0.65609,168.827,3.7534,22,0.8059,17.731,1.96484,9.45621,2811.196,9081.323,10551.539,0.107141,0.826024,82.668,103.023,0.23638,0.88724,0.961398,A,0.0,-0.02231
11153.602,0.54589,131.793,3.1423,27,0.7853,21.203,2.0392,11.46114,3426.271,7727.33,10766.536,0.033293,0.77318,80.099,100.63,0.30719,0.9653,0.981265,A,0.001,-0.048054
11761.096,0.54743,163.628,1.1043,21,0.7743,16.261,1.97408,5.8036,3986.178,7774.918,4401.993,0.223056,0.713737,83.995,102.021,0.33893,0.37428,0.8619,A,0.0,-0.010785
11234.249,0.68382,169.104,2.2257,20,0.7742,15.485,1.96436,7.21374,2746.184,8488.066,6112.065,0.232292,0.829901,84.33,103.062,0.24445,0.54406,0.916961,A,-0.001,0.033116
10230.77,0.43564,170.698,3.8427,25,0.747,18.675,1.96159,9.98437,4270.387,5960.383,16409.923,0.031909,0.724898,81.746,102.447,0.41741,1.60398,0.969427,A,0.0,-0.000852
10382.903,0.52124,173.764,1.2342,27,0.7328,19.786,1.95636,7.33474,3879.81,6503.093,4788.293,0.108293,0.767605,82.87,102.878,0.37367,0.46117,0.922365,A,0.0,0.021393
8887.352,0.69273,156.254,1.9076,27,0.8458,22.836,1.98778,10.29306,2279.486,6607.867,4348.413,0.071151,0.907152,81.691,102.915,0.25649,0.48928,0.973656,A,-0.001,0.007878
7094.265,0.53259,170.817,3.2297,22,0.8241,18.13,1.96139,9.32596,2553.996,4540.269,8248.758,0.051629,0.803146,82.011,102.969,0.36001,1.16274,0.965101,A,0.0,-0.024549
9643.348,0.40089,141.312,3.0467,25,0.6608,16.519,2.01798,8.73209,4730.573,4912.775,14412.741,0.03805,0.750264,80.607,101.051,0.49055,1.49458,0.953439,A,0.0,0.045254
8393.002,0.57339,215.365,2.8707,18,0.6599,11.877,1.89438,5.6279,2536.191,5856.812,7280.665,0.251924,0.712596,86.177,104.323,0.30218,0.86747,0.867235,A,-0.001,-0.004769
13000.0,0.67617,163.351,2.0748,24,0.7487,17.968,1.97458,8.24911,3020.869,9979.131,6267.742,0.176767,0.827344,83.373,102.757,0.23237,0.48213,0.939251,A,0.0,0.045891
12340.633,0.50892,161.121,2.4041,25,0.7612,19.031,1.97866,9.17178,4312.644,8027.989,10368.044,0.062889,0.748529,81.78,102.123,0.34947,0.84016,0.956815,A,0.0,-0.0055
11758.279,0.55022,197.464,1.6182,26,0.693,18.017,1.9192,7.25943,4289.08,7469.199,6940.553,0.125136,0.794313,83.93,104.127,0.36477,0.59027,0.91704,A,0.0,0.040091
9176.228,0.4207,167.072,2.4789,17,0.7871,13.381,1.96792,6.45502,3582.24,5593.988,8880.113,0.109757,0.619819,82.634,101.575,0.39038,0.96773,0.898153,A,0.0,0.003156
13000.0,0.46682,174.108,3.0849,20,0.8112,16.225,1.95578,8.21916,5583.798,7416.202,17225.531,0.06672,0.768064,82.334,102.897,0.42952,1.32504,0.938611,A,0.0,-0.008775
7446.05,0.59224,214.063,2.088,23,0.7825,17.997,1.89611,7.7858,2370.396,5075.654,4949.387,0.112595,0.816244,84.297,104.955,0.31834,0.6647,0.939478,A,-0.0,-0.018209
8189.665,0.59729,152.153,1.2841,19,0.7626,14.489,1.99573,5.62863,2280.314,5909.351,2928.186,0.282902,0.718605,84.315,101.451,0.27844,0.35755,0.86812,A,0.0,0.010441
8831.015,0.52452,170.883,2.0634,21,0.7106,14.923,1.96128,6.77067,2993.072,5837.943,6175.988,0.139633,0.721846,83.175,102.436,0.33893,0.69935,0.909774,A,0.0,0.016562
8565.321,0.50115,176.915,1.9168,25,0.6728,16.82,1.9511,7.38819,2901.105,5664.215,5560.818,0.106664,0.703205,82.966,102.603,0.3387,0.64922,0.927912,A,0.001,-0.037154
10201.108,0.56919,188.047,1.5663,21,0.842,17.682,1.93332,7.11466,3321.118,6879.99,5201.993,0.145809,0.773569,83.882,103.579,0.32556,0.50994,0.916601,A,0.0,-0.027216
10293.111,0.5539,155.21,3.6903,16,0.8606,13.77,1.98978,7.45398,3250.468,7042.643,11995.239,0.13026,0.749435,82.428,101.819,0.31579,1.16537,0.925737,A,0.0,-0.054935
12867.32,0.47269,160.373,3.8182,17,0.684,11.627,1.98004,6.29428,4986.042,7881.278,19037.534,0.146353,0.679152,82.852,101.626,0.3875,1.47953,0.880026,A,0.0,-0.05443
11498.409,0.3097,136.096,2.8854,21,0.8084,16.977,2.0294,8.92302,4949.219,6549.19,14280.557,0.033098,0.518721,80.301,99.214,0.43043,1.24196,0.953999,A,0.0,0.045631
11833.668,0.42096,187.359,2.0199,24,0.8181,19.634,1.93438,8.66455,5771.282,6062.387,11657.6,0.043885,0.779937,82.512,103.59,0.4877,0.98512,0.949158,A,-0.001,-0.051759
10630.042,0.62218,162.735,3.8749,25,0.8496,21.24,1.9757,11.49633,3717.973,6912.07,14406.929,0.032419,0.939404,81.443,103.465,0.34976,1.3553,0.981776,A,-0.001,0.040359
9781.512,0.58757,159.279,3.1289,19,0.7945,15.095,1.98207,7.82586,2562.356,7219.156,8017.46,0.144017,0.744999,82.777,102.004,0.26196,0.81965,0.935792,A,0.0,0.036181
8972.767,0.4041,175.918,2.0956,20,0.8766,17.532,1.95275,7.94268,3981.799,4990.968,8344.068,0.054756,0.682808,82.244,102.421,0.44376,0.92993,0.93987,A,0.0,-0.005119
7738.666,0.38646,192.193,1.7252,17,0.804,13.669,1.92701,5.67603,3445.371,4293.295,5943.806,0.110982,0.607533,83.565,102.667,0.44522,0.76807,0.872145,A,0.0,-0.007693
8697.787,0.67645,154.986,1.3661,21,0.8122,17.057,1.99021,6.77783,1820.34,6877.447,2486.704,0.289692,0.778821,84.523,102.001,0.20929,0.2859,0.910372,A,0.0,-0.020069
9431.084,0.56186,131.798,3.5574,19,0.7884,14.98,2.03919,8.33205,2924.411,6506.673,10403.243,0.096422,0.771049,80.932,100.617,0.31008,1.10308,0.946786,A,0.0,0.007589
11146.604,0.40468,150.419,3.7044,22,0.6595,14.509,1.99916,7.91424,4687.299,6459.304,17363.761,0.062378,0.653074,81.33,100.924,0.42051,1.55776,0.935181,A,0.001,0.019869
7472.701,0.30118,180.537,2.9198,16,0.8812,14.099,1.94518,6.9874,4397.487,3075.214,12839.618,0.040997,0.673234,82.232,102.575,0.58847,1.7182,0.919897,A,0.0,0.005691
7952.931,0.44134,174.325,3.1025,24,0.8331,19.994,1.95542,10.14003,3467.806,4485.125,10758.863,0.027315,0.761453,81.822,102.864,0.43604,1.35282,0.973013,A,-0.0,0.01156
10331.597,0.54421,153.692,1.3132,24,0.7663,18.391,1.99272,7.19896,3193.304,7138.294,4193.505,0.14313,0.723637,82.534,101.567,0.30908,0.40589,0.91871,A,-0.001,-0.032853
8428.924,0.65028,176.379,1.7723,17,0.8685,14.765,1.95199,6.31332,2745.584,5683.339,4865.984,0.208749,0.863574,84.294,103.636,0.32573,0.5773,0.895434,A,0.001,0.038991
10505.428,0.43673,162.192,1.2038,27,0.7254,19.587,1.97669,7.29057,3884.914,6620.514,4676.675,0.093453,0.638166,82.227,101.449,0.3698,0.44517,0.920869,A,0.0,-0.008235
9384.738,0.54138,170.361,2.6098,18,0.779,14.022,1.96218,6.83322,3462.871,5921.867,9037.539,0.131743,0.780919,83.051,102.8,0.36899,0.963,0.910208,A,-0.0,0.001989
8874.572,0.66384,153.135,2.3827,26,0.8174,21.252,1.9938,10.32951,2158.512,6716.06,5143.122,0.070961,0.854386,81.558,102.4,0.24322,0.57953,0.974,A,0.0,0.018067
8002.645,0.66211,142.348,2.5074,19,0.7405,14.07,2.01577,7.05116,2249.812,5752.833,5641.166,0.187665,0.847657,82.629,101.753,0.28113,0.70491,0.920317,A,0.0,-0.00885
9861.283,0.64115,173.864,2.6859,26,0.7314,19.017,1.95619,9.29834,2717.552,7143.732,7298.976,0.08944,0.851031,82.625,103.433,0.27558,0.74016,0.961557,A,-0.001,-0.033643
8909.138,0.55727,179.05,1.2122,25,0.7215,18.038,1.94759,6.58846,3002.342,5906.797,3639.334,0.159414,0.759501,83.741,103.075,0.337,0.40849,0.903599,A,-0.001,-0.038243
9082.698,0.54101,169.761,2.7119,26,0.663,17.239,1.96322,8.49601,3247.735,5834.963,8807.661,0.075215,0.800278,82.282,102.899,0.35757,0.96972,0.950288,A,0.0,-0.040463
9046.145,0.58632,137.558,3.3016,19,0.769,14.611,2.02615,7.91899,2608.383,6437.762,8611.77,0.123568,0.773812,81.564,100.985,0.28834,0.95198,0.939231,A,0.0,0.005577
10281.518,0.46379,182.608,1.0877,16,0.8094,12.951,1.94185,4.47783,4442.285,5839.233,4831.797,0.225829,0.644822,84.746,102.483,0.43207,0.46995,0.789618,A,0.0,0.002552
10223.844,0.5999,189.836,3.524,17,0.7365,12.52,1.93058,6.41559,3252.279,6971.566,11461.166,0.201013,0.785985,84.673,103.74,0.31811,1.12102,0.89341,A,-0.001,-0.012646
7430.618,0.30952,157.919,1.8198,23,0.7745,17.813,1.98463,7.87972,4207.927,3222.691,7657.512,0.031994,0.671891,81.243,101.45,0.5663,1.03053,0.941464,A,0.0,-0.000612
9759.265,0.67339,167.134,1.4929,17,0.8078,13.732,1.96781,5.56666,2791.416,6967.85,4167.302,0.333089,0.809714,85.585,102.831,0.28603,0.42701,0.858517,A,-0.001,0.035799
10598.099,0.58688,167.759,1.9156,26,0.6527,16.971,1.96671,7.5417,3462.667,7135.433,6633.188,0.130535,0.808328,82.935,102.853,0.32673,0.62588,0.927329,A,-0.001,0.042818
11559.193,0.30466,162.843,3.1421,16,0.7893,12.63,1.97551,6.52262,6157.134,5402.058,19346.426,0.06106,0.582305,81.825,101.114,0.53266,1.67368,0.893243,A,0.001,0.023754
11174.915,0.58382,169.403,2.596,23,0.6863,15.786,1.96384,7.69116,3348.231,7826.684,8692.066,0.136669,0.775108,83.08,102.715,0.29962,0.77782,0.92986,A,0.0,0.014111
10314.316,0.5317,188.661,3.7262,21,0.7902,16.594,1.93238,8.61859,4062.161,6252.155,15136.581,0.066737,0.833789,82.86,104.004,0.39384,1.46753,0.950566,A,0.0,0.047313
8286.326,0.54649,180.805,1.3227,24,0.8417,20.2,1.94474,7.65109,3180.377,5105.948,4206.628,0.092801,0.829082,82.925,103.616,0.38381,0.50766,0.934824,A,0.001,0.00255
8845.09,0.55977,133.959,3.8148,18,0.6767,12.18,2.03422,6.85303,2982.324,5862.766,11377.016,0.145601,0.770457,81.685,100.746,0.33717,1.28625,0.912299,A,0.0,-0.022431
11371.823,0.34961,163.482,1.0542,23,0.8854,20.365,1.97435,7.10929,5352.392,6019.431,5642.71,0.064231,0.603357,81.892,101.285,0.47067,0.4962,0.913527,A,0.0,0.047719
8946.751,0.31607,165.654,2.9077,16,0.6707,10.731,1.97044,5.41591,4415.986,4530.764,12840.553,0.093162,0.533328,82.36,100.933,0.49359,1.43522,0.854514,A,0.001,0.014198
11539.397,0.38448,147.433,1.4124,23,0.7036,16.183,2.00518,6.59192,5094.611,6444.786,7195.523,0.090691,0.616725,81.574,100.518,0.4415,0.62356,0.89586,A,0.0,-0.028653
11910.951,0.33239,120.0,1.0619,26,0.7269,18.898,2.06808,7.07222,6471.558,5439.394,6872.431,0.054425,0.663108,79.783,99.141,0.54333,0.57698,0.911037,A,-0.001,-0.039218
8406.736,0.38653,186.555,2.2475,25,0.8875,22.188,1.93563,10.14133,3651.232,4755.504,8206.208,0.024355,0.664601,82.226,102.793,0.43432,0.97615,0.972634,A,0.0,0.017197
10660.922,0.58971,177.38,3.914,22,0.8618,18.959,1.95033,10.08706,3050.606,7610.316,11940.023,0.061562,0.801418,82.388,103.273,0.28615,1.11998,0.970128,A,0.0,0.006678
9831.89,0.43347,177.935,3.8575,18,0.7204,12.968,1.94942,6.87435,4248.876,5583.014,16390.238,0.089992,0.694871,82.784,102.596,0.43215,1.66705,0.910282,A,0.0,-0.010012
13000.0,0.52964,163.791,2.6228,18,0.8912,16.041,1.97379,7.89644,5183.818,7816.182,13596.041,0.091289,0.820366,82.262,102.733,0.39876,1.04585,0.931271,A,0.0,-0.035524
11257.069,0.40269,194.451,1.8013,24,0.778,18.671,1.92363,7.85454,5123.592,6133.477,9229.07,0.058747,0.690004,82.953,103.309,0.45514,0.81985,0.933601,A,0.0,-0.010208
9234.311,0.64727,203.315,2.6225,23,0.6842,15.736,1.91081,7.37686,2384.231,6850.08,6252.749,0.185243,0.808076,84.916,104.465,0.25819,0.67712,0.926107,A,0.0,0.045132
10610.963,0.32791,193.657,2.8332,20,0.8702,17.404,1.92481,8.4236,5813.521,4797.441,16470.742,0.031955,0.686538,82.572,103.252,0.54788,1.55224,0.946608,A,0.001,0.044265
8623.474,0.5205,183.727,2.845,18,0.6943,12.497,1.94007,6.12834,3167.584,5455.891,9011.93,0.15905,0.730355,83.904,103.098,0.36732,1.04505,0.887757,A,-0.001,-0.02329
9772.776,0.51731,202.166,1.3755,27,0.8416,22.722,1.91244,8.53064,3702.258,6070.518,5092.384,0.068494,0.79104,83.337,104.305,0.37883,0.52108,0.949841,A,0.0,-0.050266
10307.484,0.61259,173.954,3.2734,24,0.8717,20.921,1.95604,10.75185,2790.88,7516.604,9135.624,0.052998,0.820369,82.148,103.235,0.27076,0.88631,0.976575,A,0.0,-0.038342
10224.057,0.65206,181.815,1.7344,24,0.8252,19.805,1.94312,8.34496,3148.792,7075.265,5461.23,0.114872,0.891128,83.253,104.072,0.30798,0.53415,0.945744,A,0.0,0.023824
10461.653,0.59682,145.415,1.8139,24,0.7375,17.701,2.00934,7.96207,3220.253,7241.399,5841.161,0.121135,0.808364,81.888,101.669,0.30781,0.55834,0.937524,A,0.001,-0.047865
8639.59,0.34525,162.713,2.5118,24,0.6618,15.884,1.97574,7.73593,4195.156,4444.433,10537.21,0.045488,0.628192,81.614,101.41,0.48557,1.21964,0.936024,A,0.001,0.031936
7220.08,0.60599,190.349,2.4271,21,0.6526,13.705,1.92979,6.38066,2393.587,4826.494,5809.534,0.179582,0.817464,84.408,103.971,0.33152,0.80464,0.901757,A,-0.001,-0.033953
9455.628,0.49076,188.018,3.1546,27,0.8221,22.196,1.93336,11.11069,3377.802,6077.826,10655.624,0.027664,0.748122,82.321,103.41,0.35723,1.12691,0.979863,A,0.0,0.04514
8661.464,0.40369,183.063,2.4727,20,0.8791,17.582,1.94113,8.30357,3925.893,4735.571,9707.642,0.046745,0.699609,82.398,102.865,0.45326,1.12079,0.947515,A,0.0,-0.017558
8949.724,0.60476,168.872,3.7116,24,0.6756,16.214,1.96476,8.62603,2294.708,6655.016,8516.932,0.111577,0.77481,82.728,102.687,0.2564,0.95164,0.952694,A,0.0,0.025505
13000.0,0.61965,136.349,2.0777,21,0.6868,14.422,2.02883,6.88797,4208.645,8791.355,8744.178,0.187234,0.826666,82.348,101.262,0.32374,0.67263,0.902179,A,0.0,-0.06571
11744.332,0.49458,159.658,1.3592,23,0.7239,16.65,1.98137,6.55935,4324.944,7419.388,5878.536,0.142296,0.699931,82.769,101.726,0.36826,0.50054,0.894048,A,0.0,0.029827
9738.323,0.63434,186.855,1.6393,19,0.7082,13.455,1.93517,5.51723,2720.964,7017.359,4460.51,0.326608,0.753669,86.227,103.394,0.27941,0.45804,0.85614,A,0.0,-0.046738
7849.847,0.62917,137.805,1.0937,21,0.8425,17.692,2.0256,6.52351,1708.926,6140.921,1869.08,0.275647,0.727549,83.583,100.694,0.2177,0.2381,0.904622,A,0.0,0.006979
8052.706,0.60891,176.595,1.8884,27,0.7412,20.013,1.95163,8.74883,2648.403,5404.303,5001.159,0.081568,0.867333,82.623,103.671,0.32888,0.62105,0.955944,A,0.0,0.017941
10541.794,0.57272,154.755,3.0934,16,0.8853,14.165,1.99066,7.36981,3724.563,6817.231,11521.65,0.124896,0.817387,82.338,102.243,0.35331,1.09295,0.922951,A,0.0,-0.002756
11604.023,0.52827,159.158,3.3757,24,0.8122,19.493,1.9823,10.28979,3978.033,7625.991,13428.634,0.044068,0.780847,81.453,102.234,0.34281,1.15724,0.971402,A,-0.001,0.021078
9567.228,0.5018,146.902,2.3986,26,0.7611,19.788,2.00627,9.72382,3476.005,6091.222,8337.542,0.045343,0.762276,80.953,101.449,0.36332,0.87147,0.96717,A,0.001,0.030174
10202.65,0.48833,196.193,2.8262,25,0.7965,19.912,1.92106,9.60218,4397.257,5805.393,12427.357,0.039565,0.82824,82.758,104.297,0.43099,1.21805,0.96508,A,0.0,0.023903
10382.209,0.45361,173.219,1.6415,25,0.882,22.049,1.95729,9.20141,4073.47,6308.739,6686.414,0.0467,0.71635,82.037,102.513,0.39235,0.64403,0.959607,A,0.0,-0.022407
11599.29,0.4223,169.439,3.4019,20,0.7536,15.072,1.96378,7.86072,4985.044,6614.246,16958.592,0.065748,0.691028,82.145,102.162,0.42977,1.46204,0.933089,A,0.0,-0.005691
7179.293,0.3735,219.131,2.5346,18,0.8401,15.121,1.88946,6.89943,3403.408,3775.885,8626.378,0.064465,0.652053,83.817,104.071,0.47406,1.20156,0.918179,A,0.0,-0.011903
10233.928,0.34222,155.981,2.8816,26,0.856,22.256,1.9883,11.35542,4869.256,5364.672,14031.45,0.01361,0.64048,80.92,101.141,0.4758,1.37107,0.981077,A,0.0,0.019143
10608.296,0.34861,174.757,2.3271,22,0.6896,15.171,1.95469,7.11216,5110.916,5497.38,11893.596,0.061133,0.61588,82.285,101.924,0.48178,1.12116,0.915514,A,0.0,-0.013954
11425.138,0.66198,184.213,1.9584,20,0.8693,17.387,1.9393,7.62315,3120.382,8304.756,6110.874,0.175362,0.844813,84.137,103.876,0.27312,0.53486,0.92765,A,0.0,0.050594
10594.207,0.66238,174.257,1.9538,17,0.7023,11.939,1.95553,5.29618,3143.475,7450.732,6141.728,0.355961,0.791655,86.158,103.06,0.29672,0.57973,0.840545,A,0.0,0.027087
8348.955,0.49164,172.784,3.3321,22,0.75,16.5,1.95803,8.52773,3020.224,5328.731,10063.637,0.065303,0.733273,82.266,102.604,0.36175,1.20538,0.95195,A,0.0,0.035982
9129.17,0.6687,141.53,3.1421,16,0.7006,11.209,2.01751,5.96796,1867.99,7261.179,5869.439,0.39413,0.739329,85.318,100.991,0.20462,0.64293,0.879398,A,0.001,0.044871
7713.726,0.62874,156.186,1.4501,24,0.7262,17.429,1.98791,7.08739,2129.747,5583.979,3088.312,0.177518,0.800836,83.092,102.21,0.2761,0.40037,0.922046,A,-0.0,0.008251
10289.804,0.48807,154.768,1.659,25,0.7539,18.847,1.99063,8.09534,4028.934,6260.87,6683.971,0.07395,0.754555,81.666,101.829,0.39155,0.64957,0.940674,A,0.0,0.034206
10288.54,0.67733,147.696,2.6386,22,0.8185,18.007,2.00465,9.08162,2087.562,8200.978,5508.246,0.140224,0.814045,82.24,101.835,0.2029,0.53538,0.957994,A,0.0,0.045368
10767.747,0.43285,175.943,2.1466,21,0.7043,14.79,1.95271,6.75215,5458.135,5309.612,11716.483,0.082216,0.793287,82.607,103.151,0.5069,1.08811,0.903719,A,0.0,0.027087
8545.192,0.53558,140.211,2.0953,25,0.8903,22.257,2.02035,10.59577,3145.286,5399.906,6590.255,0.034113,0.827668,80.505,101.497,0.36808,0.77122,0.976556,A,0.0,0.009391
8289.654,0.68486,189.368,1.1716,17,0.7542,12.821,1.93129,4.55263,2014.016,6275.638,2359.565,0.543482,0.73023,89.177,103.352,0.24296,0.28464,0.807198,A,0.0,0.011858
12288.398,0.39331,188.433,1.7938,25,0.8432,21.081,1.93273,8.91895,5808.829,6479.569,10420.03,0.039199,0.710773,82.488,103.182,0.47271,0.84796,0.952888,A,-0.0,-0.053167
10273.273,0.63358,165.649,2.8474,25,0.8702,21.756,1.97045,10.9208,2543.962,7729.312,7243.641,0.056435,0.823534,81.875,102.848,0.24763,0.7051,0.977943,A,-0.001,0.020583
12619.005,0.44876,171.154,3.9063,26,0.7976,20.738,1.96081,11.11785,4773.53,7845.475,18646.688,0.026128,0.705907,81.687,102.344,0.37828,1.47767,0.977976,A,-0.0,0.006171
10659.166,0.44759,177.556,2.2258,19,0.7455,14.164,1.95004,6.52697,4922.228,5736.938,10956.104,0.100652,0.745253,82.91,102.911,0.46178,1.02786,0.896155,A,-0.0,0.033762
7807.439,0.63518,147.64,3.0493,27,0.8131,21.954,2.00476,11.49875,1707.483,6099.957,5206.682,0.04849,0.799402,81.026,101.735,0.2187,0.66689,0.983304,A,-0.001,0.015428
11208.125,0.42319,165.829,3.9693,20,0.664,13.28,1.97013,7.19285,5489.755,5718.37,21790.246,0.072218,0.760135,82.09,102.439,0.4898,1.94415,0.916415,A,0.0,-0.025888
11852.695,0.45925,192.415,3.2726,18,0.7847,14.125,1.92667,7.09516,4549.79,7302.906,14889.449,0.10541,0.679698,83.499,103.153,0.38386,1.25621,0.911894,A,-0.001,-0.013788
9323.915,0.47795,166.693,1.5066,25,0.8928,22.319,1.96859,9.08625,2913.466,6410.449,4389.326,0.062307,0.666859,81.993,101.866,0.31247,0.47076,0.959265,A,0.0,-0.029762
7113.012,0.40894,198.487,3.0242,23,0.6883,15.832,1.91771,7.74695,2851.087,4261.925,8622.282,0.061916,0.641095,83.13,103.16,0.40083,1.21218,0.939313,A,-0.0,-0.031583
10997.862,0.30669,183.261,1.6865,26,0.7925,20.605,1.94081,8.57752,6305.216,4692.646,10634.036,0.027373,0.682002,82.15,102.758,0.57331,0.96692,0.948832,A,-0.0,-0.052338
9789.471,0.69207,163.964,1.1054,16,0.765,12.241,1.97347,4.36895,2150.392,7639.079,2377.106,0.678494,0.695891,90.02,101.921,0.21966,0.24282,0.784645,A,0.0,0.004801
10416.39,0.30484,163.37,3.2616,20,0.8027,16.055,1.97455,8.3596,5341.874,5074.516,17422.934,0.03227,0.591772,81.466,101.203,0.51283,1.67265,0.945712,A,0.0,-0.006429
7000.0,0.48632,188.125,3.2967,17,0.6837,11.623,1.9332,5.87858,2554.455,4445.545,8421.312,0.154952,0.676722,84.005,102.943,0.36492,1.20304,0.883727,A,0.0,0.023985
10685.688,0.53121,167.314,3.2358,16,0.7445,11.912,1.9675,6.15835,3865.609,6820.079,12508.515,0.173621,0.733885,83.487,102.34,0.36176,1.17059,0.881763,A,0.0,0.039745
7000.0,0.50269,187.563,2.0335,23,0.8506,19.565,1.93407,8.65099,2686.929,4313.071,5463.864,0.057704,0.779901,82.702,103.599,0.38385,0.78055,0.955938,A,0.0,0.015063
8698.89,0.46722,125.831,3.2677,22,0.8218,18.08,2.05341,9.96052,3469.714,5229.176,11337.823,0.034464,0.754362,79.82,100.129,0.39887,1.30336,0.970578,A,0.0,0.023497
11328.852,0.31212,160.976,3.0729,17,0.869,14.774,1.97893,7.60805,5509.71,5819.142,16930.875,0.046549,0.563574,81.559,100.894,0.48634,1.49449,0.927468,A,0.0,-0.027338
7263.284,0.56225,138.538,2.2781,21,0.6747,14.169,2.02399,6.94258,2346.111,4917.173,5344.705,0.140674,0.763391,81.835,100.974,0.32301,0.73585,0.919183,A,0.0,0.018997
7204.296,0.32389,178.153,2.6141,17,0.7466,12.692,1.94906,6.12625,3707.025,3497.271,9690.588,0.067563,0.595588,82.495,101.951,0.51456,1.34511,0.892664,A,0.0,0.009061
9325.332,0.43827,168.184,2.1104,18,0.8021,14.438,1.96597,6.62185,4074.914,5250.418,8599.869,0.096799,0.703298,82.506,102.181,0.43697,0.92221,0.903489,A,0.0,-0.042823
12469.99,0.33492,194.049,1.4533,22,0.7842,17.253,1.92423,6.68948,6114.282,6355.708,8885.905,0.070581,0.589223,83.095,102.627,0.49032,0.71258,0.896671,A,0.0,-0.032422
12423.478,0.48589,152.124,2.5249,18,0.7551,13.591,1.99579,6.72739,5172.77,7250.709,13060.474,0.118838,0.747752,82.148,101.642,0.41637,1.05127,0.898165,A,-0.001,-0.010072
9087.576,0.68756,197.587,3.9179,17,0.7867,13.374,1.91902,6.94468,1844.752,7242.824,7227.513,0.289838,0.788863,86.108,104.097,0.203,0.79532,0.914428,A,0.0,-0.021345
11499.284,0.38966,191.136,1.1968,20,0.766,15.319,1.9286,5.4815,5318.057,6181.227,6364.628,0.129272,0.613685,83.77,102.661,0.46247,0.55348,0.846573,A,0.0,0.008847
10868.374,0.4977,156.182,2.8679,17,0.7328,12.458,1.98792,6.34683,3866.06,7002.315,11087.602,0.155701,0.686518,82.804,101.455,0.35572,1.02017,0.888716,A,-0.001,0.025043
10391.472,0.50313,198.732,1.4519,24,0.8924,21.417,1.91736,8.25545,3458.626,6932.847,5021.539,0.085049,0.711696,83.443,103.636,0.33283,0.48324,0.943738,A,-0.001,0.029146
10531.582,0.69207,190.939,1.5258,27,0.8054,21.747,1.9289,8.63034,2506.399,8025.183,3824.3,0.144088,0.86322,83.959,104.299,0.23799,0.36313,0.950451,A,0.0,-0.048534
8910.837,0.62727,150.668,3.5406,26,0.8561,22.258,1.99867,12.01883,2346.775,6564.062,8308.938,0.034322,0.839254,80.97,102.166,0.26336,0.93245,0.98559,A,0.0,0.039424
11200.066,0.51551,176.969,3.9833,18,0.6567,11.82,1.95101,6.31482,4427.281,6772.785,17634.988,0.148187,0.755628,83.516,102.951,0.39529,1.57454,0.886371,A,0.0,-0.02545
11589.952,0.48713,172.28,1.0246,25,0.7248,18.12,1.95888,6.16579,4282.232,7307.72,4387.559,0.159614,0.679046,83.492,102.221,0.36948,0.37857,0.878935,A,-0.0,0.031104
13000.0,0.68892,177.582,1.2568,24,0.8944,21.465,1.95,7.9831,2904.149,10095.851,3649.831,0.205618,0.827942,84.297,103.458,0.2234,0.28076,0.933324,A,0.0,0.035622
11372.794,0.69869,168.789,1.5325,17,0.668,11.355,1.96491,4.64138,2116.184,9256.61,3243.12,0.77023,0.682334,91.419,102.072,0.18607,0.28516,0.794873,A,-0.0,0.00931
7000.0,0.65063,191.825,2.4935,22,0.7623,16.772,1.92756,7.85589,1584.031,5415.969,3949.719,0.167337,0.791984,84.297,103.868,0.22629,0.56425,0.9418,A,0.0,-0.017788
8189.347,0.6187,166.376,1.0587,20,0.8108,16.216,1.96916,5.65077,2003.941,6185.406,2121.625,0.330869,0.711954,85.526,102.148,0.2447,0.25907,0.869139,A,0.0,-0.017509
10495.157,0.63065,177.568,2.2352,16,0.8451,13.521,1.95002,6.23872,3696.714,6798.443,8263.059,0.204672,0.862274,84.284,103.683,0.35223,0.78732,0.885686,A,0.0,0.036275
10097.604,0.69322,165.186,2.6928,25,0.6738,16.846,1.97128,8.33697,2261.049,7836.555,6088.655,0.167804,0.844813,83.327,102.965,0.22392,0.60298,0.945797,A,0.0,0.024439
7203.386,0.61583,158.786,1.6295,18,0.8317,14.971,1.983,6.35127,2201.437,5001.949,3587.246,0.199904,0.798883,83.494,102.334,0.30561,0.49799,0.900796,A,0.0,0.013115
9784.05,0.33013,132.918,2.634,16,0.6917,11.067,2.0366,5.70577,4686.98,5097.07,12345.539,0.092939,0.548245,80.94,99.215,0.47904,1.2618,0.86514,A,0.0,-0.03795
9455.926,0.32301,177.872,2.9565,16,0.8711,13.938,1.94952,6.953,4845.267,4610.659,14324.971,0.054397,0.605284,82.311,102.002,0.51241,1.51492,0.913707,A,0.0,0.032546
9918.582,0.66124,167.829,1.4884,19,0.8522,16.191,1.96659,6.54967,2384.291,7534.291,3548.806,0.277215,0.782765,84.874,102.688,0.24039,0.35779,0.899221,A,0.0,0.022638
9809.102,0.64061,174.601,1.0622,16,0.7891,12.626,1.95495,4.35983,2851.331,6957.771,3028.784,0.476399,0.7079,87.761,102.524,0.29068,0.30877,0.783829,A,0.0,0.031504
11373.572,0.53275,170.186,1.0405,21,0.8011,16.822,1.96248,5.78343,4113.15,7260.422,4279.817,0.20262,0.719769,83.98,102.388,0.36164,0.37629,0.862457,A,0.0,0.037347
12189.256,0.63348,156.349,3.2476,26,0.8763,22.783,1.9876,11.96557,3118.362,9070.894,10127.062,0.04005,0.837486,81.284,102.46,0.25583,0.83082,0.983826,A,-0.0,0.01276
11017.957,0.67694,149.429,1.6102,21,0.8826,18.535,2.00115,7.93213,2236.206,8781.751,3600.716,0.214041,0.794816,83.289,101.805,0.20296,0.3268,0.935826,A,0.0,-0.02016
8327.055,0.51976,169.124,2.0471,16,0.8157,13.051,1.96432,5.91976,3363.553,4963.502,6885.487,0.153927,0.767676,83.297,102.652,0.40393,0.82688,0.880377,A,0.0,-0.032877
8697.735,0.62761,138.768,3.4891,24,0.7422,17.814,2.02349,9.75855,2996.684,5701.05,10455.816,0.05752,0.927267,80.748,102.07,0.34454,1.20213,0.968424,A,0.001,0.020669
8999.583,0.49361,153.436,2.1694,20,0.7004,14.008,1.99322,6.61361,3065.403,5934.18,6650.202,0.138867,0.676865,82.467,101.245,0.34062,0.73895,0.904175,A,0.0,-0.037899
9908.582,0.44803,170.958,3.6596,16,0.7183,11.493,1.96115,6.07943,3805.603,6102.979,13926.809,0.138553,0.641015,83.164,101.906,0.38407,1.40553,0.881227,A,0.0,-0.036803
9353.178,0.45828,165.669,3.9254,20,0.8999,17.999,1.97041,9.72892,3241.545,6111.632,12724.255,0.043053,0.678511,81.699,101.892,0.34657,1.36042,0.967442,A,0.001,0.006637
9468.392,0.39358,169.92,1.5213,24,0.6896,16.55,1.96294,6.73476,4408.689,5059.703,6706.94,0.078762,0.6679,82.335,102.033,0.46562,0.70835,0.906822,A,0.0,-0.043073
8609.707,0.35237,143.937,3.7167,22,0.8044,17.697,2.01242,9.75216,4453.508,4156.199,16552.54,0.021499,0.706908,80.507,100.916,0.51727,1.92254,0.96844,A,0.0,0.006164
11417.382,0.68248,159.131,1.5406,26,0.8825,22.944,1.98235,9.52045,3046.791,8370.591,4693.999,0.095227,0.896231,82.127,102.994,0.26686,0.41113,0.962765,A,-0.0,0.014958
11270.773,0.3805,147.795,2.1733,22,0.7698,16.935,2.00445,8.06505,5557.085,5713.688,12077.186,0.047621,0.70426,81.022,101.116,0.49305,1.07155,0.938293,A,-0.0,-0.026729
11425.602,0.65617,189.891,1.8952,27,0.7108,19.191,1.93049,8.2633,3026.208,8399.394,5735.185,0.143263,0.840961,83.912,104.106,0.26486,0.50196,0.942172,A,0.0,0.03085
9873.457,0.37501,168.76,2.7067,17,0.7668,13.035,1.96496,6.42941,4581.593,5291.865,12401.105,0.084832,0.626248,82.371,101.701,0.46403,1.256,0.895032,A,-0.001,-0.04046
10676.318,0.36572,167.932,3.562,16,0.7387,11.819,1.96641,6.24037,5007.732,5668.585,17837.696,0.089556,0.609681,82.401,101.551,0.46905,1.67077,0.88514,A,0.001,0.042001
8627.493,0.46759,182.657,3.6146,26,0.6887,17.905,1.94177,9.30692,3448.462,5179.031,12464.768,0.04317,0.750186,82.337,103.18,0.39971,1.44477,0.963097,A,0.0,0.022798
8476.491,0.61594,194.16,3.91,19,0.7377,14.016,1.92406,7.30437,2642.228,5834.262,10331.145,0.146279,0.828644,84.098,104.212,0.31171,1.2188,0.925972,A,0.001,-0.018804
9178.615,0.38858,146.706,3.3588,16,0.8068,12.909,2.00667,6.92822,4371.916,4806.699,14684.507,0.07041,0.677962,81.275,100.882,0.47632,1.59986,0.913692,A,0.0,0.040344
10871.777,0.32244,176.315,2.9917,21,0.6985,14.669,1.95209,7.35383,5767.068,5104.708,17253.128,0.047555,0.632984,82.164,102.111,0.53046,1.58696,0.921764,A,0.001,0.044368
9771.386,0.67247,150.704,1.4096,22,0.8283,18.223,1.9986,7.38192,2187.318,7584.068,3083.266,0.225243,0.80145,83.492,101.918,0.22385,0.31554,0.925022,A,0.0,0.034577
8281.812,0.68208,152.752,3.8607,27,0.6903,18.639,1.99455,10.22144,2296.967,5984.844,8867.814,0.065183,0.918847,81.466,102.805,0.27735,1.07076,0.973495,A,0.001,-0.020826
10134.963,0.46734,160.677,1.9098,18,0.6552,11.793,1.97948,5.28525,4091.257,6043.707,7813.285,0.182801,0.659956,83.345,101.515,0.40368,0.77092,0.842101,A,-0.001,0.007041
10629.779,0.49295,155.159,1.1581,24,0.6597,15.833,1.98988,5.8463,3959.079,6670.7,4585.101,0.174262,0.682088,83.007,101.372,0.37245,0.43134,0.868334,A,0.0,0.028112
10240.493,0.58254,184.77,1.2943,24,0.725,17.399,1.93843,6.49665,3389.462,6851.031,4386.885,0.182444,0.780488,84.25,103.477,0.33099,0.42839,0.89634,A,0.0,-0.037696
8996.44,0.59546,173.777,1.6242,19,0.8784,16.689,1.95634,6.93184,2944.169,6052.271,4781.932,0.155965,0.80926,83.5,103.153,0.32726,0.53154,0.914284,A,0.0,-0.027985
10093.125,0.55813,146.825,3.6085,18,0.7661,13.789,2.00643,7.51854,3242.44,6850.685,11700.23,0.125388,0.762941,82.006,101.449,0.32125,1.15923,0.927828,A,0.0,0.044325
9364.158,0.55628,156.971,3.6717,27,0.8856,23.911,1.98642,12.89796,3069.813,6294.344,11271.404,0.018229,0.818695,81.022,102.369,0.32783,1.20368,0.989257,A,0.001,-0.01377
9508.314,0.51291,158.548,3.9186,18,0.8035,14.464,1.98344,7.89136,3216.626,6291.688,12604.523,0.094358,0.726891,82.092,101.846,0.3383,1.32563,0.937765,A,0.0,0.023556
9862.461,0.41964,191.81,1.6673,19,0.8102,15.394,1.92758,6.31516,4142.512,5719.949,6906.904,0.109115,0.644535,83.528,102.894,0.42003,0.70032,0.890785,A,0.0,-0.034392
11127.057,0.38824,194.877,2.3914,27,0.8825,23.827,1.923,10.98609,5628.668,5498.39,13460.207,0.016967,0.768305,82.415,103.845,0.50585,1.20968,0.977893,A,-0.001,0.026471
12734.933,0.61549,215.551,2.7379,22,0.7521,16.546,1.89414,7.74168,3366.339,9368.595,9216.862,0.167706,0.77639,85.071,104.751,0.26434,0.72375,0.927974,A,-0.001,-0.014808
12335.116,0.54573,136.895,2.2293,19,0.8601,16.341,2.02762,7.974,4482.639,7852.478,9992.947,0.098609,0.800965,81.203,101.125,0.3634,0.81012,0.934335,A,-0.001,0.054264
10940.115,0.57488,164.843,1.6593,22,0.6949,15.288,1.97189,6.4769,3400.883,7539.232,5643.186,0.197052,0.745321,83.699,102.291,0.31086,0.51583,0.893446,A,0.0,-0.045419
9397.624,0.40365,209.5,2.9795,16,0.6873,10.997,1.90224,5.29457,4024.206,5373.417,11990.208,0.145088,0.597288,84.584,103.327,0.42822,1.27588,0.846082,A,0.001,0.009434
9534.96,0.69575,172.47,1.5538,23,0.6956,15.999,1.95856,6.54348,2164.896,7370.064,3363.771,0.305918,0.810259,85.43,103.097,0.22705,0.35278,0.900168,A,-0.0,0.007079
9599.473,0.55126,178.181,1.1637,20,0.692,13.84,1.94901,4.96714,3064.888,6534.585,3566.562,0.299862,0.669178,85.563,102.438,0.31928,0.37154,0.826328,A,0.0,-0.038481
11726.561,0.30034,172.756,1.8045,27,0.8666,23.399,1.95807,10.11702,6264.385,5462.176,11304.252,0.01714,0.625136,81.629,101.889,0.5342,0.96399,0.969513,A,-0.0,-0.019084
7000.0,0.54936,165.414,2.8735,23,0.8772,20.177,1.97087,10.15525,2281.054,4718.946,6554.612,0.043877,0.793709,81.7,102.639,0.32586,0.93637,0.973974,A,0.0,-0.035717
10386.703,0.3724,210.574,1.2761,16,0.8376,13.401,1.90079,4.82563,5532.721,4853.981,7060.12,0.130631,0.647976,84.427,103.705,0.53267,0.67973,0.813148,A,0.001,0.000128
7011.266,0.4283,147.43,3.1009,23,0.8775,20.183,2.00519,10.61788,2888.663,4122.603,8957.37,0.02302,0.712282,80.681,101.149,0.412,1.27757,0.977856,A,0.0,-0.027705
9994.195,0.46329,211.042,3.1839,23,0.7728,17.774,1.90015,8.68259,4117.873,5876.322,13110.731,0.053835,0.750211,83.428,104.399,0.41203,1.31183,0.952121,A,0.0,0.043505
11986.817,0.31618,167.827,3.6526,27,0.801,21.626,1.96659,11.48206,6143.732,5843.086,22440.897,0.01175,0.636277,81.37,101.721,0.51254,1.87213,0.980953,A,-0.001,-0.018283
8633.588,0.3159,210.042,2.1239,24,0.7553,18.128,1.90151,7.92035,4810.539,3823.05,10216.875,0.033997,0.67061,83.134,103.833,0.55719,1.18339,0.940034,A,-0.001,0.030994
7000.0,0.48773,157.032,3.8228,24,0.8424,20.217,1.9863,10.9977,2665.809,4334.191,10190.932,0.02482,0.772453,81.112,102.067,0.38083,1.45585,0.98062,A,0.0,-0.01422
11945.681,0.58894,168.269,2.1228,25,0.8735,21.838,1.96582,10.03372,3448.916,8496.766,7321.276,0.064429,0.80185,82.082,102.836,0.28872,0.61288,0.968415,A,-0.001,-0.052658
12258.734,0.50712,143.952,2.988,19,0.6615,12.569,2.01238,6.5858,4218.54,8040.193,12604.835,0.156968,0.690845,82.296,100.811,0.34413,1.02823,0.893484,A,0.001,-0.053734
10747.866,0.37238,168.24,1.0854,25,0.6956,17.391,1.96587,6.1181,5466.488,5281.378,5933.064,0.087955,0.666764,82.392,101.943,0.50861,0.55202,0.879866,A,0.0,0.052668
11882.902,0.31974,180.933,2.8841,25,0.6762,16.906,1.94454,8.34824,6054.666,5828.236,17462.119,0.03569,0.614834,82.176,102.208,0.50953,1.46952,0.943127,A,0.0,-0.049597
8796.265,0.54416,175.132,1.5442,20,0.783,15.66,1.95406,6.36732,3291.596,5504.67,5082.876,0.150935,0.779288,83.484,103.02,0.3742,0.57784,0.896206,A,-0.001,0.035245
11758.922,0.54232,175.108,3.7674,27,0.77,20.789,1.9541,11.00574,4450.881,7308.042,16768.189,0.032033,0.853103,81.914,103.506,0.37851,1.426,0.977642,A,-0.001,0.010954
12550.936,0.36886,162.19,3.0803,20,0.8371,16.743,1.9767,8.61291,5825.866,6725.071,17945.593,0.041977,0.652035,81.547,101.541,0.46418,1.42982,0.947175,A,-0.001,0.004206
10960.268,0.51722,182.972,3.7536,17,0.679,11.544,1.94127,6.04662,3922.35,7037.918,14723.039,0.179135,0.705643,84.143,102.901,0.35787,1.34331,0.876055,A,0.0,-0.017924
10421.596,0.59285,184.644,3.9577,17,0.7943,13.503,1.93862,7.13556,3611.324,6810.272,14292.63,0.142576,0.831622,83.72,103.809,0.34652,1.37144,0.916664,A,0.0,-0.016963
11924.933,0.69378,222.251,2.3411,25,0.7974,19.934,1.88546,8.8578,2434.439,9490.493,5699.181,0.161901,0.830218,85.197,105.367,0.20415,0.47792,0.95236,A,0.001,-0.036209
11697.921,0.64841,157.106,1.9322,22,0.7389,16.257,1.98616,7.35091,2727.059,8970.862,5269.243,0.223091,0.777708,83.732,102.106,0.23312,0.45044,0.919792,A,0.0,-0.044508
8876.759,0.34108,191.579,1.5617,18,0.7141,12.854,1.92793,5.14424,4342.05,4534.709,6781.017,0.111324,0.561076,83.549,102.333,0.48915,0.76391,0.840348,A,0.0,-0.005801
12040.04,0.32671,202.349,2.2635,27,0.8602,23.225,1.91218,10.44214,6166.675,5873.365,13958.229,0.017511,0.651354,82.67,103.39,0.51218,1.15932,0.972549,A,0.0,-0.022964
11116.93,0.41613,202.994,3.5709,27,0.8014,21.638,1.91127,10.94978,4695.729,6421.201,16767.778,0.022051,0.704322,82.751,103.767,0.42239,1.50831,0.977617,A,0.0,-0.05057
10238.042,0.62423,176.521,3.2872,16,0.6757,10.811,1.95175,5.54311,2917.087,7320.955,9588.911,0.317053,0.746623,85.729,102.871,0.28493,0.9366,0.855282,A,0.0,0.028388
11955.578,0.66327,173.163,2.6819,16,0.7057,11.292,1.95738,5.52398,3344.428,8611.15,8969.57,0.36311,0.77985,86.211,102.929,0.27974,0.75024,0.846857,A,0.0,-0.024359
11388.179,0.6826,178.938,1.6668,18,0.793,14.274,1.94777,5.94779,3042.29,8345.889,5070.855,0.33194,0.810428,86.014,103.406,0.26714,0.44527,0.870091,A,0.0,-0.028888
11118.902,0.38389,186.659,1.9874,17,0.7249,12.323,1.93547,5.41344,4972.127,6146.775,9881.466,0.133416,0.586505,83.67,102.282,0.44718,0.88871,0.84459,A,0.0,-0.040278
9238.228,0.51213,164.757,2.397,27,0.7818,21.108,1.97205,10.11429,3454.793,5783.435,8281.297,0.038824,0.794861,81.607,102.614,0.37397,0.89642,0.97165,A,-0.0,0.017895
11250.212,0.38256,175.147,3.8809,26,0.8858,23.031,1.95404,12.26773,5328.441,5921.771,20679.374,0.011443,0.7165,81.644,102.607,0.47363,1.83813,0.985834,A,0.0,-0.041169
8337.228,0.47942,190.415,1.042,22,0.7391,16.261,1.92969,5.45443,3342.863,4994.365,3483.126,0.168386,0.687603,84.262,103.117,0.40096,0.41778,0.859173,A,0.0,0.002162
9810.326,0.60337,191.61,1.4205,26,0.7834,20.368,1.92788,7.84647,3329.214,6481.112,4729.283,0.113438,0.855035,83.578,104.274,0.33936,0.48207,0.936198,A,-0.0,0.019422
7460.108,0.64007,174.279,3.1181,26,0.8291,21.557,1.9555,10.94647,1842.408,5617.7,5744.821,0.051912,0.832967,82.145,103.334,0.24697,0.77007,0.97997,A,0.0,-0.010472
7443.412,0.47728,153.046,3.9448,19,0.8274,15.72,1.99398,8.65493,2490.493,4952.92,9824.457,0.063684,0.685251,81.459,101.279,0.33459,1.31989,0.955355,A,-0.001,-0.00626
10664.584,0.53067,184.01,1.4985,20,0.7663,15.326,1.93962,6.08961,3368.327,7296.257,5047.281,0.20337,0.681764,84.5,102.791,0.31584,0.47327,0.878958,A,0.0,0.032772
9876.99,0.5383,165.903,1.5426,25,0.7239,18.097,1.97,7.44425,3755.909,6121.08,5793.886,0.104179,0.80468,82.515,102.736,0.38027,0.5866,0.926405,A,0.001,-0.013781
10127.132,0.67911,154.397,3.604,18,0.6807,12.253,1.99135,6.60662,2058.494,8068.637,7418.728,0.332129,0.767638,85.059,101.895,0.20327,0.73256,0.900591,A,0.001,-0.041311
10887.925,0.41526,179.041,1.3065,24,0.8448,20.275,1.94761,7.65558,4887.306,6000.618,6385.12,0.065154,0.700411,82.496,102.684,0.44887,0.58644,0.929572,A,0.001,-0.006654
10524.976,0.59646,159.861,2.9346,26,0.6753,17.557,1.98099,8.95152,3452.482,7072.494,10131.776,0.080501,0.848335,81.962,102.716,0.32803,0.96264,0.955728,A,0.0,-0.045266
8670.423,0.583,154.039,3.0323,24,0.8281,19.875,1.99204,10.30042,2808.387,5862.036,8515.812,0.046976,0.8398,81.28,102.352,0.3239,0.98217,0.973901,A,0.0,-0.008012
10110.148,0.49276,167.54,1.7316,16,0.6632,10.611,1.9671,4.55063,3760.335,6349.812,6511.254,0.270326,0.624481,84.772,101.629,0.37194,0.64403,0.795956,A,0.001,0.023262
9899.395,0.34541,133.358,2.8511,16,0.7792,12.467,2.03559,6.56021,4710.724,5188.67,13430.933,0.072841,0.59288,80.696,99.537,0.47586,1.35674,0.89965,A,0.001,-0.04249
9220.044,0.59699,168.658,3.2778,20,0.6649,13.299,1.96514,6.88407,2558.154,6661.891,8385.147,0.188838,0.753719,83.739,102.537,0.27746,0.90945,0.912236,A,-0.001,0.00356
9813.177,0.65534,178.885,1.3512,17,0.7356,12.505,1.94786,4.79153,2409.522,7403.655,3255.73,0.496112,0.707166,88.179,102.722,0.24554,0.33177,0.81412,A,0.0,-0.038455
9451.876,0.5414,164.325,1.2136,26,0.7789,20.251,1.97282,7.54381,3519.546,5932.33,4271.192,0.102015,0.802077,82.424,102.64,0.37236,0.45189,0.929836,A,0.0,0.013732
9026.337,0.45803,164.398,3.4391,25,0.6611,16.528,1.97269,8.69969,4125.218,4901.119,14187.119,0.046313,0.804569,81.692,102.66,0.45702,1.57175,0.953789,A,0.0,-0.006498
9498.609,0.66666,165.011,2.6206,18,0.7544,13.579,1.97159,6.67187,2657.405,6841.205,6963.975,0.227184,0.837368,84.104,102.907,0.27977,0.73316,0.90466,A,-0.001,0.01663
10352.473,0.4221,191.708,2.9562,27,0.7288,19.678,1.92774,9.65081,4479.176,5873.297,13241.505,0.033641,0.718343,82.528,103.377,0.43267,1.27907,0.965516,A,0.0,0.053107
13000.0,0.69459,215.957,2.8677,26,0.7288,18.948,1.8936,8.96998,2520.734,10479.266,7228.737,0.169085,0.820995,85.102,105.062,0.1939,0.55606,0.952798,A,0.0,0.026702
8774.526,0.65695,151.035,2.6307,16,0.8373,13.396,1.99794,6.71806,2733.443,6041.083,7190.928,0.19347,0.866665,83.086,102.367,0.31152,0.81952,0.908258,A,0.0,-0.00956
10782.876,0.46697,142.082,2.2642,22,0.6844,15.057,2.01634,7.3241,4543.914,6238.962,10288.231,0.087375,0.743434,81.293,101.05,0.4214,0.95413,0.921151,A,0.0,-0.001356
7808.007,0.30172,190.354,3.669,21,0.7508,15.766,1.92979,8.14489,4705.979,3102.028,17266.455,0.027034,0.718438,82.394,103.318,0.60271,2.21138,0.945998,A,0.0,-0.004357
12385.037,0.51214,144.018,3.6625,22,0.8512,18.726,2.01225,10.28607,4592.634,7792.403,16820.584,0.040432,0.790158,80.76,101.47,0.37082,1.35814,0.970725,A,0.0,-0.046098
9499.937,0.30605,152.242,1.0193,27,0.8466,22.857,1.99555,7.97194,4717.784,4782.153,4809.025,0.037278,0.571203,81.076,100.483,0.49661,0.50622,0.939511,A,0.0,0.006027
10208.313,0.49819,181.256,3.5373,16,0.7794,12.47,1.94402,6.4624,3886.779,6321.534,13748.827,0.137139,0.720185,83.527,102.918,0.38075,1.34683,0.89519,A,0.0,-0.023496
11916.129,0.55835,167.397,1.4839,22,0.6782,14.921,1.96735,6.03185,3526.944,8389.185,5233.806,0.24158,0.691531,84.387,102.064,0.29598,0.43922,0.87194,A,0.0,-0.049997
11481.516,0.64123,152.387,3.1308,27,0.6747,18.217,1.99527,9.53739,2175.245,9306.271,6810.188,0.125509,0.761771,82.247,101.748,0.18946,0.59314,0.962917,A,0.0,0.032314
7762.211,0.30305,185.462,3.2466,27,0.7938,21.432,1.93734,10.83577,4129.041,3633.17,13405.173,0.011978,0.633844,82.025,102.54,0.53194,1.72698,0.978974,A,0.0,0.017385
10832.789,0.43993,139.786,2.55,27,0.8612,23.254,2.02127,11.75444,4331.209,6501.58,11044.38,0.01843,0.72072,80.279,100.766,0.39982,1.01953,0.98325,A,0.0,0.025945
9658.912,0.44952,198.833,2.4292,26,0.8294,21.565,1.91721,9.9431,4285.64,5373.272,10410.66,0.03089,0.783419,82.731,104.114,0.4437,1.07783,0.96951,A,0.0,-0.032674
10928.685,0.53613,152.52,3.7206,22,0.7121,15.667,1.99501,8.52827,3489.543,7439.142,12983.067,0.087232,0.746691,81.747,101.656,0.3193,1.18798,0.948047,A,0.0,0.055695
10228.577,0.41366,173.815,1.1139,21,0.8296,17.421,1.95628,6.16026,4045.615,6182.962,4506.562,0.121916,0.604547,83.052,101.804,0.39552,0.44059,0.883429,A,-0.0,0.036835
11104.059,0.58605,163.33,2.8507,26,0.8796,22.87,1.97462,11.51934,3892.81,7211.248,11097.306,0.030643,0.885875,81.443,103.142,0.35058,0.99939,0.981669,A,0.001,-0.017922
10437.933,0.54453,196.275,2.255,17,0.8531,14.503,1.92094,6.5589,4116.664,6321.269,9283.162,0.140861,0.807422,84.098,104.163,0.39439,0.88937,0.897978,A,0.0,-0.04141
9790.219,0.47208,150.898,3.9849,22,0.8996,19.791,1.99821,10.95192,3586.792,6203.427,14293.002,0.02771,0.729008,80.893,101.451,0.36636,1.45993,0.978495,A,0.0,0.028669
11765.468,0.48528,153.821,3.4716,25,0.8576,21.44,1.99247,11.47492,4518.581,7246.887,15686.555,0.023977,0.772906,80.967,101.899,0.38405,1.33327,0.981025,A,0.0,0.041851
7683.93,0.30612,183.417,3.6659,18,0.7819,14.073,1.94056,7.33065,4124.017,3559.914,15118.37,0.040794,0.613492,82.332,102.313,0.53671,1.96753,0.928477,A,-0.001,-0.009258
9350.41,0.37624,200.19,2.9294,20,0.7451,14.903,1.91526,7.21989,4154.087,5196.323,12169.039,0.066348,0.623973,83.244,103.119,0.44427,1.30144,0.921656,A,0.0,0.017643
8566.601,0.69208,168.447,3.0703,24,0.6681,16.034,1.9655,8.17279,2197.042,6369.559,6745.539,0.147825,0.879809,83.19,103.359,0.25647,0.78742,0.94522,A,0.0,0.000152
9784.193,0.42958,174.958,3.2163,23,0.8483,19.511,1.95436,9.97297,4240.08,5544.112,13637.395,0.030023,0.735165,81.882,102.721,0.43336,1.39382,0.969713,A,0.001,-0.043391
9355.086,0.43744,188.561,1.9719,21,0.7294,15.318,1.93253,6.69603,3865.993,5489.093,7623.251,0.099633,0.675357,83.29,102.954,0.41325,0.81488,0.905877,A,0.0,0.010958
9777.928,0.50389,169.038,1.826,22,0.8848,19.466,1.96447,8.49263,3604.665,6173.263,6582.115,0.069488,0.75755,82.179,102.581,0.36865,0.67316,0.949162,A,0.0,-0.036207
9264.343,0.582,183.742,3.9312,25,0.8395,20.988,1.94005,11.08837,3504.875,5759.468,13778.197,0.031039,0.917283,82.215,104.333,0.37832,1.48723,0.979824,A,0.0,-0.002275
9295.603,0.67878,138.908,2.665,19,0.7027,13.351,2.02318,6.84082,1983.385,7312.218,5285.647,0.284117,0.785825,83.746,101.144,0.21337,0.56862,0.91069,A,0.0,0.032298
7533.923,0.35096,153.259,2.404,19,0.6769,12.861,1.99356,6.2664,3313.368,4220.555,7965.349,0.082435,0.56176,81.715,100.475,0.43979,1.05726,0.896698,A,-0.0,0.029148
9943.496,0.53461,183.143,2.3393,27,0.8368,22.593,1.941,10.49668,2931.155,7012.341,6856.977,0.045948,0.738866,82.391,103.128,0.29478,0.68959,0.974664,A,-0.0,0.031341
10462.457,0.43508,172.793,2.3379,17,0.8903,15.135,1.95801,7.1231,4508.717,5953.74,10540.869,0.084605,0.700485,82.521,102.388,0.43094,1.00749,0.916199,A,0.0,0.040226
9105.471,0.33581,151.372,3.2886,25,0.8709,21.772,1.99727,11.54966,4946.435,4159.036,16266.794,0.010561,0.722631,80.686,101.435,0.54324,1.78649,0.982916,A,-0.0,0.020573
9014.594,0.43968,158.226,3.723,20,0.7659,15.317,1.98405,8.27235,3647.903,5366.691,13581.177,0.058289,0.698927,81.602,101.645,0.40467,1.50658,0.946353,A,0.0,-0.021169
9033.135,0.5612,192.46,1.3543,27,0.8176,22.074,1.9266,8.32691,2761.026,6272.109,3739.31,0.096691,0.765681,83.386,103.722,0.30566,0.41395,0.947338,A,0.0,-0.005694
12518.561,0.37439,141.776,3.4688,23,0.8789,20.215,2.01699,11.00917,5908.765,6609.796,20496.328,0.018096,0.692898,80.365,100.699,0.472,1.63728,0.977186,A,-0.0,-0.015387
10282.027,0.53687,154.899,2.3656,21,0.8159,17.135,1.99038,8.29003,3808.413,6473.613,9009.309,0.080307,0.805469,81.756,102.172,0.3704,0.87622,0.944595,A,0.001,-0.024977
10581.609,0.66484,196.181,3.7368,20,0.7276,14.551,1.92108,7.49473,2836.001,7745.608,10597.642,0.183171,0.841205,84.653,104.382,0.26801,1.00152,0.92616,A,0.0,-0.040389
9549.391,0.44613,183.187,1.4701,26,0.6591,17.137,1.94093,6.76359,4383.451,5165.94,6444.011,0.089873,0.748431,82.972,103.193,0.45903,0.67481,0.90753,A,0.0,-0.033725
9250.082,0.58058,161.054,2.084,26,0.871,22.645,1.97878,10.44336,3014.535,6235.547,6282.193,0.045028,0.839492,81.542,102.72,0.32589,0.67915,0.974725,A,0.0,-0.017697
8682.131,0.61037,165.333,3.6727,19,0.699,13.28,1.97101,7.08277,2663.044,6019.087,9780.481,0.160222,0.809536,83.232,102.74,0.30673,1.12651,0.919485,A,-0.0,-0.033551
12313.192,0.49687,178.615,2.3281,23,0.8461,19.461,1.9483,9.07961,5227.862,7085.33,12170.762,0.052156,0.825005,82.309,103.487,0.42457,0.98843,0.955433,A,0.0,-0.041338
7449.355,0.68327,138.7,3.7483,19,0.8306,15.781,2.02364,8.78116,1784.338,5665.016,6688.238,0.121871,0.860099,81.594,101.622,0.23953,0.89783,0.957277,A,0.001,-0.012862
10449.955,0.39098,199.854,1.3875,17,0.8483,14.42,1.91574,5.44817,4229.17,6220.786,5868.005,0.145447,0.557913,84.277,102.669,0.40471,0.56153,0.849449,A,-0.001,-0.054063
9963.938,0.60773,148.794,1.5451,16,0.8838,14.141,2.00242,5.96117,3070.996,6892.942,4745.069,0.244497,0.769553,83.664,101.603,0.30821,0.47622,0.876002,A,0.0,0.050537
9616.567,0.69729,165.448,3.7021,17,0.8783,14.931,1.97081,7.97557,2326.815,7289.752,8614.06,0.174717,0.864088,83.428,103.106,0.24196,0.89575,0.939373,A,-0.0,0.014641
7650.389,0.39468,181.752,3.6819,21,0.7926,16.645,1.94322,8.69619,3736.07,3914.319,13755.754,0.035804,0.737223,82.207,103.053,0.48835,1.79805,0.9557,A,0.0,-0.036716
8147.462,0.55649,161.522,2.4242,25,0.8715,21.786,1.97792,10.51982,2512.265,5635.197,6090.225,0.042908,0.785454,81.533,102.387,0.30835,0.7475,0.976225,A,0.0,-0.003163
11472.497,0.50695,198.908,1.9283,18,0.8082,14.548,1.91711,6.23463,4021.585,7450.912,7754.787,0.17034,0.688633,84.575,103.491,0.35054,0.67595,0.882215,A,0.0,0.001682
8959.401,0.45296,167.238,1.5541,24,0.8791,21.098,1.96763,8.68878,3538.007,5421.393,5498.36,0.053099,0.71391,81.893,102.204,0.39489,0.6137,0.953708,A,0.001,-0.001033
11318.647,0.50334,169.983,1.4197,24,0.7633,18.319,1.96283,7.24842,4144.845,7173.802,5884.535,0.113035,0.728844,82.79,102.438,0.3662,0.5199,0.917763,A,0.0,0.032682
11004.593,0.47839,203.734,2.1067,20,0.6652,13.304,1.91022,5.83883,4186.4,6818.194,8819.516,0.167838,0.669069,84.7,103.565,0.38042,0.80144,0.866533,A,-0.001,0.008001
10869.076,0.57147,156.222,1.4756,21,0.8307,17.445,1.98784,7.14429,3336.809,7532.267,4923.768,0.156705,0.755218,82.819,101.911,0.307,0.45301,0.915817,A,-0.0,-0.047412
11142.237,0.67678,159.748,3.0032,17,0.8976,15.259,1.9812,7.82669,2705.888,8436.349,8126.352,0.186237,0.834124,83.353,102.617,0.24285,0.72933,0.933173,A,-0.0,-0.05448
8184.6,0.45484,190.815,3.6309,18,0.8028,14.45,1.92909,7.44399,3645.563,4539.037,13236.518,0.071328,0.76286,82.995,103.631,0.44542,1.61725,0.930149,A,0.0,0.002981
9288.91,0.30143,150.086,1.9621,19,0.7715,14.658,1.99983,6.72933,4533.749,4755.161,8895.886,0.05734,0.534162,81.249,100.12,0.48808,0.95769,0.907156,A,0.0,-0.035336
11017.901,0.63515,168.995,3.1347,22,0.8148,17.926,1.96455,9.17737,2405.623,8612.278,7540.91,0.120732,0.77884,82.853,102.72,0.21834,0.68442,0.958497,A,0.0,-0.002453
8106.457,0.57272,182.229,3.4083,23,0.7884,18.132,1.94246,9.30808,2671.253,5435.204,9104.304,0.063067,0.823204,82.584,103.643,0.32952,1.12309,0.963714,A,0.0,-0.019534
12496.9,0.46258,174.634,2.5499,18,0.8306,14.951,1.9549,7.19873,4329.939,8166.961,11040.774,0.115517,0.646579,82.998,102.121,0.34648,0.88348,0.913475,A,-0.0,0.048962
9160.542,0.3157,185.72,1.7231,18,0.7324,13.184,1.93693,5.51504,4743.419,4417.124,8173.377,0.086243,0.562108,83.014,102.079,0.51781,0.89224,0.858545,A,-0.001,-0.004313
9903.533,0.67195,169.555,3.8677,20,0.7007,14.013,1.96357,7.51299,2529.656,7373.877,9783.878,0.189152,0.83758,83.778,103.135,0.25543,0.98792,0.928097,A,0.0,-0.02239
8462.311,0.54499,180.394,1.6632,26,0.704,18.303,1.94541,7.60669,2866.285,5596.026,4767.339,0.107104,0.769277,83.099,103.202,0.33871,0.56336,0.933435,A,0.0,-0.00981
10548.713,0.51304,147.232,3.2572,26,0.7104,18.469,2.0056,9.83435,4044.105,6504.608,13172.305,0.043527,0.804942,80.943,101.749,0.38337,1.24871,0.967473,A,0.0,0.051786
8899.29,0.59702,141.666,3.8736,19,0.7227,13.731,2.01722,7.65835,2604.706,6294.583,10089.564,0.135178,0.788124,81.905,101.321,0.29269,1.13375,0.933729,A,0.001,0.043236
9636.246,0.52445,212.19,3.3654,20,0.796,15.92,1.89861,7.86866,3196.021,6440.225,10756.025,0.099582,0.735302,84.068,104.347,0.33167,1.1162,0.937024,A,-0.0,-0.047271
8291.915,0.67399,167.204,1.7119,17,0.6914,11.753,1.96769,5.02187,2032.006,6259.909,3478.55,0.449983,0.746698,87.13,102.419,0.24506,0.41951,0.836388,A,0.0,0.038104
11787.635,0.63126,203.805,1.8967,22,0.8109,17.841,1.91012,7.56006,3732.734,8054.901,7079.925,0.148984,0.854746,84.453,104.793,0.31667,0.60062,0.925263,A,0.0,0.050418
7551.06,0.37347,145.049,3.1177,17,0.8063,13.707,2.01009,7.24584,4007.58,3543.48,12494.471,0.051624,0.737471,80.954,101.181,0.53073,1.65466,0.926638,A,0.0,-0.006671
10676.679,0.3437,167.027,3.3331,21,0.8038,16.879,1.968,8.79037,5419.941,5256.738,18065.371,0.031855,0.665217,81.604,101.872,0.50764,1.69204,0.952949,A,0.0,0.05087
10355.605,0.65331,180.858,3.4133,17,0.7636,12.98,1.94466,6.67693,2756.693,7598.912,9409.49,0.239662,0.803368,84.866,103.448,0.2662,0.90864,0.902345,A,0.0,0.023009
10656.699,0.66973,213.83,3.1386,22,0.7761,17.074,1.89641,8.28657,2719.317,7937.381,8534.923,0.147214,0.848739,84.747,105.161,0.25517,0.8009,0.94391,A,0.001,0.024676
8469.022,0.52093,200.167,1.9149,23,0.8507,19.566,1.91529,8.35324,2651.104,5817.917,5076.47,0.08532,0.719434,83.494,103.748,0.31304,0.59942,0.94873,A,0.001,-0.031862
11550.611,0.44676,155.948,1.8879,25,0.8772,21.93,1.98837,9.8536,4915.008,6635.603,9278.918,0.034924,0.751815,81.2,101.874,0.42552,0.80333,0.966736,A,0.0,-0.046638
11446.581,0.60137,198.721,1.1132,21,0.8997,18.894,1.91738,6.47912,3185.172,8261.408,3545.708,0.233501,0.743204,85.402,103.844,0.27826,0.30976,0.891955,A,0.001,-0.021902
10239.372,0.59562,185.448,1.1496,27,0.8839,23.866,1.93736,8.44082,3107.486,7131.886,3572.475,0.103017,0.81025,83.226,103.704,0.30348,0.3489,0.94751,A,0.0,0.040234
10468.993,0.65209,179.279,2.7832,27,0.7139,19.276,1.94722,9.44994,2897.996,7570.997,8065.621,0.087451,0.868225,82.799,103.803,0.27682,0.77043,0.962877,A,0.0,-0.035873
9763.961,0.68281,209.057,3.4466,22,0.7595,16.709,1.90285,8.33212,1974.915,7789.046,6806.837,0.181461,0.809929,85.05,104.713,0.20227,0.69714,0.946247,A,0.0,-0.014078
10964.576,0.57975,173.439,2.0592,26,0.6722,17.477,1.95691,7.89799,3831.175,7133.401,7889.037,0.10759,0.833333,82.849,103.296,0.34941,0.7195,0.935156,A,-0.0,0.018362
8768.201,0.50774,168.786,3.5333,25,0.8033,20.084,1.96491,10.57311,3311.298,5456.903,11699.895,0.031993,0.796433,81.674,102.825,0.37765,1.33436,0.976204,A,-0.0,-0.029608
10832.284,0.45407,128.656,2.9833,23,0.8594,19.766,2.04658,10.602,4069.741,6762.544,12141.41,0.0303,0.709095,79.906,100.011,0.3757,1.12085,0.974929,A,-0.001,0.015906
10609.49,0.56968,182.545,1.0746,16,0.8605,13.767,1.94195,4.73305,3500.7,7108.789,3761.978,0.335431,0.685039,86.19,102.745,0.32996,0.35459,0.805719,A,0.001,-0.026746
7884.957,0.48603,140.774,3.5888,22,0.8294,18.247,2.01914,10.0275,3319.936,4565.021,11914.483,0.032334,0.815988,80.507,101.453,0.42105,1.51104,0.97199,A,0.0,-0.023516
7000.0,0.35235,189.184,1.9711,16,0.8267,13.227,1.93157,5.77678,3320.737,3679.263,6545.462,0.089494,0.589594,83.178,102.415,0.47439,0.93507,0.879509,A,0.0,-0.007426
9824.155,0.67989,136.675,3.4905,20,0.8983,17.965,2.02811,9.87449,3130.124,6694.031,10925.758,0.066976,0.966483,80.776,102.204,0.31862,1.11213,0.968613,A,0.0,0.034395
9757.66,0.30096,158.36,1.5377,16,0.8052,12.883,1.9838,5.34744,5014.794,4742.866,7711.423,0.089454,0.524585,82.019,100.501,0.51393,0.79029,0.847242,A,0.0,0.035611
11827.076,0.69159,204.155,2.0519,22,0.7227,15.9,1.90963,6.91581,2846.081,8980.995,5839.976,0.269419,0.825374,86.054,104.614,0.24064,0.49378,0.906255,A,-0.0,0.019427
10086.395,0.68672,166.209,2.9997,18,0.8736,15.724,1.96945,7.99274,2020.121,8066.274,6059.726,0.209577,0.806221,83.918,102.762,0.20028,0.60078,0.938877,A,0.0,-0.041215
9253.304,0.54414,159.644,2.4314,27,0.8357,22.564,1.98139,10.93273,3388.185,5865.119,8237.873,0.031652,0.840204,81.308,102.651,0.36616,0.89026,0.978701,A,0.0,-0.046437
7960.302,0.4861,186.004,3.5432,21,0.81,17.01,1.93649,8.76728,3172.597,4787.705,11241.029,0.053231,0.772942,82.588,103.483,0.39855,1.41214,0.956356,A,0.0,0.004013
9867.604,0.35593,136.712,3.0379,25,0.7128,17.819,2.02802,9.4789,4102.646,5764.959,12463.452,0.0309,0.587233,80.301,99.703,0.41577,1.26307,0.963905,A,-0.001,0.030362
9124.243,0.63533,187.958,3.683,23,0.7572,17.414,1.93346,9.02978,2384.289,6739.954,8781.393,0.100396,0.824561,83.279,103.911,0.26131,0.96242,0.958706,A,0.0,0.029017
8345.92,0.6207,175.62,3.9573,20,0.8094,16.187,1.95325,8.65122,2645.619,5700.301,10469.579,0.090098,0.866968,82.699,103.622,0.317,1.25445,0.953987,A,0.0,-0.030994
9819.375,0.3215,185.314,1.7827,27,0.7667,20.7,1.93757,8.77124,5281.63,4537.745,9415.323,0.027598,0.663574,82.226,102.73,0.53788,0.95885,0.953827,A,0.0,0.037037
11585.481,0.59079,155.247,3.2563,20,0.7572,15.143,1.98971,7.97061,2859.674,8725.807,9311.823,0.154047,0.733918,82.743,101.718,0.24683,0.80375,0.935639,A,0.0,0.035297
10139.144,0.32004,161.878,1.7891,27,0.6516,17.595,1.97727,7.69392,4780.495,5358.649,8552.578,0.046136,0.564388,81.59,100.946,0.47149,0.84352,0.932031,A,0.0,0.021537
8426.406,0.50296,136.0,2.4499,22,0.827,18.195,2.02961,9.14601,3061.031,5365.375,7499.294,0.053713,0.759257,80.569,100.796,0.36327,0.88998,0.961205,A,0.0,0.029477
10490.909,0.44002,207.586,2.9622,19,0.8802,16.724,1.90486,8.05693,4755.712,5735.197,14087.513,0.058714,0.756203,83.383,104.299,0.45332,1.34283,0.939512,A,0.0,0.009727
8352.898,0.44262,168.987,3.3368,25,0.8644,21.609,1.96456,11.22723,3363.904,4988.994,11224.66,0.020532,0.727217,81.531,102.378,0.40272,1.3438,0.981318,A,0.0,0.010786
7633.484,0.59103,142.14,3.1781,21,0.674,14.155,2.01621,7.54985,2281.715,5351.768,7251.435,0.130765,0.787269,81.869,101.343,0.29891,0.94995,0.933867,A,0.001,-0.031455
10741.382,0.40249,161.276,3.76,19,0.8034,15.264,1.97837,8.22622,4188.508,6552.874,15748.68,0.059279,0.621866,81.739,101.295,0.38994,1.46617,0.942569,A,0.0,-0.001267
9174.474,0.34172,139.731,2.0598,24,0.8858,21.26,2.02139,10.07247,4218.46,4956.014,8689.26,0.021338,0.614423,80.315,100.062,0.4598,0.94711,0.971288,A,0.0,-0.001234
11670.356,0.31341,138.767,1.5343,16,0.8722,13.954,2.02349,5.95448,6228.005,5442.351,9555.55,0.076733,0.584255,81.002,99.806,0.53366,0.81879,0.869342,A,0.0,-0.008017
10466.534,0.61201,162.312,3.8266,16,0.8059,12.895,1.97647,6.96514,3420.041,7046.493,13086.961,0.165898,0.828525,83.188,102.712,0.32676,1.25036,0.911424,A,0.0,0.049899
8790.37,0.59277,162.267,2.8099,22,0.6669,14.672,1.97656,7.37285,2670.597,6119.773,7504.141,0.142408,0.789301,82.876,102.451,0.30381,0.85368,0.927012,A,0.0,0.010299
10328.958,0.40718,156.162,3.4799,22,0.8562,18.836,1.98796,10.05326,4227.213,6101.745,14710.338,0.02978,0.66864,81.141,101.336,0.40926,1.42418,0.970068,A,0.0,-0.012062
11943.272,0.44205,199.892,2.3828,25,0.8385,20.963,1.91569,9.59922,5214.288,6728.984,12424.739,0.03723,0.755738,82.85,103.976,0.43659,1.04031,0.96323,A,0.0,0.046535
9716.93,0.5663,154.064,3.5311,27,0.8555,23.099,1.992,12.40546,3475.753,6241.177,12273.122,0.020425,0.870304,80.93,102.555,0.3577,1.26307,0.987099,A,0.0,-0.016104
8408.304,0.32455,180.866,2.9566,24,0.7994,19.187,1.94464,9.53541,4419.066,3989.238,13065.325,0.020893,0.660923,81.978,102.509,0.52556,1.55386,0.966167,A,0.0,0.008371
9007.813,0.62751,154.061,1.0813,18,0.8822,15.88,1.992,5.68553,2154.644,6853.169,2329.77,0.347954,0.7154,85.254,101.533,0.2392,0.25864,0.867365,A,0.0,0.018635
8780.409,0.52002,171.799,3.5277,20,0.7199,14.398,1.9597,7.54748,3240.358,5540.051,11430.959,0.096719,0.767608,82.644,102.783,0.36904,1.30187,0.931361,A,0.0,-0.003365
8228.518,0.47645,130.778,3.1038,26,0.8261,21.478,2.04157,11.59381,3612.434,4616.084,11212.275,0.017763,0.835399,79.845,100.978,0.43901,1.36261,0.983632,A,0.0,0.037778
8061.273,0.30192,156.493,2.1101,17,0.8103,13.776,1.98733,6.41895,4216.42,3844.853,8897.056,0.057495,0.569965,81.521,100.702,0.52305,1.10368,0.900396,A,0.0,0.004836
10633.569,0.65537,143.164,2.9313,19,0.8418,15.994,2.01404,8.34952,3173.702,7459.868,9302.916,0.120399,0.882963,81.778,102.033,0.29846,0.87486,0.945169,A,-0.001,0.02414
11664.184,0.34138,194.612,2.8352,16,0.6878,11.005,1.92339,5.3213,5791.341,5872.842,16419.527,0.112105,0.567482,83.662,102.508,0.49651,1.40769,0.836956,A,0.001,-0.051273
9457.175,0.62411,164.6,3.4326,16,0.7011,11.217,1.97233,5.90002,2578.637,6878.538,8851.326,0.285548,0.751028,84.858,102.317,0.27266,0.93594,0.875248,A,0.0,0.018214
11179.873,0.58791,151.618,1.6664,17,0.8214,13.963,1.99678,6.03469,2843.696,8336.178,4738.717,0.28952,0.689698,84.379,101.231,0.25436,0.42386,0.874739,A,-0.001,0.006975
11362.295,0.57939,191.287,3.631,21,0.7977,16.753,1.92837,8.62555,3863.476,7498.819,14028.412,0.086646,0.833261,83.213,104.117,0.34003,1.23465,0.949151,A,0.0,-0.02806
12525.941,0.45845,203.487,2.7664,22,0.8968,19.729,1.91057,9.38161,4099.872,8426.069,11341.817,0.056496,0.654023,83.222,103.455,0.32731,0.90547,0.959664,A,0.0,0.048357
9720.478,0.49119,168.45,2.1904,24,0.7217,17.321,1.9655,8.03573,3682.285,6038.193,8065.513,0.077216,0.743646,82.258,102.46,0.37882,0.82974,0.940449,A,0.0,-0.007801
9475.875,0.59208,160.712,2.5215,27,0.7724,20.853,1.97941,10.19532,2901.562,6574.313,7316.173,0.053674,0.829701,81.642,102.637,0.30621,0.77208,0.972241,A,0.0,0.023561
10631.869,0.62171,179.33,1.0438,27,0.8128,21.945,1.94713,7.46851,2702.721,7929.148,2821.192,0.182522,0.771411,84.056,103.166,0.25421,0.26535,0.925369,A,0.0,0.001246
10146.365,0.35281,177.349,3.6744,27,0.6591,17.796,1.95038,9.34499,4925.5,5220.865,18098.178,0.027723,0.659508,81.94,102.335,0.48544,1.78371,0.961855,A,0.0,-0.012835
10453.056,0.65926,149.199,1.935,20,0.7814,15.629,2.00161,7.1503,2587.318,7865.737,5006.518,0.221027,0.803409,83.371,101.849,0.24752,0.47895,0.917016,A,0.001,0.010666
11944.838,0.4891,150.7,2.8084,17,0.8244,14.014,1.9986,7.1561,4539.898,7404.94,12749.993,0.111279,0.720746,81.987,101.386,0.38007,1.06741,0.913528,A,0.0,-0.055929
9356.094,0.54762,230.0,2.3887,26,0.7758,20.17,1.87579,8.9433,2743.279,6612.815,6552.894,0.080062,0.741588,84.345,105.074,0.29321,0.70039,0.957133,A,0.0,-0.032457
10324.807,0.57924,158.103,1.0777,24,0.8444,20.266,1.98428,7.20343,3294.031,7030.776,3550.025,0.147326,0.781596,82.773,102.184,0.31904,0.34383,0.918854,A,0.0,0.018397
8528.141,0.5205,181.485,2.0941,25,0.8968,22.419,1.94365,10.08388,3161.674,5366.467,6620.946,0.039352,0.803978,82.244,103.481,0.37073,0.77636,0.971971,A,0.0,-0.04221
9760.845,0.41698,164.825,2.5493,19,0.7741,14.708,1.97193,7.17329,4288.121,5472.724,10931.544,0.076532,0.683732,82.108,101.884,0.43932,1.11994,0.919367,A,-0.0,0.022146
8990.036,0.53073,142.185,1.3215,20,0.7865,15.73,2.01612,6.27845,3323.791,5666.245,4392.351,0.154631,0.751348,82.186,101.108,0.36972,0.48858,0.892281,A,0.0,-0.001168
8863.686,0.47417,176.581,2.3568,21,0.6747,14.17,1.95165,6.65225,2965.905,5897.781,6990.027,0.133402,0.645533,83.307,102.206,0.33461,0.78861,0.90586,A,0.0,0.02407
9670.428,0.47274,159.886,2.7395,19,0.8596,16.332,1.98094,8.17864,4047.318,5623.11,11087.767,0.063886,0.767013,81.744,102.181,0.41853,1.14656,0.94344,A,0.0,0.032705
9330.17,0.54457,158.694,3.6121,19,0.8375,15.912,1.98317,8.53265,3009.75,6320.42,10871.474,0.083485,0.764139,81.954,102.1,0.32258,1.1652,0.950547,A,0.0,-0.01772
10557.364,0.66139,199.114,3.6429,18,0.6607,11.893,1.91681,6.07175,2686.148,7871.217,9785.327,0.315618,0.779391,86.499,104.099,0.25443,0.92687,0.878584,A,-0.001,-0.017372
11205.753,0.36507,172.137,3.9238,26,0.8701,22.622,1.95913,12.12347,4975.429,6230.324,19522.749,0.012235,0.646839,81.541,102.002,0.44401,1.74221,0.985119,A,0.0,-0.006672
7761.456,0.3356,172.281,3.5527,25,0.7081,17.704,1.95888,9.28889,3690.257,4071.2,13110.371,0.025502,0.616677,81.722,101.81,0.47546,1.68916,0.96387,A,-0.001,0.020297
11505.038,0.47022,123.747,1.7377,26,0.8048,20.926,2.05856,9.58977,4261.866,7243.172,7405.708,0.046248,0.719686,79.869,99.764,0.37043,0.64369,0.963566,A,0.0,-0.013294
7000.0,0.47905,176.437,2.8283,19,0.7172,13.627,1.95189,6.73299,2586.925,4413.075,7316.499,0.111764,0.694355,83.016,102.522,0.36956,1.04521,0.91378,A,0.0,-0.015777
10371.179,0.58961,169.603,2.9839,26,0.8214,21.357,1.96349,10.79321,3830.284,6540.895,11429.373,0.036929,0.913258,81.771,103.637,0.36932,1.10203,0.976868,A,0.0,-0.022394
11065.441,0.4604,155.347,1.8286,16,0.6902,11.043,1.98952,4.91105,5335.989,5729.452,9757.505,0.176627,0.724682,83.046,101.663,0.48222,0.8818,0.815001,A,0.0,0.018573
9023.93,0.50127,161.298,2.4001,24,0.8429,20.23,1.97833,9.74247,3624.83,5399.101,8699.941,0.04003,0.810936,81.486,102.544,0.40169,0.9641,0.967922,A,-0.001,-0.001922
9656.35,0.46704,180.255,1.586,18,0.8927,16.068,1.94563,6.55897,3847.615,5808.735,6102.143,0.116814,0.699032,83.222,102.732,0.39845,0.63193,0.900341,A,0.0,-0.045239
8827.342,0.32238,151.169,1.1527,19,0.7949,15.103,1.99767,5.59643,4644.4,4182.942,5353.792,0.083377,0.587759,81.639,100.534,0.52614,0.6065,0.863927,A,0.0,-0.039432
11342.126,0.49665,168.58,1.3488,22,0.6798,14.956,1.96527,5.80275,4555.848,6786.278,6145.048,0.168765,0.716767,83.472,102.289,0.40167,0.54179,0.863508,A,0.0,0.019067
7000.0,0.67066,131.92,2.4189,27,0.7769,20.976,2.03891,10.57251,1922.953,5077.047,4651.504,0.054906,0.903878,80.39,101.501,0.27471,0.6645,0.97751,A,0.0,0.007254
8543.191,0.48869,154.79,2.4621,23,0.8261,19.001,1.99059,9.30273,3490.981,5052.21,8595.064,0.044082,0.795909,81.273,102.103,0.40863,1.00607,0.963141,A,0.0,-0.016824
7094.511,0.58578,156.665,1.9874,25,0.8113,20.282,1.987,9.26445,2126.128,4968.383,4225.55,0.0697,0.806626,81.689,102.273,0.29969,0.59561,0.964341,A,0.0,0.004626
10282.595,0.43169,167.87,3.7064,19,0.8052,15.299,1.96652,8.14769,4410.283,5872.312,16346.203,0.058615,0.711889,81.99,102.222,0.42891,1.5897,0.941764,A,-0.0,-0.04962
11948.828,0.30145,220.715,2.5746,18,0.7729,13.912,1.88742,6.36473,5696.988,6251.839,14667.736,0.07213,0.510422,83.966,103.197,0.47678,1.22755,0.885918,A,0.001,-0.02571
11787.366,0.6783,230.0,3.6356,27,0.7064,19.074,1.87579,9.40964,2721.042,9066.324,9892.646,0.114945,0.847371,84.806,105.773,0.23084,0.83926,0.960881,A,0.0,0.060151
11002.227,0.5829,142.869,1.9125,26,0.6913,17.975,2.01467,8.26755,3353.623,7648.604,6413.956,0.109077,0.790653,81.615,101.407,0.30481,0.58297,0.942961,A,0.0,0.003284
10372.34,0.35427,199.232,3.2018,21,0.7936,16.666,1.91664,8.26196,4711.413,5660.926,15084.841,0.043757,0.612708,82.915,103.004,0.45423,1.45433,0.943898,A,0.001,-0.043054
8850.907,0.6865,190.621,1.6422,19,0.669,12.711,1.92938,5.19206,2760.747,6090.161,4533.615,0.345269,0.841184,86.604,104.14,0.31192,0.51222,0.843124,A,-0.001,0.001309
11827.619,0.64549,198.021,3.4459,20,0.6543,13.085,1.91839,6.60734,2933.107,8894.513,10107.186,0.271835,0.768708,85.885,103.982,0.24799,0.85454,0.895565,A,-0.001,0.005348
10934.971,0.367,192.171,1.1072,19,0.7992,15.186,1.92704,5.23413,4938.785,5996.186,5468.238,0.133744,0.559124,83.865,102.346,0.45165,0.50007,0.835408,A,0.0,-0.010005
8733.541,0.5584,169.613,3.214,19,0.6983,13.267,1.96347,6.82734,2638.365,6095.177,8479.719,0.163006,0.729551,83.435,102.425,0.3021,0.97094,0.911814,A,-0.001,-0.002506
8080.653,0.61012,181.304,2.0911,17,0.7446,12.658,1.94394,5.6919,2241.999,5838.654,4688.171,0.282671,0.735851,85.449,103.023,0.27745,0.58017,0.871454,A,0.0,0.040524
9056.986,0.44665,190.906,1.5526,19,0.7165,13.614,1.92895,5.44019,3578.099,5478.887,5555.385,0.163647,0.631466,84.216,102.768,0.39507,0.61338,0.855252,A,0.0,0.026772
11622.72,0.46445,150.139,1.5944,18,0.8416,15.149,1.99972,6.45204,4922.585,6700.134,7848.758,0.120218,0.717363,82.081,101.332,0.42353,0.67529,0.890374,A,0.001,-0.039246
11876.29,0.67173,169.5,1.4451,16,0.6571,10.513,1.96367,4.19292,3003.118,8873.172,4339.911,0.646768,0.680177,89.817,102.093,0.25287,0.36543,0.75653,A,0.0,0.012148
12423.693,0.54981,177.957,1.9427,22,0.7926,17.437,1.94938,7.68399,4069.863,8353.83,7906.62,0.122286,0.758095,83.211,103.014,0.32759,0.63641,0.92714,A,0.0,-0.013372
8836.866,0.62933,206.915,2.8566,18,0.6649,11.969,1.90579,5.71724,2381.949,6454.917,6804.372,0.304636,0.749148,86.608,104.225,0.26955,0.77,0.869522,A,0.0,-0.010697
9460.215,0.68217,188.701,2.6761,17,0.8563,14.557,1.93231,6.98063,2314.842,7145.374,6194.854,0.238289,0.825968,85.125,103.954,0.24469,0.65483,0.914526,A,-0.001,0.023209
12074.056,0.61255,150.93,2.0544,18,0.8839,15.911,1.99815,7.40777,3301.641,8772.415,6782.918,0.178023,0.77609,82.878,101.763,0.27345,0.56178,0.920529,A,0.0,0.01141
10330.083,0.52958,179.994,3.8818,22,0.7392,16.262,1.94605,8.60944,3397.678,6932.405,13189.235,0.079887,0.749988,82.725,103.056,0.32891,1.27678,0.950384,A,0.0,-0.045508
11146.332,0.47252,169.446,3.2714,27,0.7061,19.065,1.96376,9.85391,4117.61,7028.722,13470.235,0.04205,0.724695,81.832,102.384,0.36941,1.20849,0.967125,A,0.0,0.039606
8018.579,0.63735,165.798,3.8995,16,0.8677,13.883,1.97018,7.49292,2207.635,5810.944,8608.767,0.158119,0.819409,83.223,102.828,0.27531,1.0736,0.931697,A,-0.0,0.032475
9445.912,0.39894,170.501,3.7862,25,0.7997,19.993,1.96194,10.65895,4049.918,5395.994,15333.973,0.02194,0.681898,81.607,102.154,0.42875,1.62334,0.976421,A,0.0,-0.020584
9976.317,0.30375,162.981,2.6286,23,0.8344,19.192,1.97526,9.46372,5638.6,4337.716,14821.755,0.019565,0.673156,81.283,101.72,0.5652,1.48569,0.963594,A,0.001,0.027528
9469.126,0.6573,184.188,3.7778,20,0.7704,15.409,1.93934,8.06982,2888.209,6580.916,10910.944,0.125845,0.890547,83.483,104.177,0.30501,1.15227,0.941603,A,0.001,-0.025143
9379.404,0.31364,182.148,3.339,21,0.7936,16.666,1.94258,8.51604,4595.112,4784.292,15343.235,0.031892,0.58425,82.169,102.062,0.48992,1.63584,0.950183,A,0.0,-0.013642
7551.49,0.68819,172.439,3.7649,25,0.8177,20.442,1.95861,10.85804,1631.12,5920.37,6140.981,0.066019,0.859609,82.263,103.421,0.216,0.81321,0.979279,A,0.0,-0.028344
12446.656,0.3279,181.192,3.3966,23,0.7752,17.829,1.94412,9.15695,6493.355,5953.301,22055.355,0.027366,0.655705,82.075,102.489,0.52169,1.77199,0.956461,A,0.0,-0.047883
10223.478,0.30295,151.302,1.4529,16,0.8905,14.248,1.99741,5.83875,4985.957,5237.521,7244.139,0.081026,0.514225,81.614,100.055,0.4877,0.70858,0.869565,A,0.0,-0.053728
7820.041,0.36894,181.364,3.879,18,0.7469,13.444,1.94384,7.10432,4209.24,3610.801,16327.803,0.053298,0.736903,82.424,103.033,0.53826,2.08794,0.922241,A,0.0,-0.028236
11621.13,0.62612,181.232,1.7892,19,0.6767,12.858,1.94405,5.48313,3811.092,7810.038,6818.868,0.293782,0.788287,85.593,103.366,0.32795,0.58676,0.846124,A,0.0,0.040261
10108.651,0.6053,166.127,2.3199,20,0.7202,14.404,1.9696,6.82262,2863.895,7244.756,6643.861,0.196816,0.766776,83.747,102.497,0.28331,0.65725,0.90788,A,0.0,0.001065
11085.733,0.33263,176.363,3.5957,20,0.8802,17.603,1.95201,9.21214,5422.154,5663.579,19496.394,0.027939,0.624337,81.906,102.056,0.48911,1.75869,0.958918,A,0.0,-0.024115
9723.757,0.5969,155.444,2.0703,23,0.7494,17.235,1.98933,7.99357,2976.396,6747.36,6162.169,0.117865,0.808212,82.274,102.219,0.3061,0.63372,0.939558,A,0.001,0.000318
8840.552,0.39435,175.465,1.4778,26,0.7837,20.375,1.95351,8.13726,4233.834,4606.718,6256.754,0.046065,0.714449,82.112,102.608,0.47891,0.70773,0.944058,A,0.0,-0.02495
8878.975,0.62546,154.474,1.6645,21,0.8886,18.66,1.9912,8.02848,3103.169,5775.805,5165.155,0.104123,0.90556,82.052,102.81,0.3495,0.58173,0.941818,A,0.001,-0.005538
10534.047,0.3732,208.482,3.6481,18,0.83,14.94,1.90363,7.54853,5258.641,5275.406,19183.857,0.054096,0.691286,83.35,103.907,0.4992,1.82113,0.927639,A,0.0,0.020585
11182.287,0.42497,159.671,3.942,19,0.8151,15.487,1.98134,8.44699,4809.903,6372.384,18960.569,0.053201,0.705582,81.594,101.764,0.43014,1.69559,0.946152,A,0.0,0.005409
10756.185,0.3249,183.269,1.836,20,0.8154,16.308,1.9408,7.00066,5251.231,5504.955,9641.43,0.058717,0.578808,82.564,102.077,0.48821,0.89636,0.911769,A,-0.001,0.035982
10991.21,0.68067,167.996,1.7291,24,0.871,20.903,1.9663,8.95477,2811.27,8179.94,4860.845,0.119304,0.8736,82.796,103.296,0.25577,0.44225,0.955169,A,0.0,-0.004429
11829.874,0.33207,189.999,1.9159,26,0.7189,18.691,1.93033,8.07706,6042.552,5787.321,11577.061,0.040594,0.636398,82.561,102.76,0.51079,0.97863,0.937559,A,0.001,0.015394
10458.443,0.57751,159.47,2.8764,22,0.8502,18.704,1.98172,9.49263,2928.302,7530.141,8422.889,0.075411,0.772765,81.879,102.197,0.27999,0.80537,0.963439,A,0.0,-0.000175
11536.17,0.60734,172.581,2.4236,17,0.8014,13.624,1.95837,6.48218,3674.809,7861.361,8906.238,0.206308,0.794807,84.12,103.0,0.31855,0.77203,0.891793,A,0.0,-0.02976
11694.214,0.47439,163.266,1.4759,16,0.7581,12.129,1.97474,4.91966,4324.581,7369.633,6382.729,0.240928,0.611381,84.216,101.327,0.36981,0.5458,0.812186,A,0.0,0.051935
10474.935,0.59235,170.064,3.9818,26,0.8089,21.032,1.96269,11.33554,3193.614,7281.322,12716.24,0.037287,0.835804,81.793,103.148,0.30488,1.21397,0.980809,A,-0.001,-0.010591
9924.993,0.58694,177.689,1.1176,27,0.7882,21.281,1.94982,7.49962,3118.454,6806.539,3485.145,0.135032,0.793977,83.369,103.238,0.3142,0.35115,0.927714,A,0.0,0.048895
9389.663,0.58623,218.148,2.5119,21,0.8021,16.843,1.89074,7.67371,2907.616,6482.047,7303.686,0.126686,0.792367,84.609,104.959,0.30966,0.77784,0.933082,A,0.0,-0.012235
8239.701,0.44035,201.967,2.3524,24,0.7542,18.1,1.91272,8.2368,3215.285,5024.417,7563.746,0.059828,0.683857,83.216,103.589,0.39022,0.91796,0.946983,A,-0.001,0.005528
7710.741,0.47029,152.546,2.6151,18,0.7257,13.063,1.99496,6.52606,3095.066,4615.675,8094.041,0.111152,0.71112,82.064,101.423,0.4014,1.04971,0.905132,A,0.0,-0.037197
12018.397,0.37845,175.473,3.5616,24,0.7869,18.885,1.95349,9.87337,5311.599,6706.798,18917.768,0.028667,0.655468,81.883,102.219,0.44196,1.57407,0.966523,A,0.0,0.003265
10031.442,0.41009,193.754,2.6536,16,0.8545,13.671,1.92467,6.50128,4397.178,5634.265,11668.274,0.09622,0.655045,83.424,103.048,0.43834,1.16317,0.897152,A,-0.001,0.000466
9230.233,0.41096,198.029,2.3968,22,0.8884,19.544,1.91838,8.9844,3706.153,5524.08,8883.069,0.043081,0.657773,82.866,103.25,0.40152,0.96239,0.957908,A,0.0,0.001102
12421.452,0.36719,187.083,1.0749,18,0.7062,12.711,1.93481,4.34614,6207.894,6213.558,6673.117,0.172167,0.562038,84.196,102.14,0.49977,0.53723,0.765669,A,-0.0,-0.017238
11514.028,0.58462,175.17,1.75,22,0.6744,14.837,1.954,6.32476,3028.564,8485.464,5299.859,0.253964,0.702635,84.846,102.516,0.26303,0.4603,0.885736,A,0.0,0.000824
10148.578,0.48677,175.298,2.3548,17,0.6598,11.217,1.95379,5.27343,3097.563,7051.015,7294.142,0.252965,0.589479,84.837,101.775,0.30522,0.71874,0.841381,A,-0.0,0.023018
11569.696,0.6839,186.367,1.5056,18,0.7094,12.769,1.93592,5.06864,2884.347,8685.349,4342.59,0.487304,0.749182,88.331,103.343,0.2493,0.37534,0.822362,A,0.0,0.054129
9778.237,0.50002,163.848,1.7001,22,0.6938,15.265,1.97368,6.53471,3403.389,6374.848,5786.131,0.144925,0.689602,82.972,101.873,0.34806,0.59174,0.89912,A,-0.0,-0.030017
10605.433,0.61725,186.168,3.336,20,0.8551,17.103,1.93623,8.69437,3593.476,7011.957,11987.82,0.088455,0.888245,83.059,104.251,0.33883,1.13035,0.951444,A,0.0,0.006854
12800.704,0.57731,185.774,2.7146,22,0.6584,14.484,1.93685,6.99706,4120.908,8679.796,11186.467,0.167924,0.771671,84.094,103.464,0.32193,0.87389,0.90636,A,-0.0,0.028212
11659.82,0.44483,170.042,1.117,26,0.6935,18.031,1.96273,6.41533,4861.044,6798.776,5429.558,0.118608,0.678081,82.866,102.106,0.41691,0.46566,0.888839,A,0.0,-0.041805
9663.494,0.44705,142.95,2.6576,21,0.8747,18.369,2.01449,9.34786,3611.891,6051.603,9598.805,0.044921,0.687059,80.772,100.728,0.37377,0.99331,0.962443,A,0.0,0.006932
11116.803,0.30958,177.487,1.8414,27,0.8772,23.685,1.95015,10.25171,5930.248,5186.555,10919.666,0.016585,0.644596,81.798,102.243,0.53345,0.98227,0.971423,A,0.0,-0.045897
11851.365,0.54348,161.524,2.2028,19,0.8788,16.697,1.97792,7.8325,5003.319,6848.046,11021.316,0.08762,0.876542,82.123,102.988,0.42217,0.92996,0.931937,A,-0.0,-0.010898
9905.144,0.46672,176.809,3.7949,23,0.8268,19.017,1.95127,10.06113,3894.833,6010.312,14780.414,0.034984,0.746488,82.016,102.883,0.39321,1.4922,0.970526,A,-0.001,0.046186
9458.051,0.3615,165.303,1.2746,22,0.8889,19.555,1.97107,7.43575,4428.93,5029.121,5645.048,0.056265,0.630308,81.859,101.555,0.46827,0.59685,0.927117,A,0.0,-0.003509
12901.647,0.32562,173.885,3.5805,19,0.7216,13.711,1.95616,7.19124,6373.238,6528.409,22819.198,0.057831,0.587047,82.209,101.692,0.49399,1.7687,0.912268,A,0.0,-0.019349
9648.555,0.67713,165.386,3.2531,16,0.6911,11.057,1.97092,5.73828,2558.137,7090.418,8321.879,0.339135,0.799078,85.596,102.673,0.26513,0.8625,0.867211,A,0.0,-0.024779
8117.901,0.33759,191.956,3.9967,18,0.8928,16.07,1.92736,8.43385,3951.083,4166.818,15791.198,0.034191,0.625286,82.544,102.773,0.48671,1.94523,0.950707,A,0.0,-0.02224
10318.19,0.36939,153.048,3.1234,17,0.8532,14.505,1.99397,7.58269,5180.312,5137.877,16180.402,0.052272,0.689126,81.308,101.305,0.50206,1.56814,0.928955,A,0.001,0.00631
13000.0,0.69615,197.901,3.3301,19,0.8231,15.639,1.91857,7.83651,2898.105,10101.895,9651.104,0.219173,0.832992,85.186,104.401,0.22293,0.74239,0.929814,A,0.0,-0.034087
11065.061,0.68542,175.856,1.7545,18,0.7896,14.213,1.95286,6.05898,2196.978,8868.083,3854.546,0.427325,0.749356,87.16,102.857,0.19855,0.34835,0.876213,A,-0.0,0.039282
11566.026,0.6722,164.063,3.7363,25,0.6505,16.263,1.9733,8.72017,2932.537,8633.489,10956.957,0.131185,0.855961,82.799,102.982,0.25355,0.94734,0.950518,A,0.0,0.047933
7000.0,0.47244,193.604,3.6488,27,0.7977,21.538,1.92489,11.07065,2896.227,4103.773,10567.847,0.021571,0.790631,82.433,103.937,0.41375,1.50969,0.981108,A,0.0,0.035337
9319.485,0.41312,219.422,2.7558,19,0.793,15.067,1.88909,7.03217,4105.961,5213.524,11315.333,0.078375,0.676744,84.01,104.245,0.44058,1.21416,0.916415,A,0.0,0.039864
11967.762,0.39611,151.325,2.7889,25,0.7471,18.677,1.99736,9.5112,5590.422,6377.34,15591.286,0.032178,0.715136,80.97,101.383,0.46712,1.30277,0.962053,A,0.0,-0.003812
9560.931,0.69446,159.02,1.4954,19,0.8078,15.349,1.98256,6.29502,2135.068,7425.863,3192.715,0.338934,0.796681,85.339,102.331,0.22331,0.33393,0.891012,A,0.0,-0.006956
12147.722,0.52918,174.443,2.6453,17,0.8769,14.908,1.95522,7.25358,4572.46,7575.262,12095.636,0.118168,0.777271,83.026,102.974,0.3764,0.99571,0.915947,A,0.0,-0.018395
10893.439,0.42854,183.239,3.8998,17,0.7114,12.093,1.94085,6.38264,4220.959,6672.48,16460.787,0.121632,0.622683,83.393,102.366,0.38748,1.51107,0.890022,A,0.0,0.0308
10778.375,0.58742,177.314,1.4288,21,0.7539,15.831,1.95044,6.22175,3184.207,7594.168,4549.636,0.230568,0.737045,84.616,102.845,0.29543,0.42211,0.884042,A,0.0,0.013249
12708.401,0.60562,185.523,1.0553,16,0.7157,11.451,1.93724,3.88814,3151.241,9557.16,3325.611,0.677219,0.582014,90.808,102.201,0.24797,0.26169,0.72272,A,0.0,-0.019385
9435.338,0.33563,163.421,2.8088,17,0.8986,15.277,1.97446,7.66422,4756.057,4679.28,13358.829,0.044768,0.63126,81.633,101.466,0.50407,1.41583,0.932765,A,0.001,0.02104
9491.151,0.54175,196.806,2.4629,25,0.8149,20.372,1.92016,9.45272,3378.81,6112.341,8321.549,0.054806,0.810919,82.98,104.209,0.356,0.87677,0.963986,A,0.0,0.038542
10356.078,0.69586,174.507,1.4978,24,0.8465,20.316,1.95511,8.16793,2074.809,8281.27,3107.733,0.201281,0.819771,84.126,103.258,0.20035,0.30009,0.942049,A,-0.001,0.015818
10526.844,0.50123,218.873,2.3997,16,0.7218,11.549,1.8898,5.18863,3999.201,6527.643,9597.054,0.218015,0.674745,85.836,104.21,0.37991,0.91167,0.834757,A,-0.0,-0.010264
7653.408,0.31703,159.8,3.3084,22,0.6969,15.333,1.9811,8.04937,3869.125,3784.283,12800.8,0.034842,0.605537,81.357,101.111,0.50554,1.67256,0.944439,A,0.0,0.02851
12044.884,0.5913,171.356,3.8895,25,0.7068,17.671,1.96046,9.46294,3647.438,8397.446,14186.67,0.075524,0.815326,82.347,103.076,0.30282,1.17782,0.961322,A,0.0,0.014744
10544.246,0.53722,176.225,3.0958,18,0.872,15.695,1.95224,7.93631,3699.855,6844.391,11454.012,0.096754,0.775314,82.81,103.046,0.35089,1.08628,0.936804,A,0.0,0.051902
9953.088,0.3958,164.514,3.309,20,0.7483,14.965,1.97248,7.80669,4616.437,5336.651,15275.64,0.055446,0.690217,81.817,101.911,0.46382,1.53476,0.935025,A,0.0,0.022021
11134.522,0.38549,190.679,2.1731,20,0.7859,15.718,1.92929,7.07413,4781.759,6352.762,10391.228,0.078045,0.616908,83.079,102.662,0.42945,0.93324,0.913055,A,0.001,-0.015195
9609.138,0.46358,147.353,2.498,23,0.6531,15.021,2.00535,7.46412,3898.517,5710.621,9738.604,0.082836,0.723509,81.467,101.219,0.40571,1.01347,0.927505,A,0.0,-0.019049
12015.38,0.39588,158.914,3.1085,20,0.8494,16.988,1.98276,8.79778,5210.298,6805.082,16196.058,0.044529,0.664897,81.449,101.456,0.43364,1.34794,0.951224,A,-0.0,-0.039332
10302.127,0.62441,212.409,3.8576,23,0.8164,18.777,1.89831,9.5577,2857.749,7444.378,11023.936,0.080074,0.833364,83.817,105.003,0.27739,1.07006,0.964427,A,0.0,0.043099
11286.929,0.30386,168.352,2.0316,26,0.7961,20.698,1.96567,9.37424,5786.366,5500.563,11755.737,0.023141,0.599162,81.54,101.502,0.51266,1.04154,0.960957,A,0.0,0.015622
8875.674,0.43331,169.548,1.154,21,0.872,18.311,1.96359,6.61966,3870.855,5004.818,4467.056,0.094642,0.69525,82.53,102.195,0.43612,0.50329,0.904745,A,0.001,-0.026872
9787.665,0.45944,198.993,1.7362,16,0.6758,10.812,1.91698,4.46455,3665.943,6121.723,6364.882,0.25546,0.581594,85.701,102.789,0.37455,0.6503,0.791743,A,-0.001,-0.014358
10761.321,0.53721,157.755,3.9343,24,0.8679,20.83,1.98493,11.38662,3835.907,6925.413,15091.534,0.028652,0.818895,81.192,102.412,0.35645,1.40239,0.980989,A,0.001,-0.003232
8783.921,0.65774,136.64,2.7097,25,0.675,16.876,2.02818,8.71673,1947.805,6836.116,5277.947,0.135235,0.806621,81.675,101.147,0.22175,0.60086,0.954408,A,0.0,-0.029935
9210.785,0.60339,162.313,1.507,24,0.7389,17.734,1.97647,7.26303,2470.264,6740.52,3722.643,0.17288,0.761165,83.28,102.267,0.26819,0.40416,0.923159,A,0.001,-0.011585
10120.312,0.3222,147.537,2.7386,17,0.737,12.529,2.00497,6.38437,4939.082,5181.23,13526.185,0.070925,0.561741,81.318,100.161,0.48804,1.33654,0.892571,A,0.0,-0.049186
11866.125,0.62625,204.606,2.6037,26,0.8102,21.065,1.909,9.84088,2851.005,9015.119,7423.276,0.087876,0.796509,83.672,104.442,0.24026,0.62559,0.966286,A,0.001,0.002446
11337.78,0.55258,178.588,3.5555,23,0.8152,18.749,1.94835,9.76029,4222.019,7115.761,15011.352,0.050687,0.85037,82.289,103.653,0.37238,1.32401,0.965842,A,0.0,-0.000686
11551.263,0.67266,161.204,2.6164,24,0.7185,17.245,1.97851,8.51317,2902.007,8649.256,7592.736,0.142382,0.850584,82.833,102.8,0.25123,0.65731,0.946823,A,0.0,-0.039757
10649.277,0.51345,189.952,3.7129,23,0.7779,17.892,1.9304,9.27128,4177.8,6471.478,15511.959,0.051997,0.811343,82.71,103.913,0.39231,1.45662,0.96027,A,-0.001,0.049834
11545.881,0.36853,189.329,1.3842,21,0.8555,17.967,1.93135,6.86573,5286.268,6259.613,7317.082,0.076178,0.615422,83.007,102.592,0.45785,0.63374,0.90536,A,-0.0,0.00265
12503.053,0.38725,143.922,3.6506,18,0.8608,15.495,2.01245,8.5063,5943.798,6559.254,21698.445,0.044608,0.69775,80.811,100.854,0.47539,1.73545,0.94524,A,0.001,-0.053145
10443.461,0.67791,178.67,1.717,27,0.8129,21.949,1.94821,9.25029,2499.805,7943.656,4292.106,0.112661,0.855783,83.11,103.692,0.23937,0.41099,0.96022,A,0.0,0.050353
10843.326,0.31956,153.788,3.2606,26,0.6809,17.702,1.99253,9.33962,5167.185,5676.14,16848.046,0.026161,0.586642,80.994,100.668,0.47653,1.55377,0.960988,A,0.001,0.052408
11065.114,0.35221,189.954,1.3395,17,0.7941,13.499,1.9304,5.08363,5987.605,5077.509,8020.389,0.113353,0.633876,83.52,102.742,0.54112,0.72484,0.825846,A,0.0,0.019717
7185.964,0.59572,196.182,2.6006,24,0.8512,20.429,1.92108,9.63328,2060.544,5125.42,5358.605,0.065306,0.808964,83.097,104.169,0.28675,0.7457,0.968565,A,0.0,-0.023677
10037.751,0.69243,189.356,1.4304,23,0.8679,19.962,1.93131,7.73295,2366.222,7671.529,3384.709,0.196344,0.845449,84.594,104.112,0.23573,0.3372,0.933156,A,0.0,-0.040089
10812.498,0.30134,176.258,3.0233,16,0.7162,11.459,1.95219,5.76044,5849.504,4962.993,17684.678,0.075984,0.566955,82.537,101.672,0.54099,1.63558,0.863587,A,0.001,-0.024261
11315.179,0.54833,168.007,2.8581,23,0.6973,16.039,1.96628,8.03377,4081.69,7233.489,11665.97,0.094954,0.804166,82.475,102.838,0.36073,1.031,0.937533,A,0.0,-0.046606
9701.45,0.62685,200.111,2.8493,21,0.8734,18.342,1.91537,8.82403,2950.967,6750.483,8408.171,0.093078,0.860187,83.595,104.675,0.30418,0.86669,0.954834,A,0.0,0.006106
11644.39,0.53586,161.143,2.7514,27,0.66,17.821,1.97862,8.91931,4051.966,7592.424,11148.418,0.071228,0.783827,81.891,102.357,0.34798,0.95741,0.953746,A,0.0,0.002465
9220.151,0.51167,216.002,1.0763,22,0.7486,16.469,1.89354,5.4505,3075.189,6144.962,3309.804,0.222375,0.65645,85.806,103.977,0.33353,0.35898,0.855047,A,0.0,-0.030797
9914.133,0.59962,163.995,1.5085,22,0.8648,19.025,1.97342,7.77704,3045.422,6868.71,4594.111,0.128005,0.808717,82.754,102.667,0.30718,0.46339,0.934424,A,0.001,0.040641
12701.051,0.39668,168.362,1.1452,19,0.7618,14.473,1.96565,5.22168,6054.989,6646.062,6933.871,0.144644,0.626311,83.145,101.682,0.47673,0.54593,0.826169,A,0.0,-0.066656
8149.302,0.43195,139.399,1.9621,27,0.7187,19.405,2.02211,9.051,4054.68,4094.623,7955.719,0.034515,0.825505,80.473,101.435,0.49755,0.97625,0.960243,A,-0.001,0.011959
10053.339,0.62309,191.117,2.656,17,0.7189,12.221,1.92863,5.83154,2945.384,7107.955,7822.805,0.276696,0.766632,85.716,103.669,0.29298,0.77813,0.869899,A,0.0,-0.026731
9947.016,0.48118,162.603,2.0296,24,0.7688,18.452,1.97594,8.41857,3726.889,6220.127,7564.239,0.067347,0.729138,81.898,102.071,0.37467,0.76045,0.94756,A,0.0,-0.020595
10029.715,0.39616,167.393,1.3533,18,0.8324,14.983,1.96736,5.83034,4518.164,5511.551,6114.457,0.114382,0.627158,82.708,101.639,0.45048,0.60963,0.869936,A,0.0,-0.038042
9361.956,0.61131,163.739,3.5308,22,0.8166,17.965,1.97388,9.52016,3181.185,6180.771,11232.262,0.063031,0.893504,81.887,103.213,0.3398,1.19978,0.964964,A,0.0,0.000439
11133.163,0.31007,182.719,3.7942,21,0.8254,17.333,1.94167,9.10219,5416.177,5716.986,20550.2,0.027248,0.578008,82.129,102.047,0.48649,1.84585,0.957248,A,0.0,0.016217
8551.292,0.46458,150.677,3.3437,16,0.803,12.847,1.99865,6.8483,3647.752,4903.54,12197.098,0.094801,0.739667,81.769,101.509,0.42657,1.42635,0.912956,A,0.0,-0.038021
8171.899,0.39853,147.499,1.5756,24,0.7102,17.044,2.00505,7.25333,3547.751,4624.148,5590.013,0.068518,0.65172,81.285,100.753,0.43414,0.68405,0.925359,A,0.0,0.012371
10869.539,0.61598,168.325,3.6308,25,0.7924,19.809,1.96572,10.49696,3189.7,7679.838,11581.068,0.054657,0.849121,81.955,103.15,0.29345,1.06546,0.973962,A,0.001,-0.032522
8358.744,0.47293,172.487,1.2097,23,0.7861,18.08,1.95853,6.65309,3979.463,4379.281,4813.856,0.092023,0.819062,82.608,103.156,0.47608,0.57591,0.907363,A,0.0,-0.003978
10704.692,0.59601,165.787,1.4332,24,0.6672,16.013,1.9702,6.39606,3666.772,7037.92,5255.253,0.189414,0.807852,83.636,102.751,0.34254,0.49093,0.891141,A,0.0,-0.032221
10172.131,0.50359,159.214,3.5296,22,0.7509,16.521,1.9822,8.80816,3687.934,6484.197,13016.966,0.063985,0.753626,81.718,102.057,0.36255,1.27967,0.953935,A,-0.0,-0.048455
9109.112,0.47388,218.125,2.0666,18,0.8065,14.517,1.89077,6.23157,3174.398,5934.714,6560.319,0.149453,0.647419,84.909,104.001,0.34849,0.72019,0.890095,A,-0.0,-0.043913
9617.286,0.65933,156.209,3.3052,27,0.7733,20.88,1.98787,11.01348,2881.547,6735.739,9524.012,0.046071,0.921679,81.358,103.009,0.29962,0.9903,0.979064,A,0.0,0.020241
9982.922,0.42275,167.888,1.5218,16,0.7948,12.717,1.96649,5.18972,4423.512,5559.41,6731.837,0.155059,0.635745,83.264,101.72,0.44311,0.67434,0.837474,A,0.0,0.007818
10801.048,0.58591,176.846,3.3889,27,0.7813,21.094,1.95121,10.88749,2902.117,7898.931,9835.086,0.049427,0.783024,82.208,103.126,0.26869,0.91057,0.977334,A,0.0,-0.053451
9177.14,0.54137,196.771,2.0154,16,0.8554,13.687,1.92021,5.96851,3224.09,5953.05,6497.931,0.186084,0.733791,84.711,103.698,0.35132,0.70806,0.879243,A,0.0,-0.017794
9806.47,0.52939,176.873,2.644,17,0.6862,11.665,1.95117,5.65746,3449.895,6356.575,9121.41,0.206538,0.704608,84.283,102.61,0.3518,0.93014,0.862748,A,0.0,0.019142
7970.735,0.45008,120.0,3.1263,26,0.8497,22.092,2.06808,12.16227,3125.108,4845.627,9770.178,0.015274,0.730495,79.266,99.586,0.39207,1.22576,0.986695,A,-0.0,0.029214
9702.843,0.40419,199.854,2.6357,26,0.7617,19.804,1.91574,9.33346,4123.263,5579.58,10867.879,0.035945,0.676314,82.832,103.45,0.42495,1.12007,0.962208,A,0.0,0.033356
7235.023,0.41147,165.795,1.7702,19,0.8185,15.552,1.97019,6.73914,3222.192,4012.831,5703.812,0.080104,0.677553,82.193,101.892,0.44536,0.78836,0.913299,A,0.0,-0.021237
10037.704,0.30937,166.829,3.8428,27,0.8932,24.116,1.96835,12.95892,4769.236,5268.469,18327.226,0.006988,0.583091,81.268,101.32,0.47513,1.82584,0.989268,A,-0.001,0.040208
9419.951,0.6271,161.965,1.2929,25,0.8029,20.072,1.97711,7.71496,2580.551,6839.399,3336.46,0.151131,0.80669,82.979,102.55,0.27395,0.35419,0.933979,A,0.001,-0.02476
13000.0,0.34847,162.624,3.5115,16,0.853,13.649,1.9759,7.23475,5933.843,7066.157,20836.851,0.066146,0.585561,81.884,101.124,0.45645,1.60283,0.913359,A,0.0,-0.055938
12020.842,0.61314,189.497,2.9526,16,0.8459,13.535,1.93109,6.65365,3385.609,8635.232,9996.363,0.224927,0.765342,84.977,103.589,0.28164,0.83159,0.89668,A,0.001,0.038459
9866.598,0.69424,179.884,1.3756,23,0.759,17.458,1.94623,6.73167,2791.939,7074.659,3840.599,0.23163,0.876805,84.724,103.888,0.28297,0.38925,0.905589,A,0.0,-0.00622
11509.392,0.30629,177.462,3.4816,22,0.7477,16.45,1.95019,8.53598,5366.659,6142.733,18684.409,0.034611,0.543641,82.035,101.575,0.46629,1.62341,0.947309,A,0.0,0.02473
10509.955,0.44548,165.984,2.0155,24,0.812,19.488,1.96985,8.83071,4562.784,5947.172,9196.271,0.047369,0.750915,81.768,102.386,0.43414,0.87501,0.953836,A,-0.001,0.019576
8361.194,0.3672,182.795,1.5356,19,0.8161,15.505,1.94155,6.23033,3901.616,4459.578,5991.433,0.084529,0.614513,82.887,102.291,0.46663,0.71658,0.892582,A,0.0,-0.037918
7000.0,0.46087,183.794,3.1753,26,0.8212,21.352,1.93996,10.76042,3220.063,3779.937,10224.802,0.021098,0.835513,82.086,103.796,0.46001,1.46069,0.978942,A,0.0,-0.033392
11736.22,0.41653,166.413,1.9229,25,0.6593,16.484,1.96909,7.34768,4799.922,6936.298,9229.889,0.081869,0.648115,82.24,101.729,0.40898,0.78644,0.919614,A,0.0,0.004124
10655.101,0.36218,150.383,2.9479,26,0.8753,22.757,1.99923,11.77171,5156.264,5498.837,15200.366,0.012395,0.690174,80.668,101.166,0.48392,1.42658,0.983438,A,0.0,-0.00174
7137.478,0.34438,204.25,2.1847,16,0.7725,12.36,1.9095,5.48459,4026.762,3110.716,8797.453,0.081838,0.684235,83.581,103.686,0.56417,1.23257,0.86593,A,0.0,0.001763
11020.36,0.36808,189.885,2.2749,22,0.8492,18.682,1.9305,8.53639,5290.797,5729.563,12035.98,0.039824,0.671192,82.547,102.985,0.48009,1.09216,0.948056,A,0.0,0.03656
11432.459,0.60502,149.207,2.2265,26,0.8308,21.6,2.00159,10.34357,3428.911,8003.547,7634.555,0.056334,0.840089,81.198,102.091,0.29993,0.6678,0.972073,A,0.001,0.010276
9036.509,0.60189,176.009,3.8084,22,0.7263,15.979,1.9526,8.46868,2442.926,6593.584,9303.518,0.111584,0.783546,82.998,103.09,0.27034,1.02955,0.949882,A,-0.001,0.016578
11243.067,0.66594,183.61,1.3316,21,0.6718,14.108,1.94026,5.34054,2403.003,8840.064,3199.943,0.49853,0.711453,88.381,102.968,0.21373,0.28461,0.839999,A,-0.0,-0.051101
7478.469,0.30323,191.857,3.5844,24,0.6983,16.76,1.92751,8.59936,3755.079,3723.389,13459.854,0.027521,0.581276,82.452,102.479,0.50212,1.79981,0.954427,A,0.001,0.035961
9727.016,0.5494,188.014,2.0986,25,0.7066,17.665,1.93337,7.88726,3127.826,6599.19,6563.966,0.107193,0.758991,83.371,103.481,0.32156,0.67482,0.937261,A,0.0,0.015721
10106.466,0.49543,166.496,1.1626,22,0.6883,15.143,1.96894,5.5152,4186.323,5920.143,4866.967,0.174103,0.722648,83.461,102.225,0.41422,0.48157,0.854435,A,0.0,0.015558
11224.847,0.4245,179.517,3.9935,19,0.8235,15.646,1.94683,8.336,5188.007,6036.84,20718.194,0.051479,0.745074,82.333,103.001,0.46219,1.84574,0.94395,A,0.0,-0.018387
10648.25,0.59202,211.437,2.4277,18,0.7346,13.223,1.89962,6.00941,3559.249,7089.001,8640.729,0.220379,0.77861,85.638,104.602,0.33426,0.81147,0.875573,A,0.0,0.026161
10383.111,0.5132,174.303,1.3856,24,0.7869,18.885,1.95546,7.35571,3705.976,6677.134,5134.944,0.110812,0.736539,82.924,102.698,0.35692,0.49455,0.922932,A,0.001,-0.023647
10881.729,0.38439,189.094,1.2754,18,0.7931,14.276,1.93171,5.26871,4797.343,6084.386,6118.645,0.141564,0.575856,83.862,102.321,0.44086,0.56229,0.83764,A,0.0,-0.033439
9067.004,0.53489,193.861,1.2779,20,0.8035,16.07,1.92451,5.90198,3271.615,5795.388,4180.67,0.182608,0.733763,84.568,103.572,0.36083,0.46109,0.876817,A,0.001,-0.014587
12263.245,0.58119,180.876,3.302,27,0.7751,20.929,1.94463,10.68357,3787.577,8475.668,12506.518,0.04777,0.819563,82.333,103.556,0.30886,1.01984,0.974614,A,0.0,-0.001085
9535.093,0.68092,160.218,1.6357,18,0.7712,13.882,1.98033,5.88638,2182.56,7352.533,3570.046,0.37377,0.772091,85.848,102.231,0.2289,0.37441,0.874353,A,0.0,0.035518
11235.053,0.45336,152.703,3.2897,24,0.6832,16.396,1.99465,8.68197,4100.009,7135.044,13487.723,0.061709,0.678419,81.418,101.215,0.36493,1.2005,0.950328,A,0.0,-0.033243
10038.025,0.54454,178.777,2.6645,18,0.7284,13.111,1.94804,6.35684,3641.924,6396.101,9703.858,0.162398,0.762125,83.77,103.079,0.36281,0.96671,0.891798,A,0.0,0.036485
9673.839,0.61467,175.04,1.695,21,0.6623,13.909,1.95422,5.86117,3003.295,6670.544,5090.675,0.252031,0.777935,84.815,103.007,0.31046,0.52623,0.872704,A,0.0,0.045529
10920.265,0.62581,169.215,2.1541,23,0.8458,19.454,1.96417,8.96883,3336.534,7583.731,7187.114,0.091183,0.861018,82.472,103.273,0.30554,0.65814,0.955482,A,0.0,0.046962
10710.797,0.40707,139.581,2.6562,16,0.8333,13.332,2.02172,6.81825,4480.574,6230.224,11901.138,0.091396,0.634098,81.233,100.183,0.41832,1.11113,0.906078,A,-0.001,-0.034984
12055.215,0.37488,147.99,3.573,20,0.6947,13.894,2.00405,7.54679,5230.301,6824.914,18688.036,0.065371,0.612069,81.264,100.519,0.43386,1.5502,0.924343,A,0.0,0.030705
11651.372,0.33158,171.147,2.5963,21,0.8268,17.363,1.96082,8.44058,5831.22,5820.152,15139.702,0.036242,0.627478,81.82,101.826,0.50047,1.29939,0.945298,A,0.0,0.009516
9189.632,0.51593,202.511,2.082,19,0.7375,14.012,1.91195,6.13511,3092.943,6096.689,6439.572,0.174692,0.689045,84.75,103.646,0.33657,0.70074,0.886039,A,-0.0,0.001367
10792.013,0.61184,158.043,3.9568,18,0.768,13.823,1.98439,7.56218,2624.895,8167.117,10386.206,0.182537,0.749815,83.235,101.971,0.24323,0.9624,0.927436,A,0.001,0.017942
10193.852,0.3857,165.211,1.4483,22,0.6718,14.78,1.97123,5.93335,4385.525,5808.327,6351.345,0.11303,0.59157,82.605,101.295,0.43021,0.62306,0.873924,A,0.0,0.040822
8847.526,0.31379,152.915,2.0777,18,0.704,12.672,1.99423,5.90494,4590.948,4256.579,9538.738,0.073912,0.572519,81.588,100.528,0.5189,1.07812,0.877778,A,-0.001,-0.033318
8390.272,0.39448,206.609,3.3535,27,0.8374,22.609,1.90621,11.23537,3964.463,4425.808,13294.792,0.015571,0.733896,82.782,104.111,0.47251,1.58455,0.981349,A,0.001,-0.018943
10421.886,0.44095,190.205,1.3074,18,0.8267,14.88,1.93001,5.54369,4532.992,5888.894,5926.452,0.147488,0.666845,83.979,102.97,0.43495,0.56865,0.85452,A,0.0,-0.010812
9237.407,0.5196,147.039,3.5617,18,0.8272,14.889,2.00599,8.09274,3525.199,5712.208,12555.815,0.078318,0.791928,81.394,101.652,0.38162,1.35924,0.942479,A,0.0,0.012685
7959.692,0.31987,165.008,3.8448,24,0.7735,18.564,1.9716,10.00117,4160.926,3798.766,15998.105,0.01734,0.651238,81.334,101.679,0.52275,2.00989,0.971663,A,-0.0,0.015451
9896.657,0.61001,153.01,2.4696,20,0.7897,15.794,1.99405,7.75891,2522.831,7373.825,6230.479,0.157838,0.764715,82.7,101.802,0.25492,0.62955,0.934041,A,0.001,-0.013448
10369.61,0.37094,171.388,3.5197,19,0.6594,12.528,1.96041,6.56754,5028.68,5340.93,17699.208,0.077645,0.647087,82.376,101.967,0.48494,1.70683,0.898491,A,0.0,0.004904
10186.694,0.69737,167.064,1.7722,27,0.8857,23.914,1.96794,10.34931,2426.198,7760.496,4299.638,0.078681,0.890798,82.224,103.363,0.23817,0.42208,0.973128,A,0.0,-0.035206
8230.404,0.32225,203.635,1.5219,24,0.8171,19.61,1.91036,7.65995,4216.135,4014.269,6416.517,0.040801,0.617851,83.02,103.223,0.51226,0.77961,0.93514,A,0.0,0.005049
9166.89,0.62151,148.879,3.4485,25,0.8111,20.279,2.00225,10.91395,2531.053,6635.837,8728.216,0.048131,0.84021,81.075,102.074,0.27611,0.95215,0.978618,A,0.0,-0.004914
12087.982,0.64827,158.284,3.9304,23,0.8895,20.459,1.98394,11.17352,3344.45,8743.533,13145.075,0.049861,0.877167,81.493,102.824,0.27668,1.08745,0.97872,A,-0.001,-0.020141
8880.394,0.3048,165.445,2.6415,19,0.8424,16.006,1.97081,7.87721,4866.582,4013.813,12855.084,0.034121,0.632985,81.572,101.58,0.54801,1.44758,0.938652,A,-0.001,0.008025
9543.893,0.39212,164.442,1.3675,22,0.736,16.191,1.97261,6.35354,4865.608,4678.285,6653.522,0.082086,0.714577,82.166,102.068,0.50981,0.69715,0.893277,A,0.0,-0.041836
13000.0,0.58585,174.34,1.1604,26,0.7338,19.08,1.95539,6.87246,5213.661,7786.339,6050.091,0.143673,0.88192,83.359,103.66,0.40105,0.46539,0.901646,A,0.0,0.059592
10554.452,0.69833,170.576,1.8875,21,0.8076,16.959,1.96181,7.47038,2471.772,8082.68,4665.426,0.221885,0.844027,84.249,103.227,0.23419,0.44203,0.925588,A,-0.0,0.041183
9278.077,0.54412,184.574,3.4518,16,0.7818,12.508,1.93873,6.42063,3386.884,5891.193,11690.715,0.15413,0.768327,83.87,103.388,0.36504,1.26004,0.896597,A,-0.0,0.004182
7113.898,0.65458,135.621,2.0075,27,0.8986,24.261,2.03046,11.46978,1738.082,5375.817,3489.136,0.04418,0.851927,80.425,101.384,0.24432,0.49047,0.98351,A,-0.001,0.023241
10491.114,0.57189,167.036,1.6102,16,0.8598,13.756,1.96799,5.74515,3309.65,7181.464,5329.107,0.246278,0.721955,84.435,102.247,0.31547,0.50796,0.864146,A,0.0,-0.024639
7943.611,0.50922,168.678,3.3625,27,0.8279,22.353,1.9651,11.63924,3209.435,4734.177,10791.665,0.020121,0.840797,81.513,103.113,0.40403,1.35853,0.984036,A,-0.001,-0.013267
9987.365,0.58795,211.375,2.122,18,0.6959,12.527,1.8997,5.46358,2814.839,7172.526,5973.006,0.308099,0.697771,86.794,104.066,0.28184,0.59806,0.852309,A,0.0,0.041531
8724.152,0.5711,176.383,3.5832,23,0.7591,17.459,1.95198,9.12934,2893.088,5831.064,10366.404,0.067833,0.820804,82.434,103.354,0.33162,1.18824,0.960612,A,0.0,-0.044287
7512.639,0.40359,144.974,3.5833,21,0.8053,16.911,2.01025,9.23207,3109.681,4402.958,11142.908,0.035648,0.663454,80.74,100.688,0.41393,1.48322,0.963439,A,0.0,0.011969
12499.432,0.44207,171.764,2.0843,19,0.8624,16.385,1.95977,7.45,5566.962,6932.47,11603.353,0.078658,0.733899,82.404,102.558,0.44538,0.92831,0.920754,A,0.0,0.005007
9859.951,0.64945,151.976,2.9795,18,0.6508,11.714,1.99608,6.06177,2674.469,7185.482,7968.634,0.285722,0.784826,84.344,101.878,0.27125,0.80818,0.880666,A,-0.0,0.037449
11396.317,0.40211,176.891,2.8515,24,0.6547,15.712,1.95114,7.77525,5457.456,5938.86,15561.837,0.057555,0.71874,82.317,102.704,0.47888,1.36551,0.931457,A,0.001,-0.027088
11124.814,0.38684,149.48,2.3035,16,0.8422,13.475,2.00104,6.51773,5182.653,5942.161,11938.081,0.087693,0.647745,81.624,100.837,0.46586,1.0731,0.894392,A,0.0,0.035581
8919.829,0.51742,183.063,3.3805,25,0.8989,22.473,1.94113,11.50296,3826.505,5093.324,12935.543,0.020826,0.890495,82.056,104.125,0.42899,1.4502,0.982733,A,0.0,0.027573
10147.502,0.62608,165.62,2.7238,26,0.6716,17.463,1.9705,8.66401,2726.061,7421.441,7425.266,0.112827,0.814607,82.618,102.788,0.26864,0.73173,0.951587,A,0.0,0.016979
9477.755,0.45127,147.087,3.9637,23,0.8115,18.664,2.00589,10.37454,4205.009,5272.746,16667.305,0.026519,0.790013,80.712,101.643,0.44367,1.75857,0.973928,A,-0.0,-0.024021
11458.317,0.38093,162.248,3.8666,16,0.7248,11.598,1.97659,6.27848,5767.174,5691.143,22299.576,0.08775,0.678023,82.154,101.715,0.50332,1.94615,0.884056,A,0.0,0.021326
10656.943,0.69355,203.673,1.3295,22,0.8873,19.52,1.91031,7.21072,2553.415,8103.527,3394.775,0.2366,0.837539,85.605,104.674,0.2396,0.31855,0.918262,A,0.001,-0.035071
9478.741,0.42483,140.806,2.8898,20,0.8011,16.023,2.01907,8.36381,3919.857,5558.884,11327.625,0.054142,0.68623,80.797,100.598,0.41354,1.19506,0.947298,A,0.0,-0.048326
12497.289,0.36743,164.362,3.0091,19,0.7544,14.334,1.97276,7.30988,5179.033,7318.256,15584.182,0.07379,0.575242,82.053,101.144,0.41441,1.24701,0.916775,A,0.0,-0.050166
10786.996,0.52237,181.974,3.1487,27,0.8546,23.073,1.94286,11.6304,4016.186,6770.81,12645.634,0.02451,0.817678,82.066,103.594,0.37232,1.1723,0.982531,A,-0.0,0.024002
10701.059,0.4181,187.928,1.1982,26,0.7984,20.758,1.9335,7.46036,4346.86,6354.199,5208.565,0.077193,0.651319,82.972,102.767,0.40621,0.48673,0.925003,A,0.0,-0.044935
8833.68,0.35886,156.167,1.4464,19,0.6584,12.51,1.98795,5.08206,3807.055,5026.626,5506.428,0.13568,0.527885,82.539,100.407,0.43097,0.62334,0.837054,A,-0.001,0.032716
10618.378,0.57722,181.846,1.1672,25,0.8812,22.03,1.94307,7.88128,3348.933,7269.445,3908.776,0.118168,0.788705,83.297,103.397,0.31539,0.36811,0.935434,A,0.0,-0.044184
7810.077,0.61987,191.209,2.324,16,0.6518,10.428,1.92849,4.78824,2428.307,5381.77,5643.358,0.348587,0.742274,86.668,103.513,0.31092,0.72257,0.825152,A,0.0,0.008233
10699.644,0.64254,161.921,3.517,18,0.7318,13.172,1.97719,6.99126,3445.121,7254.523,12116.615,0.176357,0.863927,83.31,102.925,0.32198,1.13243,0.911625,A,0.0,-0.00024
8603.383,0.42735,188.547,3.0602,19,0.6965,13.233,1.93255,6.57101,3346.909,5256.475,10242.05,0.105538,0.632256,83.368,102.669,0.38902,1.19047,0.903928,A,-0.001,-0.008215
10280.908,0.34329,144.144,3.7525,25,0.8825,22.062,2.01198,12.17839,5001.953,5278.955,18769.981,0.010024,0.659071,80.365,100.612,0.48653,1.82571,0.985793,A,0.0,-0.01282
9589.383,0.65945,189.653,2.8126,24,0.6915,16.595,1.93086,8.05505,2870.956,6718.427,8074.985,0.129769,0.885796,83.726,104.391,0.29939,0.84208,0.941085,A,0.0,0.001767
10347.716,0.60537,179.129,1.7511,17,0.8659,14.721,1.94746,6.24523,3012.786,7334.93,5275.793,0.236107,0.757042,84.756,103.062,0.29115,0.50985,0.886443,A,0.0,0.006894
10540.752,0.49804,149.014,1.3094,25,0.6573,16.432,2.00198,6.46685,3987.449,6553.303,5221.057,0.139139,0.716418,82.283,101.264,0.37829,0.49532,0.894316,A,0.0,0.002231
9917.132,0.31874,137.501,2.3261,22,0.878,19.315,2.02627,9.53939,4892.636,5024.497,11380.607,0.022865,0.606845,80.232,99.88,0.49335,1.14757,0.964608,A,-0.001,0.02565
9918.607,0.40526,197.455,1.1931,18,0.6937,12.487,1.91921,4.42854,4558.242,5360.365,5438.575,0.186711,0.591101,84.743,102.786,0.45956,0.54832,0.788268,A,0.0,0.023639
7769.797,0.6306,156.926,3.6493,19,0.7383,14.028,1.9865,7.55754,1907.636,5862.161,6961.511,0.170147,0.780437,83.026,102.114,0.24552,0.89597,0.933755,A,-0.0,0.008101
7153.125,0.48889,200.474,1.1009,26,0.826,21.476,1.91485,7.31065,2522.339,4630.786,2776.737,0.098151,0.701728,83.673,103.644,0.35262,0.38819,0.929208,A,0.0,-0.031012
11892.384,0.30884,183.751,3.7433,26,0.7167,18.635,1.94003,9.74617,6038.397,5853.987,22603.533,0.021213,0.605524,82.086,102.276,0.50775,1.90067,0.965123,A,0.0,0.021735
10860.976,0.49462,177.737,2.8487,17,0.6828,11.608,1.94974,5.73697,4349.689,6511.286,12390.884,0.170105,0.711396,83.834,102.696,0.40049,1.14086,0.862267,A,0.001,0.049287
7781.276,0.40728,176.473,2.6692,27,0.8213,22.175,1.95183,10.78846,3396.259,4385.017,9065.392,0.019959,0.707258,81.805,102.609,0.43647,1.16503,0.97861,A,0.0,0.033803
12863.806,0.47455,181.305,2.9647,26,0.8149,21.187,1.94394,10.53123,5011.166,7852.64,14856.521,0.033169,0.756218,82.156,103.158,0.38956,1.15491,0.972772,A,0.0,-0.003943
8928.406,0.42711,170.156,3.0069,26,0.799,20.775,1.96253,10.51127,3925.659,5002.748,11804.115,0.023739,0.743636,81.618,102.544,0.43968,1.32209,0.975562,A,-0.001,-0.003244
10766.444,0.35752,147.855,1.5445,22,0.7177,15.79,2.00433,6.664,4902.661,5863.782,7572.044,0.07796,0.591266,81.425,100.374,0.45536,0.7033,0.900706,A,0.001,-0.047321
10637.846,0.382,173.683,1.1613,21,0.7263,15.251,1.9565,5.50012,4535.098,6102.749,5266.821,0.133209,0.566891,83.196,101.549,0.42632,0.4951,0.851339,A,-0.001,-0.052181
10162.834,0.45896,175.702,1.7676,22,0.6512,14.327,1.95311,6.12529,4209.109,5953.725,7440.033,0.130512,0.69116,83.236,102.466,0.41417,0.73208,0.882225,A,0.0,0.018488
10912.705,0.45848,167.464,1.6141,16,0.6725,10.76,1.96723,4.4956,4889.731,6022.974,7892.622,0.217948,0.653752,84.078,101.818,0.44808,0.72325,0.786996,A,0.0,0.018598
7939.119,0.62814,149.776,1.0824,16,0.7695,12.312,2.00045,4.43748,2286.072,5653.047,2474.553,0.433022,0.707043,86.195,101.244,0.28795,0.31169,0.801495,A,0.0,0.011429
9945.789,0.52384,150.666,1.2855,21,0.7466,15.679,1.99867,6.10709,3691.237,6254.552,4745.25,0.166213,0.734905,82.711,101.477,0.37114,0.47711,0.88224,A,0.0,-0.031003
9618.918,0.53823,159.261,3.6124,16,0.8246,13.193,1.98211,7.06944,3175.633,6443.284,11471.697,0.135736,0.736607,82.667,101.948,0.33014,1.19262,0.916741,A,0.001,-0.025583
10131.345,0.56807,167.898,2.484,21,0.6985,14.669,1.96647,7.07271,3510.5,6620.845,8720.216,0.138464,0.79586,83.045,102.778,0.3465,0.86072,0.915543,A,-0.0,-0.03042
9588.734,0.43205,154.377,3.2289,23,0.6907,15.887,1.99139,8.35582,4276.539,5312.196,13808.438,0.051369,0.738506,81.352,101.702,0.446,1.44007,0.946973,A,-0.001,0.042374
9036.905,0.48807,195.633,1.87,25,0.6906,17.266,1.92189,7.34969,3547.457,5489.448,6633.852,0.092188,0.743899,83.434,103.716,0.39255,0.73408,0.925853,A,0.0,0.01438
8903.252,0.42707,161.809,3.6362,24,0.7269,17.446,1.97739,9.32881,3594.454,5308.799,13070.279,0.039073,0.689765,81.494,101.77,0.40372,1.46803,0.963063,A,-0.001,0.041988
11327.013,0.45963,176.965,2.4186,17,0.7115,12.096,1.95101,5.71942,4796.916,6530.098,11601.595,0.152457,0.685278,83.572,102.487,0.42349,1.02424,0.859529,A,-0.001,-0.020935
8727.998,0.47494,151.366,3.1759,24,0.8535,20.485,1.99728,10.77755,3504.174,5223.823,11128.788,0.026173,0.775977,80.892,101.787,0.40149,1.27507,0.977875,A,0.001,-0.005876
10543.69,0.42196,176.104,2.9112,25,0.7985,19.961,1.95244,9.94106,4183.323,6360.368,12178.376,0.033319,0.67757,81.968,102.395,0.39676,1.15504,0.96867,A,-0.001,0.036748
10524.822,0.53387,176.598,3.3962,25,0.8979,22.448,1.95162,11.59569,3635.146,6889.676,12345.542,0.027123,0.80124,81.904,103.235,0.34539,1.17299,0.982453,A,0.0,0.006658
9853.151,0.61883,173.314,2.8514,26,0.8255,21.464,1.95713,10.67027,2796.547,7056.603,7973.944,0.051844,0.843531,82.108,103.357,0.28382,0.80928,0.976222,A,0.001,-0.022135
10635.055,0.43861,149.129,3.0362,24,0.7207,17.297,2.00175,9.03046,4984.012,5651.043,15132.279,0.040436,0.789776,80.985,101.755,0.46864,1.42287,0.956795,A,0.0,0.049828
10813.131,0.33783,183.382,1.9516,22,0.6583,14.483,1.94062,6.34911,6032.403,4780.729,11772.769,0.067226,0.679277,82.68,102.746,0.55788,1.08875,0.888985,A,-0.001,0.026469
9201.767,0.36986,159.809,2.0718,19,0.7057,13.407,1.98109,6.1821,3962.324,5239.443,8209.334,0.096323,0.576718,82.169,100.921,0.4306,0.89215,0.887856,A,0.0,0.02152
10504.248,0.65245,183.871,3.8512,23,0.8752,20.13,1.93984,10.58901,2782.94,7721.308,10717.554,0.061428,0.865468,82.621,103.997,0.26493,1.02031,0.975056,A,0.0,0.001177
12858.33,0.6584,161.49,1.1401,25,0.813,20.325,1.97798,7.38534,2841.074,10017.255,3239.189,0.243965,0.775942,84.185,102.323,0.22095,0.25191,0.918128,A,0.001,-0.007026
8393.636,0.48616,165.478,2.6168,20,0.7482,14.963,1.97075,7.34461,2934.676,5458.96,7679.43,0.101231,0.693089,82.459,101.978,0.34963,0.91491,0.927198,A,0.0,0.024764
9546.387,0.34834,187.379,2.1612,26,0.795,20.669,1.93435,9.3229,4313.247,5233.14,9321.747,0.029106,0.611463,82.318,102.479,0.45182,0.97647,0.962248,A,0.0,-0.024403
8849.606,0.61441,170.686,2.7166,21,0.7071,14.849,1.96162,7.31274,2319.025,6530.581,6299.77,0.175093,0.770418,83.636,102.747,0.26205,0.71187,0.925323,A,0.0,-0.035775
12977.517,0.54192,171.167,1.5562,18,0.7733,13.92,1.96079,5.70616,4925.947,8051.57,7665.651,0.211076,0.744326,84.129,102.598,0.37958,0.59069,0.852156,A,0.0,0.033932
7895.819,0.57828,150.164,1.3329,20,0.6531,13.063,1.99967,5.17197,2430.719,5465.099,3239.9,0.287958,0.707409,84.296,101.268,0.30785,0.41033,0.846705,A,0.001,-0.010989
10010.625,0.54094,180.913,2.3634,27,0.6632,17.906,1.94457,8.36793,2949.903,7060.723,6971.924,0.098173,0.72593,83.0,102.94,0.29468,0.69645,0.94652,A,-0.001,-0.043987
11393.709,0.48546,178.329,3.9939,22,0.7205,15.851,1.94877,8.4578,3989.479,7404.229,15933.682,0.074831,0.706717,82.598,102.693,0.35015,1.39846,0.946027,A,0.001,-0.041238
8697.701,0.59247,187.288,3.3947,16,0.8196,13.114,1.93449,6.6843,2725.088,5972.613,9250.742,0.175124,0.782883,84.242,103.606,0.31331,1.06358,0.90739,A,-0.0,0.041417
9795.982,0.69605,183.434,3.4796,21,0.8795,18.469,1.94054,9.51115,2172.121,7623.86,7558.145,0.111793,0.862513,83.27,103.957,0.22174,0.77156,0.964387,A,0.001,-0.013012
8932.047,0.69182,181.666,3.4254,19,0.6953,13.212,1.94336,6.79447,2358.141,6573.905,8077.562,0.235209,0.855617,84.836,103.831,0.26401,0.90433,0.910241,A,0.001,-0.032105
7989.356,0.34999,185.875,2.8787,19,0.6949,13.203,1.93669,6.47717,4003.031,3986.325,11523.39,0.068016,0.633154,82.779,102.555,0.50105,1.44234,0.902629,A,0.0,-0.033069
9893.438,0.31406,172.184,2.0173,27,0.7351,19.848,1.95905,8.92352,5251.27,4642.168,10593.224,0.02596,0.639966,81.724,101.959,0.53078,1.07073,0.956126,A,0.0,-0.019517
10739.793,0.36366,155.934,2.2688,25,0.8214,20.535,1.9884,9.79642,4780.502,5959.29,10846.069,0.027081,0.633654,81.096,101.093,0.44512,1.0099,0.966853,A,0.001,0.044402
9402.375,0.38627,160.167,2.5119,18,0.819,14.742,1.98042,7.20528,4286.727,5115.648,10767.955,0.066823,0.653961,81.794,101.449,0.45592,1.14524,0.921129,A,0.0,-0.030849
10244.678,0.6753,163.825,2.348,19,0.7287,13.844,1.97372,6.60156,2981.548,7263.129,7000.713,0.231883,0.857319,84.119,102.979,0.29103,0.68335,0.900065,A,0.001,0.042267
11023.447,0.44626,159.819,3.1493,18,0.7077,12.738,1.98107,6.60962,4544.989,6478.458,14313.361,0.110362,0.681904,82.354,101.616,0.4123,1.29845,0.898035,A,0.0,0.042958
11788.581,0.53415,152.138,1.8335,22,0.7579,16.674,1.99576,7.4555,4146.35,7642.231,7602.25,0.117734,0.760085,82.134,101.724,0.35173,0.64488,0.922475,A,0.0,-0.040979
8148.159,0.68554,181.868,1.5318,20,0.8547,17.094,1.94303,6.86981,2162.1,5986.059,3311.95,0.220375,0.853557,84.647,103.826,0.26535,0.40647,0.914701,A,0.0,-0.026429
10916.881,0.53069,129.148,2.544,23,0.8797,20.233,2.04541,10.39352,3372.325,7544.557,8579.231,0.046446,0.747147,80.143,100.293,0.30891,0.78587,0.972964,A,-0.001,-0.044558
9068.12,0.43392,186.71,1.094,16,0.8918,14.269,1.93539,4.92234,3440.85,5627.27,3764.273,0.198488,0.577873,84.53,102.227,0.37944,0.41511,0.82643,A,0.0,0.023799
7173.866,0.6267,161.122,3.9533,27,0.7988,21.569,1.97866,11.74746,2396.387,4777.479,9473.579,0.028127,0.926948,81.322,103.3,0.33404,1.32057,0.985008,A,0.0,-0.015959
8833.028,0.46215,179.373,3.479,25,0.6869,17.174,1.94706,8.88835,3869.756,4963.271,13463.04,0.04536,0.787105,82.247,103.272,0.4381,1.52417,0.957,A,0.001,0.036338
10959.881,0.3611,164.185,1.2449,25,0.8165,20.413,1.97308,7.69305,5296.964,5662.917,6594.094,0.052044,0.650182,81.759,101.63,0.4833,0.60166,0.930343,A,-0.0,0.011134
10459.389,0.59331,162.613,2.4684,22,0.7928,17.443,1.97593,8.45411,3634.306,6825.083,8970.864,0.089797,0.861432,82.195,102.944,0.34747,0.85769,0.947411,A,0.0,-0.034587
8355.125,0.59464,127.301,3.1182,23,0.8301,19.092,2.04984,10.37605,2544.527,5810.598,7934.365,0.04914,0.833521,80.087,100.746,0.30455,0.94964,0.974833,A,0.0,-0.001982
12406.304,0.4682,148.144,2.9457,27,0.757,20.44,2.00374,10.6057,5212.684,7193.619,15355.076,0.029187,0.786324,80.794,101.677,0.42016,1.23768,0.973808,A,0.001,-0.026342
10602.929,0.50988,164.689,1.9263,24,0.7513,18.03,1.97217,8.06053,3380.831,7222.098,6512.342,0.096925,0.703201,82.372,102.005,0.31886,0.6142,0.939388,A,0.0,-0.052142
9896.283,0.58569,164.866,2.1825,27,0.8655,23.368,1.97185,10.88064,2564.173,7332.11,5596.257,0.049998,0.773034,81.759,102.475,0.2591,0.56549,0.977882,A,0.0,-0.019853
9187.061,0.62308,176.914,3.7358,16,0.7387,11.82,1.9511,6.2321,2724.014,6463.047,10176.267,0.231467,0.788131,84.613,103.163,0.29651,1.10767,0.889851,A,0.0,0.026924
10624.732,0.43211,164.504,1.2926,16,0.8461,13.537,1.9725,5.18484,4178.223,6446.509,5400.88,0.182335,0.593993,83.492,101.275,0.39325,0.50833,0.834059,A,0.0,0.035433
9418.364,0.67621,188.472,1.1869,25,0.7633,19.082,1.93267,6.82364,2177.577,7240.787,2584.462,0.26377,0.800249,85.454,103.774,0.23121,0.27441,0.909814,A,-0.0,-0.020121
11698.556,0.66153,198.806,3.0432,27,0.851,22.976,1.91725,11.25618,2516.008,9182.548,7656.602,0.06289,0.825556,83.153,104.391,0.21507,0.65449,0.979554,A,0.0,0.006411
10468.912,0.59274,156.385,2.1875,18,0.8585,15.452,1.98753,7.28413,3350.435,7118.477,7329.168,0.14673,0.802656,82.694,102.232,0.32004,0.70009,0.920776,A,0.0,0.045296
10920.455,0.40492,139.924,3.4633,25,0.6573,16.432,2.02097,8.97106,4590.062,6330.393,15896.602,0.042854,0.667445,80.608,100.423,0.42032,1.45567,0.955516,A,0.0,0.018966
9541.313,0.33071,157.178,2.5431,17,0.7826,13.304,1.98603,6.55184,5113.684,4427.628,13004.55,0.061434,0.641715,81.601,101.212,0.53595,1.36297,0.90044,A,0.001,-0.021743
7787.524,0.45291,182.5,3.4063,21,0.729,15.31,1.94202,7.85528,2842.245,4945.278,9681.43,0.074113,0.670615,82.739,102.648,0.36497,1.2432,0.940276,A,0.001,0.022585
10788.983,0.57984,192.512,3.5833,21,0.7089,14.887,1.92653,7.63179,3725.755,7063.228,13350.496,0.118899,0.822978,83.681,104.102,0.34533,1.23742,0.929188,A,0.0,0.014106
8489.226,0.33435,165.759,2.0138,20,0.7126,14.252,1.97025,6.45823,4058.547,4430.679,8172.909,0.069644,0.576823,82.054,101.225,0.47808,0.96274,0.900417,A,0.0,0.001713
9840.706,0.611,180.639,3.0041,21,0.7105,14.92,1.94501,7.44674,3151.773,6688.933,9468.182,0.140121,0.832869,83.544,103.633,0.32028,0.96214,0.92655,A,0.0,0.036843
9978.746,0.51734,164.296,1.3217,24,0.6794,16.306,1.97287,6.30765,3458.219,6520.527,4570.747,0.164035,0.704711,83.242,101.996,0.34656,0.45805,0.890114,A,0.0,0.048399
8831.388,0.58473,120.533,1.4171,16,0.7576,12.121,2.0667,5.15872,2643.335,6188.053,3745.779,0.309877,0.702133,83.183,99.434,0.29931,0.42414,0.841379,A,0.0,0.032568
11329.942,0.52842,146.197,1.9164,17,0.7618,12.951,2.00772,5.93172,4296.448,7033.494,8233.595,0.181739,0.740194,82.722,101.264,0.37921,0.72671,0.869578,A,0.0,-0.014269
7863.272,0.42934,162.095,2.7835,19,0.7061,13.416,1.97687,6.72673,3075.403,4787.869,8560.479,0.097555,0.642463,82.277,101.473,0.39111,1.08867,0.911132,A,0.0,-0.032421
12229.839,0.63301,199.131,1.5258,21,0.8652,18.168,1.91678,7.14096,3684.59,8545.249,5621.902,0.184125,0.826556,84.764,104.411,0.30128,0.45969,0.912366,A,0.0,0.058419
9116.513,0.37318,147.941,2.7835,24,0.8407,20.178,2.00415,10.32031,4220.432,4896.081,11747.619,0.021184,0.676596,80.679,100.942,0.46294,1.28861,0.973721,A,0.0,0.02587
11440.458,0.36527,161.948,3.0109,18,0.8719,15.695,1.97714,8.03106,5013.156,6427.302,15093.901,0.052309,0.609379,81.674,101.247,0.4382,1.31934,0.937248,A,0.0,-0.039949
11932.632,0.65138,167.353,2.6133,18,0.6921,12.458,1.96743,6.09757,2798.069,9134.563,7312.297,0.347809,0.74437,85.787,102.411,0.23449,0.6128,0.874793,A,0.0,-0.010409
8710.966,0.60292,162.939,2.7601,27,0.8875,23.964,1.97533,11.97444,2194.267,6516.699,6056.289,0.034815,0.794216,81.482,102.517,0.2519,0.69525,0.985455,A,0.0,-0.044398
8900.189,0.65795,169.431,3.9178,19,0.6682,12.696,1.96379,6.82592,2012.897,6887.292,7886.136,0.258013,0.77484,84.682,102.715,0.22616,0.88606,0.911311,A,0.0,-0.023574
11404.431,0.58555,204.741,1.0268,27,0.8106,21.885,1.90881,7.1678,3311.574,8092.857,3400.454,0.171,0.755178,84.774,104.175,0.29038,0.29817,0.9152,A,0.0,0.037855
10278.793,0.31597,141.713,2.9003,18,0.7904,14.227,2.01712,7.42325,5227.027,5051.766,15159.801,0.046622,0.594663,80.739,100.047,0.50853,1.47486,0.924965,A,0.0,-0.002553
10123.052,0.54586,184.611,3.9814,16,0.8749,13.999,1.93868,7.40689,3168.101,6954.951,12613.521,0.131016,0.734833,83.566,103.168,0.31296,1.24602,0.924884,A,0.0,-0.030264
7267.103,0.34488,175.833,2.2949,16,0.8581,13.73,1.95289,6.40063,3073.643,4193.46,7053.846,0.079672,0.539266,82.57,101.469,0.42295,0.97065,0.902291,A,0.0,0.004797
7546.688,0.43049,167.93,1.9738,25,0.7949,19.872,1.96641,8.91887,3225.539,4321.149,6366.728,0.041136,0.721121,81.762,102.286,0.42741,0.84365,0.959158,A,0.0,0.016657
10802.165,0.35882,156.994,3.1062,22,0.6898,15.175,1.98637,7.8783,5543.334,5258.831,17218.487,0.045438,0.689153,81.382,101.516,0.51317,1.59398,0.935017,A,0.0,0.015675
12142.352,0.56573,157.831,1.1299,26,0.7404,19.25,1.98479,7.00055,3559.781,8582.571,4022.239,0.177189,0.726884,83.156,101.809,0.29317,0.33126,0.908178,A,0.0,0.005223
8941.349,0.61291,200.635,2.8578,25,0.6902,17.254,1.91462,8.302,2661.002,6280.347,7604.628,0.109096,0.826376,83.823,104.474,0.29761,0.8505,0.947027,A,0.0,0.009509
8708.532,0.4027,197.315,2.7004,27,0.7849,21.192,1.91942,10.08371,3953.478,4755.054,10675.956,0.025006,0.716733,82.603,103.609,0.45398,1.22592,0.971811,A,0.0,-0.038953
10312.307,0.39406,159.701,1.2873,23,0.697,16.031,1.98129,6.16893,5231.64,5080.666,6734.828,0.090497,0.706641,82.087,101.773,0.50732,0.65309,0.883493,A,0.001,0.013068
10692.824,0.44792,156.999,1.1652,21,0.6956,14.608,1.98636,5.39548,5043.994,5648.829,5877.398,0.146663,0.716915,82.719,101.699,0.47172,0.54966,0.845544,A,0.001,0.032192
10839.455,0.56379,171.539,2.0117,19,0.8433,16.022,1.96015,7.20274,3388.01,7451.446,6815.643,0.148643,0.75255,83.319,102.671,0.31256,0.62878,0.917593,A,-0.001,-0.013323
9343.03,0.59473,178.385,3.0421,22,0.8106,17.833,1.94868,8.95386,3013.643,6329.387,9167.813,0.078715,0.840425,82.651,103.578,0.32256,0.98125,0.957309,A,0.0,-0.013746
7097.612,0.39155,179.964,2.5154,26,0.6953,18.079,1.9461,8.61307,3162.645,3934.967,7955.182,0.039362,0.674621,82.189,102.557,0.44559,1.12083,0.955206,A,0.0,-0.029426
12175.421,0.34827,159.738,2.8702,22,0.7065,15.543,1.98122,7.88118,6042.201,6133.22,17342.288,0.047392,0.644687,81.52,101.366,0.49626,1.42437,0.93247,A,0.0,-0.02532
9259.291,0.41851,143.203,3.6014,26,0.8722,22.676,2.01396,12.42548,4361.186,4898.105,15706.292,0.011225,0.78114,80.339,101.364,0.47101,1.69627,0.987366,A,0.0,0.045824
11874.2,0.42578,138.926,1.8388,27,0.8311,22.439,2.02314,10.24169,4578.156,7296.043,8418.343,0.032366,0.672643,80.423,100.398,0.38555,0.70896,0.970692,A,0.001,-0.011973
7031.746,0.68876,158.286,1.5784,21,0.6544,13.742,1.98393,5.76295,1873.503,5158.243,2957.069,0.313319,0.825123,84.971,102.481,0.26644,0.42053,0.878798,A,0.0,-0.00365
10553.617,0.55597,194.348,3.5828,20,0.7196,14.391,1.92379,7.36137,3847.367,6706.25,13784.166,0.117894,0.807293,83.73,104.079,0.36455,1.30611,0.922696,A,0.0,0.004277
9254.645,0.41965,156.316,1.1973,27,0.6991,18.875,1.98767,7.0652,3982.658,5271.987,4768.427,0.080413,0.67593,81.816,101.392,0.43034,0.51525,0.917539,A,0.0,-0.039876
8382.028,0.64132,175.124,1.8098,17,0.7402,12.583,1.95408,5.42944,2330.192,6051.836,4217.102,0.328193,0.761881,85.824,102.905,0.278,0.50311,0.857735,A,0.0,0.03063
11447.197,0.59175,159.585,1.4936,20,0.7514,15.029,1.9815,6.15593,4255.092,7192.106,6355.49,0.192606,0.827903,83.431,102.567,0.37171,0.5552,0.879013,A,-0.001,-0.043559
11924.976,0.57289,169.823,1.1407,18,0.6784,12.212,1.96311,4.3893,3596.962,8328.014,4102.917,0.432302,0.63361,86.998,101.802,0.30163,0.34406,0.772388,A,0.0,0.012684
9126.43,0.56578,190.61,1.832,26,0.6771,17.604,1.9294,7.48422,3023.136,6103.294,5538.26,0.121153,0.786019,83.645,103.775,0.33125,0.60684,0.929068,A,0.0,-0.015477
10964.18,0.55438,182.841,1.5136,23,0.767,17.641,1.94148,7.04751,2870.152,8094.028,4344.161,0.184935,0.685385,84.214,102.761,0.26178,0.39621,0.912675,A,0.0,0.005167
8398.712,0.33477,168.297,3.8369,16,0.6935,11.095,1.96577,5.94871,4095.763,4302.949,15715.084,0.081475,0.575875,82.308,101.346,0.48767,1.87113,0.881315,A,0.0,-0.02623
9078.696,0.48666,175.546,2.3301,23,0.7536,17.332,1.95337,8.11992,3700.306,5378.39,8621.992,0.0677,0.774907,82.401,103.011,0.40758,0.9497,0.943301,A,0.0,-0.024581
9634.576,0.44281,149.363,2.9475,26,0.7287,18.946,2.00128,9.81465,3841.37,5793.206,11322.279,0.035393,0.712957,80.928,101.261,0.39871,1.17517,0.968132,A,-0.0,0.02222
9482.486,0.33291,139.385,2.2083,27,0.6811,18.389,2.02214,8.91288,4461.391,5021.095,9852.107,0.030775,0.601361,80.423,99.955,0.47049,1.03898,0.956507,A,0.0,0.024396
10951.413,0.57626,172.52,1.348,27,0.7669,20.707,1.95847,7.99067,2868.157,8083.256,3866.25,0.138072,0.731745,83.217,102.581,0.2619,0.35304,0.93725,A,0.0,-0.03308
8202.509,0.6951,151.312,2.0762,21,0.8152,17.119,1.99739,7.99356,1610.109,6592.4,3342.915,0.204183,0.815004,83.24,102.041,0.19629,0.40755,0.942339,A,0.0,-0.02525
11442.367,0.60151,166.389,2.3165,25,0.7638,19.096,1.96913,9.03794,3363.876,8078.491,7792.536,0.090266,0.814393,82.35,102.825,0.29398,0.68102,0.955883,A,0.0,-0.011978
11439.758,0.56057,160.618,2.5203,18,0.8785,15.812,1.97959,7.73067,3677.301,7762.456,9267.98,0.121563,0.768547,82.535,102.229,0.32145,0.81016,0.930292,A,0.001,-0.050871
9675.81,0.63171,166.726,3.7163,22,0.7913,17.408,1.96853,9.29045,2444.984,7230.825,9086.27,0.095831,0.812907,82.437,102.832,0.25269,0.93907,0.961667,A,0.001,0.012415
8236.583,0.34886,202.308,3.9319,21,0.781,16.402,1.91224,8.47697,3655.255,4581.328,14371.958,0.038313,0.596627,82.944,103.027,0.44378,1.74489,0.951262,A,0.0,0.02658
7000.0,0.47254,180.165,3.5358,24,0.7119,17.085,1.94578,8.86529,2476.574,4523.426,8756.73,0.054598,0.701362,82.398,102.743,0.3538,1.25096,0.959122,A,0.0,0.004907
9906.153,0.3313,209.314,1.3435,20,0.727,14.54,1.9025,5.36112,4391.552,5514.6,5900.128,0.114124,0.504248,84.169,102.706,0.44332,0.5956,0.84729,A,0.001,0.000988
8933.783,0.3826,172.933,1.6136,25,0.7399,18.497,1.95777,7.67176,4199.773,4734.01,6776.87,0.053741,0.674351,82.119,102.222,0.4701,0.75857,0.933969,A,0.0,-0.019003
10152.495,0.395,168.786,1.5127,18,0.682,12.275,1.96491,4.99158,4431.913,5720.583,6704.144,0.158425,0.578279,83.343,101.386,0.43653,0.66034,0.824916,A,-0.001,0.016691
8429.057,0.31351,166.812,3.4832,23,0.6573,15.119,1.96838,7.95486,4347.612,4081.446,15143.733,0.035781,0.609357,81.648,101.493,0.51579,1.79661,0.941133,A,-0.001,-0.025935
10003.968,0.41842,214.965,3.4464,24,0.7624,18.297,1.89491,9.06451,4426.921,5577.048,15256.975,0.039619,0.719108,83.362,104.35,0.44252,1.52509,0.9581,A,-0.001,-0.029726
9908.412,0.30557,184.416,2.1602,23,0.8874,20.41,1.93898,9.23805,4683.335,5225.077,10117.063,0.025419,0.556672,82.165,101.984,0.47266,1.02106,0.960682,A,0.0,0.013699
10016.739,0.40936,201.332,3.8477,19,0.879,16.701,1.91363,8.6028,4356.665,5660.074,16763.149,0.046371,0.688759,83.018,103.595,0.43494,1.67351,0.950732,A,0.0,0.002456
10424.916,0.5915,198.03,1.7358,20,0.7898,15.797,1.91838,6.52951,3522.432,6902.484,6114.311,0.180376,0.801296,84.678,104.198,0.33789,0.58651,0.896962,A,-0.0,0.0428
10434.166,0.67155,178.8,1.209,27,0.8173,22.067,1.948,8.05337,2598.657,7835.509,3141.786,0.163031,0.840201,83.779,103.596,0.24905,0.30111,0.939538,A,-0.0,3.1e-05
11442.869,0.67075,166.763,1.2021,18,0.7291,13.123,1.96847,4.85187,3160.46,8282.409,3799.27,0.463716,0.749758,87.294,102.417,0.27619,0.33202,0.809057,A,0.0,-0.053895
8835.631,0.51498,153.168,3.7312,22,0.7463,16.418,1.99374,8.93394,3266.735,5568.896,12188.764,0.05895,0.782486,81.401,101.927,0.36972,1.3795,0.957677,A,0.0,0.016069
11071.045,0.63928,167.582,3.2434,18,0.8743,15.738,1.96702,8.13789,2762.605,8308.44,8960.196,0.153218,0.800896,83.228,102.795,0.24953,0.80934,0.940193,A,0.0,0.020472
10239.241,0.47985,192.295,1.1315,20,0.8695,17.389,1.92685,6.05451,4039.434,6199.808,4570.68,0.147183,0.696603,84.047,103.259,0.39451,0.44639,0.878996,A,-0.001,-0.041073
9379.984,0.52325,188.083,1.5064,21,0.737,15.477,1.93327,6.13177,3206.609,6173.375,4830.336,0.175656,0.703799,84.277,103.12,0.34186,0.51496,0.885238,A,0.0,0.001366
8521.244,0.67604,159.452,1.802,19,0.7473,14.199,1.98175,6.24579,2141.734,6379.51,3859.469,0.288816,0.806036,84.695,102.416,0.25134,0.45292,0.892623,A,0.0,0.020024
12168.336,0.38004,156.836,2.1652,18,0.7725,13.905,1.98668,6.52942,5993.937,6174.398,12977.963,0.083604,0.667812,81.879,101.366,0.49258,1.06654,0.891638,A,0.001,0.000227
10357.432,0.34661,174.928,2.398,25,0.7308,18.27,1.95441,8.63954,4708.848,5648.584,11292.042,0.037461,0.604332,81.979,101.856,0.45463,1.09024,0.950865,A,0.0,-0.028715
9235.183,0.4981,182.636,2.9747,26,0.7358,19.13,1.94181,9.50101,3673.288,5561.895,10927.014,0.044,0.798013,82.347,103.495,0.39775,1.18319,0.964865,A,0.0,-0.044534
10110.692,0.63128,195.306,3.7982,16,0.7064,11.303,1.92237,5.84741,2138.61,7972.083,8122.781,0.386802,0.696866,87.312,103.392,0.21152,0.80339,0.870397,A,-0.001,-0.014571
10010.134,0.48785,216.429,2.815,18,0.8856,15.941,1.89298,7.50618,4254.586,5755.547,11976.798,0.082992,0.787122,83.98,104.857,0.42503,1.19647,0.927695,A,0.001,0.029605
9226.822,0.32717,145.388,1.2296,26,0.8376,21.777,2.00939,8.38053,4404.065,4822.757,5415.087,0.035637,0.593384,80.758,100.249,0.47731,0.58689,0.948007,A,0.0,0.04485
7955.956,0.36831,147.055,2.2055,16,0.8392,13.428,2.00596,6.4312,3542.16,4413.796,7812.163,0.08177,0.598271,81.44,100.375,0.44522,0.98193,0.901155,A,0.0,-0.030416
10230.891,0.50573,149.715,1.2439,21,0.8185,17.189,2.00057,6.60742,3990.754,6240.136,4964.07,0.129249,0.746501,82.182,101.501,0.39007,0.4852,0.90031,A,0.001,-0.000222
9762.023,0.36827,179.712,1.2035,24,0.7977,19.145,1.94651,6.96475,4767.869,4994.154,5738.329,0.065405,0.657415,82.524,102.432,0.48841,0.58782,0.913259,A,-0.0,-0.014014
9585.502,0.31768,189.032,1.4842,22,0.887,19.514,1.93181,7.67677,5022.356,4563.146,7454.022,0.040773,0.62246,82.53,102.625,0.52395,0.77764,0.932753,A,0.0,-0.030105
11465.692,0.44829,175.316,1.6962,24,0.7578,18.187,1.95376,7.66291,4838.359,6627.333,8206.672,0.075886,0.720161,82.501,102.639,0.42199,0.71576,0.928566,A,0.0,0.044595
8056.896,0.3815,172.88,1.8755,24,0.7452,17.885,1.95786,7.83705,3309.135,4747.761,6206.149,0.056313,0.608155,82.151,101.783,0.41072,0.77029,0.939374,A,-0.0,-0.016086
8588.821,0.69115,156.737,2.7115,17,0.8397,14.274,1.98686,7.15968,1801.694,6787.127,4885.343,0.257481,0.806271,84.171,102.275,0.20977,0.5688,0.921851,A,0.0,-0.002012
10243.202,0.46415,163.863,2.0313,20,0.6944,13.889,1.97366,6.3278,4361.443,5881.759,8859.424,0.119889,0.719433,82.642,102.071,0.42579,0.86491,0.890021,A,-0.0,-0.038354
11241.51,0.46195,160.872,1.0065,25,0.8249,20.622,1.97912,7.06167,4210.216,7031.294,4237.57,0.108043,0.673858,82.366,101.617,0.37452,0.37696,0.912404,A,0.0,0.037465
10912.209,0.41229,180.189,2.26,24,0.7159,17.182,1.94574,7.92877,5061.404,5850.805,11438.761,0.056934,0.719697,82.429,102.865,0.46383,1.04825,0.935949,A,0.0,0.021867
11084.291,0.33666,150.994,2.8797,16,0.7298,11.677,1.99802,5.99923,5274.644,5809.647,15189.231,0.089477,0.561085,81.712,100.348,0.47587,1.37034,0.873526,A,-0.0,-0.0277
7000.0,0.59966,177.46,1.984,19,0.6694,12.719,1.9502,5.64853,1964.742,5035.258,3898.101,0.269243,0.728586,85.132,102.796,0.28068,0.55687,0.873978,A,0.0,0.008485
10741.823,0.50497,172.679,1.1866,22,0.7876,17.326,1.9582,6.3186,3844.812,6897.01,4562.083,0.157971,0.698402,83.485,102.369,0.35793,0.4247,0.888027,A,0.001,0.043986
10624.382,0.69792,149.983,2.7971,25,0.8244,20.611,2.00003,10.52436,2470.821,8153.561,6911.196,0.076841,0.886126,81.502,102.438,0.23256,0.6505,0.974395,A,0.0,0.025934
11019.286,0.67839,164.09,1.7704,25,0.7173,17.933,1.97325,7.78904,2881.433,8137.853,5101.396,0.175045,0.856618,83.379,102.988,0.26149,0.46295,0.932528,A,0.0,-0.038371
8986.752,0.40383,196.255,3.7018,22,0.7609,16.739,1.92097,8.60383,3969.76,5016.992,14695.444,0.043634,0.688846,82.814,103.379,0.44173,1.63523,0.952271,A,0.0,-0.031319
10762.785,0.69283,194.738,3.9977,17,0.7627,12.965,1.92321,6.7827,2397.902,8364.883,9586.1,0.296178,0.80653,86.096,104.091,0.2228,0.89067,0.904756,A,0.0,0.045427
11493.762,0.6067,182.524,2.3743,27,0.6853,18.504,1.94198,8.64177,3677.27,7816.492,8730.983,0.096243,0.846838,83.032,103.812,0.31994,0.75963,0.949247,A,0.0,0.051456
12388.248,0.68192,182.349,1.5647,19,0.6711,12.751,1.94226,5.16416,3720.406,8667.842,5821.385,0.399242,0.80325,87.026,103.516,0.30032,0.46991,0.824174,A,0.0,0.007657
10384.206,0.37675,129.86,1.162,19,0.7065,13.423,2.04372,5.15663,4820.115,5564.091,5601.099,0.13506,0.586131,81.348,99.275,0.46418,0.53939,0.8336,A,0.0,-0.041343
8037.844,0.682,156.248,1.5857,17,0.6945,11.806,1.98779,4.97418,2073.79,5964.055,3288.325,0.436233,0.767452,86.51,101.993,0.258,0.40911,0.834971,A,-0.001,0.028037
10091.033,0.35005,198.559,1.3243,22,0.751,16.521,1.91761,6.1287,4961.661,5129.372,6570.519,0.083569,0.607821,83.418,102.943,0.49169,0.65112,0.882618,A,0.0,-0.014965
10965.679,0.38586,170.016,2.0302,20,0.7028,14.057,1.96277,6.35106,5175.64,5790.04,10507.545,0.091102,0.649345,82.501,101.915,0.47199,0.95822,0.888565,A,-0.001,-0.02778
10771.504,0.32101,189.736,3.2132,22,0.6577,14.469,1.93073,7.25999,5203.85,5567.654,16720.787,0.053563,0.570976,82.723,102.317,0.48311,1.55232,0.919389,A,0.0,0.029871
12848.822,0.66094,198.862,2.0702,16,0.8511,13.618,1.91717,5.97624,3641.816,9207.005,7539.428,0.312548,0.798746,86.45,104.216,0.28344,0.58678,0.865968,A,0.001,-0.00031
9713.922,0.51151,122.38,3.8216,23,0.7127,16.392,2.06199,9.40197,3770.521,5943.401,14409.511,0.048638,0.805163,79.831,100.238,0.38816,1.48339,0.963091,A,0.0,-0.028938
8502.74,0.37717,173.905,1.9572,20,0.8203,16.405,1.95613,7.28519,4156.372,4346.369,8134.988,0.057551,0.682819,82.206,102.325,0.48883,0.95675,0.925412,A,-0.001,-0.008253
9069.085,0.58768,188.294,1.5435,22,0.669,14.719,1.93294,5.88666,2918.228,6150.857,4504.399,0.226201,0.759185,84.952,103.495,0.32178,0.49668,0.876147,A,0.0,-0.024591
10985.891,0.40951,165.794,2.1417,21,0.8046,16.897,1.97019,7.81103,4789.445,6196.446,10257.539,0.062832,0.677478,81.965,101.891,0.43596,0.9337,0.93311,A,0.0,-0.054028
8824.719,0.38786,194.112,1.7195,19,0.8334,15.835,1.92414,6.55267,4017.821,4806.898,6908.518,0.082941,0.642726,83.26,102.983,0.45529,0.78286,0.902639,A,-0.0,-0.004904
8468.469,0.31148,167.78,1.3996,20,0.8204,16.408,1.96668,6.47297,4747.769,3720.7,6645.117,0.055006,0.638752,81.939,101.735,0.56064,0.78469,0.900994,A,-0.0,-0.001624
8773.549,0.54308,169.564,3.6908,21,0.6918,14.529,1.96356,7.71334,2875.28,5898.269,10612.008,0.107306,0.755507,82.698,102.594,0.32772,1.20955,0.935246,A,0.0,0.020678
11805.003,0.58481,175.863,3.9039,19,0.8198,15.575,1.95284,8.2987,3659.956,8145.047,14288.178,0.108913,0.798655,82.957,103.183,0.31003,1.21035,0.94226,A,0.0,-0.015495
10366.129,0.43103,188.093,3.4976,22,0.8724,19.194,1.93325,9.83925,4058.939,6307.19,14196.53,0.035552,0.685542,82.428,103.0,0.39156,1.36951,0.967704,A,0.0,-0.034463
9515.352,0.30296,163.979,1.108,22,0.7975,17.544,1.97345,6.26876,4770.288,4745.063,5285.627,0.066379,0.54079,81.94,100.898,0.50133,0.55548,0.890158,A,0.001,0.041475
11273.068,0.43403,180.144,1.7962,27,0.7491,20.227,1.94581,8.64934,4634.091,6638.977,8323.748,0.053107,0.699924,82.377,102.733,0.41108,0.73837,0.949702,A,0.0,-0.032304
11032.985,0.51877,173.076,1.1902,20,0.8206,16.411,1.95753,5.99028,3969.124,7063.861,4724.226,0.182677,0.707612,83.826,102.449,0.35975,0.42819,0.873318,A,0.0,0.041154
8570.272,0.60178,167.73,1.3909,19,0.7515,14.279,1.96676,5.61882,2475.906,6094.366,3443.843,0.278985,0.732919,84.894,102.354,0.28889,0.40184,0.866068,A,0.0,0.001014
11246.838,0.61774,153.76,1.0001,23,0.8471,19.482,1.99259,6.71605,2144.527,9102.311,2144.66,0.320327,0.687811,84.876,101.334,0.19068,0.19069,0.901125,A,0.0,0.002175
10376.521,0.58345,163.028,3.3829,22,0.8368,18.409,1.97517,9.67105,3371.254,7005.267,11404.495,0.061533,0.834616,81.839,102.789,0.32489,1.09907,0.965735,A,0.0,0.029883
7000.0,0.36595,169.943,1.1338,23,0.7921,18.219,1.9629,6.52887,2931.417,4068.583,3323.685,0.080925,0.571318,82.364,101.397,0.41877,0.47481,0.907395,A,0.0,-0.029623
8258.086,0.48468,138.322,2.6327,20,0.7737,15.474,2.02446,7.9097,3111.195,5146.89,8190.82,0.076525,0.731405,80.978,100.751,0.37675,0.99185,0.940517,A,0.001,-0.016155
10403.395,0.49409,144.183,1.9822,19,0.6803,12.925,2.0119,6.00594,3823.324,6580.071,7578.459,0.16628,0.684559,82.429,100.782,0.36751,0.72846,0.876319,A,0.0,0.024297
10737.648,0.59349,168.385,1.884,23,0.7415,17.054,1.96561,7.52907,3695.987,7041.661,6963.078,0.126373,0.838664,82.904,103.084,0.34421,0.64847,0.926707,A,-0.0,0.026165
9592.144,0.54561,174.571,2.7611,26,0.6677,17.36,1.95501,8.54365,3638.675,5953.47,10046.565,0.071425,0.835429,82.414,103.364,0.37934,1.04737,0.950342,A,-0.001,-0.024163
8538.644,0.49389,185.772,1.3076,16,0.8668,13.869,1.93685,5.19498,3279.173,5259.472,4287.699,0.199585,0.677376,84.512,102.842,0.38404,0.50215,0.844805,A,-0.001,0.037036
10386.538,0.52132,154.11,3.0202,26,0.7667,19.934,1.99191,10.31943,3991.95,6394.588,12056.375,0.037052,0.823632,81.152,102.25,0.38434,1.16077,0.972684,A,0.0,0.012955
7307.219,0.31162,161.01,1.7543,25,0.6925,17.314,1.97886,7.52661,3762.545,3544.674,6600.624,0.039925,0.600012,81.473,101.137,0.51491,0.9033,0.93403,A,0.0,0.00904
10844.795,0.46977,181.561,3.3156,21,0.7522,15.796,1.94353,8.06404,4555.051,6289.744,15102.871,0.068191,0.760603,82.628,103.199,0.42002,1.39264,0.939031,A,0.0,-0.052291
9796.856,0.6152,178.575,2.6317,17,0.8393,14.269,1.94837,6.89655,3132.372,6664.484,8243.528,0.171112,0.823932,83.878,103.478,0.31973,0.84145,0.91107,A,0.0,-0.042258
9980.808,0.58351,161.433,1.2902,17,0.6523,11.089,1.97808,4.26147,3070.19,6910.618,3961.187,0.426623,0.653214,86.594,101.51,0.30761,0.39688,0.775098,A,0.0,-0.024819
9056.347,0.37797,205.347,2.6701,18,0.7948,14.306,1.90797,6.72396,3888.146,5168.201,10381.925,0.081308,0.601155,83.61,103.183,0.42933,1.14637,0.907644,A,0.0,0.000228
11252.012,0.3728,141.771,1.3196,22,0.7176,15.787,2.017,6.30141,3932.433,7319.579,5189.268,0.121962,0.507564,81.736,99.475,0.34949,0.46119,0.885665,A,0.0,-0.012116
7000.0,0.60904,166.639,2.6192,22,0.7494,16.487,1.96869,8.08204,2337.571,4662.429,6122.548,0.098068,0.865226,82.463,103.173,0.33394,0.87465,0.946229,A,0.0,-0.015707
8738.177,0.48738,174.082,3.2705,16,0.8929,14.287,1.95583,7.33974,3444.36,5293.817,11264.694,0.09115,0.745184,82.656,102.745,0.39417,1.28914,0.926281,A,0.0,-0.008435
10882.744,0.41235,155.232,3.3971,26,0.8534,22.189,1.98974,11.79422,4397.214,6485.53,14937.872,0.016882,0.680474,80.932,101.365,0.40405,1.37262,0.983458,A,0.0,0.03118
8983.191,0.46933,183.902,3.801,24,0.8009,19.221,1.93979,10.08284,3498.42,5484.771,13297.528,0.034274,0.746829,82.264,103.215,0.38944,1.48027,0.97156,A,0.0,-0.009856
12193.876,0.58878,198.793,1.5915,19,0.6988,13.277,1.91727,5.30713,4113.135,8080.741,6546.218,0.290336,0.740684,86.155,103.83,0.33731,0.53684,0.833666,A,0.0,0.043581
10658.154,0.57983,181.812,3.0814,17,0.674,11.459,1.94312,5.74702,3188.684,7469.47,9825.731,0.264424,0.714481,85.227,102.906,0.29918,0.9219,0.863565,A,0.0,-0.041539
8897.769,0.56417,171.762,1.9343,18,0.7909,14.236,1.95977,6.31398,2734.179,6163.59,5288.81,0.194768,0.72804,83.936,102.52,0.30729,0.5944,0.893915,A,0.0,-0.016302
11675.4,0.6453,183.926,1.1732,25,0.6856,17.14,1.93976,6.13049,3162.651,8512.749,3710.378,0.292701,0.776294,85.676,103.411,0.27088,0.31779,0.877131,A,0.0,0.028537
9899.401,0.57378,163.533,1.6353,21,0.8348,17.531,1.97425,7.39967,2948.33,6951.071,4821.293,0.144109,0.756025,82.949,102.296,0.29783,0.48703,0.925198,A,0.0,0.013965
10901.331,0.65509,179.229,3.6207,19,0.746,14.174,1.9473,7.40163,2543.577,8357.754,9209.575,0.216198,0.78866,84.497,103.276,0.23333,0.84481,0.922995,A,-0.0,0.010395
9127.829,0.57425,185.174,1.0106,18,0.8702,15.664,1.93779,5.20855,3615.09,5512.738,3653.383,0.228096,0.801244,84.867,103.632,0.39605,0.40025,0.842685,A,0.001,0.019989
9153.712,0.31394,190.683,3.9797,25,0.7191,17.978,1.92929,9.44157,4762.973,4390.739,18955.165,0.02159,0.631069,82.334,102.755,0.52033,2.07076,0.964216,A,0.0,0.024488
11098.31,0.49182,134.115,3.2132,22,0.8067,17.746,2.03386,9.60846,4068.592,7029.718,13073.162,0.047994,0.748701,80.404,100.612,0.3666,1.17794,0.964226,A,0.0,-0.054077
10197.453,0.61161,155.635,1.6675,16,0.6521,10.434,1.98897,4.48482,2734.819,7462.634,4560.425,0.477418,0.660791,87.028,101.256,0.26819,0.44721,0.790657,A,0.0,-0.028972
8929.536,0.63034,179.21,3.729,25,0.7491,18.728,1.94733,9.84205,2167.246,6762.29,8081.678,0.080222,0.806641,82.701,103.393,0.24271,0.90505,0.969111,A,0.0,0.042546
8749.212,0.3811,183.834,1.6024,22,0.8897,19.572,1.9399,7.9858,4059.809,4689.403,6505.513,0.048309,0.669214,82.446,102.7,0.46402,0.74355,0.94118,A,0.0,-0.014759
11016.78,0.31642,171.236,3.4881,20,0.6776,13.551,1.96067,7.09107,6166.902,4849.878,21511.052,0.048689,0.65685,81.988,102.024,0.55977,1.95257,0.913864,A,0.0,0.026872
12664.844,0.58697,159.594,1.6444,21,0.821,17.24,1.98149,7.33137,3885.928,8778.916,6390.003,0.158756,0.776513,82.984,102.228,0.30683,0.50455,0.917013,A,0.0,0.026697
8815.987,0.57853,167.329,2.2747,18,0.7144,12.86,1.96747,6.04526,2829.204,5986.784,6435.569,0.209571,0.752897,83.962,102.466,0.32092,0.72999,0.883749,A,-0.001,-0.037866
11067.392,0.3326,151.053,1.6829,26,0.898,23.349,1.9979,10.13654,5188.848,5878.544,8732.512,0.021077,0.60758,80.812,100.658,0.46884,0.78903,0.97029,A,0.0,-0.036534
7000.0,0.65126,148.591,2.815,18,0.8169,14.705,2.00283,7.5361,1747.524,5252.476,4919.245,0.169809,0.811442,82.669,101.868,0.24965,0.70275,0.934907,A,0.0,-0.004933
8008.708,0.45733,180.017,1.8765,21,0.7636,16.037,1.94602,6.96511,3155.63,4853.078,5921.444,0.095332,0.692718,82.93,102.679,0.39402,0.73938,0.917864,A,-0.0,-0.024576
11066.585,0.53095,157.19,1.9899,21,0.6916,14.524,1.986,6.63236,3566.488,7500.097,7097.108,0.166865,0.704079,82.993,101.624,0.32228,0.64131,0.898716,A,0.0,0.02049
12420.067,0.3537,150.302,2.5221,19,0.8656,16.447,1.9994,8.15984,5886.859,6533.208,14847.417,0.046025,0.63094,81.109,100.771,0.47398,1.19544,0.938324,A,0.0,-0.027243
10160.128,0.56548,209.75,1.9569,23,0.6572,15.115,1.9019,6.4305,3891.74,6268.388,7615.557,0.156243,0.819559,84.739,104.805,0.38304,0.74955,0.894166,A,0.0,-0.021752
10876.764,0.57773,164.195,1.7659,24,0.7222,17.332,1.97306,7.52009,3978.796,6897.968,7026.328,0.116592,0.843714,82.612,102.908,0.36581,0.64599,0.926176,A,0.0,0.024909
10453.774,0.4816,153.116,1.0264,21,0.6639,13.942,1.99384,4.87312,4524.616,5929.158,4643.911,0.204891,0.692764,83.325,101.332,0.43282,0.44423,0.815862,A,-0.0,-0.022751
11564.663,0.51029,170.598,2.1043,20,0.836,16.72,1.96177,7.63735,4117.726,7446.937,8665.018,0.103588,0.735168,82.689,102.51,0.35606,0.74927,0.927719,A,0.0,0.035101
8465.574,0.53751,230.0,1.1355,19,0.8345,15.855,1.87579,5.30296,3085.339,5380.235,3503.334,0.219891,0.719652,86.191,104.93,0.36446,0.41383,0.850904,A,0.0,-0.004476
11014.117,0.57219,168.255,3.2988,25,0.723,18.074,1.96584,9.37465,3067.803,7946.314,10120.083,0.079561,0.762372,82.281,102.574,0.27853,0.91883,0.961271,A,0.0,0.042835
9429.362,0.48195,190.938,3.6205,24,0.8249,19.798,1.9289,10.19154,4178.975,5250.388,15130.086,0.030183,0.841522,82.456,104.156,0.44319,1.60457,0.972244,A,-0.001,0.030003
9570.7,0.36561,205.68,3.4749,23,0.7166,16.483,1.9075,8.26569,4403.408,5167.292,15301.429,0.043465,0.640139,83.121,103.454,0.46009,1.59878,0.945303,A,0.0,-0.035635
10066.285,0.582,187.39,1.1516,22,0.8387,18.452,1.93434,6.51607,2978.299,7087.987,3429.927,0.201477,0.741896,84.594,103.34,0.29587,0.34073,0.897576,A,-0.001,-0.030081
9769.321,0.56335,156.825,2.3642,16,0.8537,13.659,1.9867,6.58919,3498.759,6270.562,8271.691,0.155644,0.790831,82.83,102.178,0.35814,0.8467,0.901052,A,0.0,0.031323
8936.07,0.49005,166.554,2.71,16,0.668,10.688,1.96884,5.28908,3553.036,5383.034,9628.693,0.18739,0.689826,83.639,102.011,0.39761,1.07751,0.847961,A,0.0,-0.039125
9695.734,0.36363,193.904,3.3727,24,0.8317,19.962,1.92445,10.07926,4867.055,4828.679,16414.959,0.021082,0.708898,82.437,103.41,0.50198,1.69301,0.970897,A,0.0,0.011615
8672.931,0.34881,201.286,2.0287,26,0.8455,21.984,1.91369,9.55712,4516.938,4155.993,9163.514,0.022676,0.703279,82.704,103.688,0.52081,1.05656,0.966143,A,0.0,-0.043625
12269.173,0.51324,120.19,3.2561,24,0.7224,17.338,2.06759,9.63475,4434.113,7835.06,14437.783,0.05205,0.774241,79.761,99.887,0.3614,1.17675,0.963349,A,0.0,0.010079
11111.948,0.37909,192.884,3.2924,20,0.719,14.38,1.92597,7.22929,4990.376,6121.571,16430.426,0.069466,0.631496,83.041,102.855,0.4491,1.47863,0.917704,A,0.001,0.019308
9463.034,0.31362,165.953,3.3507,16,0.7359,11.774,1.96991,6.14769,4482.577,4980.457,15019.743,0.07575,0.527705,82.142,100.911,0.47369,1.5872,0.885586,A,0.0,0.029454
12432.233,0.42459,178.248,2.0259,27,0.7596,20.51,1.9489,9.16287,6066.439,6365.795,12289.715,0.037791,0.793204,82.106,103.26,0.48796,0.98854,0.956569,A,-0.001,-0.029044
11981.539,0.46914,189.738,1.2166,22,0.8534,18.775,1.93073,6.77964,5373.927,6607.612,6538.074,0.103294,0.766677,83.379,103.609,0.44852,0.54568,0.901246,A,0.0,0.020646
10799.501,0.62131,161.769,1.6303,19,0.7328,13.923,1.97747,5.88368,2829.59,7969.911,4613.042,0.309704,0.731944,85.064,102.046,0.26201,0.42715,0.869396,A,0.0,-0.025912
9285.038,0.47652,180.691,3.765,24,0.7632,18.317,1.94493,9.62751,4453.429,4831.61,16767.169,0.033446,0.884922,82.137,103.979,0.47963,1.80583,0.966336,A,-0.001,-0.041063
10459.535,0.39524,219.053,3.3364,24,0.705,16.92,1.88956,8.28387,4052.058,6407.477,13519.326,0.056947,0.609179,83.716,103.785,0.3874,1.29254,0.944182,A,0.0,-0.026365
10925.498,0.39388,207.201,1.8313,20,0.6701,13.401,1.90539,5.58809,5277.028,5648.47,9663.904,0.11855,0.6511,84.161,103.589,0.483,0.88453,0.854626,A,0.0,0.024666
12137.203,0.40178,144.839,3.1806,23,0.7057,16.23,2.01053,8.62391,5813.836,6323.367,18491.65,0.043629,0.731072,80.839,101.127,0.47901,1.52355,0.947985,A,-0.0,-0.002989
9811.175,0.61358,182.306,2.2242,19,0.7233,13.743,1.94233,6.29406,2627.805,7183.37,5844.66,0.25166,0.745973,85.076,103.136,0.26784,0.59571,0.890146,A,0.0,0.027281
9239.014,0.67193,138.92,3.5067,16,0.8831,14.129,2.02315,7.74689,2537.666,6701.348,8898.718,0.15883,0.866224,82.092,101.676,0.27467,0.96317,0.935074,A,0.0,0.044716
13000.0,0.53473,145.149,3.0951,22,0.8858,19.487,2.00989,10.28175,4874.907,8125.093,15088.439,0.042528,0.830036,80.838,101.797,0.37499,1.16065,0.970176,A,0.0,0.050262
12134.886,0.50164,185.753,1.3176,25,0.6716,16.79,1.93688,6.31037,4405.061,7729.825,5803.963,0.161525,0.69546,84.009,102.96,0.36301,0.47829,0.883113,A,0.0,0.032641
10542.16,0.38982,151.05,2.8305,24,0.8571,20.57,1.99791,10.5201,5160.859,5381.301,14607.794,0.02037,0.744142,80.802,101.559,0.48954,1.38565,0.974419,A,0.0,-0.033975
8715.232,0.63194,160.7,2.4516,27,0.8357,22.564,1.97944,10.94305,2372.702,6342.53,5816.933,0.048447,0.850228,81.573,102.772,0.27225,0.66744,0.979129,A,0.0,-0.043181
10801.018,0.52955,174.559,2.3259,27,0.6811,18.389,1.95503,8.62162,4181.736,6619.282,9726.378,0.068519,0.820802,82.375,103.267,0.38716,0.90051,0.949904,A,0.0,0.030809
11736.123,0.34052,183.703,1.5232,16,0.87,13.919,1.94011,5.56883,5483.552,6252.57,8352.385,0.10919,0.543406,83.245,101.864,0.46724,0.71168,0.850179,A,0.001,-0.048492
11197.876,0.53533,145.801,3.829,26,0.8756,22.765,2.00854,12.58868,3680.05,7517.825,14091.062,0.020593,0.7873,80.578,101.552,0.32864,1.25837,0.987358,A,0.001,-0.007933
11300.48,0.46344,152.866,2.33,22,0.6643,14.614,1.99433,7.05846,4771.86,6528.62,11118.364,0.096409,0.731712,81.883,101.576,0.42227,0.98388,0.912156,A,0.0,-0.025397
10143.17,0.48547,168.89,1.7025,16,0.7605,12.168,1.96473,5.17695,4177.405,5965.766,7111.936,0.193366,0.690014,83.808,102.128,0.41184,0.70116,0.83596,A,-0.001,-0.025416
11765.178,0.43966,143.638,3.7117,25,0.7084,17.711,2.01304,9.76166,5257.103,6508.074,19512.942,0.034008,0.767342,80.659,101.298,0.44684,1.65853,0.965437,A,0.001,-0.023919
9184.045,0.37334,185.401,2.6239,23,0.6724,15.465,1.93743,7.40582,4168.865,5015.181,10938.688,0.060069,0.633749,82.657,102.537,0.45392,1.19105,0.926965,A,-0.001,-0.014135
9425.981,0.58214,187.464,1.6152,21,0.8957,18.809,1.93422,7.66359,3045.019,6380.962,4918.31,0.121151,0.802121,83.536,103.741,0.32305,0.52178,0.932769,A,0.0,0.029862
9336.258,0.69445,195.43,2.655,17,0.8488,14.429,1.92218,6.84915,1938.137,7398.121,5145.825,0.298265,0.798243,86.147,104.066,0.20759,0.55117,0.91084,A,0.0,-0.012366
9120.489,0.31274,154.147,3.345,22,0.8753,19.256,1.99184,10.2149,4927.747,4192.743,16483.144,0.015785,0.66175,80.873,101.183,0.54029,1.80727,0.97273,A,-0.001,0.009563
12967.829,0.54554,181.091,3.9065,20,0.7998,15.996,1.94428,8.46784,4480.225,8487.605,17502.119,0.088777,0.786648,82.882,103.349,0.34549,1.34966,0.943778,A,-0.001,-0.029
7563.572,0.48098,142.221,3.5628,17,0.856,14.552,2.01604,7.96702,2786.796,4776.776,9928.867,0.074435,0.718165,81.129,100.891,0.36845,1.31272,0.94298,A,0.0,-0.021636
10425.938,0.5489,169.34,3.1391,20,0.7138,14.275,1.96395,7.30718,3426.811,6999.126,10756.983,0.131075,0.753471,83.003,102.569,0.32868,1.03175,0.921513,A,0.001,-0.01035
8612.473,0.57527,152.51,1.8777,24,0.8214,19.713,1.99503,8.88388,2838.651,5773.821,5330.146,0.074652,0.821388,81.581,102.148,0.3296,0.61889,0.957228,A,0.001,0.039085
8228.125,0.30325,176.351,2.7654,22,0.6963,15.318,1.95203,7.52476,3832.354,4395.771,10598.058,0.044273,0.529041,82.122,101.427,0.46576,1.28803,0.932003,A,0.0,-0.033988
10221.264,0.63839,164.012,3.909,22,0.8844,19.458,1.97339,10.53204,2554.526,7666.738,9985.747,0.064454,0.82962,81.916,102.806,0.24992,0.97696,0.974767,A,0.0,0.024127
7746.535,0.37769,138.044,3.4672,17,0.7183,12.211,2.02508,6.68745,3904.458,3842.077,13537.695,0.067262,0.693162,80.843,100.482,0.50403,1.74758,0.910239,A,0.0,-0.014627
9934.762,0.62725,191.591,2.0936,27,0.8102,21.875,1.92791,9.71795,2150.148,7784.614,4501.462,0.096409,0.773867,83.352,103.738,0.21643,0.4531,0.966735,A,0.0,0.029964
13000.0,0.65729,134.734,1.8166,22,0.8421,18.526,2.03246,8.47463,3465.37,9534.63,6295.347,0.138422,0.845867,81.627,101.291,0.26657,0.48426,0.943862,A,0.0,0.05768
9901.916,0.65416,199.401,2.586,16,0.8255,13.207,1.91639,6.19508,2775.841,7126.075,7178.208,0.266107,0.805315,85.855,104.282,0.28033,0.72493,0.885962,A,0.0,0.031561
10745.718,0.57436,191.636,3.0656,23,0.8052,18.52,1.92785,9.1666,2858.401,7887.317,8762.656,0.089238,0.750169,83.259,103.583,0.266,0.81546,0.958671,A,0.0,0.011895
8803.51,0.5799,189.169,3.8645,23,0.6935,15.95,1.9316,8.34221,2452.636,6350.874,9478.147,0.108258,0.762042,83.425,103.553,0.2786,1.07663,0.94799,A,0.0,0.005256
10780.461,0.69825,174.618,1.1247,25,0.7316,18.289,1.95493,6.48978,1962.938,8817.522,2207.71,0.404881,0.763561,86.817,102.892,0.18208,0.20479,0.894419,A,0.001,-0.015323
7847.596,0.31149,183.572,1.7952,24,0.7389,17.732,1.94032,7.5489,3710.483,4137.114,6660.996,0.043883,0.551494,82.379,101.911,0.47282,0.84879,0.933388,A,-0.001,0.027004
10344.511,0.63747,156.645,3.0352,18,0.8711,15.68,1.98704,8.09827,2707.238,7637.273,8216.998,0.144592,0.81218,82.677,102.309,0.26171,0.79433,0.940639,A,0.0,0.030085
9869.229,0.54744,153.08,3.045,19,0.8826,16.769,1.99391,8.71153,2722.395,7146.835,8289.781,0.09371,0.720283,81.856,101.512,0.27585,0.83996,0.952781,A,-0.001,-0.048666
13000.0,0.68012,122.842,2.6102,17,0.8136,13.832,2.06083,7.23129,3316.698,9683.302,8657.307,0.231244,0.833864,82.265,100.458,0.25513,0.66595,0.913254,A,0.0,0.036549
9920.548,0.66623,179.615,1.9108,26,0.8207,21.337,1.94667,9.33027,2497.558,7422.989,4772.258,0.100781,0.856486,82.987,103.741,0.25176,0.48105,0.961917,A,0.001,-0.025855
9506.04,0.33623,143.192,2.8542,27,0.8392,22.657,2.01398,11.74698,4832.929,4673.111,13794.12,0.010675,0.672922,80.331,100.649,0.50841,1.45109,0.983859,A,0.0,-0.014888
9209.336,0.53951,158.458,2.3493,17,0.6504,11.057,1.98361,5.31194,2965.231,6244.105,6966.237,0.254865,0.674677,84.207,101.497,0.32198,0.75643,0.847895,A,0.0,0.041237
8255.146,0.47732,152.957,2.5267,24,0.7656,18.374,1.99415,9.08617,2913.362,5341.784,7361.2,0.053293,0.708588,81.318,101.428,0.35291,0.89171,0.960597,A,0.0,-0.039553
11181.312,0.41059,186.216,1.9538,26,0.8875,23.075,1.93616,10.08415,4983.297,6198.015,9736.139,0.02797,0.718222,82.262,103.131,0.44568,0.87075,0.96964,A,0.0,0.001348
12192.448,0.36962,174.678,1.9672,25,0.737,18.426,1.95483,8.18823,5638.034,6554.414,11090.883,0.048501,0.645843,82.115,102.118,0.46242,0.90965,0.939322,A,0.0,-5.8e-05
9479.123,0.33541,129.431,1.8721,16,0.8399,13.439,2.04474,6.26548,4700.628,4778.494,8800.261,0.074298,0.592273,80.525,99.289,0.49589,0.92838,0.890153,A,0.001,-0.027591
11089.059,0.34192,176.851,1.918,20,0.8086,16.171,1.9512,7.10528,5023.148,6065.911,9634.583,0.064831,0.571377,82.412,101.73,0.45298,0.86884,0.914111,A,-0.0,-0.006684
9501.974,0.48934,183.291,1.0648,22,0.8104,17.829,1.94076,6.09656,3426.74,6075.234,3648.706,0.158236,0.676092,83.878,102.72,0.36063,0.38399,0.883382,A,0.0,0.045221
10627.821,0.39186,156.16,1.0771,21,0.8043,16.89,1.98796,6.01818,4572.467,6055.354,4925.103,0.112912,0.602488,82.238,100.899,0.43024,0.46342,0.876028,A,0.0,0.053422
10711.526,0.37468,145.774,1.8257,22,0.8241,18.13,2.00859,8.16946,4733.451,5978.075,8641.7,0.049628,0.632065,80.96,100.526,0.4419,0.80677,0.941468,A,0.0,-0.049119
7892.464,0.60199,175.711,2.4539,17,0.7304,12.416,1.9531,5.90522,2312.587,5579.877,5674.892,0.24363,0.750519,84.729,102.858,0.29301,0.71903,0.881417,A,0.0,-0.034874
8874.343,0.31422,147.905,3.6653,16,0.6506,10.41,2.00422,5.68637,4457.56,4416.783,16338.387,0.082606,0.54798,81.488,100.091,0.5023,1.84108,0.867951,A,0.0,-0.033892
11419.623,0.67629,169.39,1.8566,16,0.7237,11.579,1.96386,5.07924,2755.333,8664.29,5115.49,0.493927,0.73428,87.795,102.445,0.24128,0.44796,0.823781,A,-0.0,0.028615
7180.992,0.41074,178.046,1.1402,21,0.7663,16.093,1.94923,5.72247,3130.129,4050.863,3569.006,0.116408,0.638175,83.136,102.227,0.43589,0.49701,0.876464,A,0.0,-0.010898
10032.69,0.30571,195.394,3.6951,26,0.6657,17.308,1.92224,8.90179,5136.252,4896.438,18979.217,0.02651,0.598585,82.559,102.747,0.51195,1.89174,0.955606,A,0.0,-0.002721
9508.154,0.3685,127.494,3.9111,17,0.8997,15.295,2.04937,8.73987,4731.903,4776.251,18507.07,0.034241,0.699645,79.9,99.875,0.49767,1.94644,0.953756,A,0.0,0.049527
8634.991,0.5275,161.23,1.6257,19,0.8548,16.242,1.97846,6.86147,3057.497,5577.495,4970.572,0.129419,0.745728,82.663,102.11,0.35408,0.57563,0.913129,A,-0.001,-0.034643
10093.926,0.612,138.556,3.7963,17,0.8915,15.156,2.02395,8.4578,3232.85,6861.077,12272.817,0.099274,0.853592,81.289,101.571,0.32028,1.21586,0.948047,A,-0.001,-0.015677
10478.368,0.48659,166.551,3.6393,16,0.773,12.369,1.96885,6.57299,4073.296,6405.072,14823.897,0.127229,0.715128,82.845,102.178,0.38873,1.41471,0.898358,A,0.0,-0.018621
10823.03,0.5886,146.295,2.0214,20,0.8836,17.672,2.00752,8.23946,3218.652,7604.378,6506.321,0.113414,0.789731,81.825,101.596,0.29739,0.60116,0.942698,A,0.0,-0.017782
7000.0,0.67391,138.449,2.4408,17,0.8444,14.356,2.02419,7.18095,1730.843,5269.157,4224.597,0.200888,0.829285,82.626,101.404,0.24726,0.60351,0.926292,A,0.0,0.031549
12525.558,0.52775,156.533,2.2385,21,0.846,17.765,1.98725,8.43303,4529.131,7996.428,10138.307,0.082051,0.780189,81.846,102.092,0.36159,0.80941,0.943782,A,-0.001,0.018342
9303.615,0.57583,179.197,3.9582,17,0.8448,14.361,1.94735,7.64098,2939.842,6363.773,11636.485,0.123027,0.78501,83.266,103.25,0.31599,1.25075,0.932488,A,0.0,-0.004759
11573.614,0.5066,150.94,2.094,19,0.7983,15.167,1.99813,7.10566,4143.096,7430.518,8675.701,0.123242,0.72035,82.155,101.396,0.35798,0.74961,0.912913,A,0.0,0.015774
9833.729,0.30055,159.838,3.4018,21,0.8325,17.483,1.98103,9.23667,4955.667,4878.062,16858.217,0.023408,0.582107,81.207,100.958,0.50395,1.71433,0.960751,A,0.0,-0.029039
9145.745,0.61611,162.323,1.7697,19,0.8662,16.457,1.97645,7.16431,2672.268,6473.477,4729.245,0.167389,0.801349,83.208,102.533,0.29219,0.5171,0.920617,A,0.0,-0.037637
9917.967,0.48498,213.376,2.7741,27,0.6777,18.297,1.89702,8.61112,3749.031,6168.935,10400.024,0.062841,0.741532,83.619,104.435,0.378,1.0486,0.951021,A,0.001,-0.03993
13000.0,0.34863,191.083,2.3521,25,0.8502,21.256,1.92868,9.79645,7369.802,5630.198,17334.213,0.021737,0.776534,82.349,103.733,0.56691,1.3334,0.964654,A,0.0,-0.04756
12355.276,0.60605,133.942,1.5756,21,0.8527,17.907,2.03426,7.7792,3541.946,8813.33,5580.594,0.1487,0.789857,81.725,100.873,0.28667,0.45168,0.929662,A,0.0,-0.042744
9493.508,0.33639,161.4,2.8871,20,0.7528,15.056,1.97815,7.62829,4856.396,4637.112,14020.937,0.044852,0.641708,81.553,101.432,0.51155,1.4769,0.931793,A,0.0,0.030215
10351.861,0.53227,180.641,1.3722,18,0.7904,14.227,1.94501,5.47503,3770.985,6580.876,5174.475,0.217287,0.712762,84.562,102.84,0.36428,0.49986,0.851291,A,0.0,0.000697
11691.396,0.56025,189.736,2.0954,18,0.7718,13.892,1.93073,6.18668,4334.016,7357.38,9081.327,0.182162,0.782968,84.42,103.716,0.3707,0.77675,0.879468,A,0.0,0.018483
10880.44,0.51145,200.009,2.2496,27,0.8366,22.589,1.91552,10.16418,3816.015,7064.426,8584.547,0.042675,0.764674,82.926,104.04,0.35072,0.78899,0.970736,A,-0.001,-0.030289
10136.714,0.30635,192.88,1.1191,22,0.6522,14.349,1.92597,4.96667,5295.884,4840.83,5926.87,0.103515,0.528249,83.49,102.173,0.52245,0.58469,0.823466,A,0.0,0.015295
9728.602,0.67329,155.834,2.6402,20,0.6651,13.301,1.98859,6.63169,2752.763,6975.839,7267.928,0.231684,0.847555,83.793,102.5,0.28296,0.74707,0.902633,A,0.0,-0.007926
8397.749,0.37401,162.573,3.5631,26,0.8604,22.369,1.976,11.89646,3931.749,4466.0,14009.246,0.011824,0.692876,81.164,101.83,0.46819,1.66821,0.985198,A,0.0,-0.031113
11133.989,0.52917,201.887,2.6379,20,0.6523,13.046,1.91283,6.13569,3706.611,7427.377,9777.577,0.191936,0.697471,84.958,103.675,0.33291,0.87817,0.879251,A,0.001,-0.039193
11659.842,0.6397,152.021,1.5888,25,0.8073,20.183,1.99599,8.5612,3191.104,8468.738,5070.139,0.122604,0.834549,82.193,102.209,0.27368,0.43484,0.947546,A,0.0,-0.018017
13000.0,0.43796,143.87,2.4188,24,0.875,20.999,2.01256,10.39093,5498.804,7501.196,13300.652,0.029722,0.737225,80.612,101.112,0.42298,1.02313,0.971294,A,0.0,-0.024674
9189.766,0.48197,170.138,1.153,27,0.6744,18.209,1.96256,6.57499,3667.294,5522.472,4228.554,0.117999,0.72368,82.861,102.412,0.39906,0.46014,0.9023,A,0.0,-0.048043
10982.55,0.55097,156.119,3.3677,21,0.879,18.459,1.98804,9.77978,2640.858,8341.691,8893.661,0.076939,0.701047,81.762,101.548,0.24046,0.8098,0.966422,A,0.001,-0.046851
9958.772,0.57374,160.165,2.0396,19,0.6837,12.99,1.98043,5.95595,3202.798,6755.975,6532.474,0.22158,0.740687,83.837,102.021,0.32161,0.65595,0.875795,A,-0.001,0.007012
11889.95,0.4525,162.492,3.3328,20,0.6924,13.847,1.97615,7.25507,4894.698,6995.252,16313.006,0.09167,0.704975,82.215,101.906,0.41167,1.372,0.916601,A,0.0,0.027631
9858.849,0.59132,180.815,3.3328,18,0.8677,15.619,1.94473,7.99112,3243.885,6614.964,10811.327,0.10916,0.827762,83.141,103.607,0.32903,1.09661,0.939259,A,0.0,0.016274
9035.567,0.44568,198.755,3.0608,24,0.8133,19.518,1.91733,9.57619,3695.03,5340.537,11309.595,0.037068,0.728395,82.81,103.747,0.40894,1.25168,0.965987,A,-0.0,-0.01632
7473.22,0.42871,156.907,2.2337,20,0.6712,13.423,1.98654,6.36446,3007.243,4465.977,6717.233,0.106132,0.645915,82.18,101.226,0.4024,0.89884,0.90038,A,0.0,0.037898
11077.75,0.55348,162.485,3.5361,23,0.7612,17.507,1.97616,9.29618,3658.08,7419.669,12935.212,0.066846,0.793403,81.887,102.489,0.33022,1.16768,0.960118,A,0.001,-0.002589
10246.804,0.37748,159.984,1.4205,25,0.7521,18.803,1.98076,7.54195,4405.135,5841.669,6257.475,0.063143,0.614517,81.738,101.179,0.4299,0.61068,0.928087,A,0.0,0.005226
11690.79,0.5933,157.378,3.9024,27,0.8453,22.824,1.98565,12.46255,2856.67,8834.12,11147.786,0.032538,0.774627,81.228,102.1,0.24435,0.95355,0.986599,A,0.0,0.047505
9180.505,0.32358,181.179,1.3548,22,0.7746,17.041,1.94414,6.51794,4557.979,4622.526,6174.981,0.064941,0.578606,82.571,101.98,0.49648,0.67262,0.900358,A,-0.0,0.006815
13000.0,0.30357,153.448,3.8801,27,0.8364,22.583,1.99319,12.38468,7013.807,5986.193,27214.13,0.008038,0.649826,80.741,101.067,0.53952,2.09339,0.985714,A,0.0,0.049167
8944.275,0.36463,203.383,3.7094,16,0.7784,12.455,1.91072,6.35174,4342.994,4601.281,16109.912,0.07873,0.634473,83.512,103.322,0.48556,1.80114,0.895157,A,0.0,0.038516
10775.33,0.56636,144.391,2.8484,24,0.663,15.911,2.01146,8.23028,3209.407,7565.923,9141.818,0.109158,0.760302,81.684,101.294,0.29785,0.8484,0.942594,A,0.0,-0.002939
10628.156,0.51168,187.759,1.225,19,0.8725,16.577,1.93376,6.01884,4592.755,6035.401,5626.034,0.14676,0.78937,83.884,103.67,0.43213,0.52935,0.876056,A,0.0,0.017651
11661.059,0.45778,211.634,1.51,26,0.8398,21.834,1.89935,8.42631,4860.455,6800.604,7339.047,0.060397,0.7418,83.533,104.367,0.41681,0.62936,0.945009,A,-0.0,-0.045359
9757.942,0.34687,186.276,2.5454,25,0.7695,19.237,1.93607,9.12453,5215.712,4542.23,13275.969,0.02643,0.714821,82.244,103.112,0.53451,1.36053,0.959273,A,0.0,0.004683
8630.586,0.67729,161.843,1.5804,27,0.8575,23.153,1.97733,9.66739,2265.935,6364.651,3581.021,0.083922,0.888534,82.087,103.084,0.26255,0.41492,0.967468,A,0.0,0.038983
8523.547,0.38769,153.026,3.5986,24,0.8707,20.896,1.99402,11.2855,3888.77,4634.777,13994.011,0.015638,0.699864,80.824,101.374,0.45624,1.64181,0.981597,A,0.0,-0.032219
11225.713,0.48573,143.382,1.4302,26,0.651,16.927,2.01358,6.9723,4195.775,7029.938,6000.956,0.1174,0.705568,81.748,100.875,0.37376,0.53457,0.909662,A,0.0,-0.017704
10161.19,0.38427,161.995,2.0443,26,0.6991,18.177,1.97705,8.31974,4499.284,5661.906,9198.091,0.047414,0.651954,81.611,101.53,0.44279,0.90522,0.945365,A,0.0,0.009165
10519.283,0.48576,167.751,2.8192,16,0.8704,13.926,1.96673,6.95303,3802.136,6717.147,10718.799,0.119732,0.692943,82.792,102.091,0.36144,1.01897,0.910909,A,0.0,0.009569
8780.927,0.44725,155.502,3.1185,17,0.7492,12.737,1.98922,6.63273,3637.263,5143.664,11342.8,0.102081,0.691338,82.068,101.451,0.41422,1.29175,0.905458,A,0.0,-0.036226
10211.796,0.43798,190.717,2.6786,20,0.6547,13.094,1.92924,6.26552,3690.664,6521.132,9885.977,0.13609,0.60884,83.846,102.61,0.36141,0.96809,0.887702,A,0.0,-0.026059
10328.634,0.48394,160.15,1.6504,24,0.7874,18.898,1.98045,8.04121,4015.564,6313.069,6627.421,0.075346,0.743839,81.906,102.042,0.38878,0.64166,0.93947,A,0.001,-0.024479
10924.998,0.34445,168.591,1.6089,25,0.6515,16.287,1.96525,6.78591,5075.981,5849.017,8166.913,0.070866,0.581881,82.18,101.4,0.46462,0.74754,0.904411,A,0.0,-0.030769
7807.579,0.38402,160.507,3.8578,21,0.7956,16.707,1.97979,9.0617,3399.816,4407.763,13115.775,0.034551,0.653572,81.382,101.464,0.43545,1.67988,0.960822,A,0.0,0.008966
8849.204,0.34275,176.02,3.802,24,0.8127,19.505,1.95258,10.33394,3945.84,4903.364,15002.136,0.019938,0.602518,81.788,101.896,0.4459,1.69531,0.974061,A,0.0,0.027443
12593.805,0.3789,171.766,2.1747,25,0.8178,20.444,1.95976,9.42231,5739.0,6854.804,12480.346,0.033126,0.668386,81.803,102.126,0.4557,0.99099,0.96016,A,0.001,0.027574
9410.573,0.50681,141.271,3.4315,17,0.8876,15.089,2.01807,8.20395,3337.736,6072.837,11453.419,0.079476,0.741678,81.152,100.992,0.35468,1.21708,0.944381,A,0.0,0.012995
9874.111,0.41594,141.976,3.2296,27,0.8471,22.871,2.01656,12.24912,4370.426,5503.685,14114.802,0.012867,0.736023,80.305,100.995,0.44261,1.42948,0.986308,A,0.0,-0.035287
9402.423,0.68912,182.74,2.394,24,0.6591,15.818,1.94164,7.40341,2392.73,7009.693,5728.301,0.19927,0.856326,84.4,103.885,0.25448,0.60924,0.926413,A,0.0,0.016063
7754.919,0.37003,180.05,3.9241,27,0.8978,24.242,1.94596,12.86156,3366.864,4388.055,13212.046,0.008817,0.647179,81.789,102.38,0.43416,1.7037,0.989655,A,0.0,0.009991
8386.42,0.52553,164.982,3.7791,16,0.8838,14.141,1.97164,7.59115,2788.551,5597.869,10538.289,0.105527,0.734746,82.497,102.228,0.33251,1.25659,0.933231,A,0.0,0.036025
10556.055,0.67231,133.142,3.6619,22,0.6829,15.024,2.03609,8.39094,2197.291,8358.765,8046.259,0.174149,0.803266,82.023,100.912,0.20815,0.76224,0.946082,A,-0.001,-0.02642
8991.875,0.56623,180.303,1.5717,27,0.899,24.272,1.94555,9.87255,3344.666,5647.209,5256.831,0.046611,0.873976,82.297,103.889,0.37197,0.58462,0.96938,A,0.0,0.046021
13000.0,0.38557,184.258,1.0556,24,0.6822,16.373,1.93923,5.56852,4932.541,8067.459,5206.589,0.15775,0.52486,83.906,101.766,0.37943,0.40051,0.844763,A,0.0,0.015127
7752.726,0.6979,210.882,2.3761,21,0.7971,16.739,1.90037,7.56381,1918.779,5833.947,4559.204,0.18629,0.866172,85.171,105.158,0.2475,0.58808,0.933936,A,-0.0,-0.023405
7086.471,0.36038,166.017,2.9652,26,0.8431,21.92,1.96979,11.1128,3436.662,3649.808,10190.469,0.013872,0.686652,81.327,101.963,0.48496,1.43802,0.981332,A,0.001,0.001081
9412.049,0.51606,167.172,1.3461,22,0.7674,16.884,1.96775,6.5572,3479.977,5932.072,4684.469,0.138155,0.737755,83.013,102.358,0.36974,0.49771,0.901018,A,0.0,-0.009994
8185.675,0.65761,195.112,2.9234,22,0.6789,14.936,1.92265,7.2754,2120.262,6065.413,6198.439,0.188125,0.821731,84.683,104.207,0.25902,0.75723,0.925901,A,0.0,-0.030442
12070.995,0.50836,158.274,3.5808,19,0.6935,13.177,1.98396,7.0567,4373.123,7697.872,15659.144,0.126085,0.725531,82.499,101.823,0.36228,1.29725,0.910146,A,0.0,-0.018965
9360.665,0.68337,185.945,2.2092,27,0.8659,23.379,1.93658,10.63692,1916.852,7443.813,4234.707,0.079089,0.838976,82.928,103.916,0.20478,0.45239,0.9763,A,0.0,0.015278
10774.532,0.61373,162.578,1.7117,25,0.7375,18.437,1.97599,7.9263,3563.807,7210.725,6100.063,0.118472,0.858504,82.572,102.923,0.33076,0.56616,0.936151,A,0.0,0.005926
7872.174,0.55146,178.819,3.3515,17,0.7578,12.882,1.94797,6.61572,2335.211,5536.963,7826.479,0.1718,0.711578,83.896,102.748,0.29664,0.9942,0.907585,A,0.0,0.018767
10991.051,0.53776,188.622,3.9916,18,0.7196,12.953,1.93244,6.82368,3335.911,7655.14,13315.463,0.167462,0.699126,84.188,103.113,0.30351,1.21148,0.905484,A,0.0,0.00185
10950.375,0.63823,153.986,1.0617,27,0.6847,18.487,1.99215,6.56136,3090.839,7859.535,3281.467,0.233989,0.797208,83.746,102.069,0.28226,0.29967,0.896519,A,0.001,-0.048669
11850.063,0.40931,175.936,2.9468,16,0.6939,11.102,1.95272,5.54717,5461.93,6388.133,16095.233,0.134493,0.644284,83.297,102.168,0.46092,1.35824,0.848549,A,0.0,-0.013947
10319.638,0.41436,181.996,3.0467,24,0.771,18.505,1.94283,9.25275,3647.284,6672.353,11112.362,0.046427,0.615485,82.356,102.261,0.35343,1.07682,0.9604,A,0.001,-0.020439
10764.307,0.38065,156.478,3.4283,23,0.7954,18.294,1.98736,9.72693,4841.545,5922.762,16598.365,0.028764,0.668303,81.141,101.351,0.44978,1.54198,0.966012,A,0.0,-0.028354
10239.217,0.60606,182.175,2.8197,17,0.7547,12.83,1.94254,6.28873,3195.824,7043.393,9011.387,0.216469,0.782824,84.607,103.374,0.31212,0.88009,0.888519,A,0.0,0.045948
11374.929,0.35742,182.301,1.05,16,0.7781,12.449,1.94234,4.23311,4951.511,6423.419,5198.895,0.194314,0.483158,84.319,101.402,0.4353,0.45705,0.763349,A,-0.001,-0.047062
9368.857,0.67646,161.199,1.8777,16,0.7351,11.762,1.97851,5.23683,2394.824,6974.033,4496.819,0.415278,0.766148,86.435,102.243,0.25562,0.47998,0.843078,A,0.0,-0.00215
10804.313,0.62582,150.241,2.0884,18,0.7236,13.024,1.99952,6.10238,3280.657,7523.656,6851.442,0.249381,0.78997,83.791,101.817,0.30364,0.63414,0.879003,A,0.0,-0.040892
9133.189,0.39467,183.184,2.9864,27,0.7479,20.194,1.94093,10.03257,4569.912,4563.277,13647.373,0.022936,0.766939,82.088,103.315,0.50036,1.49426,0.970921,A,0.0,0.025102
11046.337,0.47615,163.939,2.1669,27,0.8954,24.176,1.97352,11.24536,3878.911,7167.427,8405.065,0.027311,0.719048,81.423,102.072,0.35115,0.76089,0.979858,A,-0.001,0.052375
9570.571,0.60474,173.553,1.5848,27,0.6531,17.633,1.95672,7.25718,2940.305,6630.267,4659.718,0.15324,0.804972,83.456,103.114,0.30722,0.48688,0.922151,A,-0.001,-0.044519
9011.261,0.3635,208.528,1.889,23,0.7738,17.797,1.90357,7.49093,4224.02,4787.241,7979.115,0.054682,0.635984,83.36,103.543,0.46875,0.88546,0.929485,A,0.0,0.006832
8967.737,0.3997,162.495,1.1335,20,0.849,16.981,1.97614,6.14496,4391.769,4575.968,4977.975,0.092057,0.694953,82.22,101.84,0.48973,0.5551,0.887206,A,-0.0,0.028711
12191.89,0.46411,197.962,2.1489,18,0.7874,14.174,1.91848,6.30199,5181.076,7010.814,11133.399,0.128234,0.712318,83.988,103.607,0.42496,0.91318,0.882581,A,0.0,0.058961
7648.078,0.64111,189.93,2.9,24,0.7452,17.885,1.93043,8.74739,2247.208,5400.87,6516.902,0.094936,0.868357,83.276,104.288,0.29383,0.8521,0.95649,A,0.0,0.035077
7760.801,0.40946,178.246,2.2863,27,0.7552,20.389,1.94891,9.46522,3271.909,4488.891,7480.675,0.032989,0.683865,82.042,102.538,0.42159,0.96391,0.966033,A,0.001,0.005128
10940.356,0.59329,148.045,2.5955,16,0.7267,11.628,2.00394,5.83476,3736.282,7204.074,9697.692,0.23176,0.780788,83.463,101.635,0.34151,0.88641,0.866592,A,0.0,0.028565
8490.684,0.60563,166.673,3.5211,17,0.8716,14.818,1.96863,7.81681,2562.888,5927.797,9024.152,0.124198,0.813772,82.809,102.835,0.30185,1.06283,0.938099,A,-0.001,0.032167
9285.324,0.60481,173.151,1.8224,25,0.8655,21.638,1.9574,9.38341,2138.545,7146.779,3897.368,0.096289,0.756975,82.689,102.778,0.23031,0.41973,0.963333,A,0.0,0.005415
9244.275,0.31759,171.686,1.8944,16,0.8305,13.288,1.9599,5.85214,4523.123,4721.152,8568.646,0.081808,0.543481,82.442,101.298,0.48929,0.92691,0.873963,A,0.0,0.005241
13000.0,0.49602,166.686,2.0082,20,0.6905,13.809,1.96861,6.24396,5207.987,7792.013,10458.512,0.151738,0.726122,83.173,102.257,0.40061,0.8045,0.877447,A,0.0,0.058405
8975.046,0.42707,140.937,2.6637,25,0.7206,18.016,2.01879,9.20156,4054.376,4920.669,10799.645,0.036592,0.74881,80.571,101.019,0.45174,1.2033,0.961295,A,0.001,-0.030985
8901.477,0.40898,120.0,3.7592,19,0.7802,14.824,2.06808,8.50792,3989.542,4911.935,14997.369,0.044922,0.704674,79.657,99.415,0.44819,1.68482,0.950772,A,0.0,-0.005026
9401.015,0.62512,157.421,3.4974,24,0.6765,16.236,1.98557,8.66005,2471.392,6929.623,8643.537,0.112711,0.807865,82.288,102.322,0.26289,0.91943,0.952601,A,0.0,0.009548
10332.879,0.5341,131.891,3.5122,25,0.6983,17.458,2.03897,9.68131,3533.661,6799.218,12410.802,0.053253,0.783999,80.367,100.708,0.34198,1.2011,0.965902,A,0.0,0.032512
10737.045,0.38453,147.992,1.2989,24,0.6999,16.798,2.00405,6.59785,5050.595,5686.45,6560.365,0.083,0.652345,81.497,100.785,0.47039,0.611,0.898468,A,0.0,-0.010696
7779.968,0.58708,160.173,3.3231,17,0.6647,11.3,1.98041,5.93513,2578.009,5201.959,8566.918,0.207156,0.775362,83.646,102.251,0.33136,1.10115,0.883075,A,0.0,0.012247
10657.794,0.58844,179.299,1.9562,27,0.8462,22.847,1.94718,10.07452,3184.405,7473.39,6229.311,0.059084,0.813999,82.425,103.446,0.29879,0.58448,0.97,A,-0.001,-0.00707
12919.294,0.67413,162.847,2.468,22,0.7949,17.489,1.9755,8.47341,2790.277,10129.017,6886.53,0.174909,0.811656,83.328,102.628,0.21598,0.53304,0.943963,A,0.0,-0.038318
7308.978,0.6933,154.548,3.9282,19,0.6661,12.655,1.99106,6.9469,1532.504,5776.474,6020.041,0.267218,0.806335,84.208,102.159,0.20967,0.82365,0.919185,A,0.0,0.028631
10854.501,0.49985,167.761,1.9923,19,0.8833,16.783,1.96671,7.55794,4354.193,6500.308,8674.894,0.09072,0.773901,82.41,102.626,0.40114,0.7992,0.927195,A,0.0,0.015074
11145.088,0.66141,128.902,3.8667,25,0.829,20.724,2.046,11.7874,2807.982,8337.105,10857.547,0.043864,0.8694,80.097,101.084,0.25195,0.9742,0.983291,A,0.001,0.024245
10223.22,0.62654,171.358,2.092,18,0.6568,11.822,1.96046,5.38424,2440.84,7782.38,5106.132,0.401302,0.697177,86.647,102.296,0.23875,0.49946,0.847075,A,-0.0,0.045944
9697.677,0.61792,154.366,2.7854,20,0.6953,13.907,1.99141,7.04886,2348.53,7349.147,6541.706,0.214486,0.746843,83.505,101.757,0.24217,0.67456,0.915939,A,0.0,0.002773
7000.0,0.35134,168.893,3.1967,19,0.6665,12.664,1.96473,6.51466,3499.761,3500.239,11187.701,0.0654,0.637236,82.119,101.78,0.49997,1.59824,0.906934,A,0.0,0.017331
11791.457,0.50156,169.685,3.1878,19,0.7686,14.603,1.96335,7.49923,4091.041,7700.416,13041.587,0.110379,0.709384,82.743,102.295,0.34695,1.10602,0.923647,A,0.0,0.006255
9505.0,0.52176,161.782,3.9158,20,0.7932,15.865,1.97744,8.61634,3108.002,6396.998,12170.309,0.077044,0.737831,81.994,102.086,0.32699,1.28041,0.951717,A,0.0,-0.027537
9682.317,0.62209,204.773,3.2309,16,0.8636,13.817,1.90877,6.82088,2746.636,6935.681,8874.01,0.19956,0.789411,85.152,104.402,0.28368,0.91652,0.908999,A,0.0,0.051028
11832.793,0.43481,159.285,1.399,23,0.7499,17.247,1.98206,6.88084,4547.44,7285.352,6361.884,0.107387,0.639178,82.294,101.306,0.38431,0.53765,0.905085,A,0.001,0.044064
7000.0,0.41455,172.979,3.7956,20,0.6952,13.904,1.95769,7.39273,3181.287,3818.713,12075.029,0.06243,0.70789,82.236,102.446,0.45447,1.725,0.931558,A,0.0,0.013507
9889.281,0.38386,183.269,2.9804,27,0.7275,19.641,1.9408,9.75218,4728.927,5160.355,14094.274,0.026349,0.711486,82.136,102.953,0.47819,1.42521,0.967176,A,-0.001,-0.02343
10885.666,0.57389,173.525,2.8505,24,0.6827,16.384,1.95677,8.14232,3234.727,7650.939,9220.614,0.114704,0.768032,82.946,102.869,0.29715,0.84704,0.940608,A,-0.0,-0.027247
11071.669,0.51963,217.588,2.8594,19,0.7904,15.017,1.89147,7.0912,3872.128,7199.541,11072.124,0.128179,0.730166,84.611,104.526,0.34973,1.00004,0.91373,A,0.0,-0.014186
10905.552,0.62058,159.769,3.2746,21,0.756,15.876,1.98116,8.31478,2997.96,7907.592,9816.974,0.126296,0.807976,82.563,102.445,0.2749,0.90018,0.944054,A,0.0,-0.00745
13000.0,0.32576,165.266,3.3712,25,0.7019,17.547,1.97113,9.18347,6500.205,6499.795,21913.173,0.028538,0.622995,81.492,101.505,0.50002,1.68563,0.956196,A,0.0,0.037364
10418.137,0.68026,165.088,2.9346,17,0.887,15.078,1.97145,7.63351,2515.548,7902.589,7382.241,0.197212,0.83403,83.711,102.889,0.24146,0.7086,0.93,A,0.0,-0.05068
11520.932,0.53426,186.903,1.2916,26,0.8126,21.126,1.93509,7.86057,4078.212,7442.719,5267.302,0.100767,0.771791,83.247,103.516,0.35398,0.45719,0.933235,A,0.001,0.000402
11152.263,0.35994,152.843,3.2875,24,0.8637,20.729,1.99438,10.97219,5290.809,5861.454,17393.773,0.016867,0.669619,80.832,101.165,0.47442,1.55966,0.977769,A,0.0,-0.035497
7773.029,0.67793,160.939,3.894,22,0.677,14.894,1.97899,8.08931,1885.57,5887.459,7342.405,0.153711,0.845825,82.972,102.755,0.24258,0.9446,0.944999,A,0.0,-0.023309
8843.148,0.6896,160.737,2.9774,25,0.74,18.499,1.97937,9.45515,2030.129,6813.019,6044.41,0.105956,0.863511,82.333,102.862,0.22957,0.68351,0.964727,A,-0.0,0.013663
13000.0,0.57813,182.755,1.3746,20,0.7799,15.597,1.94162,5.99083,4721.995,8278.005,6491.041,0.213131,0.786338,84.584,103.424,0.36323,0.49931,0.866094,A,0.0,-0.023412
9589.015,0.32652,179.703,3.8688,22,0.8416,18.515,1.94653,9.79905,4799.198,4789.817,18567.111,0.020876,0.632766,81.936,102.269,0.50049,1.93629,0.968002,A,0.0,-0.016223
9897.716,0.6196,175.352,2.8667,17,0.8382,14.249,1.9537,7.07486,3107.572,6790.144,8908.339,0.165383,0.827479,83.683,103.349,0.31397,0.90004,0.916196,A,0.0,-0.016313
8022.29,0.61787,183.591,2.7376,22,0.7273,16.001,1.94029,7.76857,2386.192,5636.098,6532.483,0.128849,0.824912,83.501,103.716,0.29745,0.81429,0.937972,A,0.0,-0.011004
9483.6,0.46405,185.273,3.6026,25,0.7868,19.67,1.93763,10.18402,3698.201,5785.399,13323.301,0.033171,0.739479,82.298,103.229,0.38996,1.40488,0.972125,A,0.0,0.010488
8028.509,0.55732,163.551,2.3725,26,0.7453,19.377,1.97422,9.27167,2790.754,5237.755,6621.088,0.058779,0.822955,81.823,102.738,0.34761,0.8247,0.963339,A,0.0,-0.02576
9085.037,0.39973,169.924,2.6413,17,0.6541,11.12,1.96293,5.44019,4023.265,5061.772,10626.485,0.130769,0.613514,83.022,101.674,0.44285,1.16967,0.855127,A,0.0,-0.024488
10829.048,0.53863,180.642,2.7748,21,0.781,16.402,1.94501,8.02091,3989.95,6839.098,11071.379,0.090444,0.800099,82.888,103.417,0.36845,1.02238,0.938132,A,0.0,0.027616
8752.024,0.68296,206.25,3.5991,22,0.6828,15.021,1.90671,7.58622,1969.423,6782.602,7088.195,0.205336,0.821649,85.276,104.676,0.22502,0.80989,0.932345,A,-0.001,-0.029281
9076.643,0.54172,154.554,1.7752,23,0.7703,17.718,1.99105,7.80492,3127.389,5949.254,5551.83,0.099529,0.774173,81.995,101.947,0.34455,0.61166,0.936696,A,0.0,-0.018671
12005.749,0.57335,173.411,2.5232,17,0.826,14.041,1.95696,6.75153,3611.412,8394.337,9112.442,0.190219,0.738177,83.939,102.666,0.30081,0.75901,0.900202,A,0.0,0.030506
10704.406,0.34966,157.692,3.9715,24,0.8788,21.092,1.98505,11.55274,4873.623,5830.783,19355.402,0.013753,0.630429,80.993,101.165,0.45529,1.80817,0.982093,A,0.0,-0.019031
10772.949,0.5807,170.821,2.3964,18,0.8446,15.202,1.96138,7.22571,3623.465,7149.484,8683.27,0.14086,0.803619,83.189,102.973,0.33635,0.80603,0.918412,A,0.0,-0.010978
11490.654,0.46735,177.535,3.6252,26,0.8265,21.489,1.95007,11.24897,4377.047,7113.607,15867.725,0.024999,0.739537,81.911,102.872,0.38092,1.38092,0.979624,A,0.0,-0.040231
9172.141,0.5811,167.384,3.851,16,0.7965,12.744,1.96737,6.84589,3116.148,6055.992,12000.316,0.15191,0.801943,83.203,102.792,0.33974,1.30834,0.911186,A,0.001,-0.0033
9413.221,0.49115,216.515,3.7011,27,0.8176,22.075,1.89287,11.08955,3717.419,5695.802,13758.683,0.025197,0.795254,83.219,104.914,0.39491,1.46163,0.97974,A,0.0,0.026364
7000.0,0.63894,179.79,3.3496,24,0.8094,19.426,1.94639,9.96304,2017.56,4982.44,6758.046,0.06171,0.872676,82.478,103.856,0.28822,0.96544,0.972163,A,0.0,0.020563
11099.062,0.67771,124.695,2.3537,27,0.8656,23.371,2.0562,11.82363,2927.62,8171.442,6890.815,0.042333,0.905349,79.866,101.051,0.26377,0.62085,0.983524,A,0.0,0.003527
9688.141,0.48946,163.582,3.7539,23,0.8597,19.773,1.97417,10.61966,4486.008,5202.133,16840.208,0.025456,0.889583,81.384,103.179,0.46304,1.73823,0.975918,A,0.0,0.032594
9992.397,0.6333,153.209,1.9309,24,0.7826,18.782,1.99366,8.5378,3031.291,6961.105,5853.258,0.105144,0.863297,82.013,102.463,0.30336,0.58577,0.949635,A,0.001,-0.038104
8363.835,0.47534,219.644,3.2414,26,0.7969,20.72,1.8888,10.07013,3151.418,5212.418,10214.991,0.035347,0.741359,83.448,104.68,0.37679,1.22133,0.971981,A,-0.001,-0.000839
10928.647,0.67021,159.556,2.0175,20,0.8335,16.669,1.98156,7.62204,2399.412,8529.235,4840.881,0.217787,0.797483,83.762,102.365,0.21955,0.44295,0.928656,A,0.0,0.007849
10938.692,0.3914,177.419,3.7324,25,0.8233,20.582,1.95027,10.84289,5454.019,5484.673,20356.766,0.018146,0.762572,81.816,103.018,0.4986,1.86099,0.976884,A,0.0,-0.022639
10271.256,0.3356,157.937,3.712,20,0.6866,13.731,1.98459,7.41434,4780.252,5491.004,17744.48,0.054265,0.580527,81.537,100.848,0.4654,1.72759,0.924748,A,-0.0,-0.04294
7615.34,0.65591,167.78,1.5122,18,0.6568,11.822,1.96668,4.81309,1662.055,5953.285,2513.302,0.517665,0.694509,88.046,102.103,0.21825,0.33003,0.82775,A,0.0,-0.020054
8735.264,0.48293,163.202,1.829,27,0.8843,23.876,1.97485,10.50407,2995.637,5739.626,5478.996,0.034294,0.71708,81.486,102.022,0.34294,0.62723,0.975647,A,0.001,0.017656
9947.321,0.48734,162.377,3.3164,25,0.6842,17.104,1.97636,8.95255,4450.102,5497.219,14758.34,0.047387,0.843482,81.626,102.814,0.44737,1.48365,0.956499,A,0.0,0.045156
8743.413,0.54986,151.794,2.0639,26,0.8859,23.033,1.99644,10.72664,3360.58,5382.833,6935.88,0.032237,0.873024,80.991,102.45,0.38436,0.79327,0.977466,A,0.0,-0.024342
10578.203,0.30221,194.955,1.6151,24,0.6692,16.061,1.92289,6.48574,5806.767,4771.436,9378.559,0.057864,0.599583,82.958,102.734,0.54894,0.88659,0.894897,A,0.0,-0.035948
11508.176,0.59323,179.161,1.8148,27,0.7136,19.266,1.94741,8.27902,4079.027,7429.148,7402.531,0.096484,0.865971,82.914,103.783,0.35445,0.64324,0.942352,A,0.001,0.007685
8866.16,0.66645,173.099,2.6917,17,0.6877,11.69,1.95749,5.72496,1960.315,6905.845,5276.499,0.392585,0.744185,86.598,102.691,0.2211,0.59513,0.869756,A,0.0,0.035806
9727.416,0.66998,190.327,3.5014,16,0.734,11.744,1.92983,6.00578,2689.031,7038.385,9415.339,0.293766,0.813717,85.914,103.945,0.27644,0.96792,0.878791,A,-0.0,-0.025236
8971.539,0.61155,183.266,3.9567,26,0.8885,23.102,1.9408,12.22833,2977.355,5994.185,11780.416,0.024724,0.903036,82.115,104.217,0.33187,1.31309,0.986583,A,-0.001,-0.032295
11546.311,0.35574,166.754,1.6866,19,0.7401,14.063,1.96849,5.97907,5941.627,5604.685,10020.943,0.089232,0.638261,82.351,101.681,0.51459,0.86789,0.870921,A,-0.001,0.049562
11344.829,0.37483,176.804,3.682,20,0.8917,17.834,1.95128,9.37567,5765.568,5579.261,21228.9,0.02883,0.732391,81.935,102.79,0.50821,1.87124,0.960912,A,-0.0,-0.039614
13000.0,0.65516,177.951,1.1924,27,0.8294,22.394,1.94939,8.13012,3443.656,9556.344,4106.339,0.156637,0.834805,83.664,103.52,0.2649,0.31587,0.936668,A,0.0,-0.007698
10010.676,0.63865,147.289,1.6609,25,0.6846,17.116,2.00548,7.4346,2983.676,7027.0,4955.615,0.158866,0.842366,82.468,101.999,0.29805,0.49503,0.925859,A,0.0,0.007674
8598.975,0.35469,144.275,1.7333,21,0.7895,16.579,2.01171,7.34878,4058.519,4540.455,7034.826,0.054985,0.622588,80.964,100.379,0.47198,0.8181,0.926833,A,0.001,-0.020022
10614.433,0.48223,167.463,3.4044,21,0.751,15.771,1.96723,8.24815,4363.999,6250.434,14856.987,0.066597,0.772425,82.08,102.601,0.41114,1.3997,0.943221,A,0.0,-0.022698
9651.412,0.42326,149.661,1.5529,17,0.8748,14.871,2.00068,6.27325,3884.503,5766.909,6032.192,0.115809,0.630351,82.002,100.732,0.40248,0.62501,0.889876,A,0.0,0.01938
10286.847,0.43714,188.365,3.5076,20,0.7621,15.243,1.93283,7.81646,4248.904,6037.942,14903.609,0.069218,0.696047,82.882,103.081,0.41304,1.4488,0.934597,A,0.001,0.000245
11866.06,0.60602,181.136,1.0653,27,0.7942,21.442,1.94421,7.3532,3889.836,7976.224,4143.72,0.14887,0.828957,83.677,103.63,0.32781,0.34921,0.919472,A,0.0,0.043078
9573.142,0.32895,153.829,3.7712,16,0.6687,10.699,1.99245,5.82962,4573.816,4999.327,17248.703,0.088345,0.549068,81.817,100.422,0.47778,1.80178,0.871684,A,-0.001,0.040809
11084.94,0.68987,180.508,2.192,25,0.6718,16.794,1.94522,7.67377,2729.973,8354.967,5983.984,0.197158,0.850862,84.292,103.746,0.24628,0.53983,0.929616,A,0.0,0.00761
7000.0,0.47494,160.427,2.2206,23,0.7811,17.966,1.97994,8.46162,2921.815,4078.185,6488.141,0.053571,0.776827,81.629,102.274,0.4174,0.92688,0.952919,A,0.0,0.01123
11588.807,0.47236,193.197,1.6837,21,0.7295,15.32,1.9255,6.29706,4907.441,6681.366,8262.514,0.128975,0.724574,83.837,103.483,0.42346,0.71297,0.884376,A,0.0,0.007583
10203.639,0.56355,155.979,3.6998,19,0.6899,13.108,1.98831,7.09228,3020.148,7183.491,11173.914,0.160052,0.733199,82.853,101.753,0.29599,1.09509,0.915938,A,0.0,-0.048387
9643.729,0.67996,147.594,1.5414,26,0.7764,20.186,2.00486,8.51605,3409.456,6234.274,5255.167,0.096585,0.999,81.659,103.05,0.35354,0.54493,0.949781,A,-0.001,0.007937
9253.07,0.49373,208.726,2.205,20,0.6819,13.638,1.9033,6.03845,3616.226,5636.844,7973.628,0.149215,0.714744,84.614,104.071,0.39081,0.86173,0.881888,A,0.0,0.022661
12129.005,0.58943,134.124,3.2854,20,0.7878,15.756,2.03384,8.57565,3462.135,8666.87,11374.656,0.109214,0.78126,81.213,100.827,0.28544,0.93781,0.947111,A,-0.0,0.006949
9245.177,0.56545,172.083,2.1223,23,0.8396,19.312,1.95922,8.82834,2977.881,6267.296,6319.957,0.078076,0.797018,82.408,102.991,0.3221,0.6836,0.955525,A,0.0,0.036574
11907.729,0.661,147.724,1.2376,26,0.7051,18.333,2.00459,7.05172,2524.139,9383.59,3123.912,0.279386,0.763653,84.078,101.504,0.21197,0.26234,0.910404,A,0.0,-0.006884
9246.028,0.62099,178.812,1.5545,26,0.7687,19.987,1.94798,8.11006,2638.853,6607.175,4102.215,0.124433,0.819313,83.27,103.458,0.2854,0.44367,0.942811,A,0.0,-0.013838
10076.717,0.5152,166.824,2.4244,27,0.8162,22.037,1.96836,10.5654,3484.236,6592.481,8447.232,0.037001,0.767935,81.664,102.54,0.34577,0.83829,0.975167,A,0.0,0.007485
10541.531,0.55223,188.24,1.7737,16,0.7005,11.207,1.93302,4.72345,3254.204,7287.326,5771.922,0.348014,0.643421,86.558,102.729,0.3087,0.54754,0.805455,A,0.001,0.022531
13000.0,0.60459,186.891,2.7575,22,0.8392,18.462,1.93511,8.94441,4281.72,8718.28,11806.779,0.087425,0.858584,83.071,104.088,0.32936,0.90821,0.952374,A,0.0,-0.035087
10384.866,0.68956,140.328,1.4423,26,0.7325,19.044,2.0201,7.90802,2884.941,7499.924,4161.032,0.157681,0.894157,82.142,101.943,0.2778,0.40068,0.936475,A,0.001,-0.021727
10367.052,0.54635,156.804,3.131,22,0.8946,19.682,1.98674,10.24067,3852.91,6514.142,12063.499,0.041255,0.845094,81.319,102.535,0.37165,1.16364,0.971936,A,0.0,0.024739
9912.763,0.32177,144.175,2.8919,24,0.7006,16.813,2.01192,8.73391,5041.216,4871.548,14578.6,0.029682,0.624041,80.626,100.382,0.50856,1.47069,0.953088,A,-0.001,-0.049308
9562.057,0.37586,125.265,3.7494,21,0.7319,15.37,2.0548,8.73859,4394.258,5167.8,16476.036,0.037901,0.663224,79.837,99.491,0.45955,1.72306,0.953659,A,-0.001,0.038984
9105.542,0.34815,156.099,3.188,20,0.8635,17.269,1.98808,9.03333,4489.701,4615.841,14313.113,0.029104,0.658476,81.13,101.266,0.49307,1.57191,0.958781,A,-0.0,0.005671
12728.536,0.65065,151.296,3.3893,20,0.6612,13.223,1.99742,7.0642,4046.978,8681.559,13716.557,0.186804,0.866878,83.01,102.383,0.31795,1.07762,0.908717,A,-0.001,-0.022233
12221.541,0.66691,141.33,1.4362,22,0.8015,17.634,2.01794,7.2984,3423.439,8798.102,4916.646,0.197411,0.849594,82.712,101.707,0.28012,0.40229,0.917083,A,-0.0,0.028721
8986.324,0.40662,196.511,1.4981,16,0.7154,11.446,1.92059,4.47965,3844.951,5141.373,5760.248,0.192107,0.567036,84.782,102.587,0.42787,0.641,0.797853,A,0.0,0.033483
10259.515,0.35034,195.387,3.5396,16,0.7521,12.034,1.92225,6.13181,4990.173,5269.342,17662.993,0.084883,0.60174,83.329,102.767,0.48639,1.72162,0.882154,A,0.0,-0.036225
8253.762,0.65873,161.709,2.5651,21,0.7834,16.452,1.97758,8.07124,2165.061,6088.701,5553.504,0.141146,0.842777,82.837,102.775,0.26231,0.67285,0.943795,A,0.0,-0.00622
11431.493,0.52634,181.619,1.1204,20,0.7143,14.287,1.94343,5.01589,3532.651,7898.842,3957.846,0.306972,0.624447,85.782,102.303,0.30903,0.34622,0.819768,A,0.0,0.018892
11050.957,0.6677,205.502,3.2448,25,0.8497,21.242,1.90775,10.4886,3085.922,7965.036,10013.333,0.062774,0.902072,83.37,105.176,0.27924,0.90611,0.973747,A,-0.001,-0.027633
10189.898,0.52962,168.649,3.2609,21,0.8548,17.951,1.96515,9.28083,3062.745,7127.153,9987.291,0.06883,0.727632,82.155,102.365,0.30057,0.98012,0.960938,A,-0.0,0.020449
8810.716,0.55501,159.263,2.1217,18,0.6932,12.478,1.9821,5.80214,2807.467,6003.249,5956.511,0.220434,0.711483,83.785,101.782,0.31864,0.67605,0.873445,A,0.0,-0.035302
11170.74,0.56427,174.981,1.3877,19,0.8839,16.793,1.95432,6.53961,3492.268,7678.471,4846.144,0.189414,0.734759,83.987,102.719,0.31263,0.43382,0.895058,A,0.001,0.003335
10947.819,0.68028,169.462,3.1655,19,0.6887,13.085,1.96373,6.71061,2705.081,8242.738,8562.811,0.270381,0.814794,84.847,102.98,0.24709,0.78215,0.901793,A,0.0,0.046337
9753.681,0.46566,190.344,2.018,26,0.8818,22.928,1.9298,10.07866,3678.66,6075.021,7423.509,0.036003,0.725841,82.512,103.366,0.37716,0.7611,0.97084,A,0.0,-0.043019
11128.736,0.51504,171.122,3.6285,24,0.8993,21.583,1.96087,11.39378,3936.103,7192.633,14282.32,0.027912,0.781611,81.71,102.842,0.35369,1.28337,0.980832,A,0.0,0.038611
8006.71,0.47095,149.472,1.7447,27,0.7803,21.069,2.00106,9.28998,2650.009,5356.701,4623.376,0.051797,0.678316,81.149,101.038,0.33097,0.57744,0.963599,A,0.0,-0.038437
9124.682,0.45011,157.601,1.0057,16,0.667,10.672,1.98523,3.66965,3443.561,5681.121,3463.35,0.321495,0.528069,85.051,100.484,0.37739,0.37956,0.730446,A,0.0,-0.000914
8595.586,0.57081,165.103,3.9672,17,0.6936,11.791,1.97143,6.39219,3090.072,5505.514,12259.067,0.162358,0.800065,83.252,102.666,0.3595,1.4262,0.897748,A,0.0,-0.020524
10193.124,0.35668,148.3,3.1644,20,0.7709,15.417,2.00342,8.14022,5564.932,4628.192,17609.519,0.038045,0.739812,80.917,101.379,0.54595,1.72759,0.941767,A,0.0,-0.02635
12523.788,0.59136,161.467,3.2766,26,0.7944,20.653,1.97802,10.79339,3625.234,8898.555,11878.325,0.050271,0.811794,81.628,102.558,0.28947,0.94846,0.975392,A,-0.001,0.029576
10094.435,0.35358,127.109,3.3859,21,0.8518,17.888,2.0503,9.91523,4799.404,5295.031,16250.509,0.023199,0.653044,79.735,99.542,0.47545,1.60985,0.968805,A,-0.0,-0.03927
11727.014,0.53162,178.255,3.0217,25,0.8277,20.692,1.94889,10.37375,4347.563,7379.451,13136.818,0.039961,0.821272,82.135,103.445,0.37073,1.12022,0.972133,A,0.0,0.045736
9973.693,0.54291,185.251,2.3201,18,0.6762,12.172,1.93767,5.62658,3470.199,6503.494,8051.341,0.217585,0.716499,84.731,103.076,0.34794,0.80726,0.860556,A,0.0,0.00747
9411.038,0.50257,180.449,2.4008,16,0.7737,12.378,1.94532,5.81491,3426.882,5984.155,8227.399,0.177136,0.688928,84.025,102.674,0.36413,0.87423,0.871657,A,0.001,0.029262
11539.355,0.31746,137.243,1.3277,27,0.6654,17.965,2.02684,7.23945,5590.902,5948.453,7423.081,0.054398,0.564719,80.636,99.586,0.48451,0.64328,0.916979,A,0.0,-0.054678
10832.991,0.42239,152.644,3.9889,20,0.708,14.161,1.99477,7.8183,5489.318,5343.672,21896.26,0.055368,0.799414,81.332,102.011,0.50672,2.02126,0.933578,A,0.001,0.008301
12146.936,0.35891,174.524,2.8296,16,0.7489,11.983,1.95508,5.93595,5856.692,6290.244,16572.14,0.099225,0.600691,82.779,101.812,0.48215,1.36431,0.866701,A,0.0,0.033577
11478.897,0.39872,120.0,2.8367,19,0.8599,16.338,2.06808,8.77735,5379.699,6099.197,15260.705,0.041161,0.714106,79.608,99.478,0.46866,1.32946,0.95162,A,0.001,-0.041152
8798.236,0.38532,170.385,2.7963,22,0.761,16.741,1.96213,8.31168,3865.646,4932.589,10809.549,0.046094,0.65117,81.922,101.945,0.43937,1.2286,0.94744,A,0.001,-0.00077
7000.0,0.39895,182.181,3.3863,18,0.8546,15.383,1.94253,7.88537,3034.704,3965.296,10276.481,0.053008,0.663708,82.449,102.588,0.43353,1.46807,0.942398,A,0.0,-0.012267
10221.523,0.63255,183.055,2.2763,22,0.7335,16.136,1.94114,7.43607,2630.358,7591.165,5987.356,0.183303,0.788222,84.201,103.45,0.25734,0.58576,0.925429,A,-0.0,-0.051397
8250.179,0.41257,147.038,2.0983,17,0.706,12.002,2.00599,5.65857,3480.883,4769.296,7303.913,0.127861,0.620373,82.048,100.52,0.42192,0.8853,0.869244,A,0.0,-0.035299
7900.291,0.64079,191.283,2.5249,23,0.737,16.951,1.92838,7.97339,2060.856,5839.435,5203.506,0.141278,0.817077,83.934,104.01,0.26086,0.65865,0.942487,A,-0.0,0.005824
7792.318,0.34812,199.25,1.5117,21,0.8072,16.951,1.91661,6.63702,3953.613,3838.705,5976.671,0.062776,0.642,83.166,103.198,0.50737,0.767,0.908506,A,0.0,0.021122
9051.262,0.36053,174.627,3.4901,17,0.7772,13.212,1.95491,6.88406,4564.177,4487.085,15929.615,0.062424,0.663763,82.297,102.234,0.50426,1.75993,0.912691,A,0.0,-0.023697
9712.674,0.58361,187.729,3.8961,18,0.699,12.581,1.93381,6.6025,2862.477,6850.197,11152.455,0.194698,0.746129,84.516,103.384,0.29472,1.14824,0.90168,A,0.0,-0.035511
10020.058,0.36884,191.697,1.7623,25,0.7136,17.839,1.92775,7.46994,4849.757,5170.302,8546.784,0.055821,0.662461,82.82,103.007,0.484,0.85297,0.92675,A,-0.001,-0.043526
13000.0,0.62216,189.891,2.4502,21,0.7555,15.866,1.93049,7.41158,3138.44,9861.56,7689.774,0.209882,0.753369,84.792,103.528,0.24142,0.59152,0.918559,A,0.0,-0.01566
8192.757,0.32595,145.325,1.8526,24,0.7436,17.848,2.00952,8.08925,3778.97,4413.788,7000.821,0.039392,0.571301,80.805,100.1,0.46126,0.85451,0.944256,A,-0.001,-0.03354
9995.044,0.67423,194.772,1.2009,23,0.7733,17.786,1.92316,6.34678,2209.451,7785.593,2653.431,0.330758,0.771698,86.554,103.862,0.22105,0.26547,0.891556,A,0.0,0.038375
8144.284,0.43284,162.856,3.3431,17,0.8079,13.734,1.97548,7.19734,3086.298,5057.986,10317.777,0.086866,0.643949,82.166,101.521,0.37895,1.26687,0.923949,A,0.0,-0.007502
8517.138,0.56312,161.331,1.2094,21,0.8883,18.655,1.97827,6.96647,3142.66,5374.478,3800.605,0.127323,0.817944,82.639,102.592,0.36898,0.44623,0.916572,A,0.0,0.015818
10109.65,0.43473,148.208,1.1527,25,0.8228,20.57,2.00361,7.65468,4582.806,5526.845,5282.571,0.066025,0.740449,81.283,101.378,0.45331,0.52253,0.931152,A,-0.001,0.041525
10637.066,0.53305,159.105,3.3406,21,0.7223,15.169,1.9824,7.9889,3852.255,6784.811,12868.706,0.091571,0.783708,82.077,102.25,0.36215,1.2098,0.937787,A,0.0,0.02253
8080.718,0.59659,152.214,2.1976,22,0.7148,15.725,1.99561,7.46709,2723.325,5357.393,5984.778,0.122251,0.837711,82.196,102.24,0.33702,0.74062,0.93094,A,0.0,-0.0007
11724.531,0.34858,165.965,2.6466,22,0.8319,18.302,1.96989,9.00553,5999.754,5724.777,15878.694,0.030641,0.681789,81.547,101.928,0.51173,1.35431,0.955018,A,0.0,0.008568
8613.061,0.61333,185.922,1.2573,24,0.8636,20.727,1.93662,7.63057,1880.661,6732.4,2364.526,0.186301,0.73262,84.342,103.213,0.21835,0.27453,0.933676,A,0.0,-0.01121
11445.413,0.49369,157.674,3.1311,24,0.8593,20.624,1.98509,10.71811,4364.497,7080.915,13665.751,0.031725,0.778441,81.229,102.141,0.38133,1.19399,0.975495,A,0.001,-0.052277
9929.396,0.47482,144.644,3.5458,23,0.7927,18.231,2.01094,9.93473,4086.228,5843.168,14489.084,0.035571,0.781986,80.724,101.452,0.41153,1.45921,0.96917,A,0.0,0.049021
11366.51,0.64746,182.865,1.7795,25,0.7776,19.44,1.94144,8.25711,2649.007,8717.502,4713.935,0.160732,0.795365,83.896,103.488,0.23305,0.41472,0.942145,A,0.001,-0.015607
10857.114,0.671,214.295,1.1353,24,0.7549,18.117,1.8958,6.16123,2815.962,8041.151,3197.0,0.307123,0.79843,86.872,104.847,0.25937,0.29446,0.881286,A,0.001,-0.019396
9577.112,0.36702,158.879,1.7255,21,0.6686,14.041,1.98282,6.08465,4543.957,5033.156,7840.38,0.090794,0.616394,82.058,101.134,0.47446,0.81866,0.882627,A,-0.001,0.020455
10723.763,0.5898,141.478,2.4707,27,0.783,21.141,2.01762,10.5635,2989.676,7734.086,7386.513,0.053589,0.797076,80.82,101.369,0.27879,0.6888,0.974669,A,0.001,0.007338
7992.443,0.68885,160.55,2.3609,22,0.7076,15.567,1.97971,7.4681,2380.072,5612.371,5619.024,0.159245,0.913447,83.029,103.182,0.29779,0.70304,0.931159,A,0.0,-0.023658
8055.781,0.37842,182.691,1.8138,19,0.7277,13.825,1.94172,5.9138,3799.061,4256.719,6890.922,0.095365,0.631039,83.027,102.396,0.47159,0.8554,0.881154,A,0.001,0.015493
9471.633,0.66573,171.661,2.7756,25,0.8472,21.181,1.95994,10.47805,2460.333,7011.3,6828.987,0.064431,0.876738,82.212,103.496,0.25976,0.72099,0.97486,A,0.0,-0.044618
12064.308,0.62868,154.404,2.7886,21,0.6942,14.578,1.99134,7.39106,3111.751,8952.557,8677.545,0.194787,0.779496,83.246,101.974,0.25793,0.71927,0.920084,A,0.0,-0.02186
8884.847,0.66167,163.258,2.4893,18,0.6503,11.705,1.97475,5.68213,2420.459,6464.388,6025.222,0.321305,0.789118,85.277,102.5,0.27243,0.67815,0.867712,A,0.0,-0.033794
9107.126,0.56274,165.739,3.6653,19,0.8448,16.051,1.97029,8.55216,3133.346,5973.781,11484.759,0.079788,0.816058,82.187,102.803,0.34405,1.26107,0.951219,A,-0.001,-0.011101
12502.226,0.35929,190.788,3.1465,19,0.7241,13.759,1.92913,6.86006,6069.174,6433.052,19096.561,0.072108,0.630223,83.004,102.755,0.48545,1.52745,0.902572,A,0.0,0.03145
10069.622,0.46259,148.651,1.6939,17,0.7419,12.612,2.00271,5.5075,3958.535,6111.087,6705.22,0.171565,0.651113,82.695,100.813,0.39312,0.66589,0.854203,A,0.0,-0.047806
10005.61,0.48205,191.495,2.0596,16,0.7871,12.594,1.92806,5.56574,3657.0,6348.61,7531.81,0.188049,0.6514,84.559,102.925,0.36549,0.75276,0.857419,A,0.0,0.024554
8429.34,0.49793,157.652,2.8947,19,0.8838,16.792,1.98513,8.5578,2867.555,5561.785,8300.645,0.069771,0.718675,81.73,101.745,0.34019,0.98473,0.952332,A,0.0,0.033251
10095.206,0.30956,185.23,2.7668,22,0.7621,16.765,1.9377,8.14612,5146.336,4948.87,14238.812,0.035186,0.59488,82.323,102.273,0.50978,1.41045,0.942057,A,0.0,0.009205
10894.161,0.32323,181.231,1.6028,20,0.7222,14.444,1.94406,5.91288,5033.476,5860.685,8067.894,0.090689,0.522946,82.913,101.615,0.46203,0.74057,0.870366,A,0.0,0.016977
9920.132,0.67012,159.776,3.103,21,0.7319,15.37,1.98115,7.94684,2230.804,7689.328,6922.22,0.18417,0.811097,83.327,102.466,0.22488,0.6978,0.938196,A,-0.0,0.04081
11150.587,0.3064,169.528,1.6179,17,0.7654,13.012,1.96362,5.42653,5548.625,5601.962,8977.201,0.095343,0.515443,82.539,101.007,0.49761,0.80509,0.845158,A,0.0,0.025204
10497.031,0.36622,165.062,3.6923,23,0.7966,18.322,1.9715,9.78654,5323.382,5173.649,19655.779,0.023849,0.718502,81.422,102.125,0.50713,1.87251,0.966975,A,0.0,-0.011798
11579.107,0.62785,172.058,2.9551,20,0.7722,15.443,1.95926,7.76041,3144.864,8434.243,9293.375,0.160113,0.802256,83.49,103.024,0.2716,0.8026,0.930738,A,0.0,-0.013332
11243.611,0.61499,170.003,2.0948,22,0.7764,17.081,1.9628,7.79692,3223.138,8020.472,6751.708,0.145294,0.803747,83.216,102.934,0.28666,0.60049,0.932275,A,0.001,-0.024592
9803.546,0.47189,183.112,3.0526,21,0.7049,14.802,1.94105,7.39485,3858.51,5945.036,11778.62,0.089577,0.720025,82.965,103.002,0.39358,1.20147,0.925288,A,0.0,-0.012974
11307.924,0.31667,138.341,3.3406,20,0.745,14.9,2.02442,8.08791,5903.092,5404.833,19719.879,0.037174,0.621935,80.46,100.029,0.52203,1.7439,0.938719,A,-0.001,-0.016061
12711.101,0.45171,156.867,2.3106,22,0.8481,18.659,1.98662,8.93922,5204.017,7507.084,12024.323,0.052225,0.72864,81.466,101.769,0.40941,0.94597,0.952666,A,0.0,-0.010041
10459.252,0.53471,202.17,1.1762,25,0.899,22.474,1.91243,7.87577,3733.067,6726.186,4390.829,0.096462,0.777941,83.707,104.218,0.35692,0.4198,0.935613,A,-0.001,-0.008335
8172.57,0.33168,151.674,3.7567,16,0.749,11.984,1.99667,6.54473,3890.717,4281.853,14616.274,0.066641,0.572505,81.44,100.46,0.47607,1.78846,0.904348,A,0.0,0.014494
10289.899,0.62128,166.619,3.8057,17,0.7942,13.502,1.96872,7.2427,3084.48,7205.419,11738.639,0.165716,0.816297,83.355,102.849,0.29976,1.14079,0.920045,A,0.0,-0.00115
9704.178,0.54659,132.404,3.0117,20,0.7479,14.958,2.03779,7.99372,3586.98,6117.198,10802.791,0.089321,0.814727,80.868,100.942,0.36963,1.11321,0.939597,A,0.0,-0.032363
13000.0,0.59886,213.146,2.6194,16,0.7325,11.72,1.89733,5.43227,3431.181,9568.819,8987.751,0.369426,0.681125,87.659,104.027,0.26394,0.69137,0.837181,A,0.0,0.050687
11133.993,0.69013,190.543,2.8196,25,0.8481,21.203,1.9295,10.28733,2062.536,9071.457,5815.559,0.105196,0.823118,83.432,104.017,0.18525,0.52232,0.971763,A,0.0,0.052509
8340.578,0.46296,191.392,1.821,27,0.8065,21.776,1.92821,9.22949,3257.943,5082.635,5932.83,0.044536,0.731167,82.661,103.447,0.39061,0.71132,0.962424,A,-0.0,0.003256
9717.079,0.54173,185.359,1.5104,27,0.8902,24.037,1.9375,9.56501,3328.817,6388.262,5027.845,0.055134,0.795291,82.591,103.601,0.34257,0.51742,0.965135,A,0.0,-0.025064
12190.97,0.61525,199.314,2.3592,19,0.8058,15.311,1.91652,6.99498,3386.536,8804.434,7989.607,0.204043,0.773416,85.033,104.068,0.27779,0.65537,0.907873,A,0.0,0.005201
8254.617,0.35378,187.406,2.8036,17,0.7248,12.321,1.93431,5.99171,4007.586,4247.031,11235.784,0.084806,0.607582,83.054,102.455,0.4855,1.36115,0.883618,A,0.0,0.031475
9258.038,0.66209,141.941,2.6008,25,0.8764,21.911,2.01664,11.10089,2851.785,6406.252,7417.044,0.043169,0.937601,80.703,102.324,0.30803,0.80115,0.979916,A,0.001,0.037391
9996.282,0.55758,149.591,3.2067,24,0.8942,21.461,2.00082,11.34627,3159.855,6836.428,10132.772,0.033248,0.799931,80.91,101.847,0.3161,1.01365,0.981151,A,-0.001,-0.002628
9770.556,0.55779,139.287,1.1948,22,0.8109,17.839,2.02235,6.83928,2568.508,7202.049,3068.955,0.192362,0.688117,82.552,100.522,0.26288,0.3141,0.909342,A,-0.001,-0.017256
9102.076,0.42922,150.742,1.3215,18,0.7572,13.63,1.99852,5.37228,3976.439,5125.637,5254.967,0.145835,0.649066,82.445,100.915,0.43687,0.57734,0.851564,A,0.0,0.012374
10186.927,0.34159,184.202,3.4325,17,0.8934,15.188,1.93932,7.78993,5102.695,5084.233,17515.115,0.044883,0.639375,82.414,102.52,0.50091,1.71937,0.934183,A,-0.001,-0.00334
7872.452,0.43744,161.972,3.4282,27,0.8346,22.533,1.9771,11.8907,3344.05,4528.402,11464.134,0.015021,0.749376,81.183,102.172,0.42478,1.45623,0.985414,A,0.0,0.018651
9119.228,0.51882,169.188,2.3619,17,0.7808,13.274,1.96421,6.29545,3728.231,5390.997,8805.642,0.136431,0.783264,83.068,102.758,0.40883,0.96561,0.892491,A,-0.0,0.017713
9087.938,0.62872,168.613,3.6934,25,0.8978,22.446,1.96521,11.93323,2772.914,6315.024,10241.402,0.030764,0.891281,81.651,103.443,0.30512,1.12692,0.98507,A,0.0,0.001547
9532.659,0.55743,195.476,3.6939,27,0.6594,17.803,1.92212,9.15468,3050.643,6482.016,11268.631,0.069718,0.786967,83.132,103.994,0.32002,1.18211,0.959975,A,0.0,-0.027308
9534.373,0.3929,179.703,1.9388,20,0.7644,15.289,1.94653,6.71791,4243.452,5290.921,8227.173,0.082909,0.641522,82.755,102.327,0.44507,0.8629,0.906082,A,0.0,-0.007432
9976.913,0.36812,208.697,2.7143,24,0.8541,20.499,1.90334,9.64138,4609.357,5367.556,12511.338,0.02726,0.660832,83.003,103.714,0.462,1.25403,0.965788,A,0.0,-0.002625
9457.4,0.39113,192.043,2.4699,17,0.8735,14.849,1.92723,6.93446,4462.936,4994.463,11023.218,0.071993,0.676312,83.045,103.114,0.4719,1.16557,0.913141,A,0.001,-0.04255
9351.242,0.52675,155.921,2.2104,17,0.7873,13.385,1.98842,6.33421,3623.99,5727.252,8010.465,0.14519,0.768194,82.655,101.98,0.38754,0.85662,0.893182,A,0.0,-0.041007
10517.844,0.35978,150.01,1.7595,21,0.7102,14.915,1.99998,6.59183,4345.086,6172.758,7645.366,0.088041,0.551063,81.651,100.228,0.41312,0.72689,0.898908,A,-0.0,-0.014344
11324.734,0.47518,159.022,3.3445,27,0.6763,18.26,1.98255,9.62015,4946.818,6377.916,16544.411,0.039012,0.813486,81.38,102.443,0.43682,1.46091,0.964138,A,0.0,-0.043537
11416.719,0.62934,174.744,3.1286,27,0.7938,21.432,1.95471,10.88533,2807.798,8608.921,8784.522,0.059093,0.81533,82.258,103.24,0.24594,0.76944,0.976907,A,-0.0,-0.034831
8244.685,0.37075,157.879,1.7411,21,0.7085,14.878,1.9847,6.47778,3758.676,4486.008,6544.285,0.079815,0.614518,81.872,101.07,0.45589,0.79376,0.901856,A,0.001,-0.014425
10342.877,0.47046,145.005,2.726,22,0.8835,19.436,2.01019,9.92857,4162.74,6180.137,11347.675,0.036564,0.762723,80.753,101.345,0.40247,1.09715,0.96872,A,0.0,-0.029145
11091.722,0.43682,185.684,2.8148,24,0.8357,20.058,1.93699,9.78468,4371.812,6719.91,12305.667,0.037268,0.696755,82.366,102.966,0.39415,1.10945,0.966373,A,0.0,0.026422
9570.733,0.62505,166.398,2.3173,16,0.7639,12.222,1.96912,5.78497,2615.534,6955.2,6061.075,0.298082,0.748004,85.094,102.387,0.27328,0.63329,0.869672,A,-0.001,0.025635
10671.059,0.47136,206.168,2.3374,17,0.8656,14.715,1.90682,6.65169,4396.557,6274.502,10276.536,0.11377,0.721926,84.064,104.014,0.41201,0.96303,0.900556,A,-0.0,-0.012051
9639.968,0.4223,163.627,1.3361,18,0.8763,15.774,1.97408,6.13576,4436.017,5203.951,5926.893,0.106008,0.691927,82.45,101.877,0.46017,0.61482,0.884487,A,0.0,-0.049007
10534.377,0.36379,202.048,2.7164,26,0.8633,22.446,1.91261,10.63916,5197.112,5337.266,14117.524,0.018089,0.700419,82.668,103.701,0.49335,1.34014,0.975469,A,-0.001,-0.032065
7684.589,0.60953,157.707,3.4818,18,0.7122,12.82,1.98502,6.82852,2192.076,5492.513,7632.398,0.182196,0.78008,83.217,102.153,0.28526,0.99321,0.914734,A,0.0,0.000513
10660.008,0.49923,132.388,1.9793,24,0.8382,20.116,2.03782,9.51379,3953.993,6706.016,7826.291,0.049137,0.764612,80.337,100.611,0.37092,0.73417,0.963492,A,-0.001,0.008134
9244.596,0.44487,157.388,3.4866,17,0.7909,13.445,1.98563,7.16668,3913.154,5331.442,13643.513,0.083614,0.710017,81.902,101.674,0.42329,1.47584,0.920441,A,0.0,0.034509
8864.362,0.60545,214.185,1.2452,23,0.7775,17.882,1.89594,6.34413,2815.219,6049.143,3505.436,0.19991,0.794188,85.454,104.815,0.31759,0.39545,0.895138,A,-0.0,-0.019238
9517.724,0.66926,190.478,1.2984,17,0.8794,14.95,1.9296,5.55149,2369.631,7148.094,3076.77,0.379554,0.765299,87.052,103.632,0.24897,0.32327,0.858803,A,-0.001,-0.00015
11445.435,0.67662,185.39,1.7096,27,0.8275,22.341,1.93745,9.32285,2808.264,8637.171,4801.046,0.110122,0.860813,83.318,104.035,0.24536,0.41947,0.960067,A,-0.0,-0.030499
11380.438,0.32347,172.798,1.5026,25,0.6965,17.413,1.958,7.02506,5083.812,6296.626,7639.167,0.064506,0.532558,82.256,101.28,0.44671,0.67125,0.910917,A,0.0,-0.024646
10338.175,0.63113,154.827,3.3177,18,0.7732,13.918,1.99052,7.36223,3191.45,7146.725,10588.392,0.156992,0.842864,82.765,102.415,0.30871,1.0242,0.92321,A,0.0,-0.016951
11261.064,0.51079,204.264,3.758,22,0.7272,15.997,1.90948,8.17275,3915.336,7345.728,14713.641,0.087276,0.736525,83.653,104.032,0.34769,1.30659,0.940592,A,0.0,0.011701
9354.14,0.48266,170.234,1.7566,22,0.8331,18.327,1.9624,7.87341,3737.66,5616.48,6565.432,0.075295,0.753759,82.301,102.615,0.39957,0.70187,0.937667,A,0.0,-0.030246
8097.126,0.58229,173.353,2.7073,25,0.8937,22.343,1.95706,10.95564,2501.003,5596.123,6770.937,0.038418,0.825358,81.933,103.239,0.30888,0.83621,0.979621,A,0.0,-0.012922
7165.55,0.60743,159.921,2.5362,25,0.8106,20.266,1.98088,9.9353,1745.501,5420.049,4426.994,0.070475,0.780349,81.832,102.271,0.2436,0.61782,0.971738,A,0.0,0.026036
9916.171,0.61168,167.955,3.3023,20,0.6811,13.622,1.96637,7.06986,2564.542,7351.63,8468.848,0.198667,0.755757,83.842,102.516,0.25862,0.85404,0.916002,A,-0.001,-0.012222
9742.739,0.50796,173.049,1.1137,19,0.7235,13.746,1.95757,4.86499,3787.78,5954.959,4218.323,0.236193,0.68082,84.532,102.27,0.38878,0.43297,0.819223,A,0.0,0.019395
10016.195,0.47859,182.391,2.7643,19,0.7222,13.723,1.9422,6.68943,3581.463,6434.731,9900.176,0.128827,0.673268,83.458,102.661,0.35757,0.98842,0.903751,A,0.001,-0.03684
10062.941,0.34786,184.273,1.8698,27,0.835,22.545,1.93921,9.72814,4808.883,5254.058,8991.539,0.024221,0.644075,82.144,102.554,0.47788,0.89353,0.966725,A,0.0,0.011295
11788.609,0.52128,172.34,1.7984,17,0.6622,11.257,1.95878,4.8638,4222.942,7565.667,7594.443,0.279452,0.656264,85.076,102.074,0.35822,0.64422,0.807962,A,0.0,-0.018376
8580.827,0.4643,180.118,2.8137,25,0.8979,22.447,1.94585,11.02464,3444.904,5135.923,9692.791,0.02336,0.760055,81.984,103.128,0.40147,1.12959,0.979801,A,0.0,0.021063
8799.821,0.60296,140.96,1.0941,18,0.8253,14.856,2.01873,5.45241,2781.815,6018.006,3043.472,0.272724,0.755606,83.689,101.065,0.31612,0.34586,0.857015,A,0.0,0.030914
12835.125,0.43946,170.54,3.2401,21,0.7532,15.816,1.96187,8.14475,5178.459,7656.666,16778.712,0.06832,0.690481,82.221,102.212,0.40346,1.30725,0.937277,A,0.0,-0.050683
11113.226,0.63414,155.134,3.2723,22,0.7181,15.798,1.98993,8.32611,2631.487,8481.74,8610.937,0.150139,0.784296,82.687,102.045,0.23679,0.77484,0.943937,A,-0.001,0.057554
9507.218,0.6957,163.682,2.5141,23,0.6843,15.74,1.97398,7.658,2135.503,7371.715,5368.825,0.209156,0.836651,83.813,102.835,0.22462,0.56471,0.932471,A,0.0,-0.034429
7000.0,0.46434,203.092,2.0336,21,0.826,17.346,1.91113,7.53144,2676.825,4323.175,5443.457,0.079168,0.702826,83.508,103.761,0.3824,0.77764,0.934801,A,0.0,0.021326
8682.705,0.47872,162.797,2.3314,23,0.7104,16.339,1.97559,7.78532,3145.461,5537.245,7333.358,0.083204,0.703392,82.116,101.911,0.36227,0.84459,0.937035,A,-0.001,0.015766
9417.477,0.46701,154.887,2.1784,25,0.8001,20.002,1.9904,9.43659,3575.614,5841.863,7789.148,0.044449,0.725647,81.282,101.645,0.37968,0.82709,0.963863,A,0.0,-0.006893
9830.453,0.35334,181.176,2.7179,23,0.6833,15.716,1.94414,7.63803,4747.441,5083.012,12903.259,0.050244,0.636422,82.377,102.361,0.48293,1.31258,0.931328,A,0.0,0.021174
10240.23,0.64668,147.724,1.9486,21,0.7848,16.48,2.00459,7.57417,2246.145,7994.086,4376.94,0.209597,0.769491,83.157,101.543,0.21935,0.42743,0.928908,A,-0.001,-0.010547
9613.708,0.3666,141.351,3.9544,24,0.7521,18.051,2.0179,10.11496,4892.485,4721.223,19346.814,0.020653,0.725105,80.379,100.887,0.50891,2.01242,0.97133,A,0.0,-0.041543
11673.75,0.47533,178.069,3.0772,16,0.6507,10.412,1.9492,5.24475,4710.296,6963.454,14494.506,0.197342,0.663376,84.205,102.394,0.40349,1.24163,0.832483,A,0.0,-0.043906
8173.473,0.43404,171.656,3.6437,22,0.6936,15.259,1.95995,8.05703,3676.587,4496.886,13396.413,0.054365,0.744449,82.079,102.623,0.44982,1.63901,0.943658,A,0.0,0.034283
9526.578,0.59055,154.388,2.5312,25,0.8458,21.146,1.99137,10.44077,3466.634,6059.945,8774.916,0.041404,0.904698,81.221,102.8,0.36389,0.9211,0.974487,A,-0.001,-0.031998
8932.659,0.47739,149.664,1.4951,19,0.8614,16.367,2.00067,6.80131,3764.768,5167.891,5628.666,0.10143,0.75128,81.813,101.53,0.42146,0.63012,0.910454,A,0.0,-0.031489
11111.103,0.3809,146.386,3.1348,20,0.6513,13.026,2.00733,6.88148,5160.26,5950.843,16176.43,0.076231,0.645094,81.338,100.647,0.46442,1.45588,0.907053,A,0.0,-0.005762
10214.946,0.40346,156.837,1.57,17,0.885,15.046,1.98667,6.30953,4325.62,5889.327,6791.222,0.10537,0.62241,82.167,101.067,0.42346,0.66483,0.889408,A,-0.001,-0.044484
11132.096,0.45843,221.092,1.0769,25,0.7257,18.142,1.88694,5.97312,4578.556,6553.54,4930.851,0.142461,0.679183,84.906,104.326,0.41129,0.44294,0.872188,A,0.0,-0.031855
10064.696,0.44158,155.345,2.542,23,0.7109,16.352,1.98952,8.07255,4426.033,5638.663,11250.879,0.059647,0.741377,81.501,101.773,0.43976,1.11786,0.9406,A,0.0,-0.00619
13000.0,0.48517,151.043,2.7134,18,0.888,15.985,1.99792,8.08384,4917.418,8082.582,13342.731,0.082558,0.730117,81.623,101.466,0.37826,1.02636,0.935634,A,0.0,0.007283
11029.711,0.32047,171.948,2.143,24,0.7448,17.876,1.95945,8.19863,5374.737,5654.974,11518.168,0.038459,0.588512,81.88,101.608,0.4873,1.04429,0.941522,A,0.0,-0.035585
8819.785,0.68822,194.376,3.6551,18,0.8859,15.946,1.92374,8.19185,2481.887,6337.898,9071.585,0.134142,0.905201,83.945,104.726,0.2814,1.02855,0.945152,A,0.0,-0.044461
9940.477,0.31248,125.876,3.4945,16,0.8728,13.964,2.0533,7.81128,5426.805,4513.672,18964.171,0.037116,0.643543,79.857,99.4,0.54593,1.90777,0.935154,A,0.0,0.036939
9347.063,0.53339,150.364,2.9843,19,0.7021,13.34,1.99927,6.92237,3040.373,6306.69,9073.508,0.142555,0.721809,82.386,101.374,0.32528,0.97073,0.913066,A,0.0,-0.016042
11086.098,0.62425,180.21,1.1281,26,0.8413,21.873,1.9457,7.71773,3281.205,7804.893,3701.388,0.146188,0.825236,83.608,103.563,0.29597,0.33388,0.930688,A,0.0,-0.0548
11406.308,0.52997,157.903,1.3861,20,0.6913,13.826,1.98466,5.50534,4185.003,7221.305,5800.94,0.219187,0.710074,83.713,101.701,0.3669,0.50857,0.848254,A,0.0,0.041872
10526.298,0.56155,177.738,3.8558,23,0.6794,15.625,1.94974,8.28433,3691.34,6834.958,14233.156,0.089545,0.816472,82.77,103.389,0.35068,1.35215,0.944081,A,0.0,-0.050227
9684.406,0.35612,159.576,3.8772,23,0.66,15.18,1.98152,8.25268,5346.317,4338.089,20728.626,0.035567,0.751172,81.357,102.06,0.55205,2.14041,0.944864,A,0.0,0.007218
8954.362,0.5413,168.569,2.9934,17,0.8025,13.642,1.96529,6.90902,2848.375,6105.988,8526.446,0.146839,0.725312,83.182,102.345,0.3181,0.95221,0.913709,A,-0.001,-0.002754
12364.359,0.67259,150.15,2.8334,21,0.7589,15.937,1.9997,8.16313,2527.421,9836.937,7161.229,0.202387,0.793395,83.166,101.835,0.20441,0.57918,0.938491,A,0.001,0.050435
11636.058,0.6519,162.373,2.3448,16,0.8248,13.197,1.97636,6.30243,2655.603,8980.455,6226.905,0.3301,0.747061,85.358,102.177,0.22822,0.53514,0.884437,A,0.0,-0.016033
7000.0,0.48431,172.133,2.051,17,0.8975,15.257,1.95913,6.8975,2619.187,4380.813,5371.908,0.105356,0.710884,82.77,102.424,0.37417,0.76742,0.918604,A,0.0,-0.026934
10065.529,0.65368,167.109,2.7729,27,0.813,21.951,1.96786,10.92101,2730.863,7334.666,7572.319,0.052811,0.877393,81.884,103.277,0.27131,0.7523,0.978081,A,0.0,0.030785
8706.901,0.30602,204.618,3.3738,27,0.7146,19.295,1.90898,9.62325,4390.601,4316.3,14813.214,0.020097,0.596861,82.778,103.125,0.50427,1.70132,0.966883,A,0.0,0.016801
9403.705,0.62639,171.831,3.1289,17,0.6668,11.336,1.95965,5.77918,2853.799,6549.906,8929.367,0.26818,0.78246,84.908,102.882,0.30348,0.94956,0.870071,A,0.0,0.01551
12508.697,0.46498,152.927,3.0196,22,0.6907,15.195,1.99421,7.87882,4368.423,8140.275,13190.987,0.09083,0.665766,81.812,101.144,0.34923,1.05455,0.931781,A,-0.001,-0.008256
8270.551,0.61457,149.084,1.9387,17,0.6982,11.87,2.00184,5.43499,3245.025,5025.526,6291.285,0.221623,0.868298,83.374,102.27,0.39236,0.76069,0.85851,A,0.0,0.006178
8410.937,0.6634,141.747,3.4067,26,0.7513,19.534,2.01705,10.5957,2213.233,6197.703,7539.754,0.058857,0.879281,80.902,101.927,0.26314,0.89642,0.976654,A,0.001,0.02886
13000.0,0.54244,170.798,2.907,26,0.6751,17.554,1.96142,8.79869,4450.851,8549.149,12938.693,0.079405,0.783498,82.377,102.839,0.34237,0.99528,0.949881,A,0.0,0.059033
9263.156,0.57558,177.755,2.8943,23,0.7515,17.284,1.94971,8.5768,3240.075,6023.081,9377.843,0.079965,0.842193,82.645,103.56,0.34978,1.01238,0.951405,A,0.0,-0.001924
9625.183,0.35438,182.081,3.6864,21,0.7895,16.58,1.94269,8.66083,4481.649,5143.534,16521.087,0.036312,0.631509,82.225,102.371,0.46562,1.71644,0.952289,A,0.0,0.0467
11696.711,0.60924,126.872,3.6267,22,0.6964,15.321,2.05087,8.62603,3121.915,8574.796,11322.396,0.117168,0.788393,80.964,100.42,0.26691,0.968,0.948669,A,0.0,0.00653
9219.462,0.30343,134.526,3.1302,17,0.745,12.665,2.03293,6.81,5034.076,4185.385,15757.641,0.050051,0.60819,80.451,99.709,0.54603,1.70917,0.909932,A,0.001,-0.008486
10040.338,0.53147,186.588,1.2739,24,0.8529,20.469,1.93558,7.57308,3610.057,6430.28,4598.943,0.104497,0.771174,83.286,103.498,0.35956,0.45805,0.929304,A,0.001,0.033562
10357.133,0.4926,223.475,1.3605,24,0.7965,19.117,1.88391,6.97825,4254.658,6102.476,5788.302,0.105385,0.76256,84.488,104.967,0.41079,0.55887,0.912116,A,-0.001,0.042484
12103.388,0.48552,189.226,1.3731,24,0.7448,17.875,1.93151,6.80872,4960.21,7143.178,6810.744,0.116209,0.741965,83.532,103.423,0.40982,0.56271,0.901909,A,0.0,0.027833
7568.297,0.43399,186.115,2.4351,23,0.8552,19.669,1.93632,9.21339,2668.071,4900.226,6497.104,0.045386,0.645577,82.489,102.647,0.35253,0.85846,0.963133,A,0.0,-0.001056
8742.859,0.48506,159.409,1.2455,17,0.8574,14.576,1.98183,5.53018,3204.888,5537.971,3991.648,0.183798,0.659411,83.307,101.446,0.36657,0.45656,0.861101,A,0.0,-0.039813
9802.271,0.46795,159.618,3.6869,16,0.7162,11.46,1.98144,6.16432,4353.621,5448.65,16051.165,0.121087,0.745106,82.488,102.022,0.44414,1.63749,0.885073,A,0.0,-0.015998
11361.991,0.53041,177.306,2.0291,16,0.7063,11.3,1.95045,5.05698,4291.692,7070.299,8708.091,0.248974,0.701243,84.859,102.608,0.37772,0.76642,0.822697,A,0.0,-0.003759
9033.871,0.43741,153.138,2.113,20,0.6732,13.464,1.9938,6.30621,3443.752,5590.119,7276.622,0.122574,0.63137,82.24,100.928,0.3812,0.80548,0.893178,A,0.0,-0.042377
10692.047,0.55387,140.581,2.9556,25,0.6507,16.268,2.01955,8.54377,3581.294,7110.753,10584.951,0.084855,0.790093,81.192,101.271,0.33495,0.98998,0.948685,A,0.0,-0.042801
9228.718,0.46434,174.23,2.9356,26,0.8575,22.296,1.95558,11.15383,3601.326,5627.393,10572.128,0.023439,0.746498,81.768,102.761,0.39023,1.14557,0.980302,A,-0.001,0.013816
9407.516,0.57639,145.96,2.6572,25,0.8975,22.439,2.00821,11.36725,3096.517,6311.0,8228.182,0.032186,0.843407,80.738,101.932,0.32915,0.87464,0.98162,A,-0.001,-0.007926
11911.105,0.61126,147.43,2.7287,23,0.8295,19.079,2.00519,9.71426,3974.251,7936.855,10844.576,0.064646,0.884975,81.23,102.288,0.33366,0.91046,0.964713,A,-0.001,-0.055641
9646.171,0.4317,121.157,1.8206,16,0.7737,12.379,2.0651,5.79432,3900.867,5745.304,7101.732,0.138989,0.630433,80.96,99.003,0.4044,0.73622,0.8698,A,0.0,0.045181
13000.0,0.44052,179.807,1.101,27,0.8841,23.87,1.94636,8.33037,5686.499,7313.501,6261.011,0.059463,0.736796,82.449,102.96,0.43742,0.48162,0.940955,A,0.0,0.065427
10538.912,0.69433,178.997,1.6856,17,0.8475,14.407,1.94768,6.02813,2765.81,7773.102,4662.156,0.325994,0.825388,85.938,103.507,0.26244,0.44238,0.876783,A,0.0,0.02019
11688.775,0.59264,170.03,3.9648,26,0.7797,20.272,1.96275,10.9168,3084.254,8604.52,12228.358,0.051699,0.786531,81.982,102.821,0.26386,1.04616,0.976981,A,0.001,0.061048
11113.06,0.60062,150.609,2.5744,16,0.7948,12.717,1.99878,6.34298,3261.48,7851.58,8396.332,0.229683,0.754701,83.546,101.605,0.29348,0.75554,0.887769,A,0.0,0.024309
7666.008,0.48934,153.986,3.4104,22,0.7518,16.54,1.99215,8.81501,2918.267,4747.742,9952.465,0.054654,0.756528,81.379,101.8,0.38068,1.29826,0.957483,A,-0.001,-0.01037
7689.67,0.67454,162.955,1.1194,23,0.6751,15.528,1.9753,5.58277,2067.033,5622.637,2313.768,0.33096,0.800852,85.392,102.562,0.26881,0.30089,0.868112,A,0.0,-0.015327
10730.764,0.45894,171.457,2.5276,25,0.7261,18.152,1.96029,8.75432,4361.252,6369.512,11023.462,0.05389,0.736282,82.065,102.559,0.40643,1.02728,0.952276,A,0.0,-0.008075
8341.306,0.4711,160.434,2.9827,18,0.849,15.282,1.97993,7.81751,3380.912,4960.394,10084.364,0.071591,0.74339,81.868,102.053,0.40532,1.20897,0.938405,A,0.0,0.03909
9178.469,0.54916,157.387,3.5638,26,0.7103,18.469,1.98563,9.89244,3207.255,5971.214,11429.984,0.048064,0.818315,81.433,102.389,0.34943,1.2453,0.969417,A,-0.0,-0.039453
9495.221,0.50515,160.797,2.732,21,0.8832,18.546,1.97926,9.26917,3958.681,5536.54,10815.124,0.046538,0.833064,81.551,102.664,0.41691,1.13901,0.961591,A,0.0,-0.010367
8624.577,0.60435,148.45,1.0285,24,0.8038,19.291,2.00312,6.79515,2746.585,5877.992,2824.915,0.168674,0.807926,82.648,101.837,0.31846,0.32754,0.911118,A,-0.0,0.003067
11774.902,0.52726,146.911,1.605,27,0.8774,23.688,2.00625,10.16213,4415.421,7359.481,7086.908,0.042254,0.818242,80.912,101.819,0.37499,0.60187,0.969949,A,0.0,0.029177
11168.576,0.57725,172.161,3.1874,25,0.7404,18.51,1.95909,9.4752,3580.598,7587.978,11412.829,0.067625,0.817724,82.273,103.131,0.3206,1.02187,0.962442,A,-0.0,0.050834
10262.168,0.64391,156.19,3.2636,22,0.8322,18.307,1.98791,9.62848,2691.33,7570.837,8783.446,0.085102,0.842559,81.873,102.485,0.26226,0.85591,0.965339,A,0.001,-0.001821
10841.827,0.57076,170.075,3.5823,19,0.8037,15.27,1.96267,8.04989,3172.052,7669.774,11363.341,0.119521,0.757389,82.879,102.631,0.29258,1.0481,0.938733,A,0.001,-0.048109
8639.761,0.42205,181.921,2.4786,18,0.8182,14.727,1.94295,6.96997,3376.811,5262.951,8369.673,0.090325,0.63489,82.933,102.386,0.39085,0.96874,0.916353,A,-0.001,0.005716
11311.634,0.58256,152.341,2.8232,18,0.8692,15.645,1.99536,7.98123,3073.973,8237.662,8678.498,0.136381,0.749053,82.388,101.662,0.27175,0.76722,0.936381,A,-0.001,0.028557
8724.047,0.49382,174.82,1.2757,17,0.71,12.07,1.95459,4.53475,3580.544,5143.504,4567.863,0.23664,0.672846,84.604,102.303,0.41042,0.52359,0.803323,A,-0.001,0.022865
12341.447,0.30467,175.396,2.2788,19,0.7325,13.917,1.95362,6.47761,6217.303,6124.144,14167.717,0.067059,0.545894,82.387,101.492,0.50377,1.14798,0.889117,A,0.0,0.009071
8998.183,0.65162,167.378,3.7919,16,0.7663,12.26,1.96738,6.56528,2179.379,6818.804,8264.093,0.262193,0.776084,84.658,102.621,0.2422,0.91842,0.902545,A,0.0,0.013405
9167.784,0.32214,205.848,2.7594,19,0.7557,14.358,1.90727,6.80448,4468.344,4699.44,12329.926,0.05955,0.571819,83.338,103.01,0.4874,1.34492,0.909902,A,0.0,-0.009029
11747.07,0.61398,162.384,3.7748,16,0.8609,13.775,1.97634,7.41883,2984.21,8762.86,11264.821,0.189564,0.758519,83.503,102.253,0.25404,0.95895,0.921567,A,0.0,-0.02855
10973.883,0.3385,203.643,1.7142,21,0.7915,16.622,1.91035,6.79509,5655.312,5318.572,9694.194,0.062676,0.631794,83.309,103.315,0.51534,0.88339,0.904581,A,-0.001,-0.034818
8567.721,0.31537,189.922,3.7806,22,0.6886,15.149,1.93045,7.87979,4630.45,3937.271,17505.765,0.035419,0.644609,82.49,102.811,0.54045,2.04322,0.939302,A,0.0,-0.004059
10905.695,0.51188,170.051,2.4517,24,0.6925,16.62,1.96271,7.96023,3962.234,6943.461,9714.34,0.089237,0.753058,82.478,102.601,0.36332,0.89076,0.936662,A,0.0,0.000427
9999.067,0.4281,186.777,1.6703,18,0.7617,13.71,1.93529,5.66241,4403.607,5595.46,7355.538,0.133963,0.65959,83.681,102.77,0.4404,0.73562,0.862189,A,0.0,-0.029283
10027.546,0.58281,167.739,1.0653,27,0.7063,19.07,1.96675,6.65302,3508.359,6519.187,3737.413,0.162441,0.809033,83.356,102.857,0.34987,0.37271,0.902483,A,0.0,0.015324
10930.112,0.42132,203.538,2.2036,21,0.687,14.428,1.9105,6.42442,4797.133,6132.979,10570.753,0.104154,0.669403,83.853,103.559,0.43889,0.96712,0.891502,A,-0.0,-0.000344
10926.743,0.33178,181.281,3.6697,26,0.858,22.308,1.94398,11.65334,5712.058,5214.685,20961.406,0.011044,0.683103,81.863,102.674,0.52276,1.91836,0.982599,A,0.0,0.023856
11530.858,0.57042,206.892,3.4597,20,0.8992,17.985,1.90582,8.99779,3565.918,7964.94,12337.091,0.082735,0.788751,83.678,104.485,0.30925,1.06992,0.955145,A,0.0,0.051405
10726.794,0.5043,155.543,3.6393,25,0.7758,19.395,1.98914,10.46276,4070.263,6656.53,14812.975,0.034876,0.791331,81.183,102.113,0.37945,1.38093,0.973758,A,0.001,0.04918
10493.704,0.4416,156.726,2.679,21,0.8411,17.662,1.98688,8.83028,4608.467,5885.237,12346.147,0.046404,0.751058,81.384,101.91,0.43916,1.17653,0.953852,A,0.0,0.014053
9852.111,0.57444,222.583,3.6983,16,0.8922,14.276,1.88504,7.12375,3274.819,6577.291,12111.339,0.142175,0.789664,84.947,105.112,0.3324,1.22931,0.917731,A,0.001,-0.000669
12249.132,0.56192,173.096,1.6854,26,0.8376,21.777,1.9575,9.18005,3633.92,8615.212,6124.524,0.081351,0.76462,82.49,102.826,0.29667,0.5,0.95705,A,0.0,0.045828
8835.277,0.36292,161.09,2.4299,24,0.8057,19.336,1.97871,9.34866,3921.265,4914.012,9528.216,0.029932,0.628635,81.344,101.33,0.44382,1.07843,0.963396,A,0.0,0.007491
12872.631,0.56062,148.379,2.0458,19,0.69,13.11,2.00326,6.11816,4395.636,8476.995,8992.433,0.209527,0.742679,83.184,101.402,0.34147,0.69857,0.872379,A,-0.0,-0.036203
13000.0,0.35432,177.291,2.0723,20,0.7692,15.384,1.95048,6.93257,6375.592,6624.408,13212.294,0.069579,0.628372,82.49,102.127,0.49043,1.01633,0.903694,A,0.0,-0.03982
13000.0,0.41169,188.345,3.2335,18,0.7013,12.623,1.93286,6.35387,5914.448,7085.552,19124.408,0.106714,0.666264,83.376,102.884,0.45496,1.47111,0.882072,A,0.0,-0.032622
9799.885,0.47937,192.647,1.4182,21,0.7793,16.366,1.92632,6.29258,3523.036,6276.849,4996.479,0.146511,0.666197,84.05,103.074,0.3595,0.50985,0.890126,A,0.0,-0.010628
13000.0,0.35056,173.55,1.1071,24,0.6768,16.244,1.95673,5.72921,5872.301,7127.699,6501.37,0.113884,0.545546,82.936,101.402,0.45172,0.50011,0.853253,A,0.0,0.031194
11731.525,0.30306,153.263,2.0832,21,0.7048,14.801,1.99355,6.89948,5644.14,6087.385,11757.788,0.05923,0.52914,81.409,100.26,0.48111,1.00224,0.905973,A,-0.0,-0.025345
11618.08,0.49955,176.537,3.8634,23,0.6532,15.024,1.95172,7.9811,4433.66,7184.42,17128.848,0.08402,0.755983,82.653,102.933,0.38162,1.47433,0.935815,A,0.0,-0.003634
13000.0,0.60705,163.191,1.575,18,0.7178,12.92,1.97487,5.37746,4235.042,8764.958,6670.03,0.309277,0.750931,85.115,102.245,0.32577,0.51308,0.834028,A,0.0,-0.029761
10308.323,0.50833,137.293,1.9753,21,0.8664,18.195,2.02673,8.53317,4426.71,5881.612,8744.047,0.060281,0.845539,80.716,101.443,0.42943,0.84825,0.949075,A,0.001,0.050996
10871.724,0.38692,182.282,2.4424,23,0.724,16.651,1.94237,7.8435,5525.397,5346.327,13494.974,0.05018,0.734943,82.416,103.063,0.50824,1.24129,0.934086,A,0.0,-0.022576
8126.678,0.68228,153.675,3.4814,22,0.7932,17.45,1.99275,9.34719,2247.213,5879.465,7823.553,0.088371,0.909279,81.811,102.791,0.27652,0.9627,0.964184,A,0.0,0.00735
7000.0,0.31578,156.824,1.5502,18,0.6765,12.176,1.9867,5.08095,3791.827,3208.173,5877.922,0.08961,0.583095,81.958,100.807,0.54169,0.8397,0.846283,A,0.0,0.004747
10447.821,0.55389,181.996,3.3358,23,0.7643,17.579,1.94283,8.98217,3724.188,6723.633,12423.301,0.067904,0.823072,82.639,103.631,0.35646,1.18908,0.9563,A,0.0,0.022251
10659.771,0.47847,166.506,3.8752,17,0.8584,14.594,1.96893,7.85895,4056.657,6603.114,15720.211,0.081914,0.722089,82.245,102.221,0.38056,1.47472,0.934848,A,0.0,0.047644
11074.531,0.48617,155.868,3.8679,21,0.7131,14.974,1.98852,8.17862,4482.832,6591.698,17338.965,0.070821,0.768633,81.671,101.98,0.40479,1.56566,0.941034,A,0.001,0.029482
10472.493,0.67652,140.311,1.8477,25,0.7479,18.698,2.02013,8.53092,2522.441,7950.052,4660.759,0.143846,0.84553,81.958,101.621,0.24086,0.44505,0.948786,A,0.0,0.000449
7027.901,0.56247,206.498,2.1848,27,0.748,20.195,1.90637,8.93839,2154.375,4873.526,4706.817,0.073178,0.778759,83.539,104.403,0.30655,0.66973,0.960118,A,0.0,0.028387
10578.591,0.46524,138.005,2.3066,16,0.7293,11.669,2.02516,5.74396,4030.145,6548.446,9296.102,0.166402,0.649155,82.15,100.189,0.38097,0.87877,0.863738,A,0.0,0.003025
11700.574,0.58883,178.527,1.6084,27,0.8719,23.542,1.94844,9.68316,3315.365,8385.209,5332.578,0.07369,0.792513,82.59,103.268,0.28335,0.45575,0.96454,A,0.0,-0.047399
12375.261,0.42518,169.273,1.4909,25,0.7653,19.134,1.96406,7.7305,5537.948,6837.313,8256.676,0.068017,0.714473,82.168,102.308,0.4475,0.66719,0.928413,A,0.0,-0.036668
8591.782,0.46384,148.04,3.094,16,0.8444,13.51,2.00395,7.09708,3458.982,5132.799,10701.957,0.092041,0.714397,81.619,101.197,0.40259,1.2456,0.920113,A,0.001,-0.012207
8676.173,0.35705,165.481,2.4516,27,0.8039,21.705,1.97075,10.45896,4162.263,4513.91,10204.032,0.018379,0.669334,81.366,101.822,0.47973,1.1761,0.975305,A,0.0,0.015902
8971.122,0.57502,167.142,2.2121,18,0.7355,13.239,1.9678,6.17189,3496.781,5474.341,7735.281,0.164854,0.837021,83.364,103.012,0.38978,0.86224,0.888253,A,0.0,-0.022141
9052.498,0.58579,178.856,3.4143,19,0.7415,14.089,1.94791,7.26588,3150.902,5901.596,10758.244,0.128562,0.829902,83.326,103.53,0.34807,1.18843,0.923609,A,0.0,0.030217
7578.466,0.38802,174.669,2.9553,20,0.7944,15.887,1.95484,7.95694,3193.679,4384.786,9438.246,0.052712,0.632236,82.171,102.028,0.42142,1.2454,0.942751,A,0.001,0.031608
8981.863,0.31724,196.502,3.3285,21,0.6525,13.702,1.92061,6.87653,4558.651,4423.213,15173.592,0.054599,0.587914,82.967,102.724,0.50754,1.68936,0.912648,A,-0.001,0.039584
12384.919,0.6183,183.502,3.1301,24,0.7691,18.457,1.94043,9.27306,3114.351,9270.568,9748.164,0.102614,0.791546,83.151,103.492,0.25146,0.7871,0.958267,A,0.0,-0.061614
8416.093,0.39964,150.37,2.577,20,0.8524,17.048,1.99926,8.50875,4108.229,4307.864,10586.71,0.039685,0.742921,81.028,101.514,0.48814,1.25791,0.951527,A,0.0,-0.030292
7198.179,0.45708,195.886,2.5751,20,0.6914,13.828,1.92151,6.5051,2838.127,4360.052,7308.599,0.108958,0.683685,83.664,103.33,0.39428,1.01534,0.906011,A,0.0,0.004864
9588.12,0.68948,174.639,2.5369,25,0.792,19.799,1.95489,9.51958,2002.705,7585.415,5080.675,0.116475,0.840766,83.011,103.402,0.20887,0.52989,0.964715,A,0.0,-0.007115
9242.303,0.32419,136.633,3.0574,16,0.884,14.143,2.0282,7.53643,5129.154,4113.149,15681.897,0.040831,0.677552,80.429,100.294,0.55496,1.69675,0.930104,A,0.0,-0.038609
11021.195,0.30657,199.668,3.649,23,0.7416,17.057,1.91601,8.70543,5408.928,5612.268,19737.143,0.030584,0.572552,82.755,102.757,0.49078,1.79084,0.951039,A,-0.001,0.025829
8884.711,0.4322,154.328,2.2886,17,0.8343,14.183,1.99149,6.79942,3838.839,5045.872,8785.498,0.089498,0.692918,81.853,101.399,0.43207,0.98883,0.910528,A,0.0,0.028147
9727.286,0.50991,163.926,3.6561,23,0.6956,15.999,1.97354,8.54044,4089.426,5637.86,14951.346,0.060545,0.835853,81.861,102.842,0.42041,1.53705,0.950082,A,0.0,0.023913
8737.369,0.48175,176.127,3.1111,26,0.7232,18.802,1.95241,9.51996,3135.083,5602.286,9753.626,0.046144,0.725518,82.138,102.713,0.35881,1.11631,0.965631,A,0.0,0.002912
8536.434,0.30355,185.625,3.7025,27,0.7214,19.479,1.93708,10.14031,4134.5,4401.934,15308.111,0.017228,0.572477,82.1,102.143,0.48434,1.79327,0.972512,A,-0.0,-0.000596
10552.616,0.67437,174.511,1.6459,16,0.756,12.095,1.95511,5.04451,3366.633,7185.983,5541.285,0.36764,0.818075,86.322,103.247,0.31903,0.52511,0.826076,A,0.0,-0.014347
10180.345,0.39036,203.719,3.7413,21,0.6917,14.525,1.91024,7.41822,4652.686,5527.659,17406.975,0.064013,0.665042,83.329,103.538,0.45703,1.70986,0.925054,A,0.0,0.041689
9915.165,0.42982,150.629,1.3496,19,0.7179,13.639,1.99875,5.42547,4613.806,5301.359,6226.868,0.137953,0.68383,82.336,101.138,0.46533,0.62801,0.85065,A,0.0,0.019516
10773.47,0.35151,161.769,2.3568,19,0.8455,16.064,1.97747,7.6898,5532.014,5241.456,13037.847,0.047478,0.672388,81.603,101.653,0.51348,1.21018,0.930643,A,-0.0,0.041362
8754.712,0.3827,164.963,3.0607,27,0.8164,22.043,1.97168,11.27947,4119.617,4635.095,12608.9,0.015108,0.709417,81.302,102.06,0.47056,1.44024,0.981424,A,0.0,-0.026081
10024.287,0.66368,206.263,1.1299,23,0.7418,17.061,1.90669,5.84126,2341.204,7683.083,2645.37,0.368126,0.753736,87.425,104.228,0.23355,0.2639,0.870453,A,0.0,0.044484
10301.929,0.30449,201.858,3.0914,19,0.7758,14.739,1.91288,7.22346,5888.896,4413.032,18205.188,0.042893,0.653573,82.989,103.384,0.57163,1.76716,0.919476,A,0.001,0.003382
11770.332,0.35481,144.938,1.8638,18,0.6887,12.396,2.01033,5.63343,5453.05,6317.282,10163.301,0.112285,0.564159,81.75,100.031,0.46329,0.86347,0.853386,A,0.0,-0.015718
7150.965,0.52948,190.84,1.6822,16,0.6728,10.765,1.92905,4.43589,2761.433,4389.532,4645.207,0.265467,0.695573,85.558,103.188,0.38616,0.64959,0.80639,A,0.0,-0.016328
9464.418,0.68693,166.803,2.4542,21,0.8294,17.418,1.9684,8.38106,1976.843,7487.575,4851.554,0.172207,0.822821,83.448,102.901,0.20887,0.51261,0.947638,A,0.0,0.032505
10667.124,0.52956,120.0,3.5778,16,0.7611,12.177,2.06808,6.91539,4162.494,6504.63,14892.689,0.123042,0.789701,80.688,99.976,0.39022,1.39613,0.909334,A,0.0,0.007783
9124.507,0.32499,186.987,1.1295,24,0.6647,15.952,1.93496,5.58502,4723.581,4400.925,5335.444,0.086557,0.580896,83.063,102.26,0.51768,0.58474,0.86212,A,0.001,0.034801
10129.17,0.36422,133.995,1.652,24,0.7039,16.893,2.03414,7.47189,4953.538,5175.633,8183.037,0.054695,0.660459,80.487,100.022,0.48904,0.80787,0.926561,A,-0.001,0.019141
11022.814,0.40082,129.319,3.4399,27,0.8502,22.955,2.04501,12.72341,4946.57,6076.244,17015.581,0.010717,0.718392,79.68,100.114,0.44876,1.54367,0.988001,A,0.0,0.026837
10712.337,0.38294,184.427,2.9602,16,0.6878,11.005,1.93896,5.4471,4590.008,6122.329,13587.513,0.135645,0.568333,83.62,102.061,0.42848,1.2684,0.848223,A,0.0,0.049088
7399.57,0.44948,183.059,3.0106,22,0.7305,16.07,1.94113,8.00123,3295.039,4104.531,9920.046,0.056568,0.764904,82.528,103.296,0.4453,1.34062,0.943958,A,0.0,-0.007223
8178.694,0.35633,163.209,2.112,27,0.6695,18.076,1.97484,8.34794,4069.537,4109.157,8595.034,0.036448,0.67313,81.515,101.732,0.49758,1.05091,0.949104,A,0.0,-0.009303
7000.0,0.67005,147.468,3.8323,18,0.6918,12.453,2.00511,6.87063,1714.375,5285.625,6570.028,0.224794,0.814469,83.346,101.825,0.24491,0.93858,0.917835,A,0.0,-0.008922
10972.417,0.66929,169.851,3.825,27,0.7411,20.008,1.96306,10.69867,2546.035,8426.382,9738.5,0.070195,0.850304,82.219,103.233,0.23204,0.88754,0.975664,A,0.0,0.023727
10308.166,0.32589,152.689,2.2641,23,0.7811,17.966,1.99468,8.60463,5638.848,4669.318,12767.051,0.029589,0.683708,80.993,101.249,0.54703,1.23854,0.950333,A,-0.0,0.030273
12014.472,0.40017,164.437,3.2479,27,0.7365,19.886,1.97262,10.32949,5155.563,6858.91,16744.797,0.02661,0.680959,81.434,101.846,0.42911,1.39372,0.971466,A,-0.001,0.005234
10068.871,0.66412,159.103,3.5368,20,0.6753,13.507,1.9824,7.20562,2315.464,7753.407,8189.232,0.232387,0.793056,83.936,102.312,0.22996,0.81332,0.919533,A,0.0,-0.031066
8271.385,0.54821,166.277,1.7617,24,0.8145,19.547,1.96933,8.45028,2683.478,5587.907,4727.407,0.083221,0.771515,82.253,102.536,0.32443,0.57154,0.95075,A,0.0,-0.019821
11602.991,0.36423,146.005,1.9556,16,0.7196,11.514,2.00812,5.31128,5671.879,5931.113,11091.711,0.1217,0.596165,81.921,100.302,0.48883,0.95594,0.836669,A,-0.001,-0.032244
8006.18,0.45716,154.469,1.5744,21,0.8391,17.622,1.99121,7.42231,3558.419,4447.761,5602.272,0.071985,0.765325,81.628,101.884,0.44446,0.69974,0.930016,A,0.0,-0.03023
9986.085,0.6997,180.106,1.018,23,0.7671,17.643,1.94587,5.92493,2468.619,7517.466,2513.025,0.355682,0.812666,86.37,103.475,0.24721,0.25165,0.874336,A,-0.0,0.031307
9678.759,0.57699,138.295,1.7945,19,0.758,14.402,2.02452,6.52312,3457.513,6221.246,6204.52,0.163112,0.80701,82.12,101.248,0.35723,0.64105,0.899014,A,0.0,-0.02244
11158.538,0.65438,179.744,2.0664,24,0.7354,17.649,1.94646,7.92105,2328.464,8830.074,4811.512,0.202852,0.773441,84.339,103.199,0.20867,0.4312,0.935313,A,0.0,0.049252
11359.649,0.41712,171.759,2.6818,17,0.8883,15.1,1.95977,7.40043,4908.747,6450.902,13164.312,0.075358,0.677182,82.36,102.184,0.43212,1.15887,0.921932,A,-0.0,-0.011284
9353.082,0.5759,149.175,1.7389,17,0.8054,13.692,2.00166,6.03285,2545.227,6807.855,4425.914,0.251216,0.697282,83.769,101.147,0.27213,0.4732,0.881293,A,0.0,0.043428
8888.186,0.6217,147.158,3.8397,19,0.8945,16.995,2.00575,9.38461,2866.427,6021.759,11006.268,0.069796,0.884412,81.287,102.27,0.3225,1.2383,0.963794,A,0.0,0.004177
9915.737,0.51539,150.052,2.2276,17,0.8795,14.951,1.9999,7.15176,3514.225,6401.512,7828.17,0.118697,0.733156,82.057,101.432,0.35441,0.78947,0.918377,A,0.0,0.036796
9120.838,0.30322,160.654,2.9653,18,0.8244,14.839,1.97952,7.5775,4931.598,4189.24,14623.559,0.038494,0.614865,81.44,101.216,0.5407,1.60331,0.931358,A,0.0,-0.033488
11421.354,0.68014,153.164,1.5632,27,0.8697,23.483,1.99375,9.8819,2898.324,8523.03,4530.787,0.087948,0.881525,81.784,102.581,0.25376,0.39669,0.967186,A,-0.0,-0.04611
10559.684,0.37824,186.503,3.002,18,0.6726,12.107,1.93571,5.99818,4934.819,5624.865,14814.321,0.100841,0.621607,83.234,102.507,0.46733,1.40291,0.875408,A,-0.0,0.007335
12090.088,0.42079,150.885,3.5526,19,0.6511,12.371,1.99824,6.68284,5358.717,6731.372,19037.427,0.097283,0.678335,81.81,101.116,0.44323,1.57463,0.897529,A,-0.001,-0.049162
13000.0,0.40073,175.205,3.4226,22,0.8911,19.604,1.95394,10.16228,5416.629,7583.371,18538.713,0.029908,0.665591,81.89,102.273,0.41666,1.42605,0.968902,A,0.0,0.065973
8688.512,0.69714,157.667,2.7136,22,0.7914,17.41,1.9851,8.72293,1929.407,6759.105,5235.56,0.142396,0.855498,82.69,102.649,0.22206,0.60258,0.954642,A,0.0,-0.031393
9085.884,0.4529,179.702,1.653,27,0.8125,21.937,1.94653,9.1038,3666.155,5419.729,6060.226,0.045111,0.728753,82.256,102.902,0.4035,0.66699,0.95981,A,0.0,-0.030823
10712.642,0.36662,182.566,1.898,16,0.8029,12.847,1.94192,5.58403,4640.534,6072.108,8807.946,0.122446,0.553231,83.38,101.876,0.43318,0.8222,0.855324,A,0.0,-0.024397
10597.362,0.65931,148.301,1.1324,26,0.8812,22.912,2.00342,8.45434,2564.556,8032.806,2903.978,0.143849,0.823881,82.314,101.934,0.242,0.27403,0.947201,A,0.0,-0.038316
9471.175,0.59155,159.004,1.9153,19,0.8595,16.33,1.98259,7.34257,3301.726,6169.448,6323.913,0.127825,0.839725,82.552,102.615,0.34861,0.6677,0.924671,A,0.001,-0.009277
7407.83,0.6805,171.646,1.0679,17,0.7478,12.712,1.95997,4.4175,1865.961,5541.87,1992.663,0.530864,0.730878,88.368,102.533,0.25189,0.26899,0.803497,A,-0.001,0.025933
13000.0,0.62454,187.217,3.1946,19,0.8171,15.524,1.9346,7.80211,3791.335,9208.665,12111.832,0.152123,0.819045,83.936,103.842,0.29164,0.93168,0.928963,A,0.0,-0.040279
10119.194,0.46241,171.211,2.5442,16,0.8112,12.98,1.96071,6.27366,3972.319,6146.875,10106.456,0.131543,0.676235,83.081,102.151,0.39255,0.99874,0.888331,A,0.0,-0.046276
8231.232,0.38992,182.528,2.8971,19,0.8004,15.207,1.94198,7.50328,3687.334,4543.898,10682.446,0.059639,0.657948,82.549,102.566,0.44797,1.29779,0.931483,A,0.0,-0.035532
7000.0,0.43537,163.486,2.736,26,0.806,20.956,1.97434,10.43963,3034.294,3965.706,8301.844,0.023664,0.750378,81.357,102.256,0.43347,1.18598,0.976439,A,0.0,0.00793
12104.459,0.38774,164.079,3.3628,17,0.7721,13.125,1.97327,6.87635,5147.193,6957.266,17309.116,0.087352,0.609968,82.221,101.359,0.42523,1.42998,0.904201,A,0.0,0.055702
10489.396,0.55579,144.745,3.0631,16,0.6725,10.76,2.01073,5.66621,3555.789,6933.607,10891.856,0.228966,0.723391,83.281,101.071,0.33899,1.03837,0.860347,A,0.0,0.037717
9997.719,0.33114,130.275,2.5599,18,0.7497,13.494,2.04275,6.93106,5185.121,4812.598,13273.307,0.056439,0.627098,80.331,99.572,0.51863,1.32763,0.911605,A,-0.0,0.031045
8425.622,0.57303,150.327,3.1906,19,0.8102,15.395,1.99935,8.12051,2728.94,5696.681,8706.923,0.098272,0.800454,81.8,101.891,0.32389,1.03339,0.944455,A,0.001,0.02469
9835.377,0.67125,181.145,3.6744,23,0.6673,15.348,1.94419,8.02123,2583.794,7251.583,9493.857,0.153467,0.85574,83.738,103.807,0.2627,0.96528,0.939938,A,0.0,6.1e-05
9404.09,0.41005,177.701,3.2153,22,0.8573,18.86,1.9498,9.60582,4470.52,4933.569,14374.203,0.029366,0.755008,81.975,102.982,0.47538,1.52851,0.965955,A,0.001,-0.018249
7000.0,0.67648,160.423,2.7606,19,0.813,15.447,1.97995,7.7457,1479.295,5520.705,4083.674,0.193629,0.805863,83.478,102.465,0.21133,0.58338,0.939512,A,0.0,-0.006305
13000.0,0.34347,189.729,1.1865,20,0.8141,16.282,1.93074,5.81291,5956.906,7043.094,7067.608,0.10682,0.543617,83.426,102.136,0.45822,0.54366,0.85749,A,0.0,0.04767
10654.158,0.58558,179.208,1.0917,26,0.7767,20.193,1.94733,7.02394,3313.322,7340.836,3617.16,0.164292,0.775723,83.811,103.189,0.31099,0.33951,0.912747,A,0.0,0.054219
9472.847,0.61047,136.782,1.9472,17,0.6967,11.844,2.02787,5.53252,2768.276,6704.571,5390.258,0.29652,0.7401,83.811,100.716,0.29223,0.56902,0.858056,A,0.0,-0.013289
8530.703,0.32068,185.329,1.0051,26,0.8863,23.044,1.93755,7.64041,4745.643,3785.061,4770.062,0.038003,0.675092,82.363,102.807,0.5563,0.55916,0.934074,A,-0.001,0.012766
9076.163,0.67879,168.989,2.8575,19,0.7054,13.402,1.96456,6.70385,2235.625,6840.538,6388.243,0.256464,0.816814,84.645,102.97,0.24632,0.70385,0.906935,A,0.0,0.004147
13000.0,0.54296,161.745,2.8182,27,0.7347,19.837,1.97751,9.98345,4333.251,8666.749,12211.959,0.053928,0.787474,81.687,102.412,0.33333,0.93938,0.966894,A,0.0,-0.043062
10585.489,0.58833,155.931,3.7973,24,0.8537,20.489,1.9884,11.14717,3699.602,6885.887,14048.484,0.034621,0.88583,81.195,102.757,0.3495,1.32715,0.979434,A,0.0,-0.048459
7972.84,0.66262,174.846,1.5557,19,0.6911,13.132,1.95454,5.35687,1798.298,6174.542,2797.567,0.423164,0.732364,87.067,102.697,0.22555,0.35089,0.855958,A,0.0,-0.024011
11333.803,0.56946,183.066,3.7401,26,0.7376,19.176,1.94112,10.03579,3353.331,7980.472,12541.797,0.059694,0.783657,82.569,103.42,0.29587,1.10658,0.968985,A,0.0,0.02097
10740.496,0.39735,156.69,1.9254,24,0.8922,21.413,1.98695,9.67664,4861.023,5879.473,9359.51,0.030348,0.700774,81.17,101.576,0.45259,0.87142,0.965433,A,0.0,0.031947
10783.965,0.42655,176.09,2.2707,27,0.8588,23.187,1.95247,10.77084,5202.128,5581.836,11812.704,0.020867,0.804637,81.803,103.233,0.48239,1.0954,0.976401,A,0.001,-0.004308
9788.475,0.62971,140.396,1.644,25,0.875,21.876,2.01995,9.56335,2769.04,7019.435,4552.328,0.077822,0.847419,81.091,101.638,0.28289,0.46507,0.96504,A,0.0,0.005773
9731.374,0.67844,160.2,2.8305,25,0.8633,21.582,1.98036,10.89685,2632.577,7098.797,7451.547,0.054883,0.909686,81.638,103.139,0.27052,0.76572,0.978116,A,0.0,-0.006595
10311.159,0.53365,185.162,3.7147,27,0.7191,19.416,1.93781,10.12057,3203.467,7107.691,11899.794,0.05019,0.751547,82.518,103.304,0.31068,1.15407,0.97078,A,0.001,0.004144
9669.127,0.34154,188.597,2.1641,23,0.8931,20.542,1.93247,9.25601,5103.737,4565.39,11044.893,0.0251,0.695302,82.308,103.087,0.52784,1.14228,0.961209,A,0.0,-0.034961
7852.904,0.69835,159.238,1.7927,23,0.8695,19.999,1.98215,8.7835,1856.517,5996.386,3328.227,0.127753,0.87501,82.56,102.86,0.23641,0.42382,0.956752,A,0.001,0.002178
8471.652,0.42475,186.921,2.5167,16,0.7908,12.654,1.93506,5.97782,3883.971,4587.681,9774.62,0.109092,0.691982,83.358,102.99,0.45847,1.1538,0.882248,A,0.0,0.031349
9998.635,0.57267,162.35,3.0438,26,0.726,18.875,1.9764,9.67903,3568.501,6430.134,10861.723,0.054213,0.860401,81.715,102.924,0.3569,1.08632,0.966214,A,0.0,-0.034563
7565.184,0.48449,169.577,1.1315,20,0.8146,16.293,1.96353,5.83582,3154.052,4411.132,3568.816,0.13971,0.731009,83.126,102.433,0.41692,0.47174,0.879775,A,0.0,0.026199
9781.079,0.62393,156.435,1.7722,16,0.7482,11.971,1.98744,5.25643,2947.056,6834.023,5222.847,0.326798,0.752063,85.073,101.901,0.3013,0.53397,0.842186,A,0.0,0.000774
9503.4,0.30306,230.0,1.4606,17,0.8321,14.146,1.87579,5.2821,4835.893,4667.507,7063.265,0.092367,0.521355,84.508,103.621,0.50886,0.74324,0.844909,A,0.0,-0.004637
11093.48,0.58907,166.52,2.2375,21,0.8665,18.197,1.9689,8.52026,3275.945,7817.535,7329.781,0.104426,0.792157,82.542,102.685,0.2953,0.66073,0.947651,A,0.0,0.027358
10228.796,0.6777,164.938,3.4926,24,0.8443,20.263,1.97172,10.6945,2730.393,7498.403,9536.223,0.060535,0.902424,81.901,103.333,0.26693,0.93229,0.976156,A,0.0,0.03188
9533.188,0.52198,159.179,2.4083,20,0.6768,13.537,1.98226,6.54479,3323.812,6209.375,8004.839,0.149384,0.721428,82.844,101.843,0.34866,0.83968,0.900219,A,0.001,-0.007847
9536.058,0.50451,193.606,1.9709,23,0.834,19.181,1.92489,8.33319,3761.25,5774.808,7413.018,0.068258,0.788655,83.049,103.924,0.39442,0.77737,0.946637,A,0.0,-0.029984
10637.149,0.42516,209.907,3.3301,17,0.857,14.568,1.90169,7.20117,5097.647,5539.503,16975.727,0.072716,0.749493,83.641,104.349,0.47923,1.59589,0.918036,A,-0.001,-0.008952
11403.56,0.47049,152.058,1.1541,23,0.7026,16.16,1.99592,5.98352,4247.004,7156.556,4901.455,0.162144,0.653468,82.716,101.016,0.37243,0.42982,0.871649,A,0.0,0.054392
8360.0,0.44177,173.512,2.3619,18,0.8232,14.817,1.95679,6.98803,3632.95,4727.051,8580.65,0.083759,0.716917,82.537,102.531,0.43456,1.02639,0.917607,A,-0.001,0.001719
7664.241,0.44943,160.822,1.8085,21,0.7615,15.992,1.97921,7.03016,3238.124,4426.117,5856.109,0.084465,0.716429,82.053,101.895,0.4225,0.76408,0.920596,A,0.0,0.033113
8855.157,0.53526,175.498,1.474,20,0.7009,14.019,1.95345,5.59268,3506.437,5348.72,5168.595,0.184336,0.765307,83.939,102.945,0.39598,0.58368,0.86363,A,0.0,0.035908
7000.0,0.52855,161.451,3.9192,21,0.7424,15.591,1.97805,8.47269,2420.265,4579.735,9485.544,0.071695,0.769982,81.91,102.281,0.34575,1.35508,0.953101,A,0.0,0.015586
8794.389,0.44671,206.361,3.5315,18,0.7182,12.927,1.90656,6.50093,3538.036,5256.353,12494.71,0.10998,0.673369,84.021,103.702,0.40231,1.42076,0.900953,A,0.0,-0.036852
11243.728,0.50531,161.773,3.6652,24,0.7046,16.911,1.97746,9.05882,3775.946,7467.782,13839.74,0.065522,0.727684,81.841,102.019,0.33583,1.23089,0.956455,A,0.0,-0.024815
11467.922,0.63529,189.741,2.6122,19,0.7561,14.366,1.93072,6.83466,2803.266,8664.655,7322.812,0.248096,0.760561,85.291,103.568,0.24444,0.63855,0.904539,A,0.001,-0.021586
12308.91,0.44587,191.394,3.3097,19,0.8894,16.899,1.92821,8.52115,5007.745,7301.165,16573.92,0.059379,0.710961,82.857,103.314,0.40684,1.3465,0.945819,A,0.0,-0.024758
10084.245,0.65327,162.142,2.902,21,0.6627,13.917,1.97678,7.05354,2800.675,7283.57,8127.68,0.199713,0.827665,83.627,102.697,0.27773,0.80598,0.915094,A,0.0,0.047561
10219.595,0.32093,197.719,2.8546,17,0.7153,12.16,1.91883,5.86887,5524.668,4694.927,15770.923,0.076613,0.608423,83.298,102.911,0.5406,1.5432,0.870948,A,0.0,0.011664
9088.582,0.50528,170.096,1.8084,18,0.8098,14.577,1.96264,6.32903,3139.096,5949.486,5676.589,0.155293,0.689941,83.352,102.187,0.34539,0.62458,0.893848,A,0.0,0.004758
9192.519,0.49877,160.067,3.8024,23,0.6673,15.347,1.98061,8.30422,3641.49,5551.028,13846.364,0.067165,0.781911,81.794,102.288,0.39614,1.50626,0.946656,A,0.001,-0.037829
10419.316,0.4184,151.796,2.8587,23,0.889,20.447,1.99643,10.47301,4608.521,5810.795,13174.386,0.024512,0.7308,80.889,101.512,0.44231,1.26442,0.974088,A,0.0,-0.051238
11362.265,0.56563,177.235,2.5768,24,0.8446,20.27,1.95057,9.75673,4095.702,7266.563,10553.818,0.053705,0.85417,82.279,103.614,0.36047,0.92885,0.965775,A,0.0,-0.001842
10632.126,0.41618,179.011,3.8883,24,0.6804,16.33,1.94765,8.65885,5202.576,5429.55,20229.276,0.041848,0.77487,82.187,103.174,0.48933,1.90266,0.950798,A,0.0,-0.03461
7000.0,0.46859,147.054,2.5872,25,0.6704,16.76,2.00596,8.41442,3045.191,3954.809,7878.445,0.051558,0.789696,81.041,101.639,0.43503,1.12549,0.952134,A,0.0,0.029194
10731.38,0.68328,168.345,2.6808,19,0.79,15.01,1.96568,7.38824,2500.606,8230.773,6703.577,0.225734,0.822283,84.214,102.974,0.23302,0.62467,0.923018,A,0.001,0.040817
9985.828,0.52412,141.26,2.3215,23,0.8297,19.084,2.01809,9.36551,3861.8,6124.028,8964.993,0.051081,0.822422,80.777,101.524,0.38673,0.89777,0.96231,A,-0.0,-0.02779
9084.357,0.37112,131.031,1.1107,25,0.8906,22.264,2.04097,8.35833,4531.877,4552.48,5033.413,0.03881,0.701926,80.135,100.113,0.49887,0.55407,0.947831,A,0.0,0.000347
10193.12,0.44038,197.801,2.9947,18,0.673,12.113,1.91871,5.91762,4446.417,5746.703,13315.464,0.127979,0.682097,83.979,103.401,0.43622,1.30632,0.873231,A,0.0,-0.010692
11338.852,0.33727,143.298,3.0863,24,0.8713,20.912,2.01376,11.05602,5657.64,5681.213,17461.421,0.014671,0.658531,80.388,100.56,0.49896,1.53996,0.978295,A,-0.001,-0.003501
10191.627,0.53933,142.762,1.9342,22,0.8963,19.718,2.01489,9.10565,3472.646,6718.981,6716.718,0.065742,0.784104,81.038,101.358,0.34074,0.65904,0.958466,A,0.0,-0.028381
8880.679,0.32282,174.563,2.1445,19,0.7234,13.745,1.95502,6.28423,4183.64,4697.039,8971.932,0.073417,0.544966,82.44,101.447,0.47109,1.01028,0.892862,A,0.0,-0.016059
13000.0,0.58128,153.814,1.5246,23,0.7277,16.738,1.99248,6.96839,4194.837,8805.163,6395.568,0.171326,0.776585,82.912,101.923,0.32268,0.49197,0.904894,A,0.0,-0.002152
9018.979,0.61153,162.553,2.6075,19,0.8096,15.383,1.97603,7.57288,2644.424,6374.554,6895.274,0.142945,0.805916,82.894,102.575,0.29321,0.76453,0.931463,A,0.001,0.013978
10677.576,0.39716,160.83,2.0265,18,0.7553,13.595,1.9792,6.21458,4899.29,5778.286,9928.264,0.100325,0.648843,82.263,101.45,0.45884,0.92982,0.884094,A,-0.0,-0.015608
11881.681,0.56,160.607,3.8727,17,0.6669,11.338,1.97961,6.1537,3555.825,8325.856,13770.743,0.229399,0.701191,83.958,101.784,0.29927,1.15899,0.877407,A,0.0,0.023366
8669.537,0.65619,184.843,3.9794,17,0.7881,13.397,1.93831,7.0858,2383.038,6286.499,9483.016,0.191931,0.832184,84.378,103.821,0.27487,1.09383,0.919602,A,0.0,-0.039266
10805.827,0.41939,183.906,1.0373,24,0.8948,21.475,1.93979,7.24469,4361.075,6444.752,4523.731,0.084303,0.646146,82.924,102.551,0.40359,0.41864,0.918874,A,-0.0,-0.046646
8688.093,0.62564,179.532,1.2837,24,0.8761,21.026,1.94681,7.87377,2464.838,6223.255,3164.202,0.134643,0.820106,83.431,103.497,0.2837,0.3642,0.938944,A,0.0,0.016557
9570.536,0.53808,199.435,3.2047,20,0.6642,13.283,1.91634,6.58494,3245.794,6324.742,10401.768,0.156279,0.734018,84.406,103.813,0.33914,1.08685,0.9015,A,0.0,-0.009903
8823.585,0.60866,151.625,2.2366,27,0.8116,21.913,1.99677,10.47182,2600.085,6223.5,5815.446,0.051013,0.841633,81.231,102.234,0.29467,0.65908,0.975303,A,0.0,0.022134
12636.862,0.34612,170.735,1.6512,16,0.7448,11.917,1.96153,5.00049,6304.222,6332.639,10409.451,0.130078,0.561184,83.043,101.368,0.49888,0.82374,0.812512,A,0.001,0.054402
7888.799,0.36501,201.136,2.3145,21,0.8772,18.42,1.9139,8.34992,3730.819,4157.98,8635.087,0.038894,0.657621,82.913,103.381,0.47293,1.0946,0.949607,A,0.0,0.009083
10752.549,0.31945,167.271,3.8839,22,0.7817,17.198,1.96757,9.2565,5264.612,5487.937,20447.116,0.026135,0.600822,81.538,101.459,0.48962,1.90161,0.959943,A,0.0,0.037859
10025.902,0.64002,205.052,1.7596,27,0.7156,19.32,1.90838,7.96136,2621.156,7404.746,4612.168,0.151012,0.813123,84.52,104.57,0.26144,0.46003,0.938314,A,0.0,-0.017494
7000.0,0.60146,178.93,3.2587,26,0.6829,17.755,1.94779,9.05782,2134.185,4865.815,6954.575,0.075388,0.832206,82.627,103.549,0.30488,0.99351,0.961786,A,0.0,-0.032377
12594.947,0.68846,141.57,1.8346,27,0.6577,17.757,2.01743,8.06585,3102.982,9491.965,5692.829,0.178986,0.855011,82.479,101.757,0.24637,0.45199,0.935949,A,0.0,-0.007611
9109.654,0.40156,159.813,2.198,24,0.6638,15.931,1.98108,7.4857,4174.859,4934.796,9176.216,0.062087,0.68875,81.717,101.66,0.45829,1.00731,0.929141,A,-0.001,0.027445
9574.619,0.51779,177.051,3.1327,19,0.8389,15.939,1.95087,8.0742,3916.383,5658.236,12268.992,0.074047,0.82493,82.541,103.413,0.40904,1.28141,0.941505,A,0.0,-0.003063
10298.666,0.54285,174.673,2.9075,19,0.682,12.959,1.95483,6.46325,3388.976,6909.691,9853.553,0.173314,0.724094,83.763,102.634,0.32907,0.95678,0.894939,A,-0.001,0.008057
8597.772,0.52529,175.403,2.2146,23,0.7857,18.071,1.95361,8.33732,2963.397,5634.375,6562.605,0.078891,0.760067,82.543,102.906,0.34467,0.76329,0.948235,A,0.0,0.035798
8796.816,0.64601,175.486,1.1105,23,0.6925,15.927,1.95347,5.61166,2000.432,6796.384,2221.493,0.384139,0.723094,86.576,102.666,0.2274,0.25253,0.864779,A,0.0,-0.037336
9913.648,0.59579,146.058,1.3961,25,0.7238,18.094,2.00801,7.34981,3254.009,6659.639,4543.043,0.138226,0.819367,82.142,101.778,0.32824,0.45826,0.923848,A,-0.0,-0.024735
8638.618,0.3145,170.332,1.3764,20,0.7607,15.215,1.96223,5.94011,4575.267,4063.351,6297.2,0.071224,0.588429,82.251,101.529,0.52963,0.72896,0.880057,A,0.0,-0.017021
10118.057,0.49134,177.814,1.1357,17,0.7145,12.146,1.94961,4.31212,3915.543,6202.514,4446.937,0.281688,0.623691,85.309,102.12,0.38699,0.43951,0.778139,A,0.0,-0.007509
11886.338,0.56383,174.238,1.6558,22,0.7239,15.925,1.95557,6.65904,4301.111,7585.227,7121.922,0.160076,0.792769,83.572,103.066,0.36185,0.59917,0.897267,A,0.0,0.036487
8434.281,0.42844,195.378,1.1136,24,0.7723,18.535,1.92226,6.3821,3630.674,4803.607,4043.293,0.101616,0.675466,83.55,103.253,0.43047,0.47939,0.897904,A,0.0,-0.024423
7573.008,0.59024,158.399,3.8132,22,0.7394,16.268,1.98372,8.82778,2400.859,5172.149,9154.847,0.078568,0.82775,81.877,102.504,0.31703,1.20888,0.957799,A,0.0,0.015217
9768.51,0.62712,207.725,2.9911,19,0.6841,12.998,1.90467,6.27649,2860.858,6907.652,8557.114,0.236381,0.788952,85.733,104.52,0.29287,0.87599,0.88961,A,0.0,-0.030344
10575.725,0.33432,194.01,1.6055,21,0.8079,16.967,1.92429,6.84326,5300.078,5275.647,8509.206,0.061862,0.608034,82.979,102.749,0.50116,0.8046,0.907266,A,0.0,0.030209
10981.92,0.45862,186.958,2.7011,25,0.8982,22.454,1.93501,10.8175,4068.242,6913.678,10988.884,0.02891,0.71148,82.301,103.12,0.37045,1.00063,0.976648,A,0.0,-0.028349
8310.224,0.57695,160.81,3.3138,21,0.7578,15.915,1.97923,8.34647,2417.849,5892.376,8012.183,0.101401,0.772088,82.276,102.262,0.29095,0.96414,0.948865,A,-0.001,-0.021371
7000.0,0.51672,178.597,2.6001,24,0.6918,16.603,1.94833,7.99762,2536.473,4463.527,6595.02,0.078977,0.765475,82.662,103.093,0.36235,0.94215,0.944617,A,0.0,-0.001358
11296.863,0.61399,197.99,2.7057,26,0.793,20.618,1.91843,9.80811,3149.223,8147.64,8520.74,0.073897,0.82274,83.271,104.337,0.27877,0.75426,0.966448,A,-0.0,0.053448
11044.872,0.40827,188.606,2.4496,20,0.7372,14.743,1.93246,6.89704,4366.761,6678.111,10696.651,0.095276,0.612937,83.234,102.544,0.39537,0.96847,0.907736,A,0.0,-0.018952
12253.561,0.3057,209.725,3.2922,19,0.8683,16.497,1.90194,8.13462,5617.374,6636.187,18493.63,0.0413,0.529511,83.221,102.889,0.45843,1.50925,0.938067,A,0.0,-0.017963
8508.866,0.60874,136.047,1.6747,17,0.7604,12.927,2.02951,5.72867,2469.97,6038.896,4136.58,0.269751,0.747392,83.423,100.72,0.29028,0.48615,0.871368,A,0.0,-0.012348
10818.514,0.45934,156.257,2.5756,18,0.8693,15.647,1.98778,7.74321,3839.438,6979.076,9888.68,0.088223,0.66351,81.916,101.307,0.3549,0.91405,0.931838,A,0.0,-0.037235
11489.688,0.67796,122.801,2.0218,19,0.6547,12.439,2.06093,6.01842,2957.202,8532.486,5978.742,0.334811,0.796885,83.63,100.211,0.25738,0.52036,0.872893,A,-0.0,0.035012
7189.937,0.30574,167.858,3.762,23,0.6804,15.648,1.96654,8.36017,3812.062,3377.874,14340.841,0.028307,0.618828,81.59,101.607,0.53019,1.99457,0.950911,A,0.001,0.020288
11562.617,0.46924,178.896,1.0788,23,0.669,15.386,1.94784,5.32338,4346.504,7216.113,4688.81,0.202785,0.629733,84.308,102.211,0.37591,0.40551,0.837548,A,0.0,0.0121
12127.416,0.49004,167.721,3.1366,20,0.7768,15.536,1.96678,7.96786,4613.128,7514.287,14469.346,0.084281,0.739137,82.323,102.394,0.38039,1.19311,0.934577,A,0.001,0.032345
10843.626,0.46125,191.477,1.2349,19,0.7845,14.906,1.92809,5.40736,4493.963,6349.663,5549.734,0.171948,0.665995,84.346,103.021,0.41443,0.5118,0.845503,A,0.0,0.050733
10781.147,0.3856,192.987,2.2351,18,0.7927,14.268,1.92582,6.46011,4762.482,6018.666,10644.86,0.093125,0.617023,83.357,102.764,0.44174,0.98736,0.893315,A,-0.001,0.048796
11086.874,0.43554,138.508,3.0802,17,0.8566,14.562,2.02406,7.75114,4643.799,6443.075,14303.731,0.071237,0.698112,80.917,100.542,0.41886,1.29015,0.931492,A,0.0,-0.021182
9573.766,0.34028,169.842,3.2346,18,0.7932,14.278,1.96307,7.35651,4592.299,4981.467,14854.238,0.053345,0.604804,81.996,101.613,0.47968,1.55156,0.924803,A,0.0,-0.026263
7795.703,0.44383,170.791,3.5701,17,0.8084,13.742,1.96143,7.23217,3382.735,4412.968,12076.757,0.075994,0.725791,82.332,102.458,0.43392,1.54916,0.925702,A,0.0,0.006841
8570.958,0.43506,131.682,3.0793,22,0.8506,18.714,2.03946,10.06756,3698.076,4872.881,11387.591,0.028462,0.743631,80.03,100.429,0.43147,1.32863,0.971773,A,0.001,0.000977
9697.692,0.57857,187.608,2.3777,19,0.8727,16.582,1.934,7.69929,3013.462,6684.23,7165.022,0.124649,0.783215,83.587,103.623,0.31074,0.73884,0.933054,A,0.0,-0.020564
8685.631,0.34864,159.523,1.8665,26,0.7905,20.554,1.98162,9.15319,4712.993,3972.638,8796.751,0.025067,0.732524,81.217,101.934,0.54262,1.01279,0.960986,A,-0.0,-0.034882
11512.939,0.66508,131.919,2.1609,27,0.8176,22.076,2.03891,10.75163,2790.729,8722.211,6030.378,0.066579,0.856572,80.544,101.189,0.2424,0.52379,0.975734,A,-0.001,0.019803
9349.509,0.38147,164.892,3.2897,25,0.8903,22.258,1.9718,11.58904,4620.845,4728.663,15201.193,0.013104,0.741443,81.273,102.268,0.49423,1.62588,0.983023,A,0.001,-0.028435
9795.63,0.45078,177.587,2.604,18,0.7426,13.366,1.94999,6.4496,3936.408,5859.222,10250.569,0.116644,0.675258,83.123,102.45,0.40185,1.04644,0.896015,A,0.0,0.029187
7295.956,0.65724,166.249,2.5344,22,0.7916,17.414,1.96938,8.46284,2023.238,5272.718,5127.78,0.112626,0.866219,82.64,103.16,0.27731,0.70282,0.95248,A,0.0,-0.003595
10562.965,0.68944,175.569,1.8131,21,0.8228,17.279,1.95333,7.45646,1918.09,8644.875,3477.702,0.283979,0.779407,85.257,103.042,0.18159,0.32924,0.925206,A,0.0,-0.04278
8903.415,0.68848,176.017,1.2268,23,0.7364,16.938,1.95259,6.24437,2573.757,6329.658,3157.592,0.258935,0.863145,84.943,103.616,0.28908,0.35465,0.89128,A,0.0,-0.025264
12240.75,0.59543,150.638,1.9245,25,0.6798,16.994,1.99873,7.7446,3785.694,8455.056,7285.529,0.13663,0.800856,82.319,101.911,0.30927,0.59519,0.929034,A,0.0,-0.011927
7369.208,0.60797,182.478,1.6647,20,0.7111,14.223,1.94206,5.8976,2089.53,5279.678,3478.392,0.250666,0.749376,85.069,103.167,0.28355,0.47202,0.883092,A,-0.0,0.01928
10453.945,0.45374,140.791,1.1687,16,0.7905,12.648,2.0191,4.78928,4759.666,5694.279,5562.68,0.188971,0.675043,82.576,100.524,0.4553,0.53211,0.810378,A,0.0,0.050982
9354.146,0.60219,152.422,1.1955,20,0.6503,13.006,1.9952,4.89175,3204.768,6149.378,3831.302,0.311086,0.753897,84.698,101.698,0.3426,0.40958,0.823013,A,0.0,0.017096
9418.877,0.34402,140.015,1.2261,18,0.8965,16.138,2.02077,6.2529,4219.998,5198.879,5174.332,0.084562,0.55463,81.162,99.684,0.44804,0.54936,0.889871,A,0.0,-0.023665
12529.666,0.54877,188.825,3.799,22,0.8087,17.791,1.93212,9.27594,4562.74,7966.926,17333.888,0.063081,0.826927,82.817,103.966,0.36415,1.38343,0.95814,A,-0.0,0.016392
11409.484,0.38455,222.514,1.7529,19,0.85,16.15,1.88512,6.51974,5162.828,6246.655,9050.155,0.090427,0.627639,84.262,104.04,0.4525,0.79321,0.893594,A,0.001,0.013727
8682.651,0.46458,158.278,1.094,23,0.8071,18.564,1.98395,6.64447,3479.456,5203.194,3806.383,0.108821,0.702488,82.271,101.671,0.40074,0.43839,0.906134,A,0.001,-0.033226
12066.097,0.34554,193.592,2.2727,19,0.8079,15.35,1.92491,6.9809,5694.269,6371.827,12941.559,0.067551,0.593977,83.04,102.638,0.47192,1.07256,0.907743,A,0.001,-0.053094
8983.423,0.31063,166.747,1.912,20,0.7742,15.484,1.9685,6.88583,4492.999,4490.424,8590.689,0.054079,0.567327,81.887,101.212,0.50014,0.95628,0.912927,A,0.0,0.005017
11164.132,0.3622,155.719,1.0014,25,0.8683,21.708,1.98881,7.46774,4983.35,6180.782,4990.257,0.061524,0.604627,81.542,100.89,0.44637,0.44699,0.924179,A,-0.0,-0.014693
7350.989,0.4764,160.437,2.2395,25,0.8323,20.807,1.97992,9.82504,2869.382,4481.606,6425.905,0.036068,0.758321,81.399,102.152,0.39034,0.87416,0.970447,A,0.001,0.022346
9479.742,0.60519,156.106,1.6492,19,0.7257,13.788,1.98807,5.89798,2926.202,6553.54,4825.85,0.244931,0.766054,83.979,101.976,0.30868,0.50907,0.875073,A,0.0,-0.038052
9528.951,0.39478,162.515,1.1476,21,0.6645,13.954,1.9761,5.07882,4466.65,5062.301,5125.856,0.140358,0.619261,82.859,101.341,0.46875,0.53792,0.833343,A,-0.0,0.023636
9470.05,0.34669,151.567,3.2543,17,0.8735,14.849,1.99688,7.85551,4707.879,4762.171,15320.854,0.043898,0.646028,81.135,100.94,0.49713,1.61782,0.937053,A,0.0,0.009355
7572.405,0.3282,158.739,3.777,25,0.8406,21.014,1.98308,11.37578,3830.022,3742.382,14465.899,0.011225,0.652597,81.002,101.366,0.50579,1.91034,0.982702,A,0.001,0.004058
7112.117,0.48146,160.373,2.1152,16,0.8676,13.881,1.98004,6.43849,2837.7,4274.417,6002.369,0.115762,0.724237,82.448,101.924,0.399,0.84396,0.904066,A,0.0,0.011079
9940.426,0.46057,193.296,2.0384,26,0.8818,22.926,1.92535,10.07585,3878.486,6061.94,7905.894,0.03465,0.733078,82.595,103.543,0.39017,0.79533,0.970646,A,0.0,-0.002388
10879.165,0.50122,184.446,3.7229,16,0.8055,12.889,1.93894,6.72711,4191.187,6687.979,15603.483,0.12678,0.735869,83.504,103.168,0.38525,1.43425,0.902554,A,-0.001,0.019975
10017.505,0.52246,198.836,1.7278,25,0.8327,20.817,1.91721,8.58221,3964.179,6053.326,6849.215,0.065518,0.821697,83.189,104.367,0.39573,0.68372,0.950374,A,-0.0,0.020768
9453.642,0.41303,221.286,1.1383,22,0.8372,18.418,1.88669,6.2241,4053.88,5399.761,4614.47,0.107263,0.642589,84.447,104.092,0.42882,0.48812,0.888637,A,0.001,-0.020596
7700.426,0.40152,124.297,3.9986,27,0.804,21.709,2.05719,12.52677,3211.193,4489.233,12840.338,0.011179,0.680728,79.435,99.543,0.41701,1.66748,0.98839,A,0.0,0.030519
9561.791,0.69044,120.0,2.3465,16,0.8239,13.183,2.06808,6.71639,2234.259,7327.532,5242.633,0.277889,0.816228,82.732,100.152,0.23367,0.54829,0.905954,A,-0.0,0.030189
9129.526,0.31385,181.08,3.9773,24,0.6522,15.652,1.9443,8.31636,4541.345,4588.18,18062.174,0.033449,0.591395,82.152,102.06,0.49743,1.97844,0.946985,A,0.001,-0.028425
8885.727,0.55533,178.605,3.2154,23,0.7178,16.509,1.94832,8.39864,3115.482,5770.245,10017.37,0.080973,0.811453,82.689,103.397,0.35062,1.12736,0.948877,A,0.0,-0.041765
10234.577,0.37729,155.457,3.0794,24,0.737,17.688,1.98931,9.18338,4553.828,5680.748,14023.093,0.034317,0.652227,81.172,101.19,0.44495,1.37017,0.959529,A,0.001,-0.007385
10227.774,0.59014,167.522,3.3077,16,0.7329,11.726,1.96713,6.09173,2842.617,7385.157,9402.532,0.25352,0.719705,84.549,102.256,0.27793,0.91931,0.880602,A,-0.0,0.023868
10571.501,0.46528,138.271,2.2992,24,0.7335,17.603,2.02458,8.65304,4181.594,6389.907,9614.149,0.05789,0.731883,80.73,100.751,0.39555,0.90944,0.950785,A,0.0,-0.028796
9582.712,0.6138,167.215,3.288,21,0.7481,15.709,1.96767,8.15306,2685.301,6897.411,8829.198,0.124669,0.804223,82.837,102.799,0.28022,0.92137,0.943083,A,0.0,0.038269
8715.772,0.6871,152.185,3.282,22,0.8423,18.53,1.99567,9.81342,2522.274,6193.498,8278.123,0.073586,0.936945,81.553,102.894,0.28939,0.94979,0.969007,A,0.0,0.035903
9671.13,0.45074,222.786,1.8557,18,0.7841,14.113,1.88478,5.81275,3500.024,6171.106,6494.958,0.16124,0.614939,85.205,103.967,0.3619,0.67158,0.870539,A,0.0,-0.032486
9500.444,0.46456,169.452,2.0722,26,0.7873,20.47,1.96375,9.31754,4043.323,5457.121,8378.439,0.041228,0.77822,81.822,102.738,0.42559,0.8819,0.96223,A,0.0,-0.012561
7500.378,0.65389,182.666,2.526,23,0.8882,20.429,1.94176,9.71156,2260.034,5240.344,5708.735,0.067056,0.906979,82.652,104.216,0.30132,0.76113,0.9691,A,-0.0,-0.00863
9442.629,0.60285,210.962,2.3846,26,0.8284,21.538,1.90026,9.74177,3372.636,6069.993,8042.302,0.054857,0.907326,83.439,105.433,0.35717,0.8517,0.967499,A,0.0,0.013731
7470.134,0.68675,175.198,2.2203,27,0.6641,17.931,1.95395,8.28155,1694.152,5775.981,3761.605,0.154196,0.842952,83.53,103.444,0.22679,0.50355,0.949079,A,0.001,0.008327
7001.155,0.47286,163.185,3.7626,25,0.8528,21.321,1.97488,11.46252,2744.399,4256.756,10326.112,0.019869,0.764916,81.295,102.337,0.39199,1.47492,0.983529,A,-0.0,-0.023083
8727.763,0.64514,171.769,1.2438,18,0.774,13.932,1.95976,5.19619,2371.987,6355.776,2950.3,0.37043,0.747661,86.255,102.65,0.27177,0.33804,0.843951,A,0.0,0.008037
8997.886,0.69088,151.786,1.827,24,0.7447,17.872,1.99645,7.98554,2020.696,6977.19,3691.758,0.182373,0.838156,82.972,102.22,0.22457,0.41029,0.940719,A,0.0,-0.034574
11009.185,0.53292,196.134,3.029,21,0.7909,16.609,1.92115,8.15255,4653.667,6355.518,14095.78,0.074879,0.868302,83.222,104.559,0.42271,1.28037,0.940606,A,-0.0,0.043948
9498.606,0.34692,137.105,2.9061,24,0.7778,18.668,2.02715,9.81409,4935.652,4562.953,14343.608,0.021193,0.699255,80.191,100.466,0.51962,1.51008,0.968257,A,0.001,-0.012579
10758.231,0.4055,147.108,1.958,24,0.7511,18.026,2.00585,8.30555,5125.167,5633.064,10035.131,0.047569,0.731157,80.991,101.255,0.47639,0.93279,0.944114,A,0.0,0.009426
12129.849,0.49786,194.142,3.8253,22,0.701,15.422,1.92409,8.00126,4683.713,7446.136,17916.498,0.083379,0.758572,83.267,103.748,0.38613,1.47706,0.935333,A,0.0,0.013039
10143.316,0.47976,147.288,2.8787,26,0.7106,18.475,2.00548,9.5419,4092.062,6051.254,11779.936,0.042338,0.775568,80.93,101.558,0.40342,1.16135,0.964399,A,0.0,-0.051399
10533.162,0.49992,141.993,1.5068,18,0.7347,13.225,2.01653,5.57571,4160.293,6372.869,6268.791,0.182685,0.707018,82.547,100.805,0.39497,0.59515,0.855667,A,0.0,-0.017874
8924.873,0.5708,161.534,2.7459,25,0.876,21.899,1.9779,10.94859,3227.769,5697.104,8863.036,0.033092,0.875447,81.404,102.982,0.36166,0.99307,0.979033,A,0.0,-0.008429
11195.483,0.40938,163.351,3.1161,20,0.6952,13.904,1.97458,7.1616,5245.808,5949.675,16346.667,0.073803,0.705259,82.013,101.951,0.46856,1.46011,0.915527,A,0.0,-0.011378
10050.207,0.49666,178.621,3.4658,21,0.7304,15.338,1.94829,7.93915,3584.795,6465.412,12424.262,0.086626,0.724005,82.764,102.82,0.35669,1.23622,0.937787,A,0.0,0.008742
10060.514,0.30348,172.417,3.4528,23,0.7484,17.214,1.95865,8.97325,5545.658,4514.855,19147.935,0.023858,0.646949,81.705,102.016,0.55123,1.90328,0.956666,A,0.001,-0.024447
8269.475,0.59151,178.389,1.0302,26,0.8642,22.469,1.94867,7.60639,2458.632,5810.843,2532.799,0.131644,0.786086,83.35,103.219,0.29731,0.30628,0.933831,A,0.0,-0.009324
8557.331,0.53407,194.582,3.6931,26,0.7588,19.728,1.92344,10.15485,3070.462,5486.869,11339.421,0.040733,0.810143,82.719,104.108,0.35881,1.32511,0.972634,A,0.0,-0.003874
8951.55,0.37947,147.681,2.2006,19,0.7747,14.719,2.00468,7.03827,4690.302,4261.248,10321.507,0.059726,0.731417,81.176,101.289,0.52397,1.15304,0.917533,A,0.0,-0.037527
10117.77,0.63034,183.274,2.5926,22,0.8294,18.247,1.94079,8.73152,2150.506,7967.265,5575.416,0.140098,0.762662,83.638,103.291,0.21255,0.55105,0.95276,A,-0.001,0.023293
11598.518,0.51867,207.103,1.3315,24,0.8778,21.067,1.90553,7.75724,4374.856,7223.662,5825.162,0.095401,0.775021,83.852,104.403,0.37719,0.50223,0.930623,A,0.0,-0.052053
7688.446,0.54784,180.298,2.9136,26,0.8964,23.306,1.94556,11.54799,2236.331,5452.114,6515.834,0.03079,0.759921,82.088,103.136,0.29087,0.84748,0.983652,A,0.001,0.005702
9412.187,0.40558,181.366,1.1082,18,0.8823,15.881,1.94384,5.5487,4079.859,5332.329,4521.443,0.131817,0.615033,83.46,102.229,0.43347,0.48038,0.859119,A,-0.001,0.041728
9495.899,0.55167,170.04,1.1918,18,0.7941,14.294,1.96273,5.24144,3143.282,6352.617,3746.264,0.26212,0.694942,84.76,102.217,0.33101,0.39451,0.842722,A,-0.0,-0.01484
13000.0,0.34965,165.966,2.9691,17,0.6879,11.694,1.96989,5.93085,6452.866,6547.134,19159.187,0.096326,0.59933,82.414,101.384,0.49637,1.47378,0.863253,A,0.0,-0.022591
9659.489,0.4482,152.028,3.2287,23,0.6699,15.408,1.99598,8.13067,4029.598,5629.891,13010.194,0.061776,0.724791,81.39,101.485,0.41716,1.34688,0.942502,A,0.0,-0.043804
9153.162,0.40078,144.986,2.3699,23,0.7682,17.668,2.01023,8.6758,4330.822,4822.34,10263.612,0.039627,0.72513,80.793,101.096,0.47315,1.12132,0.953218,A,0.0,-0.036621
11076.982,0.68467,189.213,2.619,18,0.68,12.24,1.93153,5.83108,2564.975,8512.007,6717.609,0.39654,0.771492,87.232,103.617,0.23156,0.60645,0.865888,A,0.0,0.016775
8293.383,0.65218,172.832,1.9929,22,0.8425,18.535,1.95794,8.29247,1942.212,6351.171,3870.663,0.145043,0.807263,83.32,103.094,0.23419,0.46672,0.947917,A,0.0,0.008915
10770.031,0.57331,181.858,1.1458,24,0.7406,17.774,1.94305,6.30428,3220.141,7549.89,3689.516,0.215964,0.725726,84.589,102.982,0.29899,0.34257,0.887371,A,0.0,-0.019528
7443.894,0.3728,156.45,1.3766,18,0.7313,13.163,1.98741,5.23667,3496.386,3947.508,4813.263,0.117223,0.599162,82.307,100.893,0.4697,0.64661,0.852307,A,0.0,0.030039
12993.046,0.36233,176.315,1.5041,18,0.7852,14.134,1.95209,5.67865,6837.216,6155.83,10283.866,0.102828,0.650565,82.893,102.227,0.52622,0.79149,0.850661,A,0.0,-0.054434
9888.531,0.42357,183.636,1.0241,17,0.788,13.396,1.94022,4.49225,3910.756,5977.774,4005.181,0.221565,0.555718,84.726,101.942,0.39548,0.40503,0.793124,A,0.001,0.041811
9314.291,0.38355,171.101,2.5023,18,0.6594,11.869,1.9609,5.71045,4347.04,4967.251,10877.538,0.10908,0.623748,82.78,101.799,0.46671,1.16783,0.867271,A,-0.0,0.008313
7983.94,0.38838,181.986,3.7849,17,0.806,13.702,1.94284,7.19856,3506.248,4477.692,13270.732,0.066885,0.640118,82.626,102.423,0.43916,1.66218,0.924369,A,-0.0,0.035972
9728.938,0.51074,137.903,3.7802,26,0.765,19.889,2.02538,11.10029,3266.604,6462.334,12348.287,0.030999,0.753239,80.358,100.87,0.33576,1.26923,0.979621,A,0.0,0.014337
10080.519,0.54207,173.412,2.0642,22,0.7997,17.594,1.95696,7.95755,3737.429,6343.09,7714.726,0.090457,0.808166,82.622,103.128,0.37076,0.76531,0.938131,A,0.0,0.000646
8859.727,0.52178,133.699,3.8901,19,0.7466,14.185,2.03481,8.01632,3212.979,5646.748,12498.76,0.084019,0.770867,80.86,100.733,0.36265,1.41074,0.941605,A,0.0,-0.014619
11745.128,0.62842,160.55,2.2365,22,0.7235,15.918,1.97971,7.51202,3398.873,8346.255,7601.432,0.164849,0.817203,83.103,102.546,0.28939,0.6472,0.924088,A,0.0,-0.012102
9463.357,0.45088,176.716,2.7614,16,0.8144,13.031,1.95143,6.39575,3684.008,5779.35,10173.087,0.121496,0.66084,83.154,102.314,0.38929,1.075,0.8951,A,-0.001,0.020514
10097.521,0.31744,192.007,3.8303,16,0.8832,14.131,1.92729,7.35202,5366.614,4730.907,20555.535,0.0457,0.625693,82.697,102.778,0.53148,2.0357,0.923486,A,0.0,0.007413
10384.384,0.38631,195.668,2.9871,26,0.8081,21.01,1.92183,10.28298,5144.586,5239.797,15367.525,0.021573,0.744428,82.503,103.721,0.49542,1.47987,0.972335,A,0.001,-0.044372
11999.246,0.40781,166.502,2.8385,20,0.6564,13.127,1.96893,6.57656,5443.64,6555.606,15451.752,0.095359,0.667261,82.422,101.859,0.45367,1.28773,0.893919,A,0.0,0.012229
9385.48,0.32709,161.069,3.0503,19,0.6597,12.534,1.97875,6.44203,4936.993,4448.488,15059.142,0.064029,0.619046,81.793,101.265,0.52602,1.60451,0.89703,A,-0.001,-0.032774
10064.958,0.32154,176.932,1.3203,20,0.7556,15.113,1.95107,5.7477,5141.543,4923.416,6788.348,0.08436,0.569236,82.672,101.719,0.51084,0.67445,0.865977,A,-0.001,-0.039602
10401.448,0.32399,192.467,1.8493,19,0.7412,14.082,1.92659,5.99349,5121.3,5280.148,9470.755,0.081736,0.55895,83.189,102.358,0.49236,0.91052,0.875786,A,0.0,0.031836
10881.919,0.34424,184.775,2.5753,20,0.8654,17.309,1.93842,8.25199,5180.395,5701.524,13340.916,0.041325,0.619468,82.388,102.414,0.47606,1.22597,0.94285,A,-0.0,0.000304
7209.08,0.5011,175.227,2.6553,23,0.8207,18.876,1.9539,9.18447,2591.299,4617.781,6880.595,0.051315,0.753496,82.173,102.855,0.35945,0.95443,0.963191,A,0.0,0.017967
11689.345,0.47446,164.03,1.0141,16,0.6867,10.987,1.97335,3.76036,4901.442,6787.902,4970.498,0.318826,0.586848,85.275,101.204,0.41931,0.42522,0.718237,A,0.001,-0.047231
9781.545,0.64677,151.891,1.0673,23,0.7947,18.279,1.99624,6.52333,2278.597,7502.948,2431.94,0.281233,0.757779,84.281,101.695,0.23295,0.24863,0.898707,A,0.0,0.016757
8882.064,0.5963,157.978,3.634,27,0.8325,22.477,1.98451,12.08068,2771.765,6110.299,10072.511,0.026922,0.854587,81.178,102.659,0.31206,1.13403,0.985911,A,0.0,-0.028786
9920.795,0.44225,174.442,3.9845,24,0.7198,17.276,1.95522,9.25985,4231.298,5689.497,16859.502,0.040475,0.741055,82.001,102.735,0.42651,1.69941,0.960966,A,0.0,-0.020397
7083.546,0.34315,180.654,1.9105,22,0.7807,17.176,1.94499,7.50067,3050.514,4033.032,5828.048,0.05266,0.562878,82.39,101.852,0.43065,0.82276,0.933914,A,0.0,-0.026243
8816.345,0.52863,123.897,2.1997,19,0.7066,13.425,2.05818,6.66213,3418.198,5398.146,7518.884,0.127724,0.782483,80.953,100.188,0.38771,0.85283,0.906323,A,0.001,0.041059
10250.786,0.6848,176.125,3.0302,25,0.6936,17.341,1.95241,8.72354,2885.673,7365.113,8744.309,0.115698,0.907777,83.056,103.916,0.28151,0.85304,0.952439,A,0.0,-0.008526
12009.038,0.44684,165.93,2.0716,26,0.8794,22.866,1.96995,10.45581,5372.117,6636.921,11128.706,0.027266,0.78645,81.501,102.617,0.44734,0.92669,0.972704,A,0.0,0.035877
9847.188,0.68574,184.053,3.8701,22,0.6626,14.577,1.93956,7.67356,2896.434,6950.754,11209.416,0.158201,0.905576,83.905,104.27,0.29414,1.13834,0.932142,A,0.0,-0.04406
10565.883,0.48174,166.756,2.6758,27,0.6826,18.431,1.96848,9.08667,4841.507,5724.376,12954.819,0.044447,0.851582,81.76,103.089,0.45822,1.2261,0.957722,A,0.0,0.042452
9531.1,0.40266,190.199,2.0496,17,0.7465,12.69,1.93002,5.60787,4315.57,5215.529,8845.153,0.123163,0.633932,83.658,102.753,0.45279,0.92803,0.861505,A,0.001,-0.016552
11266.176,0.54981,160.32,1.729,19,0.7732,14.692,1.98014,6.35893,3851.84,7414.336,6659.769,0.180276,0.741795,83.298,102.037,0.34189,0.59113,0.887898,A,0.0,-0.055454
9374.56,0.6365,156.153,2.9215,18,0.7538,13.568,1.98798,6.94563,3036.579,6337.981,8871.479,0.169583,0.860206,82.986,102.6,0.32392,0.94634,0.913699,A,0.0,-0.014021
10665.587,0.34063,183.866,2.5684,25,0.7677,19.192,1.93985,9.15332,5360.379,5305.208,13767.85,0.028076,0.656444,82.181,102.617,0.50259,1.29087,0.958576,A,0.0,-0.051061
9472.463,0.66531,164.266,2.4704,27,0.8468,22.864,1.97293,11.0597,2474.322,6998.141,6112.471,0.052239,0.882069,81.765,103.165,0.26121,0.64529,0.97949,A,0.0,0.025018
8523.283,0.45763,158.879,1.2723,27,0.7397,19.973,1.98282,7.65488,3681.67,4841.613,4684.049,0.069476,0.752799,81.777,102.035,0.43195,0.54956,0.934422,A,0.0,-0.03913
8485.455,0.45774,123.719,3.7266,20,0.8869,17.738,2.05863,10.09795,3113.753,5371.701,11603.655,0.034745,0.702937,79.716,99.652,0.36695,1.36748,0.972146,A,0.001,-0.022562
9008.373,0.57814,149.078,3.1131,23,0.7842,18.037,2.00185,9.47553,2549.527,6458.846,7936.952,0.071911,0.777972,81.398,101.674,0.28302,0.88106,0.964797,A,0.0,-0.03961
11717.63,0.62892,215.626,2.6662,21,0.7226,15.174,1.89404,7.04807,3247.574,8470.056,8658.799,0.202474,0.792428,85.532,104.86,0.27715,0.73895,0.910774,A,-0.0,-0.006974
13000.0,0.34446,173.01,1.5078,27,0.7576,20.455,1.95764,8.26147,6438.431,6561.569,9707.812,0.042069,0.641182,81.968,102.007,0.49526,0.74675,0.939514,A,0.0,-0.038288
9676.62,0.47238,171.28,1.9237,17,0.8258,14.039,1.96059,6.21887,3860.154,5816.466,7425.953,0.133011,0.697602,83.103,102.295,0.39892,0.76741,0.887675,A,0.0,0.020497
8872.156,0.59424,152.077,1.8517,25,0.8307,20.766,1.99588,9.31882,2672.221,6199.936,4948.261,0.07306,0.818874,81.541,102.108,0.30119,0.55773,0.962969,A,-0.001,-0.008877
10778.736,0.48099,170.265,1.886,24,0.7288,17.491,1.96234,7.70582,4594.233,6184.503,8664.869,0.077842,0.780479,82.336,102.793,0.42623,0.80389,0.93102,A,0.0,-0.034773
10714.743,0.69018,165.937,1.6686,19,0.8901,16.912,1.96994,7.16973,2132.032,8582.711,3557.482,0.288101,0.790063,84.944,102.642,0.19898,0.33202,0.91694,A,0.0,-0.021628
9186.264,0.55816,183.17,2.9355,22,0.8622,18.967,1.94095,9.38255,2747.97,6438.294,8066.772,0.06823,0.767275,82.686,103.317,0.29914,0.87813,0.963433,A,0.0,-0.030908
12866.016,0.35772,182.179,3.8353,20,0.7476,14.953,1.94253,7.87504,6798.733,6067.283,26074.897,0.046704,0.706232,82.366,102.868,0.52843,2.02665,0.931009,A,0.0,-0.00619
11299.43,0.34291,152.008,3.4288,26,0.6522,16.956,1.99601,9.07331,5103.838,6195.592,17500.031,0.032944,0.598256,81.009,100.649,0.45169,1.54875,0.956605,A,0.0,-0.003385
11403.19,0.47166,149.224,2.6389,27,0.8816,23.803,2.00156,11.97829,4314.429,7088.762,11385.229,0.019629,0.746787,80.714,101.476,0.37835,0.99842,0.984254,A,-0.001,-0.054639
10086.045,0.52745,157.407,1.1739,21,0.8796,18.471,1.98559,6.84127,3890.311,6195.735,4566.665,0.125067,0.780109,82.45,102.138,0.38571,0.45277,0.908541,A,-0.001,-0.013726
10186.504,0.479,187.424,3.8949,19,0.6871,13.056,1.93428,6.85358,3652.345,6534.159,14225.552,0.122023,0.67853,83.546,102.924,0.35855,1.39651,0.908661,A,0.0,0.042416
11453.634,0.63818,157.054,2.6106,18,0.7947,14.304,1.98626,7.09754,2938.254,8515.38,7670.666,0.216516,0.78368,83.643,102.143,0.25653,0.66971,0.912966,A,0.0,-0.031855
7902.578,0.5449,176.222,3.0482,23,0.8369,19.249,1.95225,9.69604,2762.805,5139.773,8421.493,0.049055,0.811429,82.18,103.284,0.34961,1.06566,0.968526,A,0.0,0.024487
8784.551,0.67246,190.975,2.2575,27,0.7148,19.3,1.92884,8.78654,2098.295,6686.257,4736.835,0.125259,0.844187,83.712,104.175,0.23886,0.53922,0.955508,A,-0.001,-0.022406
10128.202,0.66958,143.91,1.6959,20,0.8354,16.708,2.01247,7.35041,2319.89,7808.312,3934.252,0.224,0.801961,83.179,101.542,0.22905,0.38845,0.923373,A,0.0,0.024435
7797.764,0.51427,138.785,2.6895,22,0.7998,17.596,2.02345,9.04033,2952.357,4845.408,7940.222,0.053599,0.794968,80.697,101.198,0.37862,1.01827,0.96054,A,-0.001,-0.031598
12464.06,0.45721,148.944,1.7399,16,0.7059,11.294,2.00212,4.97896,4701.952,7762.108,8180.921,0.227853,0.596147,83.451,100.467,0.37724,0.65636,0.812001,A,-0.0,-0.018394
9062.33,0.37229,156.235,3.7992,20,0.8114,16.228,1.98782,8.82592,4626.44,4435.89,17576.789,0.032279,0.726912,81.177,101.725,0.51051,1.93954,0.955737,A,0.0,-0.023693
9353.727,0.58098,198.867,3.1804,21,0.8989,18.878,1.91716,9.34748,2664.837,6688.89,8475.158,0.07588,0.78221,83.326,104.107,0.2849,0.90607,0.962791,A,0.0,0.003834
10485.609,0.55155,153.562,1.4403,21,0.8009,16.819,1.99297,6.84567,2769.19,7716.419,3988.378,0.192995,0.680228,83.187,101.274,0.26409,0.38037,0.90759,A,0.0,-0.026444
12263.123,0.51179,175.798,2.1703,20,0.7424,14.849,1.95295,6.80393,4311.835,7951.288,9357.776,0.143662,0.711421,83.413,102.604,0.35161,0.76308,0.901302,A,0.0,-0.01638
9935.237,0.6657,181.136,1.0924,27,0.6949,18.762,1.94421,6.51254,2708.813,7226.425,2959.227,0.249407,0.821749,85.004,103.583,0.27265,0.29785,0.897852,A,-0.001,-0.01717
8847.314,0.46101,183.202,2.7346,24,0.8943,21.462,1.9409,10.42172,3809.973,5037.34,10418.825,0.026927,0.789333,82.142,103.464,0.43064,1.17763,0.974847,A,0.001,-0.02961
8598.773,0.50044,144.381,2.9479,20,0.8519,17.038,2.01149,8.89118,2986.86,5611.914,8804.977,0.061438,0.734091,81.054,101.12,0.34736,1.02398,0.957356,A,-0.001,0.007695
10348.91,0.5067,170.846,1.1575,16,0.7189,11.503,1.96134,4.15705,3944.326,6404.584,4565.548,0.313551,0.625648,85.47,101.799,0.38113,0.44116,0.764149,A,0.0,0.030165
9129.894,0.4266,150.251,3.1261,26,0.8368,21.758,1.9995,11.42197,3825.174,5304.721,11957.949,0.018204,0.721082,80.739,101.363,0.41897,1.30976,0.982121,A,-0.001,0.040485
13000.0,0.47712,143.603,1.1398,18,0.7028,12.651,2.01312,4.71479,5005.338,7994.662,5704.925,0.259359,0.613454,83.632,100.28,0.38503,0.43884,0.790702,A,0.0,0.023159
11888.745,0.47626,141.487,1.818,21,0.8916,18.725,2.0176,8.47902,4620.501,7268.243,8400.09,0.066586,0.736686,80.992,100.971,0.38865,0.70656,0.945663,A,0.001,0.060151
7000.0,0.52097,157.846,1.3451,16,0.7712,12.339,1.98476,4.85133,2597.85,4402.15,3494.256,0.233842,0.690416,83.904,101.569,0.37112,0.49918,0.833419,A,0.0,-0.011234
8605.341,0.47753,163.162,3.2429,22,0.7406,16.294,1.97493,8.47509,3519.75,5085.591,11414.327,0.057604,0.768154,81.792,102.357,0.40902,1.32642,0.95066,A,0.0,0.03974
10529.869,0.43713,207.136,2.8045,20,0.8065,16.129,1.90548,7.66567,4570.563,5959.305,12818.138,0.069938,0.718758,83.517,104.033,0.43406,1.21731,0.930554,A,0.001,-0.032542
13000.0,0.379,198.683,2.6584,22,0.7685,16.906,1.91743,7.99723,6231.255,6768.745,16564.885,0.05246,0.679604,83.011,103.422,0.47933,1.27422,0.933653,A,0.0,0.042186
7000.0,0.64285,129.216,1.2148,19,0.6692,12.714,2.04525,4.98964,1991.629,5008.371,2419.331,0.358595,0.755893,84.267,100.355,0.28452,0.34562,0.841291,A,0.0,-0.030782
9335.559,0.50635,161.973,3.1002,22,0.7497,16.493,1.97709,8.50016,3640.997,5694.562,11287.846,0.06495,0.788575,81.842,102.431,0.39001,1.20912,0.949973,A,0.0,-0.011685
11807.772,0.64319,181.383,1.0834,20,0.8802,17.603,1.94381,6.08417,3866.564,7941.208,4188.96,0.246209,0.836476,84.971,103.691,0.32746,0.35476,0.87465,A,0.0,0.028114
8959.737,0.67969,189.851,1.2988,24,0.6597,15.833,1.93055,5.88466,1712.461,7247.276,2224.219,0.439266,0.736496,87.818,103.415,0.19113,0.24825,0.876478,A,0.0,0.027963
10107.099,0.41744,209.581,3.5707,26,0.8889,23.111,1.90213,11.60853,4786.172,5320.927,17089.89,0.015209,0.779242,82.872,104.532,0.47355,1.69088,0.982747,A,0.0,0.024719
9249.267,0.53997,171.709,2.323,16,0.6641,10.626,1.95986,4.99819,2750.843,6498.424,6390.235,0.308584,0.637911,85.437,101.922,0.29741,0.69089,0.830032,A,0.0,0.044413
11007.339,0.67895,184.915,2.7146,24,0.7861,18.866,1.9382,9.12359,2919.59,8087.749,7925.383,0.108221,0.884972,83.276,104.173,0.26524,0.72001,0.957722,A,0.0,0.040457
8351.165,0.3815,178.707,3.7729,24,0.8202,19.684,1.94815,10.37655,3970.961,4380.204,14981.901,0.020186,0.709063,81.89,102.726,0.4755,1.79399,0.974841,A,0.0,-0.02896
10034.463,0.40535,188.834,1.7941,17,0.8653,14.71,1.93211,6.2207,4457.896,5576.567,7997.841,0.103533,0.646626,83.351,102.776,0.44426,0.79704,0.886529,A,0.0,-0.022982
7817.313,0.52663,152.54,1.365,21,0.7033,14.77,1.99497,5.88731,2825.482,4991.83,3856.758,0.17345,0.726544,82.886,101.524,0.36144,0.49336,0.880958,A,0.001,-0.032443
11465.649,0.33824,141.591,3.5978,21,0.7139,14.991,2.01738,8.23251,5781.566,5684.082,20800.805,0.039255,0.642354,80.636,100.355,0.50425,1.81418,0.941478,A,0.001,-0.007065
10907.919,0.33812,202.224,1.287,16,0.8714,13.942,1.91236,5.08665,5585.734,5322.185,7188.715,0.114345,0.572977,83.945,102.868,0.51208,0.65904,0.826825,A,-0.0,-0.004777
9945.356,0.34653,144.917,3.864,21,0.7789,16.357,2.01037,9.0743,5120.812,4824.544,19786.942,0.028054,0.68457,80.637,100.824,0.51489,1.98957,0.958316,A,0.0,-0.033131
10055.478,0.67661,172.089,1.9182,22,0.8345,18.359,1.95921,8.11594,2740.083,7315.395,5256.101,0.145229,0.875649,83.295,103.51,0.2725,0.52271,0.941511,A,-0.0,-0.020861
10041.059,0.66913,152.28,2.4236,17,0.7108,12.083,1.99548,5.90959,2997.897,7043.162,7265.681,0.283617,0.833225,84.329,102.214,0.29856,0.7236,0.873451,A,-0.0,-0.019402
9445.997,0.68689,172.875,2.3511,16,0.8615,13.784,1.95787,6.49751,2359.226,7086.771,5546.734,0.278258,0.82293,85.081,103.2,0.24976,0.5872,0.898823,A,0.0,-0.029088
10235.515,0.4644,159.516,3.3628,21,0.7963,16.723,1.98163,8.8155,4585.499,5650.015,15420.069,0.047719,0.802581,81.515,102.396,0.448,1.50653,0.953966,A,0.001,-0.036949
10550.309,0.35542,192.126,3.2868,21,0.7586,15.93,1.92711,8.01274,5038.296,5512.013,16560.12,0.0458,0.638421,82.703,102.867,0.47755,1.56963,0.938461,A,-0.0,0.052017
9896.797,0.56767,154.941,3.3302,26,0.8176,21.257,1.9903,11.25192,3197.165,6699.633,10647.062,0.034131,0.822279,81.148,102.285,0.32305,1.07581,0.980577,A,-0.001,0.024791
9108.177,0.44973,158.542,2.1516,21,0.6691,14.051,1.98345,6.56926,3672.761,5435.415,7902.491,0.108909,0.680023,82.283,101.537,0.40324,0.86763,0.902349,A,0.001,0.0165
9390.163,0.48011,165.047,1.0623,18,0.737,13.267,1.97153,4.63881,3398.717,5991.446,3610.415,0.256784,0.606797,84.496,101.387,0.36194,0.38449,0.806417,A,0.0,-0.016447
9312.219,0.35275,151.273,1.2024,18,0.8236,14.826,1.99747,5.60007,4846.335,4465.884,5827.215,0.093503,0.634082,81.777,100.845,0.52043,0.62576,0.862051,A,-0.0,0.001732
10681.259,0.35146,153.949,3.447,24,0.6982,16.757,1.99222,8.95242,5897.978,4783.281,20330.363,0.0283,0.749926,81.029,101.754,0.55218,1.90337,0.955538,A,0.0,0.015724
10231.744,0.36451,175.2,3.5238,19,0.6595,12.53,1.95395,6.53809,4622.755,5608.989,16289.681,0.082407,0.597017,82.582,101.82,0.45181,1.59207,0.897859,A,0.0,-0.036152
12959.473,0.65216,181.597,2.2702,27,0.7177,19.379,1.94347,8.93905,3219.823,9739.651,7309.597,0.12511,0.826401,83.38,103.635,0.24845,0.56404,0.952337,A,-0.001,-0.03947
9740.143,0.59506,203.401,3.6283,16,0.6616,10.586,1.91069,5.37311,2486.22,7253.923,9020.75,0.352744,0.678115,87.13,103.611,0.25525,0.92614,0.848689,A,0.0,-0.023689
10113.161,0.57162,152.167,1.446,26,0.8546,22.221,1.9957,9.07693,3538.602,6574.558,5116.707,0.068378,0.842486,81.483,102.269,0.3499,0.50595,0.958145,A,0.001,-0.050508
9056.15,0.48091,194.27,3.4262,17,0.7432,12.635,1.9239,6.39977,3060.91,5995.24,10487.214,0.147196,0.651285,84.114,103.046,0.33799,1.15802,0.896548,A,0.0,0.029505
10151.798,0.60803,180.409,3.5787,22,0.8575,18.865,1.94538,9.81205,2874.12,7277.678,10285.525,0.069578,0.820676,82.604,103.542,0.28311,1.01317,0.967603,A,0.0,0.006546
9332.991,0.43736,186.08,2.607,19,0.7178,13.638,1.93637,6.51382,4260.955,5072.036,11108.168,0.096039,0.724091,83.156,103.164,0.45655,1.1902,0.899746,A,0.0,0.043467
8711.284,0.34987,186.455,2.629,17,0.7172,12.193,1.93579,5.83441,4415.324,4295.96,11607.847,0.086109,0.62095,83.038,102.5,0.50685,1.33251,0.875253,A,0.0,0.041437
10242.335,0.46023,179.862,3.28,22,0.8764,19.281,1.94627,9.83973,3891.384,6350.951,12763.622,0.038972,0.718351,82.18,102.841,0.37993,1.24616,0.967828,A,0.0,-0.037182
12386.928,0.5799,180.888,1.2885,18,0.769,13.841,1.94461,5.18288,4325.29,8061.638,5573.046,0.290083,0.73539,85.532,103.001,0.34918,0.44991,0.825328,A,0.0,0.038479
8701.928,0.57467,203.659,1.6877,16,0.7787,12.459,1.91033,5.06386,2742.53,5959.398,4628.69,0.297788,0.702087,86.413,103.78,0.31516,0.53192,0.836685,A,0.0,0.028576
9022.957,0.69405,169.269,2.1898,24,0.7724,18.538,1.96407,8.5904,1649.057,7373.9,3611.07,0.182312,0.808487,83.677,102.929,0.18276,0.40021,0.951992,A,0.0,0.038137
9940.513,0.54776,172.353,3.3023,16,0.8357,13.371,1.95876,6.90028,2916.71,7023.803,9631.975,0.166518,0.706068,83.586,102.403,0.29342,0.96896,0.910801,A,0.0,0.048148
10380.065,0.33255,167.718,3.9004,27,0.7167,19.351,1.96679,10.41777,5394.855,4985.21,21042.28,0.016884,0.674162,81.433,101.965,0.51973,2.02718,0.973613,A,0.0,-0.03526
11950.037,0.47263,185.779,2.335,20,0.7648,15.296,1.93684,7.0798,4813.43,7136.607,11239.301,0.104227,0.721112,83.253,103.131,0.4028,0.94052,0.911174,A,0.0,-0.036328
9027.304,0.64132,203.972,1.2163,20,0.7405,14.811,1.90989,5.25916,2350.564,6676.739,2858.875,0.37948,0.733498,87.501,104.0,0.26038,0.31669,0.845926,A,0.001,0.023872
9788.796,0.64933,134.997,3.8409,18,0.7184,12.931,2.03186,7.27391,2773.599,7015.197,10653.052,0.178539,0.835467,82.169,101.238,0.28334,1.08829,0.922092,A,0.0,-0.002277
8802.226,0.67333,197.182,2.183,26,0.7652,19.895,1.91961,8.89793,2185.182,6617.045,4770.241,0.116126,0.857341,83.802,104.531,0.24825,0.54194,0.957185,A,-0.001,-0.01759
8679.741,0.35361,183.762,2.2939,22,0.6852,15.074,1.94002,6.95659,4684.875,3994.867,10746.722,0.055126,0.703642,82.534,102.924,0.53975,1.23814,0.915856,A,-0.001,0.02859
9280.755,0.57408,211.868,1.6525,21,0.7755,16.285,1.89904,6.50685,2858.605,6422.15,4723.844,0.187011,0.746371,85.212,104.407,0.30801,0.50899,0.899662,A,0.0,-0.001267
8314.088,0.536,170.936,3.1227,21,0.803,16.863,1.96119,8.60303,2563.331,5750.757,8004.638,0.081274,0.738695,82.407,102.55,0.30831,0.96278,0.953251,A,0.0,-0.036438
10655.148,0.41022,145.526,1.9582,20,0.7376,14.752,2.00911,6.81298,4547.616,6107.532,8904.925,0.090292,0.648433,81.485,100.62,0.4268,0.83574,0.906058,A,-0.0,0.016171
11560.268,0.36736,192.201,3.3448,20,0.6688,13.377,1.92699,6.75507,5244.186,6316.082,17540.692,0.0797,0.6062,83.153,102.658,0.45364,1.51733,0.901582,A,0.0,0.00952
9204.458,0.35866,166.652,1.4159,25,0.8844,22.111,1.96867,8.77754,4571.397,4633.061,6472.494,0.032653,0.680325,81.6,101.953,0.49665,0.70319,0.954784,A,0.0,0.013855
8922.463,0.50309,179.071,2.7595,18,0.8128,14.63,1.94756,7.15777,3624.103,5298.359,10000.582,0.09787,0.780254,82.929,103.213,0.40618,1.12083,0.920982,A,0.001,0.045147
11959.009,0.6222,185.002,3.5952,24,0.7208,17.299,1.93806,8.95536,3402.934,8556.075,12234.226,0.10077,0.829585,83.18,103.811,0.28455,1.02301,0.953915,A,-0.0,-0.009738
9649.62,0.6548,205.113,1.3627,20,0.8353,16.705,1.90829,6.22604,2756.772,6892.848,3756.521,0.256597,0.81406,85.916,104.579,0.28569,0.38929,0.888047,A,0.0,-9.2e-05
12198.116,0.65767,156.416,3.4315,19,0.8128,15.443,1.98747,8.21367,3500.342,8697.773,12011.57,0.137855,0.866866,82.578,102.658,0.28696,0.98471,0.939851,A,0.001,-0.008386
7000.0,0.66052,123.505,3.3046,20,0.8089,16.179,2.05916,8.97108,2068.223,4931.777,6834.736,0.088064,0.900595,80.409,100.942,0.29546,0.97639,0.960608,A,0.0,-0.029698
9718.219,0.39063,191.931,1.5218,24,0.6777,16.264,1.9274,6.44012,4180.024,5538.195,6361.189,0.094528,0.614108,83.339,102.698,0.43012,0.65456,0.895913,A,-0.0,0.048724
8438.803,0.61856,160.488,1.1419,20,0.8405,16.811,1.97983,6.1213,2237.469,6201.334,2555.02,0.260988,0.747579,84.37,102.084,0.26514,0.30277,0.888131,A,0.0,-0.033646
9163.833,0.69922,163.806,2.7164,16,0.8632,13.811,1.97376,6.86404,2181.947,6981.886,5926.981,0.259095,0.836768,84.477,102.842,0.2381,0.64678,0.911771,A,0.0,-0.015032
11173.224,0.4392,169.531,1.6464,26,0.7331,19.061,1.96362,8.00171,5075.064,6098.159,8355.437,0.060833,0.754088,82.083,102.583,0.45422,0.74781,0.937087,A,0.001,8.8e-05
11585.088,0.49341,151.72,2.2595,20,0.7749,15.498,1.99658,7.42823,4575.483,7009.604,10338.298,0.097215,0.752025,81.845,101.648,0.39495,0.89238,0.922185,A,0.001,-0.004758
9701.652,0.3979,175.662,2.4134,25,0.7812,19.53,1.95318,9.24391,4089.353,5612.298,9869.046,0.03681,0.661013,81.998,102.265,0.42151,1.01725,0.961006,A,0.001,-0.043691
11366.366,0.46177,169.408,1.4825,17,0.746,12.681,1.96383,5.11089,5364.771,6001.595,7953.049,0.170244,0.722364,83.523,102.367,0.47199,0.6997,0.825989,A,0.0,-0.009417
8280.801,0.55161,176.107,3.7398,23,0.7566,17.402,1.95244,9.18705,3113.998,5166.803,11645.799,0.055837,0.850402,82.265,103.536,0.37605,1.40636,0.961934,A,0.0,0.036728
10367.827,0.33494,126.351,3.0151,16,0.8929,14.286,2.05214,7.71221,5104.283,5263.544,15390.076,0.046261,0.614891,80.002,99.242,0.49232,1.48441,0.932003,A,-0.0,-0.035094
9728.58,0.65996,145.121,3.1817,19,0.7306,13.881,2.00995,7.37315,2275.651,7452.93,7240.419,0.211918,0.796759,83.073,101.576,0.23391,0.74424,0.924888,A,-0.001,0.033194
7409.019,0.49856,222.283,2.9183,25,0.8464,21.159,1.88542,9.99365,2595.646,4813.373,7574.976,0.039721,0.745992,83.586,104.812,0.35034,1.0224,0.972088,A,0.0,0.001107
11313.486,0.30547,140.253,3.8115,23,0.7608,17.499,2.02026,9.74802,6273.331,5040.154,23910.608,0.018885,0.662167,80.306,100.407,0.5545,2.11346,0.965719,A,0.001,0.035059
8952.119,0.38822,196.403,3.1812,18,0.7984,14.371,1.92075,7.13687,4035.61,4916.509,12838.08,0.068612,0.650566,83.148,103.133,0.4508,1.43408,0.920329,A,0.0,-0.013229
10609.716,0.66539,190.71,2.0305,16,0.7479,11.966,1.92925,5.26867,2477.111,8132.605,5029.685,0.459045,0.728247,88.109,103.398,0.23348,0.47406,0.838929,A,0.0,-0.051683
8812.985,0.63512,158.687,1.0363,23,0.8551,19.666,1.98318,6.85295,2729.825,6083.159,2829.003,0.179651,0.839515,83.223,102.597,0.30975,0.321,0.912384,A,0.001,-0.015986
10224.409,0.67562,170.066,3.8118,17,0.8906,15.14,1.96269,8.08729,2299.486,7924.923,8765.282,0.178375,0.819904,83.655,103.043,0.2249,0.85729,0.940623,A,0.0,-0.031674
10882.344,0.5038,165.707,1.7912,27,0.7459,20.138,1.97035,8.7648,4324.319,6558.024,7745.639,0.060553,0.79608,81.931,102.67,0.39737,0.71176,0.952239,A,0.001,-0.037327
9958.646,0.58506,130.318,1.0337,20,0.7482,14.965,2.04265,5.43276,3215.86,6742.786,3324.104,0.270251,0.7352,83.155,100.288,0.32292,0.33379,0.850836,A,0.0,0.019781
9247.475,0.38323,126.211,3.3867,27,0.8555,23.097,2.05248,12.82205,4382.583,4864.892,14842.365,0.008889,0.720462,79.501,99.93,0.47392,1.60502,0.989008,A,0.0,-0.016756
10871.999,0.43966,186.638,1.6861,25,0.6963,17.408,1.9355,7.21596,5312.373,5559.627,8956.931,0.073877,0.789179,82.883,103.619,0.48863,0.82385,0.917895,A,-0.001,-0.019976
10282.644,0.54463,159.878,3.9914,18,0.8452,15.214,1.98096,8.31622,3336.7,6945.944,13318.269,0.092144,0.761996,82.116,102.147,0.3245,1.29522,0.9451,A,0.0,-0.002027
9335.9,0.66679,152.762,3.9938,26,0.7823,20.339,1.99453,11.23046,2483.79,6852.109,9919.642,0.04822,0.891019,81.242,102.622,0.26605,1.06253,0.98076,A,0.001,-0.042902
10032.766,0.4266,151.009,2.8479,24,0.8807,21.138,1.99799,10.82813,4529.804,5502.961,12900.357,0.021374,0.760172,80.814,101.663,0.4515,1.28582,0.977379,A,0.001,-0.038924
9845.671,0.33552,182.143,1.6313,19,0.8778,16.679,1.94259,6.86614,4475.279,5370.392,7300.418,0.066445,0.559755,82.625,101.9,0.45454,0.74149,0.909986,A,0.0,-0.044153
9458.243,0.41248,172.162,1.3845,18,0.7216,12.988,1.95908,5.07128,4513.293,4944.95,6248.802,0.144128,0.6574,83.283,102.073,0.47718,0.66067,0.833263,A,0.0,0.034049
11322.529,0.33637,170.538,1.4231,25,0.8164,20.41,1.96187,8.07823,5826.753,5495.775,8292.254,0.040208,0.650367,81.85,101.947,0.51462,0.73237,0.938485,A,0.001,0.006296
12578.342,0.57706,168.612,2.1221,27,0.7678,20.732,1.96522,9.52031,3795.485,8782.857,8054.558,0.073589,0.794629,82.216,102.805,0.30175,0.64035,0.96152,A,0.0,0.039214
9205.681,0.32445,167.227,3.0772,27,0.7613,20.554,1.96765,10.49961,4547.458,4658.223,13993.325,0.016255,0.62531,81.406,101.619,0.49398,1.52007,0.975251,A,0.0,0.030847
9795.353,0.51783,147.237,2.9426,16,0.7269,11.631,2.00559,6.04122,3413.209,6382.144,10043.871,0.178272,0.699424,82.722,101.053,0.34845,1.02537,0.880039,A,0.0,0.023364
8563.924,0.48839,174.328,1.8629,23,0.7358,16.924,1.95541,7.38516,3504.317,5059.607,6528.132,0.086129,0.767006,82.599,102.901,0.4092,0.76228,0.927838,A,0.0,-0.037403
7977.742,0.6108,193.318,2.1448,25,0.6854,17.136,1.92532,7.65605,2448.934,5528.808,5252.401,0.128196,0.824558,83.831,104.148,0.30697,0.65838,0.935572,A,0.0,0.038404
11675.661,0.41755,156.068,2.3001,17,0.7827,13.307,1.98814,6.37338,4897.125,6778.536,11263.659,0.112352,0.638045,82.227,101.129,0.41943,0.96471,0.887143,A,0.0,-0.04054
8968.806,0.47187,171.228,3.9607,20,0.8036,16.071,1.96068,8.63945,3992.751,4976.055,15814.17,0.049936,0.810434,82.004,103.038,0.44518,1.76324,0.952888,A,0.0,-0.035685
10484.828,0.56557,166.122,2.3523,23,0.8279,19.043,1.96961,9.05739,3450.856,7033.972,8117.393,0.073222,0.80712,82.115,102.763,0.32913,0.7742,0.957389,A,0.0,-0.033887
7943.813,0.63014,168.126,2.8264,27,0.7556,20.401,1.96607,10.18736,2455.846,5487.967,6941.176,0.054088,0.887915,81.94,103.396,0.30915,0.87378,0.973464,A,0.0,0.034307
9018.043,0.39767,181.729,1.3498,23,0.8185,18.825,1.94326,7.18404,4285.73,4732.313,5784.865,0.06571,0.698306,82.601,102.795,0.47524,0.64148,0.921473,A,0.0,-0.01272
10685.624,0.6849,163.253,3.5462,24,0.7313,17.552,1.97476,9.31588,2561.465,8124.16,9083.412,0.111877,0.865574,82.512,103.004,0.23971,0.85006,0.960844,A,-0.001,-0.04681
10687.797,0.48799,142.085,1.2702,16,0.8775,14.04,2.01633,5.50892,3780.97,6906.828,4802.465,0.204736,0.643054,82.843,100.388,0.35377,0.44934,0.851579,A,-0.001,-0.025989
10327.142,0.59568,186.368,1.1468,16,0.7966,12.746,1.93592,4.49787,2960.309,7366.833,3394.843,0.434721,0.660365,87.637,102.756,0.28665,0.32873,0.790805,A,0.0,-0.035216
10588.208,0.49935,142.663,2.9966,21,0.7854,16.493,2.0151,8.6648,4119.982,6468.226,12346.103,0.062929,0.777328,80.997,101.307,0.38911,1.16602,0.950963,A,0.0,0.022137
10301.625,0.42724,154.958,1.3803,20,0.6633,13.266,1.99027,5.29455,4206.796,6094.829,5806.493,0.165481,0.607907,82.882,100.871,0.40836,0.56365,0.84183,A,0.0,0.032243
11479.891,0.52608,164.091,1.2239,24,0.8273,19.854,1.97325,7.42659,4185.476,7294.416,5122.639,0.112008,0.763675,82.547,102.374,0.36459,0.44623,0.922375,A,-0.001,-0.028877
12523.174,0.55046,177.026,1.1425,22,0.8849,19.468,1.95091,6.93772,3977.187,8545.986,4543.932,0.164438,0.730116,83.733,102.786,0.31759,0.36284,0.905129,A,0.001,-0.05543
10821.21,0.68592,162.234,2.9155,26,0.6556,17.046,1.97662,8.64854,2256.13,8565.08,6577.71,0.163362,0.823568,83.151,102.675,0.20849,0.60785,0.950345,A,0.0,-0.007351
9808.203,0.49495,178.14,1.2067,26,0.6659,17.314,1.94908,6.3185,4193.517,5614.686,5060.26,0.126076,0.770451,83.267,103.104,0.42755,0.51592,0.891091,A,0.0,0.027782
8434.612,0.63819,182.161,1.862,27,0.6608,17.842,1.94256,7.70795,2137.709,6296.903,3980.456,0.161639,0.799976,83.883,103.486,0.25344,0.47192,0.935808,A,-0.0,-0.023387
9246.401,0.69605,160.504,2.7204,20,0.6705,13.41,1.9798,6.69731,2113.577,7132.824,5749.793,0.28553,0.817693,84.694,102.547,0.22858,0.62184,0.906232,A,0.0,0.00752
9489.68,0.6164,152.386,2.8435,17,0.7357,12.507,1.99527,6.39202,2382.326,7107.355,6774.262,0.25811,0.736492,83.997,101.581,0.25104,0.71386,0.894878,A,-0.001,0.026489
12134.509,0.43112,162.901,2.9837,22,0.82,18.041,1.9754,9.19885,5294.439,6840.07,15797.19,0.042024,0.732288,81.576,102.107,0.43631,1.30184,0.957469,A,0.0,0.034835
7653.948,0.45587,153.52,2.2249,20,0.8381,16.762,1.99305,7.97558,3162.342,4491.606,7035.831,0.062908,0.732531,81.468,101.617,0.41316,0.91924,0.942985,A,0.0,0.028029
8780.034,0.65178,165.262,1.28,27,0.835,22.545,1.97114,8.58931,2058.163,6721.872,2634.521,0.132532,0.810765,82.864,102.744,0.23441,0.30006,0.952334,A,-0.001,0.01955
8428.504,0.30995,213.008,1.4033,26,0.7827,20.351,1.89751,7.61153,4155.881,4272.623,5832.01,0.041729,0.570852,83.329,103.294,0.49307,0.69194,0.933618,A,0.0,-0.041328
11272.054,0.4817,167.213,1.2628,25,0.8115,20.287,1.96767,7.66276,4142.605,7129.448,5231.105,0.093112,0.707487,82.42,102.16,0.36751,0.46408,0.92896,A,0.001,0.030398
8929.317,0.66683,149.374,3.5693,16,0.8639,13.822,2.00125,7.49091,1975.919,6953.398,7052.604,0.211956,0.796094,83.259,101.81,0.22128,0.78983,0.929664,A,-0.0,-0.02986
7218.232,0.31594,191.549,3.1343,18,0.7081,12.745,1.92798,6.34313,3609.086,3609.145,11311.935,0.062896,0.568987,82.909,102.384,0.5,1.56713,0.900464,A,0.001,-0.025441
7000.0,0.55249,182.231,1.4181,22,0.7023,15.45,1.94245,6.01608,2475.326,4524.674,3510.309,0.17313,0.760033,84.037,103.226,0.35362,0.50147,0.88919,A,0.0,-0.024745
10428.784,0.49484,190.661,3.5427,25,0.7391,18.477,1.92932,9.46949,3402.914,7025.87,12055.424,0.055847,0.707455,82.785,103.259,0.3263,1.15598,0.963174,A,0.0,0.050076
7515.545,0.47243,142.237,1.3696,17,0.8635,14.68,2.01601,5.94879,2621.013,4894.532,3589.795,0.1563,0.641721,82.21,100.388,0.34875,0.47765,0.884621,A,0.0,-0.019377
11611.282,0.59868,164.315,3.094,20,0.7274,14.548,1.97284,7.47055,2909.816,8701.466,9002.978,0.1833,0.737584,83.497,102.214,0.2506,0.77536,0.923272,A,0.0,0.010937
11553.799,0.62291,161.544,2.1585,23,0.665,15.295,1.97788,7.12878,3413.034,8140.765,7366.921,0.182055,0.807744,83.37,102.535,0.2954,0.63762,0.913664,A,0.0,-0.037054
8256.809,0.56641,184.312,1.075,22,0.8044,17.697,1.93915,6.07157,2626.115,5630.694,2823.02,0.201559,0.73657,84.486,103.166,0.31805,0.3419,0.886818,A,-0.0,0.021793
9445.887,0.3325,139.945,1.8153,16,0.7267,11.628,2.02093,5.27508,4774.704,4671.183,8667.647,0.10209,0.568022,81.39,99.768,0.50548,0.91761,0.8448,A,0.0,-0.026814
9984.539,0.63459,190.727,3.1171,16,0.683,10.927,1.92922,5.4365,3084.615,6899.924,9615.079,0.306232,0.781375,86.092,103.749,0.30894,0.963,0.850915,A,0.0,0.052668
7710.066,0.63352,152.864,2.4484,22,0.7116,15.655,1.99433,7.67289,2037.913,5672.153,4989.664,0.152203,0.806455,82.619,102.069,0.26432,0.64716,0.936498,A,-0.0,-0.031608
8096.121,0.49982,204.744,3.3558,16,0.8251,13.201,1.90881,6.57492,3079.453,5016.668,10333.939,0.124071,0.730476,84.155,104.012,0.38036,1.27641,0.905583,A,0.0,-0.023189
8994.209,0.63364,163.049,3.1611,22,0.7693,16.926,1.97513,8.7516,2314.86,6679.349,7317.516,0.111611,0.814562,82.501,102.657,0.25737,0.81358,0.954666,A,0.0,-0.017129
9886.372,0.37854,188.536,2.5605,21,0.6624,13.911,1.93257,6.59114,4196.905,5689.467,10746.201,0.088484,0.592502,83.142,102.406,0.42451,1.08697,0.90077,A,0.0,0.007738
10351.087,0.47664,180.344,1.4197,26,0.8357,21.729,1.94549,8.4844,4091.226,6259.861,5808.157,0.062549,0.747276,82.509,103.054,0.39525,0.56112,0.948133,A,0.0,-0.003876
7121.662,0.49762,155.939,1.2828,19,0.8781,16.684,1.98839,6.44386,2589.576,4532.086,3321.894,0.131081,0.707048,82.469,101.578,0.36362,0.46645,0.904216,A,0.0,0.034891
10295.984,0.45209,145.767,2.085,26,0.8377,21.779,2.00861,10.26596,4329.93,5966.054,9027.958,0.02984,0.758544,80.698,101.361,0.42055,0.87684,0.972242,A,0.0,-0.00817
9762.305,0.58674,169.541,1.5433,27,0.7344,19.83,1.9636,8.1197,2712.466,7049.838,4186.274,0.122266,0.765444,82.895,102.658,0.27785,0.42882,0.942101,A,0.001,0.03627
9536.406,0.68797,169.824,2.8911,27,0.6734,18.183,1.96311,9.11273,1841.184,7695.221,5323.075,0.144748,0.817942,83.202,103.018,0.19307,0.55818,0.959379,A,0.001,0.009079
9241.747,0.35902,172.477,1.7337,20,0.7454,14.908,1.95855,6.35541,4647.708,4594.038,8057.604,0.075439,0.645908,82.388,102.012,0.5029,0.87187,0.894327,A,0.001,0.027668
11473.638,0.49337,148.808,3.1044,16,0.765,12.24,2.0024,6.42815,4409.978,7063.659,13690.295,0.141293,0.713171,82.302,101.231,0.38436,1.1932,0.889925,A,0.001,0.053006
12274.61,0.54574,150.63,1.7462,27,0.8123,21.931,1.99874,9.65721,3451.223,8823.387,6026.628,0.070593,0.731591,81.447,101.453,0.28117,0.49098,0.96363,A,0.0,0.002957
9244.584,0.32515,136.576,1.9,27,0.8282,22.361,2.02833,10.36086,4264.574,4980.009,8102.55,0.018334,0.587896,80.129,99.699,0.46131,0.87646,0.973989,A,0.001,-0.037583
9674.854,0.63565,168.92,3.112,16,0.8941,14.305,1.96468,7.31124,3022.867,6651.987,9407.087,0.155904,0.853664,83.315,103.21,0.31245,0.97232,0.923368,A,0.0,-0.017942
7549.198,0.34493,192.05,2.7339,20,0.7104,14.208,1.92722,6.82491,3506.695,4042.503,9586.918,0.063119,0.589388,82.929,102.541,0.46451,1.26993,0.914998,A,0.0,0.003026
9325.466,0.35064,174.077,1.2193,23,0.8997,20.694,1.95584,7.62673,4377.765,4947.701,5337.664,0.050712,0.616012,82.122,101.892,0.46944,0.57238,0.932106,A,0.0,0.032991
10960.829,0.34625,149.826,1.862,27,0.7155,19.319,2.00035,8.71438,5645.466,5315.363,10511.712,0.032754,0.679219,80.913,101.063,0.51506,0.95903,0.951278,A,-0.0,-0.020094
9778.655,0.38309,162.146,2.2845,16,0.6587,10.539,1.97678,4.99545,4274.398,5504.257,9765.002,0.151526,0.562913,82.991,100.95,0.43712,0.9986,0.827105,A,0.0,0.004692
10466.524,0.65935,178.223,1.1342,24,0.7859,18.862,1.94894,6.689,2570.597,7895.927,2915.674,0.261921,0.788732,85.064,103.229,0.2456,0.27857,0.902436,A,0.0,0.038968
9768.87,0.42057,198.563,1.374,26,0.7494,19.486,1.9176,7.34254,4077.388,5691.482,5602.204,0.076594,0.667003,83.326,103.334,0.41739,0.57348,0.923987,A,0.0,-0.045369
10084.392,0.45912,144.431,3.7451,22,0.6527,14.36,2.01138,7.92,4681.072,5403.32,17531.112,0.062011,0.803155,81.064,101.579,0.46419,1.73844,0.937305,A,0.0,-0.035375
10939.604,0.50239,182.257,1.2875,25,0.7182,17.955,1.94241,6.70939,3708.057,7231.547,4774.047,0.145587,0.685346,83.674,102.734,0.33896,0.4364,0.901774,A,0.0,-0.009051
11091.788,0.6367,166.629,3.9203,18,0.7641,13.754,1.96871,7.42313,2744.736,8347.052,10760.245,0.197741,0.781046,83.778,102.617,0.24746,0.97011,0.923147,A,0.0,-0.036998
7028.29,0.67898,159.417,1.7669,25,0.6601,16.502,1.98182,7.20818,1687.681,5340.609,2982.018,0.206632,0.828246,83.609,102.561,0.24013,0.42429,0.926923,A,-0.0,0.001402
9629.44,0.45293,187.943,3.8572,22,0.805,17.71,1.93348,9.27265,3900.013,5729.427,15043.178,0.043076,0.731912,82.522,103.299,0.40501,1.56221,0.961481,A,0.0,0.028925
7000.0,0.41994,175.346,2.991,17,0.8796,14.953,1.95371,7.50531,3298.655,3701.345,9866.361,0.058636,0.741944,82.274,102.784,0.47124,1.40948,0.934202,A,0.0,-0.030649
9983.852,0.37118,156.659,2.3176,19,0.7348,13.961,1.98701,6.6965,4839.22,5144.632,11215.467,0.073452,0.651228,81.738,101.248,0.4847,1.12336,0.904082,A,0.0,0.02739
9148.314,0.38988,154.958,3.4562,22,0.7592,16.703,1.99027,8.91662,3719.738,5428.576,12856.167,0.041225,0.628783,81.242,101.009,0.4066,1.4053,0.957006,A,0.0,0.00216
9080.545,0.55552,213.014,3.4079,17,0.8267,14.053,1.8975,6.95948,3213.556,5866.988,10951.493,0.133604,0.786624,84.542,104.718,0.35389,1.20604,0.914888,A,0.001,-0.033146
12311.095,0.46073,153.457,1.2422,17,0.8868,15.076,1.99318,5.76079,4554.376,7756.719,5657.357,0.177325,0.627133,82.976,100.918,0.36994,0.45953,0.857618,A,-0.0,-0.008381
10512.245,0.63262,160.496,3.2364,19,0.8849,16.812,1.97981,8.77235,3038.083,7474.162,9832.38,0.103142,0.847836,82.287,102.746,0.289,0.93533,0.952881,A,0.0,0.038862
11674.597,0.47007,219.706,2.1728,19,0.8952,17.008,1.88872,7.40657,4655.157,7019.44,10114.55,0.092668,0.720349,84.207,104.544,0.39874,0.86637,0.921392,A,0.0,0.047138
10921.1,0.66179,165.809,2.3825,23,0.7116,16.366,1.97016,7.8172,2286.657,8634.443,5448.022,0.210566,0.781293,83.916,102.577,0.20938,0.49885,0.933381,A,0.0,-0.047324
12511.719,0.55502,178.45,1.3285,20,0.8624,17.249,1.94857,6.56492,4062.573,8449.146,5396.933,0.184708,0.733075,84.053,102.872,0.3247,0.43135,0.891941,A,-0.0,0.006842
9618.851,0.5674,182.393,3.8024,27,0.7413,20.014,1.94219,10.51916,2817.49,6801.361,10713.227,0.048218,0.782478,82.394,103.381,0.29291,1.11377,0.975108,A,0.0,-0.033028
9608.356,0.44232,178.424,3.132,18,0.866,15.589,1.94861,7.88265,3724.218,5884.138,11664.391,0.071455,0.677049,82.557,102.501,0.3876,1.21398,0.937385,A,0.0,0.00428
9852.672,0.63352,167.695,3.4398,18,0.7945,14.301,1.96682,7.49466,3172.425,6680.247,10912.573,0.142164,0.86687,83.086,103.236,0.32199,1.10757,0.927745,A,0.0,-0.045579
13000.0,0.6297,211.546,1.1107,26,0.6718,17.468,1.89947,5.89732,3967.21,9032.79,4406.421,0.285501,0.780871,86.502,104.622,0.30517,0.33896,0.861638,A,0.0,0.013818
9339.029,0.69711,151.023,3.9992,27,0.8156,22.021,1.99796,12.19234,1924.358,7414.672,7695.837,0.046489,0.865972,81.146,102.362,0.20606,0.82405,0.986259,A,-0.001,-0.029314
10033.993,0.67862,129.332,2.9645,22,0.758,16.676,2.04497,8.92082,2392.809,7641.185,7093.583,0.1255,0.851826,81.196,100.996,0.23847,0.70696,0.955899,A,-0.001,0.010746
12056.51,0.54743,216.875,3.1026,24,0.8646,20.75,1.8924,10.00927,3701.618,8354.892,11484.54,0.056979,0.764722,83.65,104.726,0.30702,0.95256,0.968043,A,0.0,0.011057
11380.526,0.57334,157.062,1.4283,20,0.7102,14.203,1.98625,5.73291,3751.819,7628.707,5358.63,0.24352,0.735541,84.0,101.825,0.32967,0.47086,0.859975,A,0.0,0.041038
9253.157,0.33428,148.003,3.4681,27,0.7069,19.087,2.00403,10.29875,4046.379,5206.778,14033.21,0.020326,0.578268,80.67,100.296,0.4373,1.51659,0.97341,A,0.0,-0.014478
12613.611,0.38618,193.241,2.134,26,0.6585,17.121,1.92543,7.63781,6446.846,6166.765,13757.601,0.056246,0.731096,82.879,103.528,0.5111,1.09069,0.925559,A,0.0,0.017771
10719.215,0.65049,191.656,1.9464,20,0.7536,15.072,1.92781,6.53527,3291.465,7427.75,6406.438,0.219737,0.841365,84.982,104.186,0.30706,0.59766,0.896273,A,0.0,0.036642
12169.409,0.62082,181.503,1.968,23,0.6516,14.987,1.94362,6.60401,3827.234,8342.175,7532.075,0.208403,0.810031,84.476,103.522,0.3145,0.61894,0.894427,A,0.0,-0.014909
10907.82,0.61583,174.568,3.1824,16,0.8642,13.827,1.95501,7.05306,2910.687,7997.133,9262.846,0.200809,0.766878,84.122,102.911,0.26684,0.84919,0.912987,A,0.0,0.045284
11166.464,0.33899,154.824,1.2681,19,0.701,13.319,1.99053,5.12632,5701.534,5464.931,7229.921,0.114243,0.573463,82.2,100.637,0.51059,0.64747,0.827923,A,-0.001,0.023557
8886.229,0.51166,187.39,1.0574,21,0.6902,14.494,1.93433,4.91467,3238.805,5647.425,3424.638,0.242947,0.665769,85.141,102.838,0.36447,0.38539,0.82694,A,-0.001,-0.010523
12127.402,0.68675,177.858,3.2902,23,0.8427,19.381,1.94954,9.92279,2331.291,9796.111,7670.368,0.117908,0.822122,83.149,103.432,0.19223,0.63248,0.966995,A,-0.0,0.017097
8948.547,0.65005,148.64,1.9457,27,0.8404,22.692,2.00273,10.40961,2612.507,6336.04,5083.119,0.05642,0.894823,81.174,102.421,0.29195,0.56804,0.974661,A,0.0,-0.028989
10115.315,0.69857,162.73,2.3584,19,0.881,16.74,1.97571,8.00451,2219.449,7895.866,5234.355,0.193969,0.840404,83.575,102.812,0.21941,0.51747,0.939076,A,0.0,0.033927
11630.859,0.55705,163.06,1.4641,23,0.8645,19.883,1.97511,8.04062,3709.397,7921.462,5430.88,0.109837,0.766468,82.478,102.34,0.31893,0.46694,0.937115,A,0.0,-0.006169
9490.896,0.59508,159.066,3.6399,21,0.7662,16.09,1.98247,8.63804,3048.606,6442.29,11096.559,0.088734,0.834694,82.038,102.585,0.32121,1.16918,0.952103,A,0.0,-0.013422
10179.098,0.34877,132.122,1.263,23,0.826,18.999,2.03844,7.55151,4948.868,5230.23,6250.285,0.051311,0.630223,80.353,99.707,0.48618,0.61403,0.928472,A,0.0,0.021402
10012.437,0.46305,132.476,1.9634,22,0.8242,18.132,2.03762,8.55091,3860.191,6152.246,7579.032,0.06025,0.715785,80.488,100.294,0.38554,0.75696,0.949835,A,0.0,-0.002958
10235.107,0.61445,167.561,3.3376,18,0.8396,15.113,1.96706,7.8675,3087.851,7147.256,10305.861,0.130644,0.82347,82.929,102.943,0.30169,1.00691,0.935854,A,0.0,0.001392
10885.482,0.4004,176.127,3.6089,21,0.8067,16.94,1.9524,8.87483,5675.084,5210.397,20480.792,0.035299,0.798071,81.995,103.192,0.52134,1.88148,0.954039,A,0.001,-0.044542
7752.834,0.47028,161.281,1.4278,21,0.7079,14.867,1.97836,5.96507,2994.895,4757.939,4275.991,0.140739,0.677713,82.814,101.663,0.3863,0.55154,0.884394,A,-0.0,-0.012867
9213.77,0.33361,190.526,1.4821,18,0.7282,13.107,1.92952,5.14417,4349.117,4864.653,6446.001,0.114018,0.529923,83.548,102.081,0.47202,0.69961,0.838674,A,0.0,0.036676
13000.0,0.47184,133.718,3.2298,24,0.8087,19.409,2.03477,10.52829,4984.02,8015.98,16097.247,0.033671,0.744274,80.196,100.558,0.38339,1.23825,0.972641,A,0.0,0.017564
7069.492,0.40405,165.194,1.1323,26,0.6567,17.074,1.97126,6.15315,3113.319,3956.173,3525.164,0.097126,0.645581,82.394,101.651,0.44039,0.49864,0.894139,A,0.0,0.0139
9044.623,0.56888,183.155,3.0659,21,0.8073,16.953,1.94098,8.47796,3027.467,6017.156,9281.796,0.084924,0.812382,82.906,103.614,0.33473,1.02622,0.950032,A,0.0,-0.028701
11197.69,0.66916,164.431,1.9217,25,0.8247,20.617,1.97263,9.21234,2237.86,8959.83,4300.425,0.13799,0.801822,82.904,102.643,0.19985,0.38405,0.958788,A,0.0,0.055129
7238.465,0.60743,144.474,2.4045,19,0.7621,14.48,2.01129,7.14621,2218.161,5020.304,5333.468,0.149054,0.809955,82.215,101.627,0.30644,0.73682,0.924804,A,0.0,0.014699
8707.341,0.50417,186.202,2.9876,17,0.7107,12.082,1.93618,5.98094,3237.926,5469.415,9673.687,0.160655,0.707529,84.013,103.06,0.37186,1.11098,0.881505,A,0.0,0.021385
8794.662,0.55422,173.175,3.2673,26,0.8119,21.11,1.95736,10.8549,3129.994,5664.668,10226.692,0.033604,0.841892,81.862,103.34,0.3559,1.16283,0.978421,A,0.0,-0.041417
12350.932,0.49747,164.838,1.9128,27,0.8347,22.536,1.9719,10.04879,4579.262,7771.67,8759.368,0.04264,0.765464,81.661,102.424,0.37076,0.70921,0.96822,A,0.0,0.024805
8696.949,0.47991,200.666,3.8575,20,0.8015,16.031,1.91458,8.2683,3013.685,5683.264,11625.177,0.073672,0.695324,83.357,103.61,0.34652,1.3367,0.946805,A,0.0,0.018736
10948.082,0.67392,137.799,2.7987,19,0.7248,13.771,2.02561,7.1615,2407.597,8540.485,6738.148,0.257024,0.791445,83.337,101.116,0.21991,0.61546,0.916129,A,0.0,-0.002941
9055.19,0.5064,155.463,2.2729,21,0.7246,15.216,1.9893,7.26797,3502.228,5552.963,7960.388,0.099956,0.76275,82.038,101.92,0.38676,0.8791,0.923659,A,-0.001,-0.043014
10015.677,0.4744,162.826,3.245,19,0.6525,12.398,1.97554,6.45246,3957.553,6058.124,12842.133,0.125549,0.702297,82.676,101.905,0.39514,1.2822,0.895429,A,0.0,-0.031964
8300.663,0.3192,185.668,2.3309,22,0.8165,17.963,1.93702,8.31089,4312.582,3988.081,10052.114,0.031801,0.629987,82.294,102.524,0.51955,1.211,0.94824,A,0.0,-0.011976
7793.19,0.39461,153.43,1.2497,21,0.7793,16.364,1.99323,6.27017,3962.691,3830.498,4952.225,0.080734,0.719311,81.7,101.524,0.50848,0.63546,0.895968,A,0.001,0.027464
9297.299,0.63768,169.663,1.2073,20,0.8705,17.411,1.96339,6.42482,2699.027,6598.272,3258.517,0.226939,0.805699,84.281,102.93,0.2903,0.35048,0.896687,A,0.0,-0.034014
7935.736,0.3262,134.347,3.5622,20,0.6868,13.736,2.03334,7.61148,4168.563,3767.173,14849.422,0.040584,0.642252,80.318,99.923,0.52529,1.87121,0.934647,A,0.0,-0.014271
9735.328,0.38157,169.098,2.9315,26,0.8104,21.071,1.96437,10.60802,4917.581,4817.747,14416.085,0.018292,0.752376,81.505,102.55,0.50513,1.4808,0.975785,A,-0.0,-0.000504
10177.416,0.64963,153.047,1.957,26,0.8388,21.809,1.99398,9.96088,2287.048,7890.369,4475.655,0.088971,0.812135,81.792,102.116,0.22472,0.43976,0.969223,A,-0.001,0.028981
10613.169,0.65458,141.063,3.4487,23,0.6552,15.069,2.01851,8.20467,3655.841,6957.329,12607.789,0.109547,0.940969,81.54,102.295,0.34446,1.18794,0.942352,A,-0.001,0.050838
12290.675,0.4837,167.664,3.1485,16,0.7342,11.747,1.96688,6.03064,4610.639,7680.037,14516.58,0.166947,0.673858,83.412,101.961,0.37513,1.18111,0.870524,A,-0.001,0.012776
12127.459,0.56693,153.488,2.3811,27,0.7298,19.705,1.99312,9.57095,4045.171,8082.288,9631.913,0.063449,0.818929,81.474,102.185,0.33355,0.79422,0.96267,A,0.0,-0.061753
8343.723,0.38656,159.917,3.2787,23,0.7945,18.273,1.98089,9.5712,3923.686,4420.038,12864.7,0.02741,0.705388,81.263,101.776,0.47026,1.54184,0.966656,A,-0.001,-0.040435
8875.05,0.51865,163.303,2.5891,18,0.816,14.687,1.97467,7.20887,2907.115,5967.935,7526.933,0.122716,0.711515,82.657,101.99,0.32756,0.8481,0.922497,A,0.0,0.019887
12533.795,0.48981,173.611,3.2229,25,0.7769,19.422,1.95662,9.94951,5510.242,7023.552,17759.227,0.036847,0.845176,81.922,103.382,0.43963,1.41691,0.966928,A,0.001,0.004657
9917.043,0.58484,166.179,3.6774,18,0.7533,13.56,1.96951,7.22581,2817.083,7099.961,10359.479,0.163753,0.75191,83.312,102.402,0.28406,1.04461,0.920462,A,-0.001,0.04596
9420.213,0.6186,149.887,2.94,17,0.8687,14.769,2.00023,7.63994,2884.126,6536.087,8479.265,0.136943,0.831135,82.291,102.069,0.30616,0.90011,0.932222,A,0.0,0.012226
11605.357,0.38347,163.967,3.521,19,0.6827,12.971,1.97347,6.86722,4864.552,6740.805,17127.881,0.086683,0.597645,82.208,101.272,0.41916,1.47586,0.905248,A,0.0,0.023884
9061.702,0.67914,139.14,2.1945,21,0.8139,17.091,2.02267,8.27058,2051.868,7009.834,4502.912,0.161237,0.830733,82.134,101.455,0.22643,0.49692,0.946242,A,0.0,0.026827
11399.074,0.61412,149.296,2.3151,17,0.7473,12.703,2.00141,6.1554,3413.68,7985.394,7902.983,0.24781,0.770718,83.729,101.638,0.29947,0.6933,0.879158,A,0.0,-0.031609
9545.767,0.45781,157.331,3.8634,21,0.762,16.002,1.98574,8.72032,3783.587,5762.18,14617.489,0.053841,0.72306,81.507,101.757,0.39636,1.53131,0.953385,A,0.0,0.033612
11940.731,0.6946,177.57,1.1895,19,0.8354,15.873,1.95002,5.75919,3002.094,8938.637,3571.011,0.389498,0.797073,86.724,103.253,0.25142,0.29906,0.859018,A,0.0,-0.024066
9780.554,0.4558,197.971,3.4179,16,0.6744,10.79,1.91846,5.43859,3957.944,5822.609,13527.963,0.166769,0.652266,84.496,103.212,0.40467,1.38315,0.851936,A,0.001,0.024268
11228.316,0.58431,215.061,2.7216,25,0.8289,20.723,1.89478,9.68555,3294.029,7934.287,8964.953,0.069616,0.797989,83.761,104.874,0.29337,0.79842,0.965047,A,0.0,0.02645
11587.041,0.3608,165.825,2.9847,21,0.7442,15.628,1.97014,7.93812,5436.453,6150.588,16226.399,0.050062,0.635463,81.798,101.616,0.46918,1.40039,0.9349,A,-0.0,-0.02642
12422.347,0.69622,131.608,3.4864,25,0.8032,20.081,2.03963,11.12255,2802.707,9619.64,9771.38,0.06748,0.879402,80.541,101.32,0.22562,0.7866,0.978132,A,0.0,0.029105
8803.881,0.68876,158.375,1.7499,17,0.7573,12.874,1.98377,5.61186,2202.826,6601.055,3854.723,0.372282,0.794373,85.753,102.283,0.25021,0.43784,0.864759,A,-0.0,-0.011255
9423.224,0.69555,198.622,2.8483,16,0.7942,12.708,1.91752,6.12339,2220.641,7202.583,6325.04,0.340171,0.805123,86.807,104.248,0.23566,0.67122,0.884749,A,0.0,-0.039449
7873.193,0.61229,185.883,1.8571,25,0.8841,22.102,1.93668,9.49592,1886.526,5986.667,3503.512,0.08618,0.778084,83.019,103.511,0.23961,0.44499,0.966275,A,0.0,-0.033275
7414.288,0.32841,176.651,3.6156,17,0.7095,12.062,1.95153,6.31767,3636.24,3778.048,13147.217,0.067679,0.579349,82.442,101.773,0.49044,1.77323,0.898929,A,0.0,0.020904
9253.022,0.4208,170.026,1.2315,22,0.6624,14.572,1.96276,5.42298,3599.74,5653.282,4433.01,0.158465,0.587841,83.391,101.51,0.38903,0.47909,0.853497,A,0.0,0.007914
10238.08,0.30991,180.641,1.7021,18,0.8224,14.803,1.94501,6.20314,5943.344,4294.737,10115.933,0.061322,0.65392,82.504,102.452,0.58051,0.98807,0.885133,A,-0.001,0.011213
11878.476,0.50412,139.931,1.3854,25,0.6789,16.973,2.02095,6.93549,4543.72,7334.757,6294.836,0.122878,0.740285,81.664,100.904,0.38252,0.52994,0.906762,A,-0.001,0.043509
9374.611,0.54762,143.203,3.4593,18,0.8654,15.578,2.01396,8.46046,3044.616,6329.995,10532.267,0.085637,0.769828,81.321,101.289,0.32477,1.12349,0.949212,A,0.0,-0.014695
12864.986,0.6912,172.353,2.1801,22,0.7889,17.357,1.95876,7.99979,3155.364,9709.622,6879.13,0.186116,0.855345,83.845,103.389,0.24527,0.53472,0.933958,A,0.0,-0.062033
10271.639,0.41419,155.187,1.3128,27,0.7867,21.241,1.98983,8.29546,5086.352,5185.286,6677.153,0.04624,0.775111,81.318,101.987,0.49518,0.65006,0.944717,A,0.001,0.045024
11319.912,0.53899,159.523,1.6963,24,0.7917,19.002,1.98162,8.17596,3725.946,7593.966,6320.468,0.097337,0.75568,82.171,102.087,0.32915,0.55835,0.940558,A,0.0,0.038736
9613.953,0.69651,172.673,1.8806,17,0.8749,14.872,1.95821,6.52507,1816.82,7797.132,3416.651,0.371216,0.772304,86.3,102.856,0.18898,0.35538,0.899281,A,0.001,0.025519
8111.109,0.56862,150.33,1.6157,27,0.6558,17.707,1.99934,7.57775,2984.442,5126.666,4822.089,0.10277,0.839817,81.859,102.151,0.36795,0.5945,0.9335,A,0.001,-0.033565
12373.404,0.63757,177.975,1.2957,25,0.6529,16.323,1.94935,6.14925,3898.644,8474.76,5051.349,0.251925,0.814982,84.922,103.39,0.31508,0.40824,0.875501,A,0.0,-0.031556
9561.565,0.68093,164.909,3.128,22,0.708,15.577,1.97177,8.01382,2398.135,7163.43,7501.376,0.162138,0.854612,83.241,103.016,0.25081,0.78453,0.940279,A,0.0,-0.025596
11664.881,0.31513,173.484,3.7261,21,0.83,17.43,1.95684,9.22561,5978.534,5686.347,22276.829,0.025564,0.61958,81.768,101.887,0.51252,1.90973,0.958424,A,0.0,-0.028168
9441.724,0.5435,180.867,1.5299,26,0.6979,18.146,1.94464,7.29813,3322.878,6118.846,5083.541,0.118048,0.774537,83.261,103.259,0.35194,0.53841,0.923559,A,0.0,0.045268
10876.061,0.50303,165.898,2.7711,17,0.84,14.281,1.97001,7.11523,3727.427,7148.634,10329.112,0.124849,0.700218,82.788,102.047,0.34272,0.94971,0.914939,A,0.0,0.017229
9756.304,0.50388,173.355,3.8869,18,0.8815,15.866,1.95706,8.4734,4023.566,5732.738,15639.156,0.062493,0.813671,82.25,103.162,0.41241,1.60298,0.948852,A,0.0,-0.000912
9474.954,0.55872,157.174,1.8463,22,0.8176,17.987,1.98603,8.0055,3061.949,6413.005,5653.184,0.103281,0.776176,82.153,102.099,0.32316,0.59665,0.940263,A,0.0,-0.015425
9770.659,0.34551,144.533,1.7968,22,0.7692,16.922,2.01117,7.59609,4749.182,5021.477,8533.513,0.049446,0.62551,80.902,100.413,0.48607,0.87338,0.930438,A,0.0,0.04826
11017.12,0.54013,155.254,2.6391,18,0.7863,14.153,1.9897,7.06119,4906.909,6110.211,12949.853,0.105558,0.889123,82.104,102.743,0.44539,1.17543,0.912957,A,0.0,-0.01561
8180.877,0.35898,175.777,1.5573,25,0.6652,16.631,1.95299,6.77894,4269.923,3910.954,6649.565,0.060626,0.684718,82.316,102.427,0.52194,0.81282,0.911853,A,0.0,0.002273
8531.726,0.4946,160.537,2.3824,19,0.8437,16.029,1.97974,7.71093,3097.318,5434.408,7379.122,0.087631,0.726555,82.083,101.947,0.36304,0.8649,0.935679,A,0.0,-0.025698
11467.335,0.52199,176.012,2.1594,16,0.6673,10.677,1.9526,4.88307,5030.411,6436.924,10862.537,0.224899,0.75416,84.493,102.896,0.43867,0.94726,0.810997,A,0.0,0.029189
8889.128,0.62863,216.973,3.8622,27,0.7398,19.975,1.89227,10.11954,2770.19,6118.938,10699.108,0.056471,0.887666,83.646,105.542,0.31164,1.20362,0.972005,A,0.0,-0.036084
10265.618,0.35882,163.668,3.2922,17,0.867,14.74,1.97401,7.68862,4853.475,5412.144,15978.744,0.051876,0.634087,81.737,101.498,0.47279,1.55653,0.931648,A,-0.001,-0.039971
7966.151,0.69724,176.883,2.5711,23,0.8509,19.571,1.95115,9.41865,2116.297,5849.854,5441.22,0.091211,0.916484,82.761,104.009,0.26566,0.68304,0.965247,A,0.0,-0.008036
9664.006,0.6326,164.772,2.1927,19,0.7318,13.904,1.97202,6.48429,2415.934,7248.072,5297.509,0.258922,0.757153,84.513,102.366,0.24999,0.54817,0.897678,A,-0.0,0.012273
11635.506,0.31075,184.462,1.2634,25,0.8839,22.098,1.93891,8.16731,6297.02,5338.486,7955.534,0.034546,0.636538,82.287,102.513,0.54119,0.68373,0.939835,A,-0.0,0.047435
10112.57,0.64407,169.275,3.1434,18,0.8163,14.693,1.96406,7.52428,2572.218,7540.351,8085.455,0.182488,0.801523,83.679,102.883,0.25436,0.79955,0.927931,A,0.001,0.039287
10297.688,0.50261,153.756,2.9853,17,0.8695,14.782,1.99259,7.63399,4121.067,6176.621,12302.493,0.087586,0.77952,81.804,101.939,0.40019,1.19469,0.930262,A,0.0,-0.026411
9393.98,0.69942,169.673,2.91,23,0.8974,20.64,1.96337,10.36386,2354.294,7039.686,6850.977,0.072849,0.908969,82.247,103.612,0.25062,0.72929,0.973897,A,0.0,-0.026816
10131.225,0.47252,171.096,3.7922,19,0.8774,16.671,1.96091,8.88353,3808.409,6322.816,14442.263,0.056328,0.723212,82.084,102.455,0.37591,1.42552,0.955189,A,0.0,-0.05003
7307.405,0.30558,167.118,3.3394,27,0.7584,20.478,1.96784,10.66782,3705.538,3601.868,12374.248,0.013241,0.606335,81.362,101.488,0.50709,1.69338,0.978028,A,-0.001,-0.006843
7527.509,0.61619,168.379,1.7819,22,0.653,14.366,1.96562,6.21895,2029.48,5498.028,3616.395,0.239999,0.755053,84.404,102.532,0.26961,0.48042,0.89499,A,0.001,6.5e-05
10592.839,0.49533,166.65,3.5147,20,0.7018,14.036,1.96867,7.4017,3782.035,6810.804,13292.543,0.105867,0.711605,82.566,102.159,0.35704,1.25486,0.923691,A,0.0,-0.043938
7326.098,0.34307,176.807,3.1995,18,0.8148,14.667,1.95128,7.46986,3598.721,3727.377,11514.221,0.047027,0.628894,82.175,102.107,0.49122,1.57167,0.932665,A,0.0,0.002357
11935.88,0.35877,156.988,2.6429,23,0.7125,16.388,1.98639,8.15987,5695.616,6240.264,15052.817,0.045743,0.644485,81.386,101.22,0.47718,1.26114,0.93916,A,-0.0,-0.055439
11247.083,0.55643,182.346,2.1082,23,0.7447,17.129,1.94227,7.71282,3655.944,7591.139,7707.336,0.119407,0.766904,83.332,103.276,0.32506,0.68527,0.930244,A,0.0,-0.005775
8167.6,0.58888,174.277,2.7686,18,0.7597,13.675,1.9555,6.7374,2736.297,5431.304,7575.723,0.157144,0.806388,83.534,103.158,0.33502,0.92753,0.9106,A,-0.001,0.005262
7000.0,0.356,151.156,3.7134,27,0.7591,20.496,1.9977,11.17394,3174.61,3825.39,11788.501,0.014303,0.639566,80.727,100.875,0.45352,1.68407,0.981779,A,0.0,0.004172
7000.0,0.3239,147.764,3.9069,17,0.7946,13.509,2.00451,7.47969,3264.098,3735.902,12752.343,0.046116,0.566604,81.0,100.206,0.4663,1.82176,0.93361,A,0.0,-0.00416
10433.009,0.38584,176.128,3.3525,20,0.8504,17.008,1.9524,8.76488,4576.903,5856.106,15343.884,0.041453,0.654992,82.076,102.247,0.43869,1.47071,0.952868,A,0.0,0.043251
9826.376,0.34384,170.493,3.1358,23,0.8937,20.556,1.96195,10.50362,5004.937,4821.438,15694.608,0.017002,0.683122,81.542,102.161,0.50934,1.59719,0.974815,A,0.001,-0.023184
11989.683,0.45803,182.724,2.8269,16,0.7,11.199,1.94166,5.48945,4983.341,7006.343,14087.606,0.170982,0.662204,84.026,102.603,0.41564,1.17498,0.844845,A,-0.001,-0.055466
10674.599,0.51665,167.153,2.151,22,0.8628,18.981,1.96778,8.77072,3254.467,7420.132,7000.481,0.080278,0.708047,82.248,102.161,0.30488,0.65581,0.952628,A,0.0,-0.032731
12305.372,0.38496,167.167,2.2259,21,0.6746,14.167,1.96776,6.61664,5734.574,6570.798,12764.397,0.087157,0.644859,82.34,101.745,0.46602,1.0373,0.89449,A,0.0,0.029512
11281.359,0.64993,138.662,2.5144,25,0.8563,21.407,2.02372,10.79689,3025.728,8255.631,7607.986,0.057494,0.867065,80.743,101.666,0.26821,0.67439,0.976274,A,0.0,-0.036244
8546.182,0.6793,146.077,2.9524,16,0.7187,11.499,2.00797,5.98829,2131.685,6414.496,6293.687,0.320264,0.798621,84.545,101.643,0.24943,0.73643,0.882403,A,0.001,-0.031742
9686.622,0.45012,176.456,3.8476,16,0.7456,11.929,1.95186,6.33236,3722.088,5964.534,14321.25,0.126495,0.652072,83.211,102.244,0.38425,1.47846,0.892016,A,0.0,0.011159
8695.73,0.36813,162.529,1.9244,19,0.6725,12.778,1.97608,5.72732,4136.957,4558.772,7961.354,0.100166,0.611296,82.329,101.289,0.47575,0.91555,0.870552,A,0.001,0.017562
9489.064,0.62928,165.145,1.8572,24,0.8547,20.512,1.97135,9.04922,2571.85,6917.214,4776.474,0.096295,0.827444,82.381,102.848,0.27103,0.50337,0.958525,A,0.0,0.014677
9187.091,0.38991,179.066,2.2198,24,0.7549,18.118,1.94756,8.32647,4569.497,4617.594,10143.538,0.041486,0.734709,82.185,102.912,0.49738,1.10411,0.947079,A,0.0,-0.019371
9611.513,0.59538,148.358,3.7848,19,0.651,12.368,2.0033,6.79747,2544.95,7066.562,9632.179,0.205862,0.735656,83.135,101.355,0.26478,1.00215,0.908447,A,0.001,0.035378
11997.523,0.62837,151.345,3.1716,24,0.8818,21.163,1.99732,11.13103,3254.357,8743.166,10321.65,0.049908,0.84369,81.205,102.232,0.27125,0.86032,0.978456,A,0.0,-0.056644
9129.666,0.32937,142.752,2.3789,26,0.7417,19.284,2.01491,9.51151,4668.746,4460.92,11106.542,0.022474,0.650572,80.467,100.476,0.51138,1.21653,0.965108,A,-0.0,-0.036953
8164.591,0.3156,171.575,2.8574,23,0.8183,18.821,1.96009,9.38297,3960.398,4204.193,11316.594,0.023041,0.591201,81.662,101.608,0.48507,1.38606,0.964587,A,0.0,-0.029717
9009.464,0.3894,165.883,1.0064,24,0.8517,20.441,1.97003,6.95219,4343.853,4665.61,4371.836,0.068765,0.687931,82.047,101.965,0.48214,0.48525,0.914858,A,0.001,-0.037523
9240.867,0.32496,133.0,3.7286,24,0.7261,17.427,2.03641,9.77303,4414.966,4825.901,16461.687,0.021731,0.60237,80.004,99.578,0.47777,1.7814,0.96805,A,0.0,-0.007471
9083.648,0.36339,214.354,1.3213,17,0.7977,13.562,1.89572,4.93727,4157.264,4926.384,5492.821,0.137165,0.554301,84.631,103.238,0.45766,0.60469,0.827252,A,-0.0,-0.023847
9704.536,0.68613,181.595,2.8446,20,0.8504,17.008,1.94347,8.36204,2106.404,7598.132,5991.871,0.167848,0.829809,83.944,103.657,0.21705,0.61743,0.946902,A,0.0,0.01927
9313.407,0.52294,189.194,2.3028,25,0.6655,16.639,1.93156,7.63713,3145.222,6168.185,7242.779,0.104713,0.736197,83.379,103.383,0.33771,0.77767,0.932377,A,-0.0,0.008133
11631.564,0.3234,172.466,2.0386,23,0.8811,20.266,1.95857,9.13979,5842.762,5788.802,11911.065,0.027557,0.622001,81.756,101.854,0.50232,1.02403,0.957197,A,0.0,-0.001828
11331.894,0.313,190.641,2.7076,20,0.7107,14.214,1.92935,6.82183,5666.846,5665.048,15343.608,0.059783,0.56629,82.836,102.326,0.50008,1.35402,0.904484,A,0.0,0.041736
8819.407,0.65013,149.952,1.9464,20,0.8432,16.864,2.0001,7.72235,2299.829,6519.578,4476.361,0.161161,0.822614,82.614,102.017,0.26077,0.50756,0.935357,A,-0.0,0.022195
11443.22,0.44081,142.649,1.8774,24,0.8014,19.234,2.01513,8.79326,4766.202,6677.018,8947.859,0.050866,0.719154,80.837,100.923,0.41651,0.78194,0.951938,A,-0.0,0.043974
12069.027,0.39422,161.387,2.9726,18,0.7679,13.823,1.97817,7.05596,5083.805,6985.222,15112.249,0.084111,0.619923,82.071,101.288,0.42123,1.25215,0.910128,A,0.0,-0.051876
9976.593,0.47818,154.427,3.8119,24,0.6917,16.6,1.99129,9.05777,3757.912,6218.681,14324.847,0.053273,0.734942,81.379,101.681,0.37667,1.43585,0.958035,A,0.0,0.042143
8705.336,0.55233,173.515,3.0164,26,0.7154,18.599,1.95679,9.37705,3115.014,5590.323,9396.164,0.055716,0.829053,82.167,103.271,0.35783,1.07936,0.963904,A,-0.001,-0.011941
10627.321,0.40467,185.323,3.8435,17,0.8117,13.799,1.93756,7.24249,4825.766,5801.555,18548.012,0.071975,0.681417,82.812,102.848,0.45409,1.74531,0.919236,A,0.0,-0.054722
9855.589,0.33167,159.738,3.3543,25,0.8746,21.864,1.98122,11.51565,5011.478,4844.111,16809.791,0.011538,0.66287,81.047,101.486,0.50849,1.70561,0.982311,A,0.0,-0.035088
10481.974,0.34809,168.267,1.834,16,0.8083,12.932,1.96582,5.65662,4565.416,5916.558,8373.007,0.111962,0.530302,82.71,101.043,0.43555,0.7988,0.859909,A,0.0,-0.045317
8385.213,0.6614,160.742,2.7789,27,0.6763,18.261,1.97936,9.16853,2228.796,6156.416,6193.637,0.095653,0.866217,82.198,102.88,0.2658,0.73864,0.961559,A,0.001,-0.003344
13000.0,0.44567,167.815,2.0202,25,0.6762,16.905,1.96661,7.64729,5693.01,7306.99,11500.876,0.076318,0.733431,82.222,102.361,0.43792,0.88468,0.925008,A,0.0,0.05788
9685.387,0.477,189.55,3.5619,18,0.7645,13.761,1.93101,7.07058,4056.198,5629.188,14447.814,0.094984,0.752274,83.263,103.505,0.4188,1.49171,0.916607,A,0.001,-0.036085
10778.116,0.38567,180.719,1.8299,19,0.7696,14.622,1.94488,6.28952,5447.827,5330.289,9969.247,0.086404,0.691542,82.838,102.704,0.50545,0.92495,0.886761,A,0.0,-0.036762
9091.143,0.35792,187.392,1.7873,23,0.7757,17.841,1.93433,7.54804,4871.436,4219.706,8706.805,0.046283,0.717697,82.545,103.181,0.53584,0.95772,0.93071,A,0.001,-0.033107
10220.279,0.60667,215.246,1.1263,24,0.6705,16.092,1.89454,5.4466,2488.359,7731.921,2802.633,0.372787,0.681936,87.769,104.116,0.24347,0.27422,0.85039,A,-0.001,0.033495
7000.0,0.38323,173.109,2.9047,18,0.817,14.706,1.95747,7.34754,3097.542,3902.458,8997.538,0.060219,0.639623,82.211,102.001,0.44251,1.28536,0.930467,A,0.0,-0.022775
8037.706,0.33914,176.538,3.1196,26,0.7257,18.869,1.95172,9.55476,4208.289,3829.417,13128.068,0.021513,0.688192,81.828,102.486,0.52357,1.63331,0.966788,A,0.0,0.000548
7000.0,0.4303,178.368,1.579,16,0.7792,12.467,1.9487,5.0922,3133.302,3866.698,4947.362,0.147189,0.659708,83.554,102.384,0.44761,0.70677,0.846887,A,0.0,0.020808
11477.779,0.34358,161.746,1.3755,27,0.7786,21.022,1.97751,8.29991,5461.235,6016.544,7512.156,0.041287,0.617967,81.52,101.293,0.47581,0.6545,0.942822,A,0.0,0.031653
7913.625,0.41907,176.413,1.7101,16,0.8963,14.341,1.95193,6.05232,3428.348,4485.277,5862.959,0.109028,0.656057,82.979,102.268,0.43322,0.74087,0.887291,A,0.0,-0.02047
7660.829,0.51391,142.539,3.7651,27,0.7208,19.462,2.01536,10.77645,3042.521,4618.308,11455.29,0.027687,0.834227,80.526,101.676,0.39715,1.49531,0.978603,A,0.0,0.021125
11693.659,0.35765,144.561,1.3782,21,0.723,15.183,2.01111,6.14766,4751.877,6941.782,6548.898,0.10755,0.528859,81.671,99.776,0.40636,0.56004,0.877803,A,0.0,-0.051117
9267.035,0.52959,169.834,2.5828,23,0.7714,17.741,1.96309,8.62681,3466.249,5800.786,8952.537,0.067618,0.805643,82.185,102.938,0.37404,0.96606,0.952243,A,0.0,-0.014395
9756.068,0.53358,169.004,1.2133,22,0.7107,15.635,1.96453,5.7876,3419.119,6336.949,4148.319,0.19936,0.713909,83.892,102.291,0.35046,0.4252,0.869058,A,0.0,0.002276
11620.089,0.48934,166.703,2.293,27,0.7427,20.053,1.96858,9.45769,4213.982,7406.107,9662.479,0.051658,0.738372,81.853,102.339,0.36265,0.83153,0.961716,A,0.0,0.026431
10747.178,0.40958,181.669,1.1662,17,0.6938,11.795,1.94335,4.21896,4882.641,5864.538,5694.147,0.210529,0.575306,84.51,101.981,0.45432,0.52983,0.766476,A,-0.001,-0.01226
10482.393,0.59559,180.298,3.0569,26,0.8402,21.844,1.94556,10.95481,3014.389,7468.005,9214.541,0.045424,0.817662,82.281,103.517,0.28757,0.87905,0.978068,A,-0.001,-0.021063
10997.504,0.63957,183.602,2.6729,19,0.8721,16.569,1.94027,7.99236,3142.42,7855.083,8399.346,0.14056,0.839202,83.656,103.811,0.28574,0.76375,0.937203,A,0.001,-0.026286
7092.924,0.42711,169.522,2.2885,20,0.6723,13.446,1.96363,6.31416,3320.43,3772.494,7598.774,0.091363,0.722623,82.486,102.374,0.46813,1.07132,0.899862,A,0.0,0.003392
11958.446,0.31846,159.04,1.4917,22,0.6805,14.972,1.98252,6.13397,5990.403,5968.043,8935.592,0.078649,0.559179,81.904,100.765,0.50093,0.74722,0.876288,A,0.0,-0.056809
12013.498,0.68683,169.71,3.5869,20,0.688,13.76,1.9633,7.25914,2412.178,9601.32,8652.32,0.285873,0.787569,85.061,102.812,0.20079,0.72022,0.916428,A,0.0,-0.047721
12794.925,0.62193,136.375,2.1563,17,0.8587,14.598,2.02877,7.05504,3139.803,9655.122,6770.289,0.232519,0.748566,82.947,100.748,0.24539,0.52914,0.908255,A,0.0,-0.012204
7000.0,0.65739,156.948,2.0278,24,0.8887,21.33,1.98646,9.80463,1525.446,5474.554,3093.228,0.088763,0.81583,81.952,102.349,0.21792,0.44189,0.970576,A,0.0,0.021447
8747.354,0.55678,161.843,1.3678,25,0.7807,19.518,1.97733,7.68651,2944.31,5803.044,4027.273,0.108035,0.784455,82.405,102.397,0.33659,0.4604,0.934688,A,0.0,0.036348
9180.407,0.31167,142.744,3.8608,26,0.6765,17.589,2.01493,9.78777,4129.813,5050.594,15944.437,0.021981,0.548551,80.46,99.802,0.44985,1.73679,0.968274,A,0.0,-0.028359
12586.684,0.49011,152.005,3.2941,22,0.8577,18.87,1.99602,10.00466,4963.672,7623.013,16350.72,0.040376,0.782949,81.107,101.867,0.39436,1.29905,0.967512,A,-0.001,0.016069
10877.348,0.31845,153.939,1.5834,21,0.6525,13.703,1.99224,5.78878,5264.707,5612.641,8335.979,0.089034,0.53364,81.831,100.326,0.48401,0.76636,0.864677,A,0.0,0.023804
12692.416,0.36917,137.922,1.9542,26,0.8972,23.328,2.02534,10.8904,6327.181,6365.235,12364.534,0.017698,0.718537,80.183,100.642,0.4985,0.97417,0.976102,A,0.0,0.023904
10709.563,0.32417,174.882,3.6808,20,0.8536,17.073,1.95448,8.99674,5436.726,5272.837,20011.659,0.027979,0.629575,81.852,102.02,0.50765,1.86858,0.956186,A,0.0,-0.041473
9071.439,0.48463,160.028,3.4686,23,0.7124,16.386,1.98068,8.69258,3565.036,5506.404,12365.537,0.057208,0.761365,81.661,102.151,0.393,1.36313,0.953609,A,-0.001,-0.040378
8084.934,0.47882,190.493,2.1794,21,0.8538,17.931,1.92958,8.07893,3340.374,4744.56,7280.129,0.064615,0.770437,82.895,103.667,0.41316,0.90046,0.944245,A,0.0,0.005259
9179.012,0.36207,153.41,1.5931,23,0.728,16.743,1.99327,7.09512,3979.395,5199.617,6339.391,0.067993,0.587138,81.531,100.651,0.43353,0.69064,0.918588,A,0.0,-0.018856
12135.832,0.65196,192.259,1.9558,27,0.6921,18.688,1.92691,8.11066,3013.414,9122.418,5893.535,0.163439,0.81333,84.26,104.028,0.24831,0.48563,0.937752,A,0.0,0.031428
8758.378,0.43616,155.498,2.6084,20,0.7397,14.794,1.98923,7.3549,3390.907,5367.472,8844.978,0.082661,0.659486,81.812,101.24,0.38716,1.00989,0.926625,A,-0.001,-0.014254
7365.886,0.65883,165.479,1.5292,26,0.6675,17.355,1.97075,7.11865,2109.869,5256.017,3226.341,0.17536,0.852898,83.438,103.033,0.28644,0.43801,0.923758,A,0.0,0.033658
10460.528,0.44614,140.635,1.464,21,0.8733,18.34,2.01943,7.65846,4224.337,6236.191,6184.484,0.076757,0.696363,81.088,100.655,0.40384,0.59122,0.930522,A,0.0,-0.040147
12097.29,0.69563,130.555,3.5816,20,0.69,13.8,2.04209,7.70209,2827.062,9270.228,10125.516,0.213546,0.842651,82.418,101.012,0.23369,0.83701,0.92826,A,0.0,-0.036834
13000.0,0.30102,184.374,1.1036,21,0.8067,16.94,1.93905,5.88522,7034.947,5965.053,7763.828,0.077292,0.564879,82.848,102.036,0.54115,0.59722,0.861051,A,0.0,-0.018297
11917.286,0.52339,159.512,2.5768,22,0.7257,15.965,1.98164,7.86623,4476.012,7441.274,11533.82,0.093909,0.781723,82.125,102.258,0.37559,0.96782,0.93261,A,0.0,0.035474
11496.162,0.66569,153.568,2.9838,18,0.807,14.526,1.99296,7.50301,2816.602,8679.56,8404.235,0.205441,0.815048,83.352,102.164,0.245,0.73105,0.924389,A,0.0,-0.023469
7358.724,0.58894,175.25,3.773,25,0.6518,16.295,1.95387,8.62766,2396.446,4962.278,9041.839,0.081287,0.834099,82.569,103.388,0.32566,1.22872,0.955051,A,0.0,0.015889
9473.398,0.56439,137.301,3.3298,16,0.8192,13.107,2.02671,7.12045,3196.994,6276.404,10645.291,0.136176,0.782511,81.718,101.027,0.33747,1.1237,0.918576,A,-0.0,-0.017928
9472.308,0.69271,177.372,2.8175,27,0.8964,24.203,1.95034,11.93236,2296.082,7176.226,6469.258,0.043185,0.900528,82.145,103.927,0.2424,0.68297,0.984888,A,0.0,0.013726
10243.561,0.35393,171.48,3.7753,26,0.6737,17.517,1.96025,9.32103,5182.199,5061.361,19564.447,0.026989,0.688672,81.711,102.246,0.5059,1.90993,0.961422,A,0.001,0.023573
8641.12,0.35497,171.873,2.0354,22,0.7319,16.102,1.95958,7.26377,4194.282,4446.838,8537.228,0.055197,0.637724,82.098,101.929,0.48539,0.98798,0.924524,A,0.0,-0.028734
11228.156,0.41608,147.488,3.7735,26,0.8886,23.104,2.00507,12.70602,4657.622,6570.534,17575.706,0.012181,0.702383,80.541,101.087,0.41482,1.56532,0.987856,A,0.0,0.045272
11918.792,0.62804,140.425,1.4474,20,0.8679,17.358,2.01989,7.21704,3496.731,8422.061,5061.231,0.181071,0.813609,82.455,101.417,0.29338,0.42464,0.915415,A,0.0,0.056921
10200.549,0.41897,175.563,1.4312,26,0.797,20.722,1.95334,8.16775,4551.698,5648.852,6514.565,0.054165,0.712922,82.223,102.603,0.44622,0.63865,0.942313,A,-0.001,-0.009573
9598.097,0.58878,186.596,2.0411,23,0.7908,18.188,1.93557,8.06195,3041.58,6556.517,6208.254,0.109228,0.811252,83.348,103.762,0.31689,0.64682,0.941212,A,0.0,-0.045678
10318.705,0.56499,180.093,1.7531,27,0.6714,18.127,1.94589,7.68438,3311.1,7007.604,5804.542,0.120719,0.774908,83.268,103.225,0.32088,0.56253,0.931438,A,0.001,0.004057
10603.353,0.53055,185.741,3.0739,16,0.8758,14.013,1.9369,6.99,3649.275,6954.078,11217.563,0.135909,0.737641,83.67,103.238,0.34416,1.05793,0.911837,A,-0.0,0.026568
11223.247,0.30999,171.484,3.5213,20,0.8861,17.722,1.96024,9.28969,5909.122,5314.125,20807.663,0.023634,0.628408,81.667,101.849,0.52651,1.85398,0.959859,A,0.0,-0.000515
8736.682,0.3685,157.338,3.1114,26,0.8097,21.053,1.98572,10.9294,3935.781,4800.901,12245.779,0.017166,0.656525,81.023,101.318,0.45049,1.40165,0.979015,A,0.0,-0.005829
12201.616,0.67581,191.387,3.7138,18,0.7968,14.342,1.92822,7.41911,3111.723,9089.893,11556.46,0.21052,0.835096,84.852,104.133,0.25503,0.94713,0.920558,A,0.0,-0.039102
10080.32,0.31687,179.723,1.3759,18,0.7484,13.472,1.94649,5.19604,4959.42,5120.9,6823.517,0.104752,0.522307,83.044,101.541,0.49199,0.67691,0.837359,A,0.0,-0.040082
9765.251,0.41327,194.66,2.633,20,0.6849,13.699,1.92332,6.49355,4935.714,4829.537,12995.615,0.083649,0.750146,83.288,103.715,0.50544,1.3308,0.897696,A,0.0,-0.040122
11063.946,0.33299,155.941,2.8948,18,0.7465,13.437,1.98838,6.86408,6060.408,5003.538,17543.566,0.056771,0.667554,81.488,101.317,0.54776,1.58565,0.906614,A,0.0,-0.00385
8974.351,0.44732,171.772,1.4218,21,0.6797,14.274,1.95975,5.63817,3632.212,5342.139,5164.271,0.148886,0.650223,83.331,102.007,0.40473,0.57545,0.865288,A,0.0,0.039526
11341.165,0.36374,188.358,3.9988,21,0.795,16.695,1.93284,8.80069,5395.575,5945.589,21575.588,0.036544,0.660675,82.45,102.848,0.47575,1.90241,0.952203,A,0.001,-0.042548
13000.0,0.48574,150.533,1.0615,17,0.6636,11.281,1.99894,4.0231,5410.809,7589.191,5743.312,0.31116,0.610201,84.619,100.647,0.41622,0.44179,0.733374,A,0.0,0.060734
10677.362,0.66417,181.643,3.2314,21,0.697,14.637,1.94339,7.42677,2467.947,8209.415,7974.805,0.217899,0.798335,84.607,103.452,0.23114,0.74689,0.924169,A,-0.0,-0.042988
10330.341,0.56051,166.28,2.1028,16,0.7783,12.452,1.96933,5.71907,3768.309,6562.031,7923.84,0.209662,0.761992,83.922,102.474,0.36478,0.76705,0.863552,A,0.001,-0.026893
9302.923,0.68179,142.5,3.0686,22,0.8516,18.736,2.01545,9.90346,2360.029,6942.894,7242.084,0.08219,0.885612,81.244,102.013,0.25369,0.77847,0.969418,A,0.0,-0.041152
12264.283,0.34267,131.588,1.9279,21,0.8404,17.648,2.03968,8.28312,6504.345,5759.938,12539.775,0.038001,0.686717,80.151,100.047,0.53035,1.02246,0.941186,A,0.0,-0.017102
11720.536,0.5328,180.071,3.6054,23,0.8329,19.157,1.94593,9.9843,3460.267,8260.269,12475.705,0.057625,0.731851,82.434,102.94,0.29523,1.06443,0.968069,A,0.0,0.017567
7741.705,0.6212,142.451,1.2116,21,0.8178,17.173,2.01555,6.59402,2181.432,5560.273,2643.051,0.204432,0.784708,82.855,101.344,0.28178,0.3414,0.90727,A,0.0,0.001934
11478.569,0.54971,186.743,1.9904,16,0.6665,10.664,1.93534,4.68686,4155.525,7323.044,8271.23,0.307487,0.68716,85.97,102.95,0.36202,0.72058,0.797497,A,0.0,0.011334
9006.866,0.50224,171.288,1.6791,16,0.897,14.351,1.96058,6.05544,3737.068,5269.798,6274.775,0.14105,0.758377,83.209,102.697,0.41491,0.69667,0.883475,A,0.0,0.001341
8239.191,0.34072,160.674,1.3015,17,0.8938,15.195,1.97948,5.86764,3563.944,4675.247,4638.511,0.095693,0.527503,82.195,100.641,0.43256,0.56298,0.878513,A,0.0,0.005846
9894.8,0.43107,183.655,3.9537,19,0.7854,14.922,1.94019,7.89348,3586.275,6308.525,14179.205,0.074835,0.63358,82.79,102.456,0.36244,1.433,0.937079,A,0.0,0.017277
9006.172,0.68662,179.483,1.5658,24,0.8906,21.375,1.94689,8.69061,1882.327,7123.845,2947.28,0.1522,0.827827,83.661,103.546,0.209,0.32725,0.953671,A,0.0,0.016414
11746.846,0.49386,165.972,3.2264,23,0.7779,17.892,1.96987,9.26005,4196.522,7550.324,13539.608,0.056919,0.736709,81.894,102.291,0.35725,1.15262,0.958826,A,0.0,0.043886
8104.129,0.33768,152.022,1.7645,17,0.8447,14.36,1.99599,6.33464,4359.866,3744.263,7692.868,0.06448,0.655802,81.426,101.029,0.53798,0.94925,0.897273,A,0.0,-0.017043
8061.16,0.55576,135.492,1.0496,20,0.6762,13.524,2.03075,4.9062,3044.591,5016.569,3195.735,0.248869,0.742007,83.121,100.651,0.37769,0.39644,0.830871,A,0.0,0.03665
8573.213,0.32553,172.579,3.8013,16,0.8847,14.155,1.95837,7.53216,4588.292,3984.922,17441.35,0.041704,0.652334,81.947,102.06,0.53519,2.0344,0.931437,A,-0.001,-0.01221
9785.348,0.35703,151.938,3.3502,16,0.8679,13.887,1.99615,7.39229,4755.181,5030.167,15930.923,0.05491,0.642628,81.296,100.938,0.48595,1.62804,0.925262,A,0.0,0.029649
10883.221,0.39242,141.796,2.1575,20,0.8777,17.553,2.01694,8.41487,5034.675,5848.546,10862.201,0.045794,0.690806,80.732,100.686,0.46261,0.99807,0.946015,A,-0.0,0.02501
8358.796,0.33142,170.201,1.4403,21,0.7965,16.727,1.96245,6.65593,4369.212,3989.584,6292.938,0.058677,0.630114,82.081,101.797,0.52271,0.75285,0.907455,A,0.0,0.007185
8905.863,0.37524,147.459,3.9514,25,0.7889,19.723,2.00513,10.95051,4035.549,4870.314,15946.22,0.017341,0.671799,80.607,100.883,0.45313,1.79053,0.979059,A,-0.0,-0.016498
7635.908,0.3691,202.269,2.7498,27,0.8324,22.474,1.91229,10.68419,3518.41,4117.498,9674.793,0.017688,0.669373,82.67,103.506,0.46077,1.26701,0.977919,A,0.0,0.038018
9694.472,0.49629,120.743,1.1408,22,0.656,14.432,2.06616,5.58086,3114.397,6580.074,3552.897,0.217059,0.628451,81.969,98.962,0.32125,0.36649,0.859494,A,0.001,0.007525
8454.367,0.41056,185.397,2.4779,17,0.6772,11.512,1.93744,5.42458,3629.17,4825.197,8992.676,0.136608,0.616604,83.667,102.424,0.42927,1.06367,0.857167,A,0.0,0.015489
13000.0,0.67583,155.457,1.5625,20,0.7168,14.335,1.98931,6.01202,3620.736,9379.264,5657.401,0.322528,0.812223,84.976,102.246,0.27852,0.43518,0.867083,A,0.0,-0.052684
12882.356,0.46989,122.195,2.9323,22,0.8543,18.794,2.06246,10.14533,5412.23,7470.126,15870.224,0.034875,0.785072,79.639,100.093,0.42013,1.23193,0.968818,A,0.0,-0.048019
8589.457,0.49412,187.383,3.6207,22,0.7104,15.628,1.93435,8.07947,3147.673,5441.784,11396.764,0.076371,0.735758,82.942,103.3,0.36646,1.32683,0.943361,A,0.0,-0.004554
10194.885,0.58893,147.072,2.2905,24,0.8243,19.783,2.00592,9.58582,3619.886,6574.999,8291.336,0.058238,0.881099,81.13,102.243,0.35507,0.81328,0.964888,A,0.0,0.033658
10618.105,0.44355,219.414,3.6586,17,0.7622,12.957,1.8891,6.47294,4170.948,6447.156,15259.983,0.119352,0.653292,84.55,104.09,0.39281,1.43717,0.8943,A,0.001,-0.02595
9167.075,0.63145,137.645,1.6237,19,0.7213,13.704,2.02595,5.98801,2025.44,7141.635,3288.681,0.34266,0.713351,84.46,100.591,0.22095,0.35875,0.880101,A,0.0,0.019769
9398.653,0.48837,157.875,1.2166,22,0.8264,18.18,1.98471,6.83967,3108.79,6289.863,3782.088,0.132332,0.664341,82.565,101.398,0.33077,0.40241,0.910372,A,0.0,0.013892
10946.271,0.38554,189.348,2.0841,22,0.6869,15.112,1.93132,6.7216,4912.505,6033.766,10238.248,0.08404,0.631013,83.112,102.696,0.44878,0.93532,0.902174,A,0.0,-0.006384
9577.836,0.40825,153.281,1.0922,27,0.8411,22.71,1.99352,8.17915,4005.791,5572.045,4375.168,0.055044,0.662167,81.354,101.139,0.41824,0.4568,0.943609,A,0.0,0.032466
9532.548,0.58119,220.935,2.1933,24,0.8462,20.309,1.88714,8.85834,2932.644,6599.904,6432.102,0.083877,0.802175,84.128,105.131,0.30765,0.67475,0.955601,A,0.0,-0.0378
9938.618,0.68706,176.798,2.2712,21,0.8509,17.868,1.95129,8.29325,2252.881,7685.737,5116.644,0.166028,0.839788,83.745,103.499,0.22668,0.51482,0.945223,A,0.0,-0.004147
11838.216,0.50165,141.258,1.3187,27,0.6904,18.64,2.0181,7.44363,4057.309,7780.907,5350.247,0.114106,0.703733,81.609,100.74,0.34273,0.45195,0.922043,A,0.0,-0.00327
9592.317,0.63768,169.861,3.4413,17,0.7772,13.212,1.96304,6.90489,2801.766,6790.551,9641.781,0.192393,0.82141,83.833,103.043,0.29208,1.00516,0.911876,A,-0.0,-0.037958
10565.633,0.44471,146.529,1.8136,27,0.7455,20.13,2.00704,9.03931,4267.832,6297.8,7740.202,0.047322,0.714004,80.962,101.11,0.40394,0.73258,0.957016,A,0.001,0.025914
10342.386,0.40204,192.346,1.9972,22,0.8197,18.034,1.92678,7.88142,4091.191,6251.195,8171.031,0.065085,0.622566,82.965,102.772,0.39558,0.79005,0.935962,A,0.0,-0.003765
11057.038,0.5621,193.169,2.8754,27,0.8781,23.708,1.92554,11.5254,3230.449,7826.589,9288.991,0.035144,0.779606,82.598,103.845,0.29216,0.8401,0.981733,A,0.0,-0.025584
9692.771,0.39449,181.555,1.5735,24,0.7991,19.179,1.94354,7.7923,4238.987,5453.783,6669.89,0.058445,0.655683,82.499,102.506,0.43733,0.68813,0.935208,A,0.001,0.000838
9246.232,0.33219,146.761,1.393,17,0.7291,12.395,2.00656,5.02477,4350.234,4895.998,6060.066,0.118884,0.521717,81.917,99.853,0.47049,0.65541,0.831622,A,0.0,0.007201
8951.817,0.48324,168.083,3.3657,27,0.7912,21.363,1.96614,11.13495,3908.467,5043.35,13154.898,0.021759,0.840879,81.512,103.084,0.43661,1.46952,0.98034,A,-0.0,-0.015391
10341.482,0.30005,197.538,1.533,27,0.859,23.194,1.91909,9.15033,5365.992,4975.489,8226.1,0.02375,0.598025,82.594,102.835,0.51888,0.79545,0.958928,A,0.001,0.052555
10194.326,0.45989,155.326,2.9466,27,0.7146,19.295,1.98956,9.91007,3794.915,6399.411,11181.93,0.038724,0.70965,81.225,101.562,0.37226,1.09688,0.968655,A,-0.0,-0.02772
9599.568,0.54874,144.24,3.8482,23,0.7855,18.066,2.01178,10.02351,2735.914,6863.654,10528.265,0.056972,0.744759,80.989,101.183,0.285,1.09674,0.97041,A,-0.0,0.028363
10318.627,0.39332,148.104,2.3204,17,0.6779,11.525,2.00382,5.59805,4590.707,5727.92,10652.204,0.125806,0.607728,82.067,100.496,0.4449,1.03233,0.857698,A,0.0,-0.033479
13000.0,0.30657,189.966,3.1356,21,0.8242,17.309,1.93038,8.63146,6947.963,6052.037,21785.808,0.030482,0.623535,82.426,102.674,0.53446,1.67583,0.94686,A,0.0,-0.034699
11168.843,0.5068,193.122,2.4324,19,0.6731,12.789,1.92561,5.93849,3865.787,7303.056,9403.012,0.189629,0.674688,84.635,103.15,0.34612,0.8419,0.870491,A,0.0,0.020063
7232.997,0.64737,140.169,2.2078,27,0.737,19.898,2.02044,9.63214,1708.401,5524.596,3771.873,0.086324,0.820872,81.193,101.45,0.2362,0.52148,0.968504,A,0.0,-0.036908
11940.233,0.5814,146.6,2.594,27,0.8255,22.288,2.00689,11.20563,4198.9,7741.334,10892.119,0.034644,0.877958,80.798,102.196,0.35166,0.91222,0.979045,A,-0.001,0.018659
10202.177,0.60482,140.622,1.1269,19,0.75,14.25,2.01946,5.30656,2994.665,7207.511,3374.648,0.323583,0.721675,84.345,100.822,0.29353,0.33078,0.842959,A,0.001,-0.022492
8461.896,0.6075,182.794,1.6723,16,0.6944,11.111,1.94155,4.61344,2429.602,6032.294,4063.119,0.401518,0.690464,87.072,102.793,0.28712,0.48017,0.810231,A,0.0,-0.00896
12003.495,0.41685,153.331,3.684,16,0.7439,11.903,1.99342,6.45801,5055.234,6948.261,18623.266,0.10946,0.640488,82.075,100.999,0.42115,1.55149,0.889411,A,0.0,0.033186
9868.463,0.64875,181.762,3.5647,20,0.7012,14.023,1.9432,7.27526,2410.812,7457.651,8593.813,0.207292,0.791452,84.471,103.412,0.24429,0.87084,0.921941,A,0.0,0.050531
11513.647,0.4805,182.054,3.8679,20,0.6584,13.169,1.94273,6.94874,4346.734,7166.913,16812.704,0.116895,0.701019,83.288,102.828,0.37753,1.46024,0.908155,A,0.0,0.053728
9067.251,0.68189,164.624,3.7686,18,0.689,12.402,1.97229,6.65695,2231.38,6835.872,8409.234,0.262068,0.818931,84.549,102.766,0.24609,0.92743,0.905421,A,-0.001,-0.013002
11573.419,0.38666,202.691,3.9227,24,0.7229,17.35,1.9117,8.95872,5661.025,5912.394,22206.392,0.035989,0.722417,82.925,103.874,0.48914,1.91874,0.954472,A,0.0,0.029626
9564.759,0.32909,156.257,2.4828,17,0.6746,11.468,1.98778,5.61637,5055.348,4509.411,12551.637,0.086065,0.601544,81.888,100.898,0.52854,1.31228,0.861775,A,0.0,-0.031117
11423.806,0.49978,188.363,1.6833,19,0.7988,15.178,1.93283,6.27457,4422.863,7000.942,7445.116,0.149726,0.720926,83.945,103.246,0.38716,0.65172,0.884012,A,0.001,0.011065
11216.721,0.5045,157.025,2.447,26,0.7186,18.683,1.98632,9.10196,3710.261,7506.46,9078.996,0.065368,0.721549,81.646,101.731,0.33078,0.80942,0.957141,A,0.0,0.024697
8259.763,0.67134,157.783,1.3635,23,0.8097,18.624,1.98488,7.36585,2316.684,5943.079,3158.837,0.172236,0.865896,83.088,102.724,0.28048,0.38244,0.928042,A,0.0,0.004573
10539.619,0.53315,153.918,1.049,27,0.8025,21.668,1.99228,7.64607,3448.479,7091.141,3617.444,0.113971,0.736997,82.159,101.667,0.32719,0.34322,0.930056,A,-0.001,0.021626
10693.463,0.53686,193.771,1.5679,22,0.6622,14.568,1.92464,5.82393,3916.956,6776.508,6141.486,0.194858,0.734547,84.726,103.574,0.36629,0.57432,0.867051,A,-0.001,-0.021288
9898.227,0.50891,185.336,1.088,20,0.6811,13.622,1.93754,4.69495,3420.257,6477.97,3721.266,0.283898,0.627708,85.61,102.494,0.34554,0.37595,0.807236,A,0.0,0.028988
7315.285,0.3008,182.838,3.2307,18,0.6524,11.742,1.94148,5.9491,4175.154,3140.131,13488.778,0.060407,0.620429,82.571,102.332,0.57074,1.84392,0.885382,A,0.0,0.000864
10408.721,0.69405,179.363,3.3708,23,0.6777,15.587,1.94708,8.00992,2155.099,8253.622,7264.444,0.205629,0.821585,84.362,103.499,0.20705,0.69792,0.938658,A,0.0,-0.030073
9507.352,0.44448,164.758,1.7598,23,0.7702,17.715,1.97204,7.6707,3578.503,5928.848,6297.593,0.079391,0.664832,82.143,101.756,0.37639,0.66239,0.93277,A,0.001,0.039012
11780.536,0.44911,193.356,2.387,26,0.7452,19.376,1.92526,8.94515,4825.091,6955.445,11517.434,0.050457,0.725659,82.806,103.497,0.40958,0.97767,0.953984,A,0.0,0.015643
8390.265,0.61545,186.525,3.9547,26,0.7996,20.791,1.93568,10.9599,2511.28,5878.985,9931.322,0.042232,0.860305,82.461,104.083,0.29931,1.18367,0.979462,A,0.0,0.012027
11460.759,0.64466,173.014,3.1398,22,0.67,14.741,1.95763,7.51008,2610.87,8849.889,8197.674,0.21322,0.771937,84.227,102.87,0.22781,0.71528,0.924652,A,0.0,0.046431
10191.792,0.34077,227.153,1.7008,22,0.6515,14.333,1.8793,5.69446,4861.334,5330.457,8268.394,0.097921,0.562251,84.498,103.784,0.47699,0.81128,0.862938,A,0.001,-0.024505
13000.0,0.3514,174.323,2.6611,23,0.8387,19.291,1.95542,9.40326,5854.766,7145.234,15580.29,0.031648,0.613411,81.88,101.887,0.45037,1.19848,0.95944,A,0.0,-0.056768
8474.823,0.57853,148.183,3.052,17,0.7762,13.195,2.00366,6.90691,2573.058,5901.766,7852.92,0.162105,0.760087,82.55,101.506,0.30361,0.92662,0.914928,A,-0.001,-0.021831
11420.353,0.60115,156.496,1.4364,16,0.6585,10.536,1.98732,4.26605,3091.841,8328.512,4441.097,0.52013,0.631223,87.628,101.107,0.27073,0.38888,0.765756,A,-0.0,0.037616
9184.168,0.34634,188.223,1.7432,16,0.7106,11.369,1.93305,4.7618,4214.085,4970.083,7345.9,0.139083,0.522079,83.799,101.927,0.45884,0.79984,0.81574,A,0.0,-0.038801
8562.885,0.36185,197.845,2.1671,20,0.7404,14.808,1.91865,6.60252,4262.726,4300.158,9237.607,0.06898,0.652179,83.201,103.206,0.49781,1.0788,0.905102,A,0.001,-0.035647
11600.197,0.53234,204.593,3.429,27,0.7065,19.076,1.90902,9.5494,4246.186,7354.011,14560.06,0.053887,0.808601,83.223,104.521,0.36604,1.25516,0.962947,A,0.0,-0.026003
10891.132,0.55024,192.917,2.0581,21,0.8026,16.854,1.92592,7.43407,3956.042,6935.09,8141.814,0.115298,0.798349,83.647,103.958,0.36324,0.74756,0.923887,A,0.0,-0.009425
11559.295,0.37912,157.457,3.3741,24,0.7539,18.095,1.9855,9.5732,5205.465,6353.83,17563.662,0.030899,0.66441,81.209,101.377,0.45033,1.51944,0.963297,A,0.0,-0.031933
7572.173,0.64772,170.588,2.2629,26,0.7336,19.073,1.96178,8.9136,1972.288,5599.885,4463.13,0.101836,0.839984,82.665,103.201,0.26047,0.58941,0.959049,A,-0.0,-0.015827
8188.762,0.43514,199.638,3.7956,17,0.818,13.906,1.91605,7.15704,3702.498,4486.264,14053.315,0.074335,0.732908,83.332,103.815,0.45214,1.71617,0.92276,A,-0.0,0.013932
10870.476,0.449,166.077,2.6202,21,0.7753,16.281,1.96969,7.98798,4522.204,6348.272,11849.143,0.06763,0.720666,82.039,102.191,0.41601,1.09003,0.937339,A,0.0,0.023278
8717.071,0.41244,193.17,3.5214,21,0.8754,18.382,1.92554,9.38042,3705.579,5011.492,13048.895,0.034993,0.691533,82.596,103.264,0.42509,1.49694,0.963934,A,0.0,-0.01266
11969.638,0.58555,201.7,3.6716,21,0.7562,15.88,1.9131,8.0968,3983.254,7986.384,14624.85,0.109547,0.822956,83.864,104.496,0.33278,1.22183,0.937742,A,0.0,0.025374
12492.734,0.51873,192.029,3.0057,23,0.8529,19.618,1.92725,9.65782,4372.235,8120.498,13141.73,0.054225,0.768835,82.81,103.724,0.34998,1.05195,0.963415,A,0.001,-0.051615
9800.905,0.59326,200.481,3.3125,17,0.8954,15.222,1.91484,7.59552,2531.428,7269.478,8385.336,0.159957,0.74415,84.49,103.924,0.25829,0.85557,0.93036,A,-0.001,-0.016782
10044.242,0.54099,175.49,1.4358,17,0.8877,15.091,1.95347,5.95633,3270.963,6773.279,4696.475,0.206837,0.702362,84.236,102.53,0.32566,0.46758,0.875493,A,0.0,-0.015479
10038.207,0.33376,187.733,1.7866,23,0.8075,18.572,1.9338,7.85289,4997.507,5040.7,8928.771,0.04297,0.622057,82.513,102.565,0.49785,0.88948,0.935904,A,0.0,0.006373
9560.551,0.55379,120.471,3.0337,25,0.6637,16.592,2.06686,9.06016,3278.295,6282.256,9945.394,0.066872,0.80788,79.972,100.128,0.3429,1.04025,0.958594,A,0.0,0.002418
9943.225,0.36385,190.762,1.4735,18,0.7132,12.838,1.92917,5.02536,4460.879,5482.346,6572.976,0.139451,0.546442,83.892,102.2,0.44864,0.66105,0.828055,A,0.0,-0.015734
9650.42,0.3768,194.563,2.4912,23,0.7219,16.603,1.92347,7.7498,4429.964,5220.456,11035.955,0.053912,0.650792,82.892,103.055,0.45904,1.14357,0.934321,A,0.0,0.019036
10642.01,0.52311,166.037,1.7655,22,0.8962,19.716,1.96976,8.53258,3636.073,7005.937,6419.513,0.078758,0.753733,82.185,102.407,0.34167,0.60322,0.948559,A,0.0,-0.033899
9499.736,0.50918,192.098,2.8984,16,0.7299,11.679,1.92715,5.69643,3663.184,5836.552,10617.502,0.177127,0.717592,84.435,103.389,0.38561,1.11766,0.86586,A,0.0,-0.036239
9218.124,0.43512,197.913,1.8688,24,0.6909,16.583,1.91855,7.03844,4005.542,5212.582,7485.422,0.083256,0.705499,83.392,103.56,0.43453,0.81203,0.916857,A,0.0,0.033322
9549.935,0.56708,176.465,2.6543,27,0.753,20.33,1.95184,9.87551,2939.143,6610.792,7801.373,0.057334,0.793711,82.298,103.179,0.30777,0.8169,0.968884,A,-0.0,0.005986
9081.602,0.41876,177.859,3.9248,23,0.8756,20.14,1.94954,10.71513,3632.513,5449.089,14256.962,0.023936,0.68196,81.909,102.507,0.39999,1.56987,0.977137,A,0.0,0.003088
9879.073,0.33732,157.929,3.7376,26,0.8318,21.627,1.98461,11.69442,4970.93,4908.143,18579.135,0.011147,0.667665,80.968,101.423,0.50318,1.88066,0.983372,A,0.0,0.002652
10808.82,0.43233,167.838,2.8806,23,0.8699,20.007,1.96657,10.04399,4386.229,6422.591,12635.007,0.032449,0.705432,81.643,102.178,0.4058,1.16895,0.969542,A,0.0,-0.052809
13000.0,0.45927,162.664,1.8189,19,0.7037,13.37,1.97583,5.87481,5359.602,7640.398,9748.506,0.155351,0.672461,83.063,101.7,0.41228,0.74989,0.860544,A,0.0,0.02079
7556.879,0.51389,165.966,1.8515,19,0.8083,15.357,1.96988,6.7605,2821.836,4735.043,5224.501,0.119676,0.748819,82.722,102.371,0.37341,0.69136,0.913039,A,0.0,0.00834
7932.976,0.3913,151.059,1.9758,23,0.6926,15.929,1.99789,7.31971,3379.055,4553.921,6676.192,0.066485,0.632308,81.411,100.822,0.42595,0.84157,0.927627,A,-0.0,0.036357
9897.419,0.61303,189.887,3.4472,26,0.8329,21.656,1.9305,11.04152,2536.634,7360.786,8744.355,0.050011,0.807056,82.681,103.882,0.25629,0.8835,0.979092,A,-0.001,-0.011339
10047.358,0.68281,180.274,3.7494,27,0.8052,21.742,1.9456,11.42373,2324.687,7722.671,8716.21,0.05422,0.872031,82.397,103.874,0.23137,0.86751,0.981627,A,0.0,-0.016528
9932.65,0.33982,154.485,3.6965,23,0.6969,16.029,1.99118,8.68924,4783.633,5149.017,17682.734,0.033643,0.624278,81.122,100.954,0.48161,1.78026,0.952321,A,0.0,-0.040677
12808.346,0.67862,170.236,3.9561,21,0.6536,13.725,1.96239,7.38574,3134.202,9674.144,12399.088,0.226708,0.825031,84.3,103.085,0.2447,0.96805,0.918253,A,-0.0,-0.017603
7261.37,0.40342,176.928,2.2551,16,0.8491,13.586,1.95108,6.29106,3360.599,3900.771,7578.33,0.088484,0.67474,82.727,102.416,0.46281,1.04365,0.89849,A,-0.0,0.016419
9767.383,0.45558,177.335,2.3934,17,0.849,14.433,1.9504,6.80029,4148.501,5618.883,9929.174,0.098571,0.71917,82.875,102.728,0.42473,1.01656,0.908105,A,-0.001,-0.029632
8091.15,0.57617,159.825,1.603,23,0.8406,19.335,1.98106,8.13981,2677.831,5413.318,4292.448,0.095037,0.814175,82.152,102.489,0.33096,0.53051,0.94541,A,0.001,-0.003312
9546.241,0.41517,167.781,2.7394,27,0.7467,20.161,1.96667,9.9893,4454.969,5091.272,12204.092,0.026599,0.755182,81.564,102.503,0.46667,1.27842,0.970102,A,0.0,-0.021816
10772.098,0.41666,177.033,3.9347,20,0.661,13.22,1.9509,7.04446,4898.1,5873.998,19272.697,0.079657,0.697678,82.614,102.572,0.4547,1.78913,0.913071,A,0.0,-0.024776
7834.636,0.31828,163.141,3.2118,22,0.8226,18.097,1.97496,9.39169,4101.351,3733.285,13172.853,0.02124,0.644596,81.311,101.54,0.52349,1.68136,0.965065,A,0.0,0.034673
11535.675,0.58735,153.719,3.4461,26,0.8383,21.795,1.99267,11.6471,3959.942,7575.733,13646.316,0.030368,0.87849,81.047,102.591,0.34328,1.18297,0.982251,A,0.0,0.017509
8730.878,0.47233,159.829,3.7062,20,0.8581,17.163,1.98105,9.23987,2903.766,5827.112,10761.911,0.053826,0.680878,81.609,101.609,0.33259,1.23263,0.962099,A,0.0,0.005133
8427.802,0.62999,184.635,2.3112,17,0.6653,11.31,1.93864,5.22594,2064.505,6363.297,4771.477,0.393449,0.706729,87.031,102.984,0.24496,0.56616,0.847012,A,0.0,0.027029
7531.262,0.69714,169.192,1.8109,26,0.6855,17.822,1.96421,7.75122,1813.565,5717.697,3284.16,0.17784,0.861858,83.615,103.277,0.2408,0.43607,0.938571,A,-0.0,-0.02331
8950.387,0.66698,174.33,2.032,18,0.6759,12.167,1.95541,5.46807,2623.473,6326.913,5330.948,0.3251,0.808738,85.753,103.176,0.29311,0.59561,0.85713,A,0.001,0.023083
8886.941,0.49407,182.354,2.3446,17,0.7408,12.594,1.94226,5.86087,3202.919,5684.022,7509.572,0.170363,0.676477,84.005,102.68,0.36041,0.84501,0.875726,A,0.0,0.0019
11242.712,0.60087,168.288,2.1056,27,0.8253,22.282,1.96578,10.21098,2932.666,8310.046,6175.107,0.067017,0.789266,82.117,102.753,0.26085,0.54925,0.970907,A,0.0,0.033116
7657.027,0.42806,175.833,1.4276,24,0.8829,21.189,1.95289,8.3402,2945.997,4711.029,4205.688,0.055839,0.660818,82.255,102.272,0.38474,0.54926,0.949811,A,0.001,0.032689
10319.606,0.64997,151.911,2.5189,22,0.8874,19.524,1.99621,9.66051,2877.694,7441.912,7248.557,0.080026,0.870363,81.626,102.439,0.27886,0.70241,0.965667,A,0.0,-0.020882
11261.948,0.34359,138.009,3.9922,17,0.8389,14.262,2.02515,8.048,5239.324,6022.624,20916.382,0.045835,0.602615,80.559,99.882,0.46522,1.85726,0.937939,A,0.0,0.024736
9622.06,0.50434,190.56,1.949,27,0.8812,23.791,1.92947,10.33443,3814.078,5807.982,7433.615,0.03379,0.813354,82.49,103.953,0.39639,0.77256,0.973443,A,0.0,-0.033347
11152.651,0.501,143.489,2.8766,16,0.8467,13.547,2.01336,7.03458,3774.984,7377.667,10859.079,0.130554,0.690554,81.926,100.782,0.33848,0.97368,0.911796,A,0.0,-0.038568
8960.425,0.67671,148.789,2.8605,25,0.8579,21.447,2.00243,11.03463,2813.375,6147.05,8047.744,0.043898,0.966333,81.016,102.901,0.31398,0.89814,0.979632,A,0.0,0.010398
10621.274,0.63164,169.509,1.2386,20,0.6562,13.123,1.96365,4.89976,2363.574,8257.7,2927.531,0.520376,0.663484,88.148,101.984,0.22253,0.27563,0.816667,A,-0.0,0.022499
9499.27,0.63153,184.409,1.1553,20,0.7562,15.124,1.93899,5.36838,2685.603,6813.666,3102.783,0.336093,0.747977,86.266,103.246,0.28272,0.32663,0.849541,A,0.001,-0.00384
13000.0,0.64754,162.527,3.4325,27,0.7714,20.828,1.97608,10.98592,3705.552,9294.448,12719.39,0.052953,0.884586,81.705,103.093,0.28504,0.97841,0.976691,A,0.0,0.061326
9574.15,0.60209,164.701,1.5061,23,0.8652,19.899,1.97215,8.12137,2821.004,6753.147,4248.704,0.117571,0.804488,82.645,102.675,0.29465,0.44377,0.942464,A,-0.001,0.005988
9551.086,0.49216,167.376,3.2535,27,0.7285,19.67,1.96739,10.18129,3499.196,6051.89,11384.705,0.037559,0.755003,81.693,102.482,0.36637,1.19198,0.972041,A,0.0,0.041078
10605.757,0.36571,150.181,3.3496,25,0.7212,18.03,1.99964,9.62181,4858.756,5747.001,16274.846,0.028018,0.651213,80.866,100.898,0.45812,1.53453,0.964902,A,-0.0,-0.022995
9206.674,0.39817,191.762,1.93,17,0.7502,12.753,1.92765,5.51342,3914.84,5291.834,7555.546,0.13272,0.594543,83.837,102.562,0.42522,0.82066,0.858263,A,0.0,0.02096
9705.959,0.45717,203.137,3.1585,27,0.8904,24.042,1.91107,11.82668,4208.748,5497.211,13293.192,0.01665,0.794443,82.685,104.367,0.43363,1.36959,0.984207,A,0.0,-0.023177
10507.627,0.5255,172.305,3.7808,24,0.8932,21.436,1.95884,11.39808,4076.498,6431.128,15412.27,0.025457,0.842469,81.722,103.301,0.38796,1.46677,0.981206,A,0.001,-0.043396
11312.846,0.68472,166.962,1.4014,25,0.8228,20.571,1.96812,8.12822,2361.484,8951.362,3309.413,0.198227,0.813063,83.798,102.845,0.20874,0.29254,0.939569,A,0.0,0.000782
9106.217,0.31146,177.724,2.9506,17,0.8267,14.054,1.94976,7.00847,4495.886,4610.331,13265.476,0.052821,0.56367,82.285,101.72,0.49372,1.45675,0.916269,A,0.0,0.039878
10091.073,0.66342,172.913,3.2916,17,0.6752,11.478,1.95781,5.91429,2389.207,7701.867,7864.402,0.354542,0.759239,86.089,102.781,0.23676,0.77934,0.87347,A,-0.001,-0.012378
9743.489,0.44992,157.332,2.8492,24,0.8622,20.693,1.98573,10.50739,3829.899,5913.59,10912.121,0.028718,0.72271,81.175,101.755,0.39307,1.11994,0.974911,A,0.0,-0.007098
11046.529,0.50032,167.796,1.1274,26,0.704,18.303,1.96665,6.56019,4193.046,6853.483,4727.224,0.136837,0.72271,83.02,102.29,0.37958,0.42794,0.896186,A,0.0,-0.045145
11232.229,0.5839,174.54,1.7901,25,0.7791,19.478,1.95506,8.37809,3464.755,7767.473,6202.251,0.104568,0.797708,82.85,103.114,0.30847,0.55218,0.944758,A,0.001,0.02066
10605.948,0.3173,181.971,1.1388,16,0.786,12.577,1.94287,4.44743,5172.62,5433.328,5890.428,0.139674,0.486411,83.586,101.408,0.48771,0.55539,0.785315,A,0.0,-0.043731
10399.454,0.40618,135.209,1.3311,21,0.6615,13.892,2.03139,5.62196,4673.714,5725.74,6221.379,0.127846,0.63338,81.51,99.917,0.44942,0.59824,0.858545,A,0.0,-0.034616
12688.2,0.59976,157.157,3.1113,27,0.7119,19.22,1.98607,9.98021,3378.859,9309.34,10512.54,0.074006,0.790582,81.766,102.194,0.2663,0.82853,0.967141,A,0.001,0.022357
8692.3,0.38751,167.848,1.7164,21,0.7991,16.78,1.96656,7.17055,3800.422,4891.878,6522.924,0.069225,0.634788,82.129,101.712,0.43722,0.75043,0.921896,A,0.0,-0.036492
12456.453,0.3346,156.451,2.619,21,0.8732,18.338,1.98741,9.11493,5502.672,6953.781,14411.634,0.033475,0.57288,81.202,100.719,0.44175,1.15696,0.955804,A,0.0,0.045169
10808.018,0.36932,186.636,2.1891,16,0.6587,10.54,1.93551,4.77767,5184.489,5623.529,11349.118,0.148125,0.573253,83.863,102.194,0.47969,1.05006,0.80761,A,0.0,-0.040095
7701.212,0.3056,175.116,1.0309,20,0.8227,16.454,1.95409,5.59519,4175.67,3525.542,4304.584,0.07404,0.579856,82.469,101.703,0.54221,0.55895,0.868635,A,0.0,0.017098
10195.165,0.65707,143.406,2.0035,24,0.8984,21.561,2.01353,10.0662,2229.036,7966.128,4465.883,0.089193,0.815965,81.377,101.605,0.21864,0.43804,0.970321,A,0.001,0.041025
7879.31,0.51769,188.884,2.8758,24,0.7144,17.145,1.93203,8.37811,2866.759,5012.551,8244.25,0.070978,0.773176,82.923,103.614,0.36383,1.04632,0.950117,A,0.0,-0.020958
9816.184,0.58066,147.355,2.6732,27,0.6658,17.976,2.00534,9.10259,2873.18,6943.005,7680.705,0.08156,0.787193,81.451,101.639,0.2927,0.78245,0.958887,A,-0.001,0.043906
7000.0,0.3198,171.831,3.0831,17,0.8684,14.763,1.95965,7.49971,3888.439,3111.561,11988.269,0.037955,0.672016,81.869,102.153,0.55549,1.71261,0.934073,A,0.0,-0.004479
11095.352,0.618,172.832,1.6485,26,0.7576,19.697,1.95794,8.23746,2810.908,8284.445,4633.709,0.140995,0.779842,83.267,102.913,0.25334,0.41763,0.942201,A,-0.001,0.045405
8817.505,0.47783,180.821,1.9627,24,0.7859,18.862,1.94472,8.31091,3650.038,5167.467,7164.075,0.060723,0.772455,82.502,103.243,0.41395,0.81248,0.947395,A,0.0,-0.008565
12479.22,0.38849,158.139,1.7451,26,0.7113,18.495,1.98421,8.05651,5712.402,6766.817,9968.945,0.054362,0.670556,81.547,101.453,0.45775,0.79884,0.935947,A,0.001,-0.01516
8915.908,0.61761,157.499,3.0973,21,0.8507,17.865,1.98542,9.26222,2736.531,6179.378,8475.823,0.076109,0.857411,81.808,102.653,0.30693,0.95064,0.962177,A,-0.001,0.012632
10084.297,0.42346,174.92,2.9626,24,0.7122,17.094,1.95442,8.56387,4187.489,5896.807,12405.996,0.051034,0.687926,82.158,102.407,0.41525,1.23023,0.949955,A,0.001,0.025242
7966.26,0.31316,152.979,3.6247,19,0.7258,13.791,1.99411,7.46022,4235.915,3730.345,15353.794,0.040622,0.622634,81.151,100.862,0.53173,1.92735,0.931026,A,0.0,0.003014
9810.086,0.35657,154.862,2.2478,20,0.8582,17.164,1.99045,8.17704,4964.756,4845.33,11159.997,0.040041,0.6809,81.223,101.348,0.50609,1.1376,0.943169,A,0.0,0.003373
10068.886,0.3615,180.085,3.0307,16,0.7258,11.612,1.94591,5.81269,4777.057,5291.828,14477.914,0.099835,0.597717,82.992,102.055,0.47444,1.43789,0.868976,A,0.001,-0.030753
10763.29,0.43556,128.0,1.9548,17,0.8342,14.182,2.04815,6.72668,4271.097,6492.193,8349.199,0.106613,0.651967,80.881,99.592,0.39682,0.77571,0.902869,A,0.0,0.008534
13000.0,0.40901,191.444,2.3982,27,0.659,17.793,1.92813,8.24445,6394.996,6605.004,15336.489,0.050592,0.756034,82.743,103.614,0.49192,1.17973,0.939152,A,0.0,-0.013232
12476.641,0.3182,148.409,3.0723,23,0.7449,17.133,2.0032,8.98021,6017.416,6459.226,18487.45,0.030584,0.586137,80.823,100.371,0.48229,1.48176,0.953644,A,-0.001,0.039165
11182.058,0.3509,186.833,2.9159,17,0.7451,12.667,1.9352,6.22733,5752.24,5429.819,16772.691,0.079877,0.638007,82.969,102.63,0.51442,1.49996,0.882899,A,-0.001,0.049947
9519.788,0.69141,163.412,3.9096,27,0.7217,19.485,1.97447,10.55559,2250.493,7269.295,8798.541,0.071664,0.883277,81.988,103.129,0.2364,0.92424,0.975497,A,0.0,-0.003789
9584.567,0.6905,158.977,1.4686,20,0.6793,13.585,1.98264,5.53155,2117.035,7467.532,3109.058,0.445396,0.75998,86.743,102.087,0.22088,0.32438,0.857524,A,0.0,0.049623
9551.664,0.66506,137.274,2.2766,20,0.8328,16.656,2.02678,8.17569,2147.89,7403.775,4889.901,0.166846,0.809595,82.122,101.204,0.22487,0.51194,0.943586,A,-0.001,0.003584
8735.243,0.61414,185.003,3.9431,21,0.6553,13.76,1.93806,7.26306,2357.34,6377.903,9295.11,0.17231,0.777439,84.125,103.467,0.26987,1.06409,0.924283,A,0.0,0.03835
11025.491,0.36951,134.407,3.1867,16,0.8241,13.185,2.0332,7.12156,5360.537,5664.954,17082.548,0.064785,0.65786,80.64,100.03,0.48619,1.54937,0.914757,A,0.0,0.000151
9937.504,0.57687,149.651,1.0636,23,0.8367,19.245,2.0007,6.87893,3166.61,6770.894,3368.1,0.162677,0.770577,82.621,101.657,0.31865,0.33893,0.91014,A,0.0,0.018132
10816.115,0.41839,154.984,1.7538,18,0.8664,15.594,1.99022,6.83536,4703.237,6112.878,8248.695,0.090109,0.670977,81.889,101.289,0.43484,0.76263,0.90635,A,0.0,-0.05017
9656.227,0.34269,121.84,2.582,24,0.7006,16.814,2.06336,8.77874,4581.362,5074.865,11828.86,0.033099,0.622171,79.597,98.994,0.47445,1.225,0.954175,A,0.0,0.020098
10590.079,0.32367,181.989,3.7188,23,0.7077,16.278,1.94284,8.51992,5836.623,4753.456,21705.222,0.030298,0.683902,82.143,102.712,0.55114,2.04958,0.94841,A,0.0,-0.045199
12672.548,0.38063,190.136,3.8899,17,0.7412,12.601,1.93012,6.59162,6374.859,6297.689,24797.514,0.081365,0.683552,83.104,103.078,0.50304,1.95679,0.892465,A,0.0,0.063631
10565.773,0.58366,173.898,3.6364,23,0.8277,19.036,1.95614,10.0179,3297.899,7267.874,11992.486,0.057067,0.822611,82.199,103.247,0.31213,1.13503,0.969482,A,0.0,-0.015232
11432.415,0.35456,156.364,3.0262,19,0.8507,16.163,1.98757,8.34492,5276.332,6156.083,15967.307,0.043183,0.621433,81.326,101.035,0.46152,1.39667,0.943789,A,0.0,0.036091
8775.074,0.59839,201.878,2.4354,26,0.8572,22.287,1.91285,10.24767,2797.371,5977.703,6812.698,0.050066,0.854981,83.085,104.714,0.31879,0.77637,0.973328,A,0.0,0.040866
9829.192,0.68913,171.332,3.2728,26,0.829,21.554,1.96051,11.11408,2090.59,7738.602,6842.177,0.065909,0.857499,82.219,103.353,0.21269,0.69611,0.979658,A,0.0,-0.04109
9486.427,0.4951,172.64,3.9107,22,0.7588,16.693,1.95827,8.93432,3068.104,6418.323,11998.384,0.066091,0.700183,82.271,102.378,0.32342,1.26479,0.956827,A,0.0,-0.044707
10812.637,0.55699,174.108,3.4876,22,0.7394,16.266,1.95578,8.47958,3785.042,7027.596,13200.8,0.0838,0.811844,82.56,103.186,0.35006,1.22087,0.947333,A,-0.001,0.032516
10508.88,0.64831,158.808,2.4913,21,0.689,14.47,1.98295,7.06864,3206.608,7302.272,7988.653,0.181726,0.853197,83.255,102.693,0.30513,0.76018,0.914469,A,-0.0,0.011384
9059.133,0.40566,170.697,3.7136,24,0.8375,20.099,1.9616,10.66915,4225.166,4833.967,15690.502,0.020194,0.742578,81.592,102.564,0.4664,1.73201,0.976782,A,0.0,0.007344
10600.957,0.65916,130.941,3.5847,17,0.7639,12.987,2.04118,7.24518,3016.287,7584.669,10812.349,0.186782,0.84702,82.084,101.065,0.28453,1.01994,0.919375,A,0.001,-0.027639
10266.986,0.54929,170.582,2.9423,26,0.6611,17.189,1.9618,8.64482,2928.053,7338.932,8615.161,0.094209,0.730857,82.564,102.481,0.28519,0.83911,0.951087,A,0.001,-0.00603
7737.586,0.48164,145.627,2.6734,25,0.7431,18.579,2.0089,9.43204,2843.639,4893.947,7602.146,0.045002,0.735352,80.892,101.2,0.36751,0.9825,0.965662,A,0.0,-0.012236
10046.574,0.5072,191.287,3.7768,20,0.7226,14.452,1.92837,7.50329,3734.463,6312.111,14104.203,0.098868,0.748791,83.374,103.559,0.37172,1.40388,0.927543,A,0.0,-0.048463
11878.202,0.35761,170.511,3.1398,27,0.6891,18.605,1.96192,9.50979,5888.486,5989.716,18488.864,0.027318,0.682329,81.678,102.157,0.49574,1.55654,0.96213,A,-0.0,-0.054772
8768.821,0.57446,178.607,1.5387,18,0.8845,15.92,1.94831,6.43572,2673.756,6095.065,4114.033,0.19076,0.742785,84.138,102.944,0.30492,0.46917,0.898748,A,0.0,-0.031639
11744.6,0.64946,157.244,1.6062,27,0.8078,21.81,1.9859,9.22186,3211.26,8533.34,5157.985,0.099111,0.856571,82.101,102.634,0.27342,0.43918,0.958274,A,0.0,-0.034851
11157.424,0.54278,185.407,2.3564,19,0.8624,16.385,1.93742,7.608,4032.962,7124.461,9503.45,0.10838,0.788686,83.295,103.56,0.36146,0.85176,0.927825,A,0.001,-0.028471
10373.298,0.4595,169.286,1.9114,25,0.7309,18.272,1.96404,8.09737,4387.264,5986.034,8385.872,0.064569,0.748954,82.123,102.537,0.42294,0.80841,0.940569,A,0.0,-0.014927
10787.899,0.46318,165.562,2.5419,27,0.7528,20.325,1.9706,9.89466,4152.044,6635.856,10554.014,0.038597,0.728837,81.636,102.219,0.38488,0.97832,0.967928,A,-0.001,0.025237
8917.529,0.33831,177.35,1.8422,23,0.7813,17.969,1.95038,7.78054,4422.483,4495.047,8147.232,0.04334,0.628515,82.146,102.13,0.49593,0.91362,0.936467,A,-0.001,0.014358
11186.712,0.60376,153.061,3.1611,27,0.8782,23.713,1.99395,12.43173,2831.28,8355.432,8949.883,0.03185,0.797555,81.039,102.021,0.25309,0.80005,0.986648,A,-0.0,-0.0036
7998.002,0.41661,205.104,1.6517,16,0.7659,12.254,1.9083,4.93236,3361.965,4636.037,5552.936,0.16576,0.598514,84.717,103.156,0.42035,0.69429,0.83275,A,0.0,0.035246
8448.485,0.30693,144.273,3.8849,24,0.8763,21.032,2.01171,11.69135,4318.046,4130.438,16775.242,0.009566,0.617807,80.364,100.347,0.5111,1.98559,0.984071,A,0.001,-0.026436
10943.483,0.6597,170.157,1.2502,23,0.6699,15.408,1.96253,5.77209,2124.163,8819.32,2655.705,0.463509,0.70695,87.423,102.302,0.1941,0.24267,0.863622,A,0.0,0.028793
8482.966,0.37216,182.382,3.0729,23,0.8254,18.984,1.94221,9.50792,3419.686,5063.28,10508.42,0.031611,0.602168,82.174,102.191,0.40312,1.23877,0.96576,A,0.0,-0.024259
13000.0,0.4732,197.577,3.4685,22,0.7842,17.252,1.91904,8.72854,5718.99,7281.01,19836.47,0.05525,0.801485,83.011,104.18,0.43992,1.52588,0.948636,A,0.0,0.005503
10649.042,0.3395,145.13,1.5068,22,0.7113,15.649,2.00993,6.56648,5445.648,5203.393,8205.444,0.067975,0.623664,81.173,100.434,0.51137,0.77053,0.897612,A,0.001,0.012944
11504.539,0.67951,136.654,1.9513,22,0.6665,14.663,2.02815,6.85548,2855.684,8648.855,5572.156,0.2597,0.81812,83.319,101.223,0.24822,0.48434,0.905132,A,0.0,0.026908
11602.685,0.60657,157.384,2.6716,23,0.7929,18.238,1.98564,9.10265,3216.327,8386.358,8592.587,0.094808,0.802847,82.05,102.286,0.27721,0.74057,0.956673,A,-0.0,-0.055251
9561.044,0.61064,189.402,2.7756,16,0.8838,14.141,1.93124,6.84198,2788.157,6772.887,7738.936,0.188457,0.784435,84.492,103.711,0.29162,0.80942,0.91,A,0.0,0.018591
10190.853,0.50115,161.407,2.0641,20,0.7886,15.771,1.97813,7.2473,3921.621,6269.233,8094.728,0.103654,0.749804,82.33,102.146,0.38482,0.79431,0.920408,A,-0.001,-0.041703
10866.713,0.58504,170.833,3.4397,26,0.7726,20.087,1.96136,10.48378,3238.793,7627.92,11140.601,0.051343,0.811644,82.008,103.026,0.29805,1.0252,0.973843,A,0.0,0.016924
10165.903,0.45187,163.711,2.5963,25,0.7721,19.302,1.97393,9.47626,4287.224,5878.679,11130.867,0.039059,0.75293,81.569,102.284,0.42173,1.09492,0.963547,A,0.0,-0.021873
12522.749,0.63759,169.668,3.12,26,0.7327,19.049,1.96338,9.73251,4092.506,8430.243,12768.787,0.069593,0.913333,82.204,103.64,0.32681,1.01965,0.964329,A,0.0,-0.049365
11712.346,0.36452,161.735,2.6878,20,0.7085,14.17,1.97753,7.04168,4679.952,7032.394,12578.795,0.081568,0.552815,82.052,100.862,0.39957,1.07398,0.910587,A,-0.0,0.03715
10492.586,0.43716,184.099,1.1586,25,0.6852,17.13,1.93948,6.09057,3963.248,6529.339,4591.995,0.139335,0.617942,83.657,102.374,0.37772,0.43764,0.879611,A,-0.001,-0.033065
12066.202,0.34779,153.996,2.8806,22,0.8699,19.138,1.99213,9.79119,5890.571,6175.63,16968.213,0.024579,0.65608,80.982,101.138,0.48819,1.40626,0.965499,A,0.001,0.012719
10274.601,0.46613,212.221,1.9346,27,0.8511,22.979,1.89856,9.71167,3723.104,6551.497,7202.613,0.043324,0.706408,83.326,104.157,0.36236,0.70101,0.966321,A,0.0,-0.029886
11334.366,0.64509,147.507,3.1472,23,0.7431,17.092,2.00503,9.02335,2585.728,8748.638,8137.78,0.124999,0.798811,82.031,101.724,0.22813,0.71797,0.955795,A,-0.0,-0.035521
10411.809,0.5882,168.307,3.9575,23,0.8208,18.879,1.96575,10.18614,3472.053,6939.756,13740.5,0.050521,0.857212,81.9,103.203,0.33347,1.3197,0.971358,A,-0.0,-0.027656
9765.973,0.68747,172.613,3.3912,21,0.7838,16.46,1.95831,8.54307,2738.399,7027.574,9286.489,0.122417,0.907654,83.014,103.746,0.2804,0.9509,0.950069,A,0.0,-0.018783
8757.308,0.68821,164.182,3.7847,26,0.8125,21.124,1.97308,11.35557,2061.668,6695.64,7802.847,0.05288,0.883841,81.77,103.172,0.23542,0.89101,0.981911,A,0.0,-0.035218
9085.301,0.67853,155.066,1.9567,18,0.7226,13.006,1.99006,5.92311,1547.736,7537.564,3028.436,0.487297,0.717793,87.135,101.602,0.17036,0.33333,0.877655,A,0.001,0.031502
10235.58,0.57172,201.158,3.6189,26,0.8765,22.789,1.91387,11.59033,3803.62,6431.96,13764.887,0.026816,0.893955,82.754,104.942,0.37161,1.34481,0.98257,A,0.0,0.005122
10796.815,0.36577,146.791,2.493,17,0.7857,13.357,2.0065,6.63853,5131.264,5665.551,12792.189,0.077172,0.627151,81.368,100.551,0.47526,1.18481,0.899727,A,0.0,0.005142
7000.0,0.43489,120.0,1.1854,23,0.7922,18.221,2.06808,7.18138,2673.114,4326.886,3168.813,0.083928,0.651707,80.172,99.066,0.38187,0.45269,0.926303,A,0.0,0.018994
9528.499,0.65126,195.302,2.0284,25,0.8516,21.289,1.92237,9.3193,2429.262,7099.237,4927.512,0.096506,0.841083,83.48,104.343,0.25495,0.51713,0.962221,A,0.0,0.044346
11011.311,0.56982,161.958,1.913,27,0.8883,23.984,1.97712,10.73648,3650.961,7360.351,6984.39,0.041321,0.831967,81.529,102.716,0.33156,0.63429,0.975956,A,-0.001,0.034734
9895.62,0.38293,185.612,3.6746,27,0.8385,22.64,1.9371,11.76695,4007.174,5888.446,14724.61,0.015337,0.633081,82.074,102.542,0.40494,1.48799,0.983781,A,0.0,0.008457
8474.538,0.43048,192.889,2.0913,20,0.7235,14.47,1.92596,6.41588,3878.364,4596.174,8110.749,0.095026,0.713547,83.378,103.397,0.45765,0.95707,0.898976,A,0.0,-0.012468
8606.68,0.54276,193.577,3.8654,26,0.748,19.448,1.92493,10.11864,3225.408,5381.272,12467.618,0.040202,0.84398,82.678,104.288,0.37476,1.4486,0.972242,A,0.0,0.007842
12647.867,0.42942,160.906,2.3766,16,0.6663,10.661,1.97905,5.12213,5765.525,6882.341,13702.225,0.169308,0.647322,83.176,101.444,0.45585,1.08336,0.820271,A,0.001,0.0068
7728.622,0.34515,142.423,1.1637,22,0.6958,15.308,2.01561,5.77066,3788.533,3940.088,4408.809,0.087063,0.593311,81.305,100.079,0.4902,0.57045,0.876351,A,0.001,-0.004717
9616.772,0.43069,168.687,2.7557,22,0.7993,17.586,1.96509,8.7166,3799.098,5817.675,10469.097,0.050997,0.678644,81.921,102.043,0.39505,1.08863,0.953223,A,-0.001,-0.025301
11352.633,0.61331,189.346,1.3929,27,0.746,20.143,1.93132,7.71747,3014.315,8338.318,4198.56,0.161356,0.776693,84.132,103.657,0.26552,0.36983,0.930145,A,0.0,-0.007688
7115.465,0.61824,199.075,3.6434,19,0.6514,12.377,1.91686,6.31897,2062.947,5052.518,7516.151,0.213336,0.783569,85.148,104.125,0.28992,1.05631,0.899956,A,0.0,-0.032256
11118.235,0.55916,127.996,1.1548,17,0.817,13.889,2.04816,5.33643,4018.487,7099.748,4640.392,0.246993,0.735847,82.734,100.146,0.36143,0.41737,0.840347,A,0.0,0.005856
7773.836,0.65968,184.518,2.3739,22,0.8503,18.707,1.93882,8.71462,2153.026,5620.81,5111.135,0.105258,0.872053,83.223,104.07,0.27696,0.65748,0.955809,A,0.0,-0.023301
11617.19,0.32483,207.552,3.4263,24,0.8543,20.503,1.90491,10.2279,5975.094,5642.096,20472.379,0.018463,0.64927,82.851,103.591,0.51433,1.76225,0.970765,A,0.0,0.049997
13000.0,0.33141,212.383,1.8725,22,0.7131,15.688,1.89835,6.55489,6176.126,6823.874,11564.891,0.076676,0.56197,83.771,103.21,0.47509,0.88961,0.890083,A,0.0,-0.043109
8224.68,0.53813,211.264,3.3972,18,0.7346,13.223,1.89985,6.55651,3225.76,4998.921,10958.406,0.130916,0.800894,84.452,104.742,0.3922,1.33238,0.904584,A,-0.001,0.037617
9999.471,0.39516,158.992,3.4388,16,0.6697,10.716,1.98261,5.68172,5026.615,4972.857,17285.491,0.107604,0.685823,82.284,101.598,0.50269,1.72864,0.863116,A,-0.001,0.007374
10651.634,0.49724,149.275,2.1899,22,0.8776,19.307,2.00145,9.19698,4893.445,5758.188,10716.08,0.044137,0.8823,81.04,102.373,0.45941,1.00605,0.959221,A,0.001,-0.012764
9244.998,0.69556,170.218,2.1207,18,0.8494,15.29,1.96242,7.00505,2066.107,7178.891,4381.594,0.262027,0.820326,84.765,103.054,0.22348,0.47394,0.91581,A,0.0,0.044052
10919.687,0.38966,176.746,3.3959,18,0.7381,13.285,1.95138,6.86113,5320.607,5599.08,18068.097,0.074445,0.689188,82.535,102.502,0.48725,1.65463,0.906909,A,0.0,0.053901
9030.885,0.3507,163.106,2.1621,17,0.7046,11.978,1.97503,5.57403,4142.088,4888.796,8955.658,0.105528,0.558431,82.423,100.97,0.45866,0.99167,0.861988,A,0.001,-0.030132
9251.003,0.58716,160.861,1.2279,20,0.8161,16.322,1.97914,6.14088,3047.347,6203.655,3741.711,0.203105,0.775815,83.621,102.289,0.32941,0.40447,0.886055,A,0.001,-0.001095
8873.989,0.65192,181.516,2.7779,21,0.7895,16.579,1.9436,8.10136,2327.671,6546.318,6466.076,0.140941,0.833611,83.586,103.678,0.2623,0.72865,0.943292,A,0.0,-0.016064
10020.57,0.36124,168.092,1.9038,18,0.7357,13.242,1.96613,5.86963,4909.119,5111.451,9345.952,0.094568,0.617347,82.473,101.609,0.4899,0.93268,0.871747,A,0.0,0.046201
10808.746,0.30318,173.938,3.0968,17,0.8027,13.646,1.95607,6.92076,6073.699,4735.046,18808.783,0.04903,0.629191,82.095,101.972,0.56192,1.74014,0.909127,A,0.001,-0.046177
11555.737,0.44126,200.773,1.2956,17,0.8145,13.846,1.91442,5.0751,4513.234,7042.503,5847.571,0.200162,0.595763,85.03,102.957,0.39056,0.50603,0.822834,A,-0.0,0.04385
9933.07,0.33817,181.997,1.633,16,0.7873,12.597,1.94283,5.18872,5269.215,4663.855,8604.482,0.10349,0.603312,83.109,102.181,0.53047,0.86625,0.83766,A,0.0,-0.004466
8488.049,0.45689,150.284,3.394,20,0.8468,16.936,1.99943,9.06394,3321.134,5166.915,11271.939,0.046711,0.720534,81.117,101.361,0.39127,1.32798,0.959997,A,0.0,0.033285
9368.681,0.4018,214.793,2.0495,27,0.7389,19.95,1.89514,8.57178,4855.178,4513.503,9950.669,0.037866,0.793293,83.334,104.833,0.51823,1.06212,0.951162,A,0.0,-0.04048
9319.553,0.58176,175.625,3.5977,22,0.8245,18.138,1.95324,9.50229,3537.701,5781.852,12727.52,0.053962,0.904708,82.223,103.871,0.3796,1.36568,0.96479,A,0.0,-0.046027
9504.574,0.47769,194.272,3.8423,17,0.7917,13.459,1.9239,6.98837,3623.278,5881.295,13921.567,0.10696,0.706085,83.583,103.408,0.38121,1.46472,0.914642,A,0.001,-4.1e-05
10965.134,0.69745,159.741,3.1275,18,0.6537,11.766,1.98121,6.09576,2115.806,8849.328,6617.189,0.440426,0.758904,86.708,102.12,0.19296,0.60348,0.878151,A,0.0,-0.013682
9879.29,0.31449,145.106,3.3189,20,0.6575,13.149,2.00998,7.05417,5170.616,4708.674,17160.764,0.050694,0.604163,80.944,100.304,0.52338,1.73704,0.915634,A,0.0,0.012095
10226.78,0.35112,192.251,1.9161,19,0.7789,14.799,1.92692,6.37834,5197.86,5028.92,9959.364,0.074608,0.636914,83.087,102.863,0.50826,0.97385,0.892001,A,0.0,0.035502
10161.366,0.32548,154.743,2.5076,20,0.7968,15.937,1.99068,7.84393,5176.279,4985.086,12979.979,0.041234,0.620624,81.233,100.944,0.50941,1.27739,0.935465,A,0.001,0.018704
9947.368,0.56367,164.154,2.3111,16,0.6539,10.462,1.97313,4.96299,3141.598,6805.77,7260.678,0.313697,0.679066,85.212,101.819,0.31582,0.72991,0.824238,A,0.0,-0.043958
9371.79,0.46975,160.624,1.5639,21,0.7477,15.703,1.97958,6.54074,3201.141,6170.649,5006.366,0.136744,0.642503,82.735,101.397,0.34157,0.5342,0.900568,A,0.0,0.001033
11172.94,0.37431,183.928,1.1818,21,0.8038,16.881,1.93975,6.05833,5307.089,5865.851,6272.101,0.097876,0.624413,83.104,102.408,0.47499,0.56137,0.875796,A,0.0,-0.007092
9942.555,0.46442,178.445,1.3132,21,0.8374,17.585,1.94858,6.65977,4562.047,5380.509,5990.764,0.098219,0.774916,82.911,103.148,0.45884,0.60254,0.902961,A,-0.001,-0.000813
9905.79,0.39212,157.834,2.103,26,0.65,16.9,1.98479,7.85174,5064.428,4841.361,10650.538,0.048985,0.751071,81.463,101.968,0.51126,1.07518,0.936132,A,0.001,-0.028478
8390.344,0.54565,151.623,1.1211,27,0.7787,21.024,1.99677,7.68427,2752.559,5637.785,3085.839,0.107505,0.759568,81.977,101.692,0.32806,0.36778,0.935364,A,-0.0,-0.003729
9012.784,0.49675,152.871,3.0712,17,0.7544,12.824,1.99432,6.67818,3350.32,5662.464,10289.347,0.125241,0.716555,82.264,101.476,0.37173,1.14164,0.906278,A,0.0,0.036133
9167.012,0.31294,222.294,1.0308,21,0.7692,16.153,1.8854,5.19944,4184.843,4982.169,4313.899,0.108316,0.484822,84.491,103.089,0.45651,0.47059,0.841992,A,0.0,-0.025858
10915.059,0.32565,186.051,3.5658,19,0.7851,14.917,1.93642,7.69848,5268.166,5646.893,18785.21,0.046848,0.585758,82.506,102.25,0.48265,1.72104,0.930567,A,-0.0,-0.026827
7429.213,0.37181,156.877,1.7932,18,0.6777,12.199,1.9866,5.37563,3361.891,4067.321,6028.569,0.115535,0.58364,82.303,100.813,0.45252,0.81147,0.859385,A,0.001,-0.01162
11150.888,0.51463,171.126,3.9111,17,0.7355,12.503,1.96086,6.7052,4215.031,6935.857,16485.322,0.134753,0.745495,83.12,102.604,0.378,1.47839,0.901024,A,0.0,-0.053295
10236.324,0.65124,165.931,3.0756,22,0.7243,15.934,1.96995,8.15253,2125.196,8111.128,6536.286,0.182113,0.77415,83.545,102.536,0.20761,0.63854,0.941942,A,0.0,0.048081
8981.808,0.33432,167.999,3.369,23,0.7279,16.742,1.96629,8.72899,4285.185,4696.623,14436.953,0.032007,0.61015,81.644,101.557,0.4771,1.60735,0.954323,A,0.0,-0.002389
8768.047,0.46474,177.436,3.8345,23,0.8027,18.463,1.95024,9.7814,3421.723,5346.324,13120.453,0.037386,0.738258,82.071,102.859,0.39025,1.49639,0.968606,A,0.0,-0.028837
10806.763,0.47308,164.67,2.6171,22,0.8261,18.175,1.9722,8.93108,4941.774,5864.989,12932.982,0.046514,0.832501,81.705,102.858,0.45729,1.19675,0.955039,A,0.0,-0.007443
10364.678,0.56077,142.416,1.5256,25,0.8094,20.235,2.01563,8.5673,3048.311,7316.367,4650.473,0.096107,0.754373,81.424,101.142,0.29411,0.44868,0.949595,A,0.0,-0.033266
7069.683,0.44634,172.103,2.3357,19,0.8384,15.929,1.95918,7.50131,2865.073,4204.611,6692.035,0.072735,0.700917,82.338,102.357,0.40526,0.94658,0.933959,A,-0.001,0.007897
9005.695,0.49245,209.441,3.4809,18,0.6882,12.387,1.90232,6.1882,3523.85,5481.845,12266.145,0.139985,0.719015,84.515,104.128,0.39129,1.36204,0.88877,A,0.0,0.039578
8665.65,0.50948,189.99,2.0636,22,0.699,15.378,1.93034,6.81273,3239.941,5425.71,6686.019,0.120529,0.741735,83.616,103.455,0.37388,0.77155,0.911549,A,-0.001,0.029506
9932.218,0.62963,187.598,1.3012,25,0.7986,19.966,1.93401,7.44671,2865.694,7066.525,3728.945,0.160729,0.819781,84.063,103.864,0.28853,0.37544,0.926347,A,-0.001,0.019357
9085.322,0.63057,176.313,2.2198,18,0.836,15.047,1.9521,6.93916,2399.152,6686.17,5325.698,0.204718,0.78337,84.238,103.103,0.26407,0.58619,0.914268,A,0.0,0.036902
10727.523,0.55494,173.03,3.1459,19,0.786,14.934,1.95761,7.61208,3481.617,7245.906,10952.974,0.121698,0.763112,83.02,102.813,0.32455,1.02102,0.928827,A,-0.0,-0.012032
9256.571,0.69606,170.724,2.4433,19,0.6787,12.895,1.96155,6.16475,2287.195,6969.376,5588.379,0.318373,0.820006,85.529,103.076,0.24709,0.60372,0.886983,A,0.0,0.01754
9625.02,0.46045,186.396,1.4494,23,0.7201,16.561,1.93588,6.47343,3260.917,6364.103,4726.326,0.139427,0.624934,83.74,102.524,0.3388,0.49105,0.89741,A,0.0,0.03624
11899.598,0.30493,179.273,3.5224,26,0.7753,20.158,1.94723,10.46298,6391.306,5508.292,22512.89,0.01541,0.640867,81.848,102.302,0.5371,1.8919,0.972857,A,0.0,-0.028176
9678.204,0.6479,165.27,3.9265,20,0.8758,17.516,1.97113,9.47358,2447.218,7230.986,9609.023,0.092131,0.835994,82.331,102.911,0.25286,0.99285,0.964044,A,0.0,-0.01718
9291.339,0.59835,162.949,3.9003,21,0.7532,15.817,1.97531,8.57007,2773.052,6518.287,10815.719,0.097738,0.811323,82.313,102.631,0.29846,1.16406,0.951248,A,0.0,0.003971
10092.967,0.47,165.312,1.7147,19,0.6738,12.802,1.97105,5.48699,3808.21,6284.757,6529.977,0.18305,0.643883,83.533,101.645,0.37731,0.64698,0.85305,A,0.0,-0.046542
8089.435,0.41996,168.237,2.7816,21,0.812,17.052,1.96587,8.47827,3695.901,4393.535,10280.337,0.04457,0.735735,81.819,102.398,0.45688,1.27083,0.951511,A,-0.001,0.035342
7640.313,0.52392,180.26,3.04,19,0.6935,13.177,1.94562,6.59923,3028.834,4611.479,9207.538,0.12193,0.787945,83.29,103.319,0.39643,1.20513,0.907741,A,0.0,0.015237
9986.781,0.30494,152.831,3.3793,25,0.8545,21.361,1.9944,11.37936,5081.618,4905.163,17172.387,0.011163,0.609282,80.756,100.766,0.50883,1.71951,0.981374,A,0.0,0.015373
9144.449,0.30081,191.757,1.3193,17,0.8112,13.791,1.92766,5.14855,4935.238,4209.211,6510.858,0.08959,0.54847,83.268,102.258,0.5397,0.712,0.839264,A,0.0,-0.032226
7882.808,0.5901,197.359,1.7551,27,0.872,23.544,1.91935,9.77879,2543.361,5339.447,4463.958,0.055885,0.844562,83.012,104.455,0.32265,0.56629,0.969444,A,0.0,0.015234
11408.607,0.49222,173.863,3.1593,20,0.6584,13.168,1.9562,6.71135,4107.322,7301.285,12976.268,0.136039,0.692593,83.24,102.387,0.36002,1.13741,0.900499,A,0.0,-0.030322
11044.449,0.55368,208.981,3.1369,22,0.7179,15.794,1.90295,7.7053,4077.471,6966.979,12790.675,0.104275,0.816698,84.029,104.755,0.36919,1.15811,0.93047,A,-0.001,-0.005582
10350.319,0.36275,151.334,1.4378,20,0.7928,15.857,1.99734,6.46995,5090.57,5259.748,7319.138,0.077426,0.638905,81.567,100.88,0.49183,0.70714,0.895025,A,0.001,-0.043552
9212.797,0.67927,124.237,3.6016,27,0.7868,21.243,2.05734,11.99479,1493.837,7718.96,5380.261,0.061448,0.798834,80.095,100.319,0.16215,0.584,0.985332,A,0.0,0.01563
9711.323,0.35883,156.518,2.7767,22,0.6717,14.778,1.98728,7.46169,4861.081,4850.242,13497.901,0.052175,0.666178,81.451,101.339,0.50056,1.38991,0.927218,A,0.0,-0.037384
9146.038,0.35645,167.451,1.8159,24,0.6963,16.712,1.96725,7.29242,4802.699,4343.339,8721.43,0.051523,0.693627,81.88,102.081,0.52511,0.95357,0.924097,A,0.0,-0.001416
11295.06,0.47212,137.392,1.1478,21,0.7768,16.313,2.02651,6.15735,4426.961,6868.099,5081.149,0.14503,0.682959,81.839,100.375,0.39194,0.44986,0.879602,A,-0.0,-0.048452
7849.553,0.49529,195.159,2.3699,17,0.7381,12.547,1.92258,5.76805,2593.563,5255.991,6146.603,0.186246,0.647794,84.659,103.061,0.33041,0.78305,0.875756,A,-0.001,-0.035063
10410.638,0.50917,146.929,3.5976,18,0.8997,16.194,2.00621,8.82277,4032.991,6377.647,14508.993,0.060666,0.792787,81.156,101.652,0.38739,1.39367,0.953844,A,0.0,0.003486
10029.032,0.56205,120.509,3.062,18,0.7965,14.337,2.06676,7.84574,3088.713,6940.319,9457.509,0.117236,0.760015,80.639,99.815,0.30798,0.94301,0.935761,A,-0.0,-0.037466
8305.33,0.64154,203.232,3.3183,26,0.8518,22.147,1.91093,11.02098,2283.373,6021.957,7576.93,0.046786,0.867054,83.086,104.851,0.27493,0.9123,0.97995,A,0.0,0.009614
10929.133,0.69282,148.462,2.3531,26,0.7567,19.675,2.00309,9.59183,2223.568,8705.565,5232.336,0.12193,0.838638,82.032,102.04,0.20345,0.47875,0.964194,A,-0.0,-0.015342
9491.49,0.47904,168.59,2.2734,16,0.7336,11.738,1.96525,5.50792,3923.125,5568.365,8918.774,0.166027,0.699573,83.436,102.176,0.41333,0.93966,0.856747,A,0.0,-0.019113
12804.48,0.48346,178.578,2.8577,22,0.886,19.492,1.94836,9.63067,5414.837,7389.642,15473.913,0.042592,0.806503,82.181,103.363,0.42289,1.20848,0.962744,A,0.001,0.056721
11761.601,0.39366,136.948,1.2943,21,0.8515,17.881,2.0275,7.12975,5059.427,6702.174,6548.663,0.079452,0.63085,80.953,100.005,0.43016,0.55678,0.913179,A,0.0,0.023788
9917.681,0.57945,163.789,3.2671,22,0.6826,15.018,1.97379,7.81836,2802.612,7115.07,9156.495,0.132548,0.755481,82.806,102.305,0.28259,0.92325,0.935359,A,-0.001,0.019441
9436.819,0.50548,125.648,2.4553,17,0.8748,14.872,2.05386,7.60592,3226.222,6210.597,7921.278,0.101465,0.715359,80.695,99.859,0.34188,0.8394,0.931376,A,0.0,-0.031806
8978.139,0.4806,165.101,1.179,18,0.7447,13.405,1.97143,4.92304,3233.579,5744.56,3812.354,0.230912,0.621145,84.156,101.485,0.36016,0.42463,0.826954,A,-0.0,0.016688
8919.664,0.43632,171.437,3.1554,18,0.8094,14.569,1.96032,7.44671,3944.335,4975.328,12445.979,0.07046,0.726357,82.283,102.493,0.44221,1.39534,0.928588,A,0.001,0.045632
10473.829,0.48822,157.073,3.4875,24,0.8425,20.22,1.98622,10.78378,3369.248,7104.581,11750.134,0.03533,0.702991,81.252,101.611,0.32168,1.12186,0.976721,A,0.0,0.040761
7851.212,0.54862,170.537,2.2799,27,0.7772,20.985,1.96187,9.83007,2868.009,4983.203,6538.673,0.045029,0.838459,81.913,103.189,0.3653,0.83282,0.970018,A,0.0,-0.023054
11457.411,0.62986,145.23,3.832,20,0.7234,14.469,2.00972,8.00894,3262.954,8194.457,12503.604,0.139933,0.824944,82.128,101.768,0.28479,1.09131,0.93673,A,0.0,0.001815
11048.139,0.53731,137.106,1.619,27,0.8584,23.176,2.02715,10.12396,3340.377,7707.762,5408.088,0.053002,0.747204,80.611,100.782,0.30235,0.4895,0.970176,A,0.0,-0.041693
9799.7,0.59671,176.866,1.2355,19,0.6533,12.413,1.95118,4.58566,3023.084,6776.616,3735.115,0.386257,0.690599,86.655,102.517,0.30849,0.38115,0.800314,A,0.0,-0.032603
11125.124,0.46014,179.807,3.8107,24,0.8986,21.568,1.94636,11.37746,4724.385,6400.739,18003.248,0.020886,0.784346,81.94,103.274,0.42466,1.61825,0.980724,A,0.0,0.047021
13000.0,0.53154,170.861,3.2642,18,0.7558,13.604,1.96131,7.01473,4355.094,8644.906,14215.984,0.148474,0.724522,83.291,102.453,0.33501,1.09354,0.906424,A,0.0,-0.022811
10445.671,0.66411,150.731,3.2319,24,0.8884,21.321,1.99854,11.27463,2406.13,8039.541,7776.485,0.056473,0.845962,81.265,102.214,0.23035,0.74447,0.980412,A,0.0,0.047005
12579.167,0.49027,150.298,2.1464,19,0.7389,14.039,1.9994,6.63567,5349.492,7229.675,11482.045,0.121758,0.762943,82.108,101.642,0.42527,0.91278,0.894385,A,-0.0,0.014825
9560.177,0.36446,170.69,3.8102,17,0.6619,11.253,1.96161,6.00572,4316.984,5243.193,16448.566,0.097338,0.584402,82.61,101.519,0.45156,1.72053,0.879401,A,0.0,-0.036955
9091.091,0.60788,169.141,1.0654,26,0.6987,18.166,1.96429,6.3265,2624.723,6466.368,2796.422,0.223717,0.763818,84.218,102.628,0.28871,0.3076,0.893746,A,0.0,-0.031031
11502.569,0.52991,149.49,2.1734,17,0.7064,12.009,2.00102,5.70496,3380.952,8121.616,7348.191,0.25582,0.64401,83.843,100.813,0.29393,0.63883,0.858102,A,0.001,0.009278
7126.82,0.4211,137.651,3.6819,21,0.819,17.198,2.02594,9.54894,3240.924,3885.896,11932.902,0.029922,0.74735,80.332,100.816,0.45475,1.67437,0.967686,A,0.0,0.004598
11439.418,0.38074,176.867,3.8119,20,0.8796,17.592,1.95118,9.31517,4564.031,6875.387,17397.653,0.038204,0.608121,82.061,101.973,0.39897,1.52085,0.959966,A,0.0,0.012551
9998.772,0.40018,195.954,3.049,16,0.7142,11.428,1.92141,5.61986,4404.039,5594.733,13427.906,0.127085,0.615147,83.905,102.88,0.44046,1.34296,0.860122,A,0.0,0.038062
9279.553,0.62915,197.163,3.9973,20,0.6582,13.164,1.91964,6.86683,2880.695,6398.858,11514.915,0.179274,0.831681,84.635,104.361,0.31043,1.24089,0.911543,A,0.0,-0.011566
10128.882,0.55724,165.544,3.8228,24,0.6679,16.029,1.97064,8.61886,2741.079,7387.803,10478.685,0.101219,0.726433,82.462,102.202,0.27062,1.03454,0.950843,A,0.0,0.025034
10167.016,0.509,148.951,3.0159,18,0.7786,14.015,2.00211,7.30655,4151.508,6015.509,12520.603,0.097109,0.79326,81.725,101.768,0.40833,1.23149,0.922097,A,-0.001,-0.000316
11871.388,0.37587,164.961,1.1177,20,0.8553,17.106,1.97168,6.12916,5625.811,6245.577,6288.018,0.098045,0.626129,82.397,101.51,0.4739,0.52968,0.876385,A,0.0,-0.020913
11262.705,0.61476,125.204,1.0423,19,0.8576,16.294,2.05495,5.98916,3108.689,8154.016,3240.048,0.284149,0.740802,83.084,99.999,0.27602,0.28768,0.872422,A,0.0,0.018294
10301.371,0.49741,164.831,3.5054,23,0.7726,17.77,1.97191,9.38785,3956.187,6345.185,13868.064,0.048895,0.777057,81.743,102.5,0.38404,1.34623,0.962249,A,-0.001,-0.003235
9669.181,0.41658,149.776,3.7845,18,0.8147,14.665,2.00045,8.04292,4585.566,5083.615,17354.117,0.052098,0.745362,81.166,101.497,0.47425,1.79479,0.940691,A,0.0,-0.04484
8583.178,0.56826,153.21,3.3333,22,0.8931,19.649,1.99366,10.42835,2856.451,5726.727,9521.378,0.042497,0.830505,81.186,102.246,0.3328,1.10931,0.975112,A,0.0,0.010725
10298.653,0.57599,144.201,1.7935,24,0.791,18.985,2.01186,8.52081,3290.515,7008.138,5901.671,0.092176,0.80316,81.452,101.566,0.31951,0.57305,0.948869,A,0.0,-0.041485
7000.0,0.36665,188.564,2.0282,20,0.7102,14.205,1.93252,6.26809,3293.459,3706.541,6679.826,0.079063,0.622192,83.019,102.603,0.47049,0.95426,0.898545,A,0.0,-0.020907
11448.884,0.64585,130.162,3.6385,16,0.8583,13.733,2.04301,7.69605,3358.88,8090.003,12221.36,0.155367,0.8495,81.631,101.033,0.29338,1.06747,0.929424,A,0.001,-0.054926
9998.356,0.45776,166.634,2.7773,25,0.6817,17.042,1.9687,8.4875,4342.642,5655.714,12060.814,0.054034,0.767762,81.882,102.529,0.43434,1.20628,0.948731,A,0.0,-0.045167
7507.162,0.39023,146.351,2.4298,19,0.696,13.225,2.0074,6.52861,3490.204,4016.958,8480.355,0.079034,0.660611,81.373,100.747,0.46492,1.12964,0.905838,A,0.0,0.028403
10847.343,0.41673,150.784,1.2211,16,0.8529,13.647,1.99844,5.19459,4847.566,5999.777,5919.182,0.155223,0.628008,82.571,100.778,0.44689,0.54568,0.833541,A,0.0,0.051557
8666.649,0.67581,178.173,1.1963,24,0.7141,17.139,1.94902,6.2296,2252.743,6413.906,2694.929,0.282045,0.814114,85.327,103.394,0.25993,0.31095,0.891519,A,0.0,-0.017508
9300.949,0.48303,170.134,3.0164,26,0.7994,20.783,1.96257,10.52417,3818.691,5482.258,11518.818,0.028952,0.799312,81.686,102.911,0.41057,1.23846,0.975391,A,0.0,0.044047
7320.851,0.55986,153.972,1.4499,24,0.7743,18.583,1.99218,7.58006,2539.119,4781.732,3681.393,0.104562,0.801618,82.037,102.097,0.34683,0.50286,0.935223,A,-0.0,0.033838
8876.616,0.50334,183.819,2.1062,22,0.7759,17.069,1.93993,7.66944,3636.687,5239.929,7659.509,0.081047,0.796429,82.878,103.539,0.40969,0.86289,0.934032,A,0.0,-0.018087
10239.203,0.69783,162.974,1.0476,18,0.7111,12.8,1.97527,4.45769,1985.985,8253.218,2080.452,0.76131,0.682552,91.074,101.782,0.19396,0.20318,0.788396,A,-0.0,0.022337
9873.294,0.5909,172.057,1.6545,27,0.7393,19.96,1.95926,8.36723,2742.552,7130.742,4537.451,0.113325,0.774584,82.873,102.841,0.27777,0.45957,0.946728,A,0.0,-0.028942
10433.417,0.63209,169.365,1.7839,23,0.8593,19.763,1.9639,8.54743,2349.936,8083.481,4192.074,0.142732,0.774347,83.158,102.708,0.22523,0.40179,0.94914,A,0.0,0.028224
8902.982,0.43789,158.093,3.0229,24,0.7728,18.546,1.9843,9.54976,3690.159,5212.823,11154.858,0.036119,0.722311,81.304,101.792,0.41449,1.25294,0.965812,A,0.0,-0.037459
10841.241,0.66772,168.585,1.0493,21,0.6673,14.013,1.96526,4.84762,2927.487,7913.753,3071.924,0.464675,0.74283,87.378,102.462,0.27003,0.28336,0.812081,A,0.001,0.010278
7774.493,0.61372,165.464,1.0659,20,0.8683,17.366,1.97078,6.07867,2391.018,5383.475,2548.634,0.221856,0.787756,84.051,102.603,0.30755,0.32782,0.888823,A,0.0,0.035422
9140.087,0.59775,170.136,3.7218,23,0.871,20.033,1.96257,10.64687,2606.044,6534.043,9699.252,0.049179,0.816541,81.953,103.024,0.28512,1.06118,0.976542,A,0.0,0.010361
7000.0,0.63562,154.672,3.5157,23,0.7311,16.815,1.99082,9.01388,1627.371,5372.629,5721.343,0.1061,0.796013,82.087,102.097,0.23248,0.81733,0.961194,A,0.0,-0.006591
9528.899,0.48468,189.667,3.6552,25,0.719,17.975,1.93083,9.28612,3718.959,5809.94,13593.475,0.047465,0.764538,82.64,103.591,0.39028,1.42655,0.961779,A,0.0,0.026471
9167.324,0.56724,182.527,3.9119,17,0.8738,14.855,1.94198,7.85203,2768.13,6399.194,10828.631,0.117301,0.76187,83.31,103.252,0.30196,1.18122,0.937558,A,0.0,0.014516
9694.856,0.64708,161.138,1.6233,16,0.7223,11.557,1.97863,4.88009,2592.49,7102.366,4208.405,0.434511,0.724672,86.686,101.966,0.26741,0.43409,0.820437,A,0.0,-0.003776
10840.459,0.41858,187.783,1.6354,24,0.6545,15.707,1.93373,6.42768,4617.164,6223.294,7551.116,0.106229,0.650327,83.35,102.754,0.42592,0.69657,0.89191,A,0.001,-0.053503
11950.723,0.64531,161.216,2.0211,25,0.8732,21.829,1.97848,9.96437,3578.785,8371.939,7233.218,0.069745,0.891352,81.875,103.07,0.29946,0.60525,0.967634,A,-0.001,-0.025872
8216.023,0.61796,153.109,1.1423,24,0.8778,21.067,1.99386,7.75179,2667.316,5548.706,3046.969,0.119499,0.857579,82.198,102.42,0.32465,0.37086,0.937221,A,0.001,-0.021764
9620.16,0.62645,170.682,3.2167,22,0.7024,15.453,1.96162,7.94253,2592.409,7027.751,8338.964,0.142593,0.804938,83.207,102.975,0.26948,0.86682,0.938661,A,0.0,-0.013979
7042.347,0.56826,165.031,1.7117,27,0.8819,23.812,1.97156,10.20322,2483.524,4558.824,4251.124,0.041298,0.855338,81.651,103.027,0.35266,0.60365,0.974371,A,-0.001,-0.01587
12721.313,0.45628,154.514,1.8214,18,0.7368,13.262,1.99112,5.89632,5343.756,7377.557,9733.148,0.149191,0.678718,82.649,101.315,0.42006,0.76511,0.862652,A,0.0,-0.040338
11929.62,0.53996,170.254,2.7773,18,0.8541,15.375,1.96236,7.62073,4519.073,7410.547,12550.633,0.104715,0.805388,82.69,102.957,0.37881,1.05206,0.926538,A,0.0,-0.062741
10678.196,0.66122,166.751,1.6878,24,0.8786,21.085,1.96849,8.96728,2141.442,8536.754,3614.245,0.145826,0.790512,83.098,102.685,0.20054,0.33847,0.955772,A,0.0,-0.04764
11799.549,0.6034,147.819,2.7249,19,0.8047,15.289,2.0044,7.77702,4564.422,7235.127,12437.552,0.10809,0.91587,81.821,102.514,0.38683,1.05407,0.930705,A,0.0,0.043727
11271.238,0.52474,157.562,1.5394,24,0.8534,20.482,1.9853,8.51487,3377.991,7893.247,5200.098,0.092305,0.709801,82.024,101.682,0.2997,0.46136,0.947281,A,-0.0,0.029355
9032.725,0.39612,206.362,2.7466,25,0.6545,16.364,1.90655,7.74098,4316.589,4716.136,11856.036,0.053587,0.709632,83.276,103.941,0.47788,1.31256,0.935352,A,0.0,0.00895
11066.503,0.6526,165.359,1.9876,18,0.6911,12.44,1.97097,5.61543,2546.669,8519.833,5061.713,0.410017,0.725115,86.531,102.184,0.23012,0.45739,0.855418,A,0.001,-0.036431
11750.05,0.50771,172.304,1.7135,20,0.8352,16.704,1.95884,7.09199,4541.178,7208.871,7781.378,0.115532,0.754755,82.911,102.722,0.38648,0.66224,0.912053,A,0.001,0.035077
11200.429,0.3871,144.653,2.0377,19,0.7874,14.961,2.01092,7.01082,5023.126,6177.303,10235.471,0.076876,0.63937,81.27,100.511,0.44848,0.91385,0.910937,A,0.0,-0.053988
9865.14,0.43982,190.876,3.4095,17,0.8872,15.082,1.92899,7.66185,4032.99,5832.15,13750.556,0.073344,0.693237,83.023,103.174,0.40881,1.39385,0.931827,A,0.0,0.028087
9416.949,0.4544,160.078,3.2076,22,0.8307,18.276,1.98059,9.52121,3768.5,5648.449,12087.843,0.039835,0.730986,81.434,101.953,0.40018,1.28363,0.964918,A,0.0,0.006287
13000.0,0.53425,152.084,1.7166,19,0.881,16.738,1.99587,7.3095,3878.163,9121.837,6657.388,0.151154,0.697121,82.572,101.305,0.29832,0.51211,0.915596,A,0.0,0.026019
10406.134,0.30743,155.648,2.6467,19,0.855,16.244,1.98894,8.10667,4868.077,5538.057,12884.487,0.038967,0.543411,81.241,100.482,0.46781,1.23816,0.940705,A,0.0,0.022327
10819.207,0.39097,184.816,2.5279,20,0.7873,15.746,1.93835,7.46718,5103.418,5715.789,12901.141,0.062228,0.684488,82.665,102.845,0.4717,1.19243,0.924922,A,0.0,0.020884
7896.267,0.3322,156.394,3.6582,26,0.8057,20.948,1.98752,11.3001,4022.923,3873.344,14716.822,0.011704,0.665077,80.912,101.325,0.50947,1.86377,0.982051,A,0.0,-0.016401
11024.228,0.68079,138.568,2.4833,26,0.6921,17.995,2.02392,9.04465,2185.125,8839.103,5426.263,0.149354,0.812172,81.951,101.298,0.19821,0.49221,0.956516,A,0.0,-0.044941
10370.439,0.4615,188.933,1.1301,24,0.812,19.488,1.93196,6.80874,4211.04,6159.399,4758.985,0.106031,0.704528,83.388,103.163,0.40606,0.4589,0.906707,A,0.0,-0.012242
8707.319,0.47237,161.83,1.8805,24,0.6816,16.359,1.97736,7.28124,3697.499,5009.82,6953.254,0.08362,0.759286,82.082,102.23,0.42464,0.79855,0.924829,A,0.0,0.005221
11934.28,0.58272,126.421,1.0334,19,0.8946,16.997,2.05197,6.20877,3612.091,8322.189,3732.573,0.231868,0.734999,82.455,100.039,0.30267,0.31276,0.879567,A,0.0,0.014733
9995.961,0.54454,178.735,2.3573,22,0.855,18.809,1.9481,8.80708,2705.016,7290.945,6376.524,0.092242,0.712352,82.842,102.749,0.27061,0.63791,0.95416,A,0.0,-0.034736
10972.295,0.53115,164.543,2.9884,17,0.8097,13.764,1.97243,7.00542,3717.907,7254.388,11110.409,0.13895,0.732156,82.921,102.189,0.33884,1.01259,0.911358,A,0.0,-0.012389
10690.882,0.5239,157.119,1.1633,19,0.857,16.283,1.98614,6.00818,3926.109,6764.773,4567.25,0.177805,0.724759,83.135,101.757,0.36724,0.42721,0.875363,A,0.0,0.041154
8951.203,0.41824,142.43,1.1208,16,0.7214,11.542,2.0156,4.27532,4029.745,4921.458,4516.44,0.201506,0.595713,82.815,100.095,0.45019,0.50456,0.783103,A,0.0,-0.043163
10434.094,0.56374,181.435,2.9904,19,0.7263,13.8,1.94373,6.87326,4204.75,6229.344,12573.803,0.127836,0.857964,83.41,103.835,0.40298,1.20507,0.908618,A,-0.0,0.044835
12076.296,0.44691,182.174,3.2502,26,0.6721,17.475,1.94254,8.87345,5501.931,6574.364,17882.562,0.046675,0.781851,82.366,103.367,0.4556,1.4808,0.952417,A,0.001,0.041748
8341.47,0.62564,157.695,1.5806,25,0.6993,17.483,1.98505,7.34226,2368.754,5972.716,3744.147,0.160264,0.810206,82.927,102.351,0.28397,0.44886,0.927257,A,-0.0,0.00096
8444.807,0.42422,177.293,3.1375,27,0.681,18.386,1.95047,9.31427,3985.191,4459.617,12503.383,0.032899,0.773907,82.006,103.087,0.47191,1.4806,0.963402,A,-0.001,0.018413
8632.448,0.50144,193.069,2.3592,23,0.7473,17.187,1.92569,7.90985,3245.431,5387.017,7656.467,0.080272,0.755168,83.19,103.679,0.37596,0.88694,0.939815,A,0.0,0.034634
11110.599,0.31831,189.653,3.2935,16,0.7413,11.861,1.93085,5.98658,5990.364,5120.235,19729.093,0.075058,0.602908,83.004,102.524,0.53916,1.7757,0.872868,A,0.0,-0.040617
9306.352,0.32329,177.07,1.5868,17,0.8806,14.971,1.95084,6.13688,4481.841,4824.51,7111.995,0.076728,0.552335,82.577,101.614,0.48159,0.76421,0.885701,A,0.001,0.022111
10440.884,0.54501,145.626,1.16,22,0.8796,19.351,2.0089,7.24946,4048.77,6392.114,4696.489,0.112611,0.818887,81.784,101.751,0.38778,0.44982,0.919875,A,0.0,0.031093
11712.708,0.322,171.965,1.1392,26,0.7615,19.799,1.95942,7.0923,5608.087,6104.621,6388.929,0.059076,0.563542,82.153,101.444,0.4788,0.54547,0.912157,A,0.0,-0.021699
8310.881,0.68039,157.086,2.2817,26,0.7516,19.542,1.9862,9.32384,2139.835,6171.046,4882.533,0.095982,0.883038,82.053,102.8,0.25747,0.58749,0.963679,A,-0.0,-0.013437
12209.143,0.39389,185.122,2.3599,27,0.774,20.899,1.93787,9.71126,5653.352,6555.791,13341.124,0.030303,0.707426,82.254,103.011,0.46304,1.09272,0.964377,A,0.0,0.008807
10042.304,0.51409,193.121,1.6359,22,0.8406,18.494,1.92561,7.52086,3416.828,6625.475,5589.518,0.108795,0.723106,83.568,103.47,0.34024,0.5566,0.927996,A,0.001,-0.006464
9735.839,0.43924,166.84,2.2375,26,0.8347,21.703,1.96833,10.15764,4402.277,5333.562,9850.249,0.027539,0.779052,81.54,102.614,0.45217,1.01175,0.97165,A,0.0,0.013473
12292.973,0.30493,193.845,2.629,18,0.7695,13.852,1.92453,6.56951,6765.695,5527.279,17787.149,0.059409,0.605465,82.941,102.725,0.55037,1.44694,0.892772,A,-0.001,-0.020897
10684.185,0.63451,210.543,1.3954,19,0.8228,15.633,1.90083,5.84939,2377.506,8306.679,3317.655,0.375627,0.708607,87.66,104.104,0.22253,0.31052,0.868266,A,0.0,-0.004108
8025.418,0.56627,171.665,2.6851,22,0.8179,17.995,1.95993,8.82284,2687.867,5337.552,7217.058,0.072521,0.814909,82.319,103.088,0.33492,0.89927,0.957107,A,-0.001,0.007485
9909.445,0.30074,174.82,3.5502,24,0.704,16.895,1.95459,8.83441,4910.078,4999.367,17431.596,0.027486,0.569113,81.843,101.618,0.49549,1.75909,0.954714,A,0.0,0.003334
8840.972,0.45127,164.236,3.2314,27,0.8073,21.797,1.97298,11.31155,3424.471,5416.501,11065.951,0.021458,0.723017,81.358,102.113,0.38734,1.25167,0.981582,A,0.0,-0.039168
10396.733,0.59916,190.288,2.5734,17,0.6504,11.057,1.92989,5.23542,3734.475,6662.258,9610.343,0.270116,0.783608,85.6,103.745,0.3592,0.92436,0.838066,A,0.0,-0.033572
9292.73,0.53791,158.971,3.7278,25,0.727,18.175,1.98265,9.80839,2817.192,6475.538,10501.851,0.056081,0.747534,81.604,102.005,0.30316,1.13011,0.968393,A,0.0,-0.023374
9489.191,0.53227,141.228,3.5595,21,0.6584,13.826,2.01816,7.57909,2946.827,6542.364,10489.207,0.118921,0.718458,81.671,100.836,0.31055,1.10538,0.930618,A,0.0,-0.041675
11436.121,0.35558,200.17,2.3124,25,0.6805,17.012,1.91529,7.71769,5688.239,5747.882,13153.246,0.050054,0.65793,83.029,103.342,0.49739,1.15015,0.929983,A,0.0,0.032786
7457.707,0.33383,157.067,1.8209,25,0.8703,21.758,1.98624,9.63826,3675.225,3782.482,6692.339,0.021446,0.637355,81.068,101.178,0.49281,0.89737,0.968341,A,0.0,0.003637
10419.316,0.67519,196.079,1.5832,20,0.6574,13.148,1.92123,5.26182,2135.835,8283.481,3381.534,0.528826,0.712926,89.212,103.531,0.20499,0.32454,0.839448,A,0.0,0.023915
9647.158,0.42842,178.048,3.2952,18,0.6799,12.239,1.94923,6.26696,4095.271,5551.887,13494.87,0.11137,0.66229,83.07,102.386,0.42451,1.39884,0.889648,A,0.0,-0.014142
10482.671,0.40273,176.804,1.7629,20,0.6748,13.497,1.95128,5.7568,4586.575,5896.097,8085.727,0.124505,0.619155,83.197,102.043,0.43754,0.77134,0.864733,A,-0.001,0.036633
7000.0,0.42949,202.109,3.8386,16,0.751,12.016,1.91252,6.18121,3164.687,3835.313,12148.066,0.099358,0.701902,83.743,103.714,0.4521,1.73544,0.895413,A,0.0,-0.020836
8566.078,0.54159,164.685,1.4794,18,0.7145,12.861,1.97218,5.21167,2630.46,5935.618,3891.581,0.272356,0.660909,84.687,101.726,0.30708,0.4543,0.845576,A,-0.0,-0.022737
9386.122,0.47059,197.215,1.0912,20,0.6908,13.816,1.91956,4.70125,3710.347,5675.775,4048.806,0.225442,0.630844,85.246,103.038,0.3953,0.43136,0.810625,A,0.0,0.0185
12476.44,0.4812,207.164,3.1028,26,0.7223,18.78,1.90545,9.15645,5072.418,7404.022,15738.502,0.051584,0.775523,83.275,104.409,0.40656,1.26146,0.956417,A,0.0,0.017964
8113.609,0.43036,151.198,3.1204,27,0.6937,18.73,1.99761,9.8151,3268.757,4844.852,10199.688,0.032467,0.698815,80.968,101.268,0.40287,1.25711,0.969607,A,0.0,-0.009215
8311.397,0.41669,220.9,1.9331,22,0.8103,17.826,1.88718,7.46126,3296.739,5014.658,6372.766,0.07323,0.642485,83.986,104.076,0.39665,0.76675,0.930291,A,0.0,0.013274
9710.31,0.56101,180.503,2.1772,19,0.6935,13.177,1.94523,6.00812,3355.996,6354.314,7306.551,0.196488,0.753525,84.283,103.103,0.34561,0.75245,0.878952,A,-0.0,0.033614
10474.101,0.41832,195.863,1.9808,20,0.7147,14.293,1.92155,6.20347,4598.862,5875.239,9109.565,0.110196,0.659509,83.679,103.169,0.43907,0.86972,0.884339,A,0.0,-0.023264
9078.044,0.52382,143.851,3.4535,17,0.8018,13.631,2.0126,7.39301,3134.938,5943.106,10826.375,0.110918,0.741621,81.683,101.14,0.34533,1.19259,0.926876,A,0.0,0.00774
10126.479,0.54937,151.247,2.4446,26,0.7311,19.008,1.99752,9.3338,3506.224,6620.256,8571.442,0.060724,0.808167,81.343,101.992,0.34624,0.84644,0.961728,A,-0.001,-0.000609
7544.011,0.49714,179.126,2.2504,17,0.7485,12.724,1.94747,5.8717,2783.047,4760.964,6263.02,0.159885,0.694289,83.75,102.648,0.36891,0.8302,0.881356,A,0.0,-0.022776
12531.715,0.63949,134.024,2.1349,19,0.8498,16.146,2.03407,7.8072,2758.554,9773.162,5889.178,0.203346,0.762591,82.451,100.698,0.22013,0.46994,0.930004,A,-0.001,0.040121
9489.525,0.69008,154.297,1.7436,25,0.7802,19.506,1.99154,8.53982,2492.534,6996.991,4346.057,0.130233,0.889512,82.39,102.694,0.26266,0.45798,0.95043,A,0.0,0.013773
10189.44,0.49382,161.436,3.4926,21,0.6782,14.242,1.97808,7.55234,3808.848,6380.592,13302.72,0.094494,0.732191,82.21,102.031,0.3738,1.30554,0.928471,A,0.0,0.023941
13000.0,0.47635,230.0,3.2458,17,0.7605,12.929,1.87579,6.21718,5072.208,7927.792,16463.534,0.151032,0.684491,85.282,104.698,0.39017,1.26643,0.876293,A,0.0,-0.017993
9154.444,0.67123,166.799,3.3196,23,0.737,16.951,1.96841,8.82212,1916.144,7238.3,6360.789,0.142537,0.811189,83.056,102.824,0.20931,0.69483,0.955552,A,0.0,-0.01331
8136.8,0.48014,153.459,2.4469,18,0.8276,14.896,1.99317,7.29362,3024.404,5112.396,7400.358,0.094962,0.708008,81.889,101.451,0.37169,0.90949,0.926486,A,0.0,-0.017568
8514.314,0.53994,133.74,1.1968,25,0.702,17.55,2.03472,6.79194,3020.782,5493.532,3615.29,0.134953,0.762641,81.534,100.681,0.35479,0.42461,0.911325,A,0.0,-0.03763
12504.765,0.59816,156.817,1.472,19,0.8052,15.298,1.98671,6.25367,3356.546,9148.219,4940.868,0.268468,0.719132,84.319,101.704,0.26842,0.39512,0.879527,A,0.0,-0.051985
9714.34,0.36202,159.714,1.8891,26,0.7253,18.859,1.98126,8.43132,4467.462,5246.878,8439.533,0.040809,0.635511,81.432,101.304,0.45988,0.86877,0.948159,A,0.0,0.024025
8824.026,0.58591,134.646,1.3135,19,0.8467,16.088,2.03266,6.47928,2878.76,5945.266,3781.254,0.179401,0.782749,82.164,100.869,0.32624,0.42852,0.900108,A,0.0,-0.018365
9944.39,0.61588,187.468,2.9478,17,0.7444,12.654,1.93421,6.23353,2902.51,7041.88,8556.158,0.237717,0.771752,85.075,103.541,0.29187,0.8604,0.887343,A,0.0,-0.01003
9926.801,0.45219,186.308,3.2872,25,0.8071,20.177,1.93602,10.22064,3392.374,6534.428,11151.523,0.036907,0.667787,82.383,102.803,0.34174,1.12338,0.972108,A,-0.001,-0.008274
11509.377,0.57541,158.604,2.2936,26,0.6696,17.41,1.98334,8.30246,4337.584,7171.793,9948.55,0.0873,0.870623,82.001,102.798,0.37687,0.86439,0.942821,A,0.0,0.011599
11080.407,0.61246,168.468,2.649,19,0.8351,15.867,1.96547,7.78363,3539.608,7540.799,9376.449,0.129837,0.839003,82.953,103.091,0.31945,0.84622,0.93228,A,0.0,-0.018996
10565.837,0.42256,226.341,3.403,25,0.8926,22.314,1.88031,10.88985,4660.291,5905.546,15858.907,0.021548,0.739011,83.466,104.92,0.44107,1.50096,0.977508,A,0.0,0.016677
10724.557,0.56413,143.773,3.4111,20,0.7758,15.515,2.01276,8.39258,3496.1,7228.457,11925.664,0.093717,0.791651,81.453,101.466,0.32599,1.112,0.945845,A,0.0,-0.014876
8791.298,0.39955,205.352,3.8455,18,0.738,13.285,1.90796,6.81107,4089.187,4702.112,15725.041,0.076321,0.680649,83.544,103.708,0.46514,1.78871,0.91115,A,-0.001,-0.015556
8111.493,0.54853,161.02,2.165,18,0.7657,13.783,1.97884,6.43499,2977.333,5134.16,6446.061,0.148253,0.780646,82.903,102.329,0.36705,0.79468,0.900795,A,0.0,0.037239
10609.536,0.37974,152.233,2.9397,21,0.7724,16.221,1.99557,8.36266,4734.779,5874.757,13918.691,0.046409,0.648386,81.196,100.992,0.44628,1.3119,0.945459,A,0.0,0.01865
10790.527,0.53185,130.703,1.3053,27,0.8762,23.658,2.04174,9.56175,3587.159,7203.368,4682.249,0.057656,0.767987,80.368,100.528,0.33244,0.43392,0.963962,A,0.0,0.027565
10258.168,0.39709,186.99,2.3148,17,0.8488,14.43,1.93496,6.65159,4535.161,5723.007,10498.122,0.088237,0.641836,83.085,102.662,0.4421,1.02339,0.90176,A,0.0,0.015009
10432.918,0.37315,149.653,2.7454,17,0.8877,15.091,2.00069,7.67125,4817.25,5615.668,13225.057,0.055852,0.645334,81.211,100.83,0.46174,1.26763,0.930889,A,0.0,0.008812
10950.205,0.68831,169.195,3.0111,19,0.6788,12.896,1.9642,6.53565,2453.492,8496.713,7387.767,0.320765,0.794436,85.502,102.832,0.22406,0.67467,0.895584,A,0.0,0.046553
8291.402,0.3303,169.218,1.5017,22,0.7701,16.941,1.96416,6.865,4230.903,4060.499,6353.608,0.055559,0.616579,82.002,101.66,0.51028,0.76629,0.914169,A,0.0,-0.033072
9493.459,0.51006,148.162,3.1415,18,0.6856,12.34,2.0037,6.50551,2819.918,6673.541,8858.705,0.173499,0.65227,82.699,100.793,0.29704,0.93314,0.89896,A,0.0,0.030156
8703.185,0.52738,152.449,3.1243,27,0.7673,20.716,1.99515,10.8395,2792.738,5910.447,8725.219,0.035555,0.759768,81.062,101.738,0.32089,1.00253,0.978366,A,0.0,0.021409
7212.649,0.61532,135.444,2.1244,16,0.8346,13.353,2.03086,6.43238,2312.224,4900.425,4911.978,0.185139,0.818292,82.278,101.152,0.32058,0.68102,0.903543,A,0.0,0.025769
10801.334,0.39018,211.377,1.8652,22,0.8346,18.36,1.8997,7.66976,5402.444,5398.889,10076.692,0.054531,0.726059,83.447,104.253,0.50016,0.93291,0.930098,A,0.001,-0.048122
9661.141,0.69865,154.516,2.0912,25,0.8273,20.684,1.99112,9.6365,2296.993,7364.149,4803.363,0.099749,0.88545,81.996,102.679,0.23776,0.49718,0.966054,A,-0.001,0.047673
10614.131,0.69506,180.692,2.0378,20,0.8496,16.993,1.94492,7.58285,2779.797,7834.334,5664.65,0.190198,0.874196,84.207,103.908,0.2619,0.53369,0.928334,A,0.0,0.002618
10950.016,0.50041,172.397,2.2131,21,0.7381,15.5,1.95868,7.17728,3987.434,6962.582,8824.453,0.114625,0.721341,82.903,102.506,0.36415,0.80588,0.916586,A,0.0,0.042022
8646.893,0.54483,176.054,2.2915,22,0.7544,16.597,1.95253,7.73153,3057.51,5589.383,7006.174,0.09875,0.788838,82.83,103.127,0.3536,0.81025,0.93591,A,0.0,0.039894
12263.641,0.44888,205.826,2.7089,22,0.8285,18.228,1.9073,8.59601,5386.22,6877.42,14590.532,0.053874,0.758238,83.263,104.24,0.4392,1.18974,0.947287,A,0.001,0.00477
10457.524,0.41992,144.367,2.8247,23,0.8418,19.362,2.01152,9.99374,4641.127,5816.398,13109.579,0.029028,0.731831,80.625,101.105,0.44381,1.2536,0.969321,A,-0.001,-0.019521
11516.194,0.52678,153.254,1.6884,24,0.8588,20.61,1.99357,8.93042,4069.804,7446.39,6871.625,0.068428,0.777294,81.53,101.898,0.3534,0.59669,0.954094,A,0.0,-0.022141
12543.448,0.38628,145.76,3.3478,19,0.8428,16.013,2.00862,8.59951,6003.791,6539.657,20099.526,0.042823,0.701595,80.869,100.984,0.47864,1.60239,0.946938,A,0.0,-0.007901
9287.765,0.51201,202.893,1.4421,27,0.8101,21.872,1.91141,8.3672,3233.063,6054.703,4662.245,0.076977,0.744314,83.473,104.026,0.3481,0.50198,0.947667,A,-0.001,-0.043142
9078.018,0.49776,147.776,1.2917,19,0.7035,13.366,2.00449,5.23881,3071.474,6006.544,3967.332,0.228648,0.635372,83.41,100.66,0.33834,0.43703,0.844582,A,0.0,-0.002022
10271.291,0.4253,163.654,2.3178,24,0.8691,20.858,1.97404,9.90973,4299.272,5972.019,9964.92,0.031925,0.708485,81.473,101.988,0.41857,0.97017,0.96858,A,-0.0,0.039922
11667.134,0.33681,199.456,2.3252,18,0.842,15.156,1.91631,6.89301,5013.646,6653.488,11657.535,0.073727,0.535048,83.318,102.501,0.42972,0.99918,0.905933,A,0.0,0.030876
11714.733,0.53409,153.817,3.5678,23,0.6865,15.79,1.99248,8.50237,4091.366,7623.366,14597.246,0.082013,0.776721,81.733,101.924,0.34925,1.24606,0.946371,A,0.001,-0.051915
7046.849,0.68093,171.665,3.9402,16,0.7835,12.535,1.95993,6.72776,1410.265,5636.584,5556.682,0.294353,0.777651,85.247,102.842,0.20013,0.78853,0.913489,A,0.0,-2.8e-05
12155.464,0.6367,164.709,3.4039,19,0.7137,13.561,1.97213,7.11807,3141.758,9013.706,10694.313,0.217158,0.782928,83.959,102.533,0.25846,0.87979,0.911846,A,0.0,0.043234
9332.615,0.35181,133.554,2.5062,19,0.6993,13.287,2.03514,6.74839,4684.071,4648.544,11739.103,0.064734,0.641085,80.599,99.867,0.5019,1.25786,0.907649,A,0.0,-0.023199
10736.679,0.41809,182.643,3.7056,22,0.6919,15.221,1.94179,7.9545,4418.729,6317.95,16373.995,0.064154,0.665623,82.613,102.622,0.41155,1.52505,0.936848,A,0.0,0.04615
8014.435,0.48647,172.165,2.6105,24,0.8309,19.942,1.95908,9.69611,2668.468,5345.967,6965.971,0.046149,0.706262,81.99,102.396,0.33296,0.86918,0.968414,A,0.0,-0.018281
8676.719,0.54909,146.155,1.3408,22,0.6827,15.019,2.00781,5.99638,3347.337,5329.382,4488.182,0.167587,0.788714,82.533,101.582,0.38578,0.51727,0.882256,A,0.0,-0.028725
10549.487,0.49806,167.767,2.8143,20,0.7554,15.108,1.9667,7.53961,4399.608,6149.879,12381.949,0.086728,0.792333,82.357,102.748,0.41704,1.1737,0.92738,A,-0.0,-0.043785
7323.514,0.57002,149.997,3.12,22,0.6896,15.17,2.00001,7.96316,2193.422,5130.092,6843.54,0.107823,0.767636,81.912,101.656,0.2995,0.93446,0.943347,A,0.0,0.004807
11211.849,0.31208,187.903,2.4666,24,0.6942,16.661,1.93354,7.81671,6124.887,5086.962,15107.382,0.038388,0.641618,82.459,102.702,0.54629,1.34745,0.932804,A,0.0,-0.014711
9191.9,0.5245,182.463,1.1013,26,0.7555,19.644,1.94208,6.83398,3285.395,5906.505,3618.357,0.130954,0.743406,83.488,103.127,0.35742,0.39365,0.910761,A,0.0,-0.015323
10415.265,0.57229,152.45,2.8205,27,0.8626,23.291,1.99515,11.87643,3549.085,6866.18,10010.084,0.026625,0.854335,80.944,102.363,0.34076,0.9611,0.984147,A,0.0,0.039728
10222.307,0.67047,120.0,1.0826,25,0.7435,18.587,2.06808,7.02054,2591.29,7631.017,2805.221,0.228118,0.820687,82.075,100.181,0.25349,0.27442,0.913753,A,0.0,-0.046167
9168.846,0.39828,173.523,1.966,21,0.6728,14.13,1.95677,6.28717,4020.912,5147.934,7904.941,0.098072,0.632769,82.726,101.976,0.43854,0.86215,0.892015,A,0.0,-0.023946
11970.129,0.32016,190.588,1.9365,17,0.8246,14.018,1.92943,6.0757,5809.887,6160.242,11250.693,0.083312,0.543535,83.145,102.174,0.48537,0.9399,0.873697,A,0.0,0.016059
13000.0,0.52166,175.478,1.162,17,0.6504,11.057,1.95349,3.97935,5161.821,7838.179,5998.264,0.355699,0.630958,86.2,102.058,0.39706,0.4614,0.72926,A,0.0,-0.036313
10946.134,0.51737,186.888,2.1243,24,0.8046,19.31,1.93511,8.66782,4945.23,6000.904,10505.237,0.056689,0.897012,82.665,104.342,0.45178,0.95972,0.950498,A,0.0,-0.021695
7426.507,0.55272,171.431,2.8394,19,0.7182,13.645,1.96033,6.7924,2310.232,5116.275,6559.664,0.15215,0.733596,83.361,102.54,0.31108,0.88328,0.914367,A,0.0,-0.001725
10182.858,0.35622,155.19,1.3303,24,0.7133,17.119,1.98982,6.724,4852.33,5330.529,6454.821,0.071441,0.615452,81.651,100.933,0.47652,0.63389,0.904433,A,-0.001,-0.002365
9661.39,0.41977,157.843,1.9707,22,0.6861,15.095,1.98477,6.86426,4512.638,5148.752,8893.243,0.080501,0.71713,81.88,101.745,0.46708,0.92049,0.910427,A,0.0,-0.034713
11365.633,0.67336,171.538,3.3162,25,0.8815,22.038,1.96015,11.39571,2270.271,9095.362,7528.559,0.065016,0.825208,82.215,103.15,0.19975,0.6624,0.980713,A,0.0,-0.006788
10092.061,0.6487,193.291,2.587,24,0.7683,18.439,1.92536,8.71201,2372.655,7719.407,6138.011,0.13114,0.807781,83.869,104.036,0.2351,0.6082,0.952473,A,-0.001,-0.020312
13000.0,0.57419,178.953,1.0297,24,0.6751,16.202,1.94775,5.47969,4232.133,8767.867,4357.667,0.282449,0.715016,85.361,102.777,0.32555,0.33521,0.839861,A,0.0,-0.056925
11039.766,0.62058,174.039,1.0927,24,0.8347,20.032,1.9559,7.01709,3085.182,7954.584,3371.259,0.196425,0.785089,84.044,103.006,0.27946,0.30537,0.911545,A,0.0,-0.005288
10897.616,0.45,193.579,1.5867,25,0.8303,20.758,1.92493,8.3387,4952.546,5945.07,7858.14,0.054922,0.779114,82.872,103.859,0.45446,0.72109,0.944533,A,0.0,0.036201
9485.495,0.6674,171.092,1.8689,24,0.7977,19.146,1.96092,8.3989,2487.032,6998.463,4648.129,0.132541,0.857471,83.09,103.341,0.26219,0.49002,0.94793,A,0.0,0.006588
8665.873,0.32255,180.895,3.885,16,0.7545,12.071,1.9446,6.38464,4293.401,4372.472,16679.96,0.066894,0.573586,82.586,101.934,0.49544,1.92479,0.897252,A,0.0,-0.014155
9872.715,0.35897,198.702,1.8598,27,0.7903,21.339,1.9174,9.03377,5021.551,4851.164,9338.855,0.029774,0.699724,82.712,103.556,0.50863,0.94593,0.957813,A,0.0,0.020965
10304.469,0.32593,156.705,2.2546,24,0.8945,21.469,1.98692,10.21139,5077.059,5227.41,11446.856,0.018721,0.624299,81.018,101.072,0.4927,1.11086,0.9717,A,-0.0,0.021124
10718.834,0.36878,155.626,3.0687,17,0.7285,12.384,1.98899,6.42247,5234.237,5484.597,16062.213,0.081487,0.642954,81.801,101.138,0.48832,1.4985,0.892098,A,0.0,0.025753
10301.784,0.6272,187.218,3.083,22,0.8221,18.087,1.9346,9.01211,2753.826,7547.958,8489.918,0.101025,0.819174,83.262,103.843,0.26732,0.82412,0.956943,A,0.0,-0.017294
9580.14,0.64478,160.183,2.5431,17,0.8841,15.03,1.98039,7.37141,2898.61,6681.53,7371.46,0.159445,0.855329,83.017,102.779,0.30256,0.76945,0.92518,A,0.0,0.007424
10074.268,0.57453,144.045,3.6653,19,0.7252,13.779,2.01219,7.56928,3073.931,7000.337,11266.756,0.133428,0.768228,81.989,101.327,0.30513,1.11837,0.929138,A,0.0,-0.034164
9306.071,0.54248,167.605,2.214,27,0.7508,20.271,1.96698,9.44659,3311.48,5994.591,7331.563,0.054712,0.811929,81.928,102.869,0.35584,0.78783,0.964112,A,0.0,-0.002574
8515.587,0.60447,201.249,3.4344,27,0.7178,19.38,1.91374,9.74229,2833.31,5682.277,9730.777,0.057366,0.877265,83.161,104.835,0.33272,1.1427,0.968424,A,0.0,0.01848
8698.747,0.57975,147.946,2.2378,21,0.781,16.4,2.00414,7.88032,2928.408,5770.339,6553.266,0.10494,0.820719,81.785,101.893,0.33665,0.75336,0.939064,A,0.0,-0.035416
10739.377,0.67787,150.879,3.3723,24,0.7268,17.442,1.99825,9.31309,2368.841,8370.536,7988.543,0.120642,0.835564,82.118,102.153,0.22058,0.74386,0.960744,A,0.0,0.001229
11088.392,0.65969,175.267,3.4863,26,0.6865,17.848,1.95384,9.28971,2887.164,8201.228,10065.471,0.101305,0.856268,82.834,103.535,0.26038,0.90775,0.960016,A,0.0,-0.031928
9675.064,0.37335,174.968,3.5133,22,0.8682,19.101,1.95434,9.96268,4762.188,4912.876,16730.839,0.02298,0.712974,81.789,102.575,0.49221,1.72927,0.969704,A,0.0,-0.002789
9795.094,0.57587,161.981,1.507,21,0.8574,18.006,1.97708,7.37781,3551.453,6243.641,5352.174,0.119344,0.835551,82.56,102.741,0.36257,0.54641,0.92486,A,0.0,-0.024306
10819.409,0.61449,170.948,1.7502,26,0.8195,21.307,1.96116,9.1329,3096.414,7722.995,5419.265,0.089987,0.824785,82.522,103.119,0.28619,0.50088,0.95809,A,0.0,-0.028801
9795.432,0.59275,150.337,1.9254,19,0.671,12.749,1.99933,5.8134,2697.562,7097.87,5193.842,0.279636,0.711746,84.194,101.306,0.27539,0.53023,0.870081,A,0.0,0.02629
13000.0,0.63266,208.334,1.0605,16,0.7266,11.626,1.90384,3.85285,3555.008,9444.992,3770.201,0.654722,0.624361,91.274,103.459,0.27346,0.29002,0.717003,A,0.0,-0.046598
10192.842,0.58485,175.17,1.2099,22,0.8618,18.959,1.954,6.95314,3040.219,7152.623,3678.215,0.172998,0.759909,83.777,102.894,0.29827,0.36086,0.911772,A,0.0,-0.010754
9220.873,0.62922,145.931,1.6968,21,0.8948,18.791,2.00827,8.24405,2598.512,6622.361,4409.19,0.121746,0.82834,81.919,101.83,0.28181,0.47817,0.945474,A,0.0,0.032756
7283.795,0.5743,207.749,2.0276,21,0.7796,16.372,1.90464,7.06427,2507.342,4776.454,5083.923,0.129295,0.807907,84.32,104.646,0.34424,0.69798,0.922501,A,-0.001,-0.033937
10315.243,0.49579,193.59,2.2805,16,0.7544,12.07,1.92491,5.49499,3712.35,6602.893,8466.139,0.203217,0.660279,84.83,103.076,0.35989,0.82074,0.852486,A,0.0,0.03011
11537.517,0.43637,170.631,1.0638,22,0.7993,17.584,1.96171,6.10739,5061.594,6475.923,5384.375,0.122723,0.681525,82.942,102.158,0.43871,0.46668,0.876621,A,0.0,-0.05113
9915.505,0.64797,183.166,2.8125,18,0.7212,12.981,1.94096,6.35078,2143.947,7771.558,6029.889,0.323754,0.737413,86.059,103.119,0.21622,0.60813,0.891966,A,-0.0,-0.009542
11861.764,0.32474,189.142,3.3104,23,0.757,17.411,1.93164,8.80331,5870.747,5991.016,19434.335,0.031803,0.611799,82.415,102.56,0.49493,1.6384,0.95153,A,0.001,-0.015723
9110.444,0.49359,161.032,3.1006,27,0.7944,21.449,1.97882,11.06917,3079.277,6031.167,9547.522,0.029523,0.730526,81.336,101.999,0.33799,1.04798,0.979784,A,0.0,-0.009745
9848.336,0.36529,169.472,2.7873,27,0.7122,19.23,1.96372,9.55047,4253.727,5594.609,11856.251,0.029754,0.620401,81.671,101.697,0.43192,1.20388,0.964818,A,0.0,0.032246
9721.942,0.33618,187.68,2.1772,18,0.7179,12.922,1.93389,5.83999,4498.569,5223.373,9794.452,0.093306,0.545344,83.176,102.056,0.46272,1.00746,0.87157,A,0.0,0.043857
8873.009,0.40989,153.036,1.9008,18,0.8234,14.822,1.994,6.70296,3994.283,4878.726,7592.43,0.084235,0.676511,81.729,101.221,0.45016,0.85568,0.907489,A,0.0,-0.012574
7776.04,0.47977,152.657,2.0972,17,0.7855,13.354,1.99474,6.24404,2753.528,5022.512,5774.759,0.142166,0.664849,82.478,101.123,0.3541,0.74263,0.89507,A,0.0,0.040568
8570.813,0.64884,149.746,2.2504,23,0.8999,20.697,2.00051,9.93626,1935.344,6635.469,4355.355,0.084924,0.813321,81.598,101.944,0.22581,0.50816,0.970445,A,0.0,-0.037129
7147.303,0.55579,171.157,3.3719,23,0.8473,19.489,1.96081,10.12122,2389.086,4758.217,8055.713,0.044006,0.812749,81.923,103.049,0.33426,1.1271,0.973534,A,0.0,0.029307
11138.636,0.36098,152.433,3.1379,22,0.7652,16.835,1.99518,8.81797,5064.048,6074.588,15890.24,0.037501,0.630643,81.087,100.885,0.45464,1.42659,0.952769,A,0.0,0.021559
9742.848,0.6953,169.063,3.8468,19,0.8625,16.388,1.96443,8.78245,2272.768,7470.079,8742.897,0.136767,0.865237,83.068,103.293,0.23328,0.89737,0.954114,A,0.001,-0.02619
9844.429,0.36126,168.798,1.5373,16,0.7067,11.307,1.96489,4.62738,4628.862,5215.567,7116.089,0.151402,0.547514,83.251,101.183,0.4702,0.72285,0.802942,A,0.0,-0.016494
9138.54,0.559,186.295,2.602,26,0.7744,20.134,1.93604,9.60872,3089.544,6048.996,8038.914,0.055779,0.816024,82.632,103.78,0.33808,0.87967,0.966266,A,0.0,-0.013727
11427.615,0.53281,124.368,2.6515,20,0.7212,14.423,2.05702,7.55384,3567.864,7859.75,9460.338,0.126509,0.71724,80.961,99.789,0.31221,0.82785,0.925868,A,0.001,0.053551
8730.588,0.41127,196.41,2.9685,16,0.7371,11.794,1.92074,5.75832,3403.551,5327.037,10103.273,0.135237,0.587637,84.028,102.718,0.38984,1.15723,0.87181,A,0.0,-0.021141
12527.077,0.69738,203.422,3.5676,18,0.6662,11.991,1.91066,6.06391,2639.044,9888.033,9415.158,0.426458,0.769687,88.103,104.216,0.21067,0.75158,0.871174,A,0.0,0.001076
11627.505,0.50114,183.704,3.3493,17,0.7166,12.183,1.94011,6.21777,3841.249,7786.256,12865.413,0.180535,0.659314,84.187,102.629,0.33036,1.10646,0.88099,A,-0.0,-0.059621
8951.329,0.52944,129.104,3.4198,22,0.6538,14.384,2.04552,7.96492,3089.69,5861.639,10566.195,0.091456,0.760299,80.735,100.377,0.34517,1.18041,0.940375,A,0.0,0.022667
9699.166,0.58563,177.163,2.1977,16,0.7249,11.598,1.95069,5.32612,3023.266,6675.901,6644.26,0.28864,0.720122,85.377,102.726,0.3117,0.68503,0.84637,A,-0.001,0.023906
10943.701,0.30946,171.752,3.6963,22,0.7139,15.705,1.95978,8.31699,5594.62,5349.081,20679.613,0.033877,0.597683,81.812,101.659,0.51122,1.88964,0.944035,A,-0.0,0.05399
11877.127,0.40206,122.421,3.0305,23,0.7052,16.22,2.06189,8.82509,5225.963,6651.164,15837.227,0.043973,0.683421,79.771,99.437,0.44,1.33342,0.951877,A,0.0,-0.028741
8811.604,0.5306,149.553,3.4964,19,0.7545,14.336,2.00089,7.73217,3210.806,5600.798,11226.167,0.093784,0.781019,81.707,101.72,0.36438,1.27402,0.935595,A,0.0,-0.014801
9251.504,0.42171,173.619,1.8765,27,0.8969,24.218,1.95661,10.60418,3973.629,5277.875,7456.56,0.023459,0.721541,81.745,102.567,0.42951,0.80598,0.976107,A,0.0,0.031184
13000.0,0.39138,120.0,2.7129,17,0.8957,15.227,2.06808,8.08409,6674.222,6325.778,18106.452,0.049064,0.752559,79.712,99.731,0.5134,1.3928,0.935639,A,0.0,-0.045194
11379.362,0.51924,186.354,3.2784,20,0.6823,13.646,1.93594,6.90758,3509.708,7869.653,11506.378,0.156262,0.681126,83.961,102.893,0.30843,1.01116,0.907181,A,0.001,-0.039336
11344.748,0.43175,162.927,3.5825,20,0.8488,16.976,1.97535,9.0346,4651.612,6693.135,16664.207,0.046378,0.699572,81.635,101.892,0.41002,1.46889,0.955956,A,0.001,0.032649
12900.437,0.60522,201.99,2.4021,23,0.7034,16.178,1.91269,7.40782,3904.984,8995.453,9380.291,0.162602,0.797368,84.574,104.339,0.3027,0.72713,0.918675,A,0.0,-0.042095
10668.787,0.56785,176.71,3.5459,19,0.7756,14.737,1.95144,7.68513,3161.169,7507.618,11209.104,0.132728,0.75106,83.303,102.909,0.2963,1.05064,0.930743,A,0.0,0.023484
9315.628,0.55561,153.05,1.5928,17,0.8621,14.655,1.99397,6.21331,2957.388,6358.241,4710.666,0.194814,0.72342,83.19,101.531,0.31747,0.50567,0.888686,A,-0.001,0.036783
7406.637,0.30656,181.188,1.3047,22,0.8716,19.174,1.94412,7.21641,3959.139,3447.498,5165.625,0.04231,0.610032,82.272,102.188,0.53454,0.69743,0.926225,A,-0.0,-0.016632
11292.707,0.45861,147.023,1.2717,23,0.8568,19.705,2.00602,7.67937,4425.086,6867.622,5627.451,0.08271,0.700819,81.451,101.05,0.39185,0.49833,0.92933,A,-0.001,-0.010488
8299.955,0.3088,147.893,1.0426,19,0.694,13.186,2.00425,4.67932,4251.887,4048.067,4432.926,0.111216,0.516336,81.865,99.881,0.51228,0.53409,0.815501,A,0.001,-0.014483
11006.141,0.54996,197.266,2.7472,25,0.7951,19.876,1.91949,9.50181,3766.303,7239.838,10346.804,0.05952,0.8051,83.057,104.19,0.3422,0.94009,0.962965,A,0.0,-0.026624
7037.754,0.32867,179.843,2.2681,27,0.8698,23.485,1.9463,10.85364,3473.804,3563.95,7878.782,0.013589,0.635778,81.845,102.295,0.4936,1.1195,0.979592,A,0.0,0.012082
9288.472,0.67045,165.735,3.4635,20,0.7768,15.536,1.9703,8.1758,2190.379,7098.092,7586.296,0.159102,0.828249,83.233,102.883,0.23582,0.81674,0.944039,A,0.001,-0.025228
9973.052,0.34354,160.83,2.8402,22,0.7242,15.932,1.9792,8.04448,5049.925,4923.127,14342.624,0.040587,0.654304,81.474,101.486,0.50636,1.43814,0.940178,A,0.0,-0.040711
8122.718,0.59838,196.321,3.6014,18,0.6529,11.753,1.92087,6.0047,2089.786,6032.932,7526.235,0.268332,0.712712,85.782,103.54,0.25728,0.92657,0.88463,A,0.0,-0.027492
9179.798,0.58727,151.625,2.8281,22,0.7822,17.208,1.99677,8.79134,3027.713,6152.085,8562.681,0.080062,0.836894,81.615,102.203,0.32982,0.93277,0.955036,A,0.0,-0.027811
8752.311,0.47874,175.723,2.2115,20,0.8315,16.63,1.95308,7.66591,3646.518,5105.793,8064.449,0.075603,0.766665,82.512,102.965,0.41663,0.92141,0.934206,A,0.0,-0.039123
10194.695,0.43179,176.994,2.4551,16,0.6568,10.508,1.95097,4.99018,4697.046,5497.649,11531.534,0.164373,0.660267,83.731,102.323,0.46073,1.13113,0.824609,A,0.0,-0.0164
8111.417,0.59863,219.693,2.977,16,0.8128,13.005,1.88874,6.19076,2713.83,5397.587,8079.179,0.193343,0.802404,85.536,105.085,0.33457,0.99603,0.891943,A,0.0,-0.007874
9606.915,0.57454,161.2,2.6153,18,0.7698,13.857,1.97851,6.84002,3038.349,6568.566,7946.147,0.163836,0.764511,83.116,102.232,0.31627,0.82713,0.909813,A,0.0,0.025036
12061.213,0.31432,211.67,2.5096,26,0.7897,20.532,1.89931,9.41811,6523.24,5537.974,16370.533,0.022844,0.657656,83.038,103.813,0.54084,1.35729,0.960692,A,-0.001,-0.018253
12101.245,0.49558,201.507,3.0694,19,0.894,16.986,1.91338,8.31331,4266.913,7834.332,13097.067,0.08142,0.721153,83.486,103.816,0.3526,1.08229,0.94207,A,0.0,-0.029084
12835.601,0.41664,153.775,2.0822,18,0.8805,15.849,1.99256,7.38173,4945.223,7890.378,10296.982,0.088594,0.622242,81.818,100.902,0.38527,0.80222,0.918076,A,0.0,-0.016873
10622.799,0.40408,162.228,1.5549,18,0.7187,12.936,1.97663,5.36452,4091.993,6530.806,6362.602,0.163449,0.554844,83.152,100.901,0.38521,0.59896,0.844183,A,0.0,0.049932
9389.341,0.60131,170.15,1.571,24,0.8532,20.476,1.96254,8.43611,3053.86,6335.481,4797.538,0.094742,0.84549,82.555,103.216,0.32525,0.51096,0.948754,A,0.0,-0.009998
10492.978,0.53789,163.125,3.8394,25,0.8972,22.43,1.97499,12.11082,3795.776,6697.202,14573.618,0.021766,0.83041,81.318,102.766,0.36174,1.38889,0.985362,A,0.0,0.025563
11065.538,0.62205,163.991,3.7625,19,0.7365,13.994,1.97343,7.51511,3245.646,7819.893,12211.871,0.157705,0.814783,83.146,102.707,0.29331,1.10359,0.925639,A,-0.001,-0.052568
10419.866,0.48903,179.139,3.054,25,0.7796,19.489,1.94744,9.78548,3622.677,6797.189,11063.608,0.046364,0.724956,82.252,102.851,0.34767,1.06178,0.967038,A,0.0,0.002325
12175.381,0.48927,130.735,3.9022,24,0.8571,20.571,2.04167,11.68775,4261.808,7913.574,16630.622,0.024907,0.739346,79.937,100.341,0.35003,1.36592,0.982181,A,-0.001,0.030527
9013.65,0.47578,137.885,3.7556,24,0.6837,16.408,2.02542,9.14528,4081.422,4932.228,15328.305,0.041528,0.835132,80.496,101.409,0.4528,1.70057,0.960477,A,0.0,-0.04033
9689.287,0.50463,188.894,1.4139,21,0.7968,16.732,1.93202,6.45431,3221.377,6467.909,4554.712,0.157066,0.677736,84.06,102.984,0.33247,0.47008,0.89652,A,0.001,0.001325
7720.337,0.30905,207.411,3.9585,25,0.7728,19.32,1.9051,9.9409,3937.3,3783.037,15585.698,0.017404,0.612597,82.832,103.344,0.50999,2.01878,0.97128,A,0.0,-0.031736
9368.563,0.32753,147.166,3.9216,27,0.6732,18.177,2.00573,10.08072,4634.568,4733.995,18174.717,0.019068,0.629507,80.617,100.588,0.49469,1.93997,0.9712,A,0.0,0.030506
11859.98,0.35289,161.763,1.6604,20,0.7228,14.455,1.97748,6.15137,5710.562,6149.418,9481.911,0.089867,0.597148,82.162,101.157,0.4815,0.79949,0.877382,A,0.0,-0.035393
10078.693,0.53421,163.125,2.7175,27,0.8214,22.179,1.97499,11.03385,3647.018,6431.675,9910.594,0.031119,0.81948,81.441,102.694,0.36185,0.98332,0.978921,A,0.0,0.018005
11122.073,0.62431,147.069,3.0761,21,0.8114,17.04,2.00593,8.95154,3628.951,7493.123,11163.042,0.086203,0.884914,81.499,102.268,0.32628,1.00368,0.954948,A,-0.001,0.025485
10641.444,0.42778,192.712,1.6371,27,0.6966,18.809,1.92623,7.65471,4742.649,5898.795,7764.347,0.067134,0.717747,83.004,103.417,0.44568,0.72963,0.930058,A,0.0,-0.038499
11446.463,0.47268,213.745,3.3249,19,0.8536,16.219,1.89653,7.98045,4562.754,6883.709,15170.869,0.075754,0.735775,83.801,104.412,0.39862,1.32538,0.936115,A,0.0,0.006275
8746.961,0.39065,160.268,1.7288,27,0.8324,22.474,1.98024,9.72765,3978.895,4768.066,6878.661,0.027454,0.693733,81.278,101.717,0.45489,0.78641,0.968031,A,0.0,-0.000999
10802.342,0.54241,175.244,3.5209,24,0.849,20.375,1.95388,10.62889,3447.562,7354.779,12138.401,0.042174,0.776899,82.053,103.01,0.31915,1.12368,0.975185,A,0.001,-0.019606
11019.556,0.31946,163.77,3.3391,27,0.7406,19.997,1.97382,10.46378,5297.969,5721.586,17690.32,0.01758,0.598987,81.288,101.271,0.48078,1.60536,0.973542,A,0.001,0.013431
11736.295,0.3594,173.969,3.8978,23,0.8868,20.397,1.95602,10.89068,5425.896,6310.399,21149.135,0.018083,0.652869,81.687,102.13,0.46232,1.80203,0.976739,A,0.0,0.044061
12091.678,0.62423,131.57,2.3182,20,0.8382,16.764,2.03972,8.34834,3704.406,8387.272,8587.599,0.116566,0.848449,81.187,101.113,0.30636,0.71021,0.942792,A,0.0,0.007827
9254.515,0.44071,201.98,1.8122,16,0.824,13.183,1.9127,5.50939,3775.168,5479.346,6841.266,0.153567,0.638539,84.454,103.29,0.40793,0.73924,0.857855,A,0.001,0.039966
7852.826,0.69538,173.79,2.6317,17,0.7466,12.693,1.95632,6.17229,1931.594,5921.232,5083.418,0.304935,0.822748,85.467,103.243,0.24597,0.64734,0.892136,A,0.0,0.005742
9037.042,0.54826,177.194,3.5628,22,0.8243,18.134,1.95064,9.46066,3073.939,5963.103,10951.965,0.057087,0.801456,82.322,103.264,0.34015,1.2119,0.964582,A,0.0,0.002013
11985.37,0.41654,171.129,3.6541,24,0.7221,17.33,1.96085,9.16255,5451.937,6533.434,19922.092,0.039278,0.731348,81.86,102.511,0.45488,1.6622,0.957107,A,-0.001,0.030949
8510.193,0.55397,207.731,3.1358,20,0.8736,17.471,1.90466,8.53514,2599.727,5910.466,8152.329,0.087353,0.759217,83.766,104.324,0.30548,0.95795,0.95183,A,0.0,-0.028602
7935.432,0.68458,149.74,1.1431,26,0.7527,19.571,2.00052,7.23851,1754.82,6180.612,2005.97,0.230526,0.813501,83.52,101.945,0.22114,0.25279,0.925534,A,0.0,-0.027639
8033.497,0.31321,147.167,3.4278,22,0.6598,14.515,2.00573,7.82091,4554.904,3478.593,15613.111,0.033655,0.679256,80.81,100.916,0.56699,1.9435,0.939076,A,0.0,0.021134
8049.486,0.67072,149.14,2.8291,26,0.7975,20.735,2.00173,10.63219,2406.69,5642.795,6808.8,0.051119,0.934987,81.126,102.714,0.29899,0.84587,0.977213,A,0.001,-0.016305
11081.047,0.60585,184.583,2.4293,17,0.7939,13.497,1.93872,6.32964,3218.575,7862.473,7819.035,0.234975,0.757677,84.937,103.318,0.29046,0.70562,0.887349,A,-0.001,-0.047291
8848.8,0.67154,200.31,3.1453,26,0.7931,20.621,1.91509,10.16667,2379.025,6469.776,7482.627,0.068696,0.893215,83.279,104.901,0.26885,0.84561,0.972498,A,-0.001,-0.007319
9063.191,0.6181,201.264,2.4689,23,0.8164,18.778,1.91372,8.67436,2855.598,6207.593,7050.116,0.091565,0.860311,83.612,104.724,0.31508,0.77788,0.953324,A,0.0,0.024985
11714.527,0.69498,196.041,1.7157,25,0.7785,19.462,1.92128,8.02897,2529.029,9185.498,4339.156,0.20375,0.830228,84.92,104.303,0.21589,0.37041,0.936707,A,0.0,0.014682
11403.863,0.36929,127.121,2.0341,18,0.8038,14.469,2.05027,6.96436,4979.279,6424.584,10128.447,0.077012,0.595808,80.446,99.165,0.43663,0.88816,0.908943,A,-0.0,0.049789
11322.144,0.58246,197.308,2.7785,25,0.7652,19.13,1.91943,9.1721,3602.962,7719.182,10010.922,0.076779,0.818489,83.287,104.28,0.31822,0.88419,0.958053,A,0.0,-0.001381
8851.973,0.33573,193.6,1.0582,26,0.8522,22.157,1.9249,7.46011,4393.563,4458.409,4649.379,0.047977,0.619303,82.782,102.806,0.49634,0.52524,0.929072,A,0.001,-0.023146
7444.765,0.48705,175.694,3.9398,20,0.798,15.961,1.95313,8.52157,2559.174,4885.591,10082.663,0.06628,0.70746,82.388,102.573,0.34375,1.35433,0.95322,A,0.0,-0.009468
10528.047,0.67283,152.875,1.2777,21,0.8267,17.361,1.99431,6.72264,2761.776,7766.272,3528.681,0.247758,0.823989,83.881,102.185,0.26233,0.33517,0.903403,A,-0.001,0.011066
12633.117,0.65245,145.143,3.9801,25,0.773,19.324,2.0099,10.781,2138.736,10494.381,8512.329,0.095538,0.765948,81.538,101.374,0.1693,0.67381,0.97521,A,0.0,-0.003512
9465.847,0.54344,180.022,1.5363,21,0.7539,15.831,1.94601,6.38437,3271.827,6194.02,5026.48,0.165601,0.743028,83.858,103.011,0.34565,0.53101,0.894673,A,-0.0,-0.028222
9592.249,0.46767,169.283,3.4182,22,0.8033,17.673,1.96405,9.22937,4124.037,5468.212,14096.95,0.042492,0.788339,81.832,102.796,0.42993,1.46962,0.960937,A,0.0,-0.03627
7000.0,0.64231,140.613,3.3551,21,0.7529,15.81,2.01948,8.56039,1843.958,5156.042,6186.616,0.110898,0.832354,81.537,101.552,0.26342,0.8838,0.954518,A,0.0,0.026563
12598.601,0.4647,177.61,3.98,17,0.841,14.296,1.94995,7.63012,4566.521,8032.08,18174.723,0.095655,0.674513,82.846,102.446,0.36246,1.4426,0.925389,A,0.0,0.016941
9701.181,0.30814,190.267,3.8309,26,0.742,19.292,1.92992,10.05822,4840.963,4860.218,18545.148,0.018107,0.597027,82.273,102.512,0.49901,1.91164,0.970677,A,0.0,-0.014776
7388.3,0.38854,143.559,3.2493,19,0.6991,13.283,2.01321,7.10734,3034.623,4353.676,9860.315,0.072461,0.608853,81.163,100.247,0.41073,1.33459,0.9234,A,0.001,0.009571
9911.265,0.52036,162.239,2.9899,21,0.8298,17.425,1.97661,8.89718,3782.093,6129.172,11308.151,0.060416,0.804182,81.793,102.547,0.3816,1.14094,0.955696,A,0.0,-0.042873
9106.693,0.48434,146.219,3.7439,21,0.6508,13.667,2.00767,7.51761,3536.185,5570.508,13239.075,0.087394,0.73633,81.478,101.239,0.38831,1.45377,0.929935,A,0.0,-0.03782
10941.917,0.68627,177.802,2.6316,27,0.8281,22.359,1.94963,10.81721,2596.001,8345.916,6831.673,0.067475,0.878753,82.481,103.803,0.23725,0.62436,0.976673,A,0.0,-0.054511
13000.0,0.46374,159.483,2.2916,25,0.714,17.85,1.98169,8.49945,5360.107,7639.893,12283.305,0.062594,0.745187,81.71,102.016,0.41232,0.94487,0.944348,A,0.0,-0.039483
8792.232,0.49913,167.589,2.3072,25,0.7967,19.919,1.96701,9.40065,3528.405,5263.827,8140.613,0.044646,0.803778,81.795,102.815,0.40131,0.92589,0.964104,A,0.0,-0.01075
10233.377,0.41657,161.57,3.2849,24,0.6872,16.492,1.97783,8.62243,4065.228,6168.149,13353.718,0.051644,0.657081,81.65,101.542,0.39725,1.30492,0.950751,A,0.0,-0.000291
9422.868,0.39753,182.792,3.2548,17,0.7883,13.401,1.94156,6.80179,3818.147,5604.721,12427.395,0.08917,0.607591,82.949,102.245,0.4052,1.31885,0.909109,A,0.0,0.030511
9003.43,0.31803,186.752,3.8747,24,0.6744,16.184,1.93532,8.49405,4956.032,4047.398,19203.375,0.02867,0.672341,82.29,102.853,0.55046,2.1329,0.950376,A,0.0,0.039787
10690.288,0.35968,193.091,1.9549,16,0.8902,14.244,1.92566,6.17494,4845.131,5845.157,9471.761,0.093302,0.580485,83.363,102.527,0.45323,0.88602,0.882431,A,0.0,-0.003586
12321.193,0.68048,164.864,2.0985,18,0.7241,13.033,1.97185,5.99316,2741.685,9579.508,5753.425,0.401522,0.760322,86.399,102.391,0.22252,0.46695,0.868702,A,0.0,-0.032114
10659.978,0.4506,169.459,2.28,16,0.7204,11.526,1.96374,5.40694,4554.277,6105.7,10383.778,0.162096,0.665801,83.417,101.996,0.42723,0.97409,0.846311,A,0.001,-0.025163
9360.023,0.38941,165.453,2.6428,23,0.7789,17.915,1.9708,8.81796,4412.023,4948.0,11660.063,0.037006,0.703636,81.611,102.047,0.47137,1.24573,0.955206,A,-0.0,0.024305
10777.646,0.52066,166.379,2.9466,23,0.8668,19.936,1.96915,10.08594,4120.703,6656.943,12142.198,0.040835,0.817681,81.697,102.846,0.38234,1.12661,0.970014,A,0.0,-0.03555
10354.991,0.48975,169.851,2.2729,27,0.7732,20.876,1.96306,9.77855,3769.327,6585.664,8567.244,0.04437,0.744661,81.878,102.536,0.36401,0.82735,0.967022,A,0.0,0.024663
11222.718,0.58305,142.061,1.9879,22,0.7043,15.494,2.01638,7.22939,3764.258,7458.461,7482.966,0.143509,0.804881,82.033,101.454,0.33541,0.66677,0.917443,A,-0.001,0.02728
9172.605,0.68969,144.144,3.0123,26,0.8238,21.418,2.01198,11.24153,1977.808,7194.797,5957.708,0.060996,0.862513,81.037,101.955,0.21562,0.64951,0.980931,A,0.0,0.009621
10206.729,0.39737,173.546,2.6233,23,0.7201,16.561,1.95673,8.04895,4279.936,5926.794,11227.458,0.056999,0.643163,82.185,102.046,0.41932,1.10001,0.939852,A,-0.001,0.001221
12471.106,0.52353,124.387,3.1644,22,0.7264,15.981,2.05697,8.75814,4928.452,7542.653,15595.539,0.066364,0.822245,80.168,100.483,0.39519,1.25053,0.949905,A,0.001,0.01762
10028.581,0.4327,149.631,1.6557,24,0.8778,21.067,2.00074,9.1085,4239.393,5789.188,7018.952,0.042264,0.718611,81.03,101.313,0.42273,0.69989,0.958709,A,0.0,0.019115
11465.613,0.64629,180.266,1.7683,25,0.7598,18.994,1.94561,8.07558,2956.249,8509.364,5227.675,0.154975,0.816982,83.726,103.511,0.25784,0.45594,0.938173,A,0.0,-0.030882
9984.378,0.38919,171.4,3.1041,26,0.6918,17.986,1.96039,9.15722,4266.172,5718.206,13242.815,0.036925,0.652005,81.839,102.0,0.42728,1.32635,0.959461,A,0.0,-0.00723
10106.027,0.56831,181.891,2.7766,19,0.8659,16.451,1.943,8.03408,3687.93,6418.098,10240.088,0.093876,0.840922,82.978,103.744,0.36492,1.01327,0.93972,A,-0.001,0.028281
8886.181,0.42431,159.001,1.165,16,0.7207,11.531,1.98259,4.24666,3745.99,5140.191,4363.976,0.220076,0.573157,83.77,100.855,0.42155,0.4911,0.781357,A,0.0,-0.043488
13000.0,0.64065,174.051,2.2015,27,0.752,20.303,1.95588,9.36568,3130.423,9869.577,6891.615,0.109339,0.809167,82.895,103.166,0.2408,0.53012,0.958903,A,0.0,0.036667
11797.04,0.32253,152.273,2.0967,24,0.7102,17.045,1.99549,7.97354,5812.504,5984.536,12187.276,0.042342,0.594654,81.144,100.639,0.49271,1.03308,0.935315,A,0.0,0.057996
11770.994,0.60311,180.478,1.9926,27,0.6771,18.283,1.94527,8.10026,3439.409,8331.585,6853.243,0.127627,0.799395,83.373,103.405,0.29219,0.58221,0.938167,A,0.0,0.015348
11736.565,0.56904,178.111,3.522,25,0.8593,21.482,1.94913,11.1661,3633.808,8102.757,12798.165,0.038824,0.806824,82.115,103.343,0.30961,1.09045,0.978876,A,0.0,-0.002828
8470.142,0.65181,157.525,2.0624,21,0.8688,18.244,1.98537,8.42628,2241.315,6228.827,4622.514,0.123107,0.842048,82.429,102.553,0.26461,0.54574,0.950022,A,0.0,0.030374
8862.419,0.30716,140.677,1.9361,17,0.6813,11.582,2.01934,5.36728,4998.274,3864.146,9677.368,0.080384,0.600488,81.137,100.025,0.56399,1.09196,0.852403,A,-0.001,0.02606
9728.018,0.43992,146.326,2.2957,25,0.8928,22.32,2.00745,10.83463,4304.075,5423.943,9880.977,0.022236,0.771364,80.622,101.477,0.44244,1.01572,0.977636,A,0.0,0.009899
7478.107,0.34272,173.532,3.9041,16,0.847,13.552,1.95676,7.24217,4056.601,3421.506,15837.437,0.046298,0.694153,82.043,102.382,0.54246,2.11784,0.926717,A,0.0,0.035664
8644.616,0.59719,174.346,2.9637,26,0.7316,19.022,1.95538,9.53779,2621.076,6023.54,7767.961,0.067078,0.827868,82.348,103.303,0.3032,0.89859,0.965944,A,0.0,-0.03432
11244.846,0.66164,165.596,1.5472,17,0.7572,12.872,1.97054,5.3036,3286.503,7958.342,5085.025,0.366944,0.783336,85.971,102.58,0.29227,0.45221,0.837909,A,0.001,0.021562
7000.0,0.54495,158.703,3.879,27,0.8679,23.432,1.98315,12.75536,2502.646,4497.354,9707.747,0.015968,0.839315,81.063,102.596,0.35752,1.38682,0.989524,A,0.0,-0.008924
8649.408,0.30842,158.7,2.6647,20,0.7846,15.692,1.98316,7.81222,4321.08,4328.327,11514.541,0.038467,0.577921,81.36,100.871,0.49958,1.33125,0.93769,A,0.001,0.000363
9843.819,0.5711,150.949,1.34,18,0.8888,15.999,1.99811,6.3419,2806.351,7037.467,3760.634,0.216622,0.71245,83.388,101.344,0.28509,0.38203,0.891863,A,0.001,0.0443
9853.925,0.56348,132.744,1.2027,24,0.6931,16.634,2.037,6.46192,3450.102,6403.823,4149.359,0.166924,0.777134,81.909,100.715,0.35012,0.42109,0.89628,A,0.0,-0.043751
9945.456,0.58044,188.606,2.3717,16,0.8076,12.922,1.93246,5.98792,3314.207,6631.249,7860.284,0.213849,0.763653,84.799,103.538,0.33324,0.79034,0.877226,A,0.0,0.027435
8849.095,0.51656,181.316,3.6837,20,0.7008,14.016,1.94392,7.32714,3207.728,5641.367,11816.208,0.105881,0.750081,83.116,103.118,0.36249,1.3353,0.925699,A,-0.0,-0.031136
11359.507,0.67607,185.983,2.6776,18,0.864,15.553,1.93652,7.48365,2814.755,8544.752,7536.765,0.206886,0.830619,84.616,103.863,0.24779,0.66348,0.924173,A,-0.0,0.055133
7000.0,0.32237,149.393,3.5866,21,0.8535,17.923,2.00122,9.72325,3394.853,3605.147,12175.937,0.020124,0.606986,80.728,100.563,0.48498,1.73942,0.969725,A,0.0,-0.001779
10619.214,0.61781,202.804,1.6684,26,0.7192,18.699,1.91153,7.57476,2608.516,8010.697,4352.049,0.180785,0.760124,84.84,104.127,0.24564,0.40983,0.92812,A,0.001,-0.04701
7723.67,0.5368,171.258,1.8258,26,0.6816,17.721,1.96063,7.70859,3126.949,4596.721,5709.073,0.08319,0.845376,82.444,103.27,0.40485,0.73917,0.937259,A,0.0,-0.022443
8904.733,0.65438,180.481,2.7813,20,0.8965,17.93,1.94527,8.77555,2769.597,6135.136,7703.038,0.094322,0.907209,82.933,104.116,0.31103,0.86505,0.955169,A,0.0,-0.005343
9883.912,0.56891,152.039,2.598,16,0.8974,14.359,1.99595,7.16567,3499.746,6384.166,9092.33,0.130382,0.809308,82.296,102.043,0.35409,0.91991,0.918851,A,0.0,-0.004124
12409.238,0.30262,153.115,1.0083,27,0.736,19.873,1.99384,6.88517,6726.604,5682.634,6782.437,0.053776,0.597188,81.331,100.701,0.54206,0.54656,0.903675,A,-0.0,-0.047086
8626.445,0.62169,175.753,3.7109,17,0.6905,11.738,1.95303,6.18953,2467.021,6159.424,9154.932,0.238852,0.775024,84.668,103.022,0.28598,1.06126,0.890126,A,0.0,0.020266
7821.093,0.55803,170.871,2.3162,24,0.8363,20.07,1.9613,9.44274,2244.706,5576.386,5199.201,0.066693,0.755808,82.212,102.66,0.28701,0.66477,0.965698,A,0.001,0.0212
11458.572,0.35507,162.38,1.8037,19,0.7373,14.008,1.97635,6.13928,5065.165,6393.407,9135.95,0.097781,0.558899,82.291,100.936,0.44204,0.7973,0.878266,A,0.0,0.049482
9869.514,0.54284,183.093,3.9052,24,0.8011,19.228,1.94108,10.15276,3244.185,6625.329,12669.328,0.047087,0.785585,82.404,103.434,0.32871,1.28368,0.971487,A,0.0,0.048958
10014.278,0.5232,141.786,2.2542,16,0.8565,13.704,2.01697,6.66002,3542.684,6471.594,7985.779,0.143812,0.73088,82.025,100.95,0.35376,0.79744,0.90276,A,0.0,0.031155
10837.99,0.65509,160.39,3.8666,17,0.7454,12.672,1.98001,6.87783,2882.374,7955.617,11145.055,0.227422,0.810039,83.923,102.491,0.26595,1.02833,0.907672,A,-0.001,-0.01643
11502.029,0.63504,189.461,2.32,26,0.6926,18.008,1.93115,8.2818,3278.526,8223.503,7606.286,0.128285,0.837067,83.7,104.061,0.28504,0.6613,0.942419,A,0.0,0.039803
10235.341,0.68412,177.611,2.5755,22,0.8725,19.195,1.94995,9.23317,2780.511,7454.83,7161.081,0.10016,0.901922,82.906,103.947,0.27166,0.69964,0.960227,A,0.0,0.03032
7000.0,0.64763,191.685,1.5721,16,0.728,11.647,1.92777,4.67263,1939.534,5060.466,3049.057,0.414493,0.736991,87.554,103.499,0.27708,0.43558,0.822668,A,0.0,-0.031164
9686.682,0.45168,161.864,2.0978,21,0.7278,15.285,1.97729,7.05633,4301.322,5385.36,9023.329,0.085254,0.744343,82.105,102.133,0.44404,0.93152,0.916186,A,0.0,0.020601
10027.823,0.56633,182.35,1.1034,27,0.8566,23.129,1.94226,8.05449,3103.371,6924.452,3424.346,0.109269,0.771172,83.198,103.305,0.30948,0.34148,0.940289,A,0.0,0.011256
8256.427,0.31142,186.204,3.2344,17,0.6724,11.43,1.93618,5.76861,4419.556,3836.871,14294.81,0.073211,0.585797,82.859,102.257,0.53529,1.73136,0.874159,A,0.0,0.028861
8457.971,0.61828,154.971,3.7132,21,0.7819,16.42,1.99024,8.90322,2308.17,6149.801,8570.714,0.095785,0.814388,81.963,102.235,0.2729,1.01333,0.957722,A,-0.0,-0.01789
10954.388,0.55951,171.446,2.1798,17,0.7672,13.043,1.96031,6.0184,3295.092,7659.296,7182.532,0.232795,0.700065,84.426,102.32,0.3008,0.65568,0.874846,A,0.0,0.003633
10364.483,0.69624,187.434,3.1601,22,0.8991,19.781,1.93427,9.91307,2324.929,8039.554,7346.925,0.09768,0.86934,83.225,104.184,0.22432,0.70886,0.968529,A,0.0,-0.037295
8636.103,0.40613,188.345,2.53,25,0.8226,20.566,1.93286,9.71343,3575.542,5060.561,9045.955,0.031407,0.670893,82.382,102.915,0.41402,1.04746,0.967983,A,0.0,-0.011487
10842.451,0.32251,186.805,2.9839,23,0.8115,18.664,1.93524,9.22958,5428.944,5413.507,16199.462,0.026114,0.619757,82.258,102.508,0.50071,1.49408,0.959457,A,-0.0,-0.031429
10199.104,0.37016,122.333,2.7447,22,0.8578,18.871,2.06211,10.01064,5177.098,5022.005,14209.816,0.02207,0.728998,79.478,99.732,0.5076,1.39324,0.969735,A,0.001,0.010183
8054.967,0.68256,174.617,1.7679,21,0.8285,17.399,1.95493,7.44941,1967.026,6087.941,3477.486,0.194066,0.840391,84.034,103.399,0.2442,0.43172,0.930569,A,0.0,0.014583
9584.493,0.61464,185.951,3.9977,21,0.8096,17.001,1.93657,8.9882,3190.073,6394.419,12753.062,0.07847,0.882123,82.92,104.201,0.33284,1.33059,0.957507,A,0.001,0.023678
8022.315,0.42089,140.01,2.1809,25,0.7651,19.126,2.02078,9.22518,3521.166,4501.15,7679.284,0.035724,0.722202,80.517,100.789,0.43892,0.95724,0.962745,A,-0.001,-0.017506
8698.282,0.6818,172.622,2.3723,23,0.8662,19.923,1.9583,9.41922,2052.58,6645.702,4869.293,0.10274,0.860648,82.754,103.437,0.23598,0.5598,0.964441,A,0.0,-0.003536
10449.28,0.69122,180.713,3.168,20,0.8671,17.341,1.94489,8.7679,2502.991,7946.289,7929.451,0.135927,0.866126,83.491,103.856,0.23954,0.75885,0.952895,A,0.0,0.039758
8156.238,0.61224,190.967,1.7829,20,0.6931,13.862,1.92886,5.83391,2262.824,5893.415,4034.312,0.270569,0.74343,85.63,103.51,0.27743,0.49463,0.877393,A,-0.001,-0.016387
8123.175,0.53467,166.594,2.5742,18,0.8061,14.509,1.96877,7.07871,2361.862,5761.313,6079.975,0.145681,0.694135,83.09,102.041,0.29076,0.74847,0.920778,A,0.0,0.01056
10563.294,0.3996,168.96,3.4089,16,0.8466,13.546,1.96461,7.07253,4660.154,5903.14,15885.973,0.077491,0.653881,82.281,101.893,0.44116,1.50388,0.914448,A,-0.0,0.021202
8481.318,0.55186,184.044,1.0407,25,0.8488,21.22,1.93957,7.16871,2751.227,5730.091,2863.139,0.132084,0.753412,83.56,103.265,0.32439,0.33758,0.922361,A,0.0,-0.012236
9586.188,0.36854,163.977,3.7321,22,0.7959,17.509,1.97345,9.38718,4837.101,4749.087,18052.525,0.026992,0.716417,81.42,102.057,0.50459,1.88318,0.963043,A,0.0,0.004034
9618.04,0.33958,188.432,1.143,24,0.8213,19.712,1.93273,6.92767,4577.075,5040.965,5231.395,0.062432,0.591221,82.795,102.393,0.47588,0.54391,0.912508,A,0.0,0.013709
9753.861,0.35261,178.227,1.1864,22,0.8992,19.783,1.94894,7.16307,4653.828,5100.033,5521.359,0.05979,0.619809,82.396,102.114,0.47713,0.56607,0.919096,A,0.0,0.010197
10569.349,0.30857,177.266,1.4838,20,0.8286,16.573,1.95052,6.61435,5484.424,5084.926,8137.897,0.059734,0.576951,82.359,101.786,0.5189,0.76995,0.899549,A,-0.001,0.024297
9346.309,0.37651,159.965,1.062,16,0.8113,12.981,1.9808,4.56984,4156.075,5190.234,4413.803,0.167688,0.543725,83.117,100.711,0.44468,0.47225,0.801953,A,-0.0,-0.005085
8831.963,0.5832,171.928,1.1427,16,0.6973,11.157,1.95948,4.00247,2834.056,5997.907,3238.357,0.432102,0.654593,87.075,102.043,0.32089,0.36666,0.76225,A,0.0,0.011619
9302.66,0.58269,166.406,1.8827,27,0.8198,22.136,1.9691,9.79567,2825.898,6476.761,5320.382,0.060917,0.81035,81.964,102.799,0.30377,0.57192,0.968243,A,0.001,-0.021549
11747.377,0.63055,192.603,2.9228,18,0.8589,15.46,1.92639,7.55214,3232.947,8514.43,9449.113,0.171516,0.804852,84.378,103.987,0.27521,0.80436,0.925142,A,0.0,-0.049585
11398.527,0.39877,154.138,3.4762,22,0.6591,14.5,1.99185,7.75935,4775.345,6623.183,16600.286,0.065609,0.638972,81.53,101.032,0.41894,1.45635,0.931071,A,-0.001,0.056514
9917.624,0.32117,145.738,2.7683,20,0.7881,15.761,2.00867,8.07568,4671.583,5246.041,12932.38,0.040279,0.57131,80.835,100.123,0.47104,1.30398,0.940926,A,0.0,-0.039075
11848.514,0.52101,153.739,1.1054,22,0.8439,18.565,1.99263,6.72021,4584.81,7263.704,5067.923,0.135248,0.764493,82.432,101.839,0.38695,0.42773,0.899551,A,0.0,0.057034
11066.102,0.58477,197.001,2.3425,24,0.7477,17.944,1.91988,8.20246,3873.022,7193.08,9072.413,0.097679,0.847032,83.552,104.456,0.34999,0.81984,0.941538,A,0.0,0.042612
8386.573,0.43325,180.997,1.0891,25,0.69,17.251,1.94443,5.98026,3419.725,4966.848,3724.311,0.124672,0.645714,83.353,102.414,0.40776,0.44408,0.882663,A,0.0,-0.024492
12272.996,0.57416,182.598,3.2446,16,0.7884,12.615,1.94187,6.39961,4079.603,8193.392,13236.491,0.196449,0.762222,84.358,103.257,0.3324,1.07851,0.886267,A,0.001,0.045817
13000.0,0.68056,160.539,1.7288,24,0.698,16.753,1.97973,7.24863,3364.266,9635.734,5816.133,0.226743,0.839013,83.92,102.69,0.25879,0.44739,0.913779,A,0.0,-0.049856
10545.979,0.35229,185.908,3.2437,23,0.7393,17.004,1.93664,8.59072,5441.38,5104.598,17650.325,0.034318,0.691249,82.335,102.939,0.51597,1.67365,0.949738,A,0.001,-0.0426
7564.414,0.51865,177.005,2.0281,17,0.8965,15.241,1.95095,6.82192,2709.114,4855.3,5494.325,0.123288,0.739257,83.189,102.845,0.35814,0.72634,0.914868,A,-0.0,-0.032438
12256.257,0.52472,141.776,1.6028,16,0.7418,11.869,2.01699,5.12812,4329.83,7926.427,6939.969,0.263491,0.667411,83.604,100.531,0.35328,0.56624,0.8226,A,0.0,0.047366
10916.662,0.32436,161.676,1.7183,17,0.693,11.781,1.97764,5.07823,5558.632,5358.03,9551.347,0.110669,0.546051,82.433,100.815,0.50919,0.87493,0.82627,A,0.0,0.002602
9839.053,0.67104,176.368,1.6534,19,0.6552,12.449,1.952,5.18844,2382.5,7456.553,3939.164,0.448649,0.742096,87.46,102.834,0.24215,0.40036,0.838103,A,0.0,0.013728
7000.0,0.30841,179.293,1.3631,17,0.864,14.688,1.94719,5.64581,3131.937,3868.063,4269.002,0.08695,0.487717,82.793,101.292,0.44742,0.60986,0.873857,A,0.0,0.027996
9844.025,0.66045,150.256,3.5895,25,0.8336,20.84,1.99949,11.29382,2290.609,7553.415,8222.083,0.054241,0.844288,81.215,102.177,0.23269,0.83524,0.98089,A,0.001,-0.016255
9548.456,0.44745,139.529,2.8017,19,0.8001,15.202,2.02183,7.88711,3599.056,5949.4,10083.63,0.07408,0.67332,81.002,100.438,0.37693,1.05605,0.937596,A,0.0,-0.011439
9524.869,0.65601,176.101,1.8669,17,0.8428,14.328,1.95245,6.24289,2431.688,7093.181,4539.673,0.284897,0.783234,85.289,103.092,0.2553,0.47661,0.889127,A,0.0,0.008169
9366.302,0.55612,196.795,2.2516,18,0.7645,13.76,1.92018,6.2165,3337.26,6029.042,7514.141,0.173813,0.767734,84.55,103.923,0.35631,0.80225,0.888638,A,0.0,0.028165
11445.957,0.67138,162.769,1.8527,18,0.8404,15.128,1.97564,6.68961,3109.523,8336.433,5760.867,0.248044,0.829286,84.29,102.74,0.27167,0.50331,0.899631,A,0.001,0.000911
9366.931,0.53933,180.178,2.3857,18,0.7124,12.822,1.94576,6.01427,3487.329,5879.602,8319.863,0.173158,0.756511,83.963,103.108,0.3723,0.88822,0.880468,A,0.0,0.024393
10649.042,0.33734,196.733,1.8261,26,0.8605,22.373,1.92027,9.43221,5202.269,5446.773,9499.735,0.025932,0.634763,82.596,103.043,0.48852,0.89207,0.962446,A,-0.0,0.032619
7133.778,0.44672,154.064,1.0654,18,0.6986,12.574,1.992,4.46992,2849.88,4283.898,3036.224,0.213816,0.601662,83.483,100.782,0.39949,0.42561,0.80879,A,0.0,-0.007272
8514.108,0.4507,164.873,1.8259,22,0.6895,15.168,1.97184,6.65428,3845.331,4668.777,7021.358,0.092857,0.745424,82.325,102.293,0.45164,0.82467,0.906948,A,0.0,0.024148
9989.669,0.52427,183.414,2.7421,18,0.757,13.626,1.94057,6.61962,3114.956,6874.712,8541.427,0.1657,0.686746,83.981,102.796,0.31182,0.85503,0.901448,A,0.001,-0.04541
8660.162,0.31902,179.264,2.0972,25,0.8039,20.096,1.94724,9.06838,4301.022,4359.139,9019.899,0.025795,0.60834,81.985,102.087,0.49664,1.04154,0.959843,A,0.001,-0.018601
10058.622,0.56955,164.294,1.1533,21,0.7266,15.258,1.97288,5.55306,3015.506,7043.116,3477.773,0.272513,0.69672,84.674,101.943,0.29979,0.34575,0.856557,A,0.0,0.043794
9927.015,0.6978,172.048,3.8052,27,0.7724,20.854,1.95928,11.10726,2087.155,7839.86,7942.043,0.067874,0.865498,82.272,103.441,0.21025,0.80004,0.979549,A,0.0,0.024358
10286.613,0.44147,171.325,1.545,24,0.749,17.976,1.96052,7.34632,3984.293,6302.32,6155.657,0.087878,0.665013,82.509,102.082,0.38733,0.59841,0.9229,A,0.0,-0.025389
9506.351,0.5861,135.178,2.595,16,0.7314,11.702,2.03146,5.987,3158.365,6347.986,8195.944,0.213797,0.771337,82.643,100.826,0.33224,0.86215,0.878807,A,0.0,-0.013118
10962.752,0.64716,157.241,2.7186,25,0.7181,17.953,1.98591,9.00462,2870.762,8091.99,7804.492,0.108786,0.838161,82.228,102.512,0.26187,0.71191,0.955981,A,0.0,-0.034561
7956.053,0.41683,202.805,1.102,25,0.7711,19.276,1.91153,6.54775,3570.922,4385.131,3935.317,0.088129,0.684507,83.617,103.628,0.44883,0.49463,0.905106,A,0.0,-0.033078
9402.842,0.56319,175.105,2.5692,17,0.7207,12.253,1.95411,5.90866,3102.437,6300.405,7970.712,0.211947,0.736151,84.289,102.734,0.32995,0.84769,0.875831,A,0.0,-0.01507
12298.16,0.44565,156.8,3.5406,19,0.736,13.984,1.98674,7.48581,5221.188,7076.971,18485.902,0.081686,0.714165,81.853,101.67,0.42455,1.50314,0.92218,A,0.001,0.052047
9377.377,0.66547,161.117,3.2395,26,0.7052,18.336,1.97867,9.56152,2182.957,7194.419,7071.602,0.098763,0.83742,82.254,102.709,0.23279,0.75411,0.965451,A,0.001,0.017331
12311.442,0.3802,185.444,3.0535,18,0.7794,14.029,1.93737,6.98882,5883.586,6427.856,17965.692,0.073701,0.660743,82.839,102.717,0.4779,1.45927,0.907361,A,0.0,0.02322
10530.192,0.55588,178.87,1.5632,18,0.8993,16.188,1.94788,6.5823,3329.535,7200.658,5204.692,0.178385,0.730432,83.984,102.874,0.31619,0.49426,0.898533,A,-0.001,-0.006996
9646.712,0.30699,168.318,3.1453,23,0.8939,20.56,1.96573,10.54379,4928.356,4718.356,15501.038,0.014842,0.612134,81.43,101.586,0.51088,1.60687,0.975301,A,0.0,0.031325
10140.728,0.49007,181.704,1.7244,20,0.7008,14.016,1.9433,5.89385,3701.525,6439.203,6382.775,0.171354,0.673283,83.994,102.629,0.36502,0.62942,0.872372,A,-0.0,-0.010457
12409.133,0.36567,165.251,3.9658,22,0.7466,16.426,1.97116,8.90242,5959.692,6449.441,23635.016,0.036201,0.67012,81.592,101.815,0.48027,1.90465,0.952454,A,0.0,0.001451
9533.198,0.39693,189.869,3.4232,19,0.7847,14.91,1.93053,7.59029,4383.626,5149.572,15006.123,0.059737,0.683962,82.809,103.069,0.45983,1.57409,0.930797,A,0.0,0.036052
8333.995,0.56237,186.808,3.6371,20,0.8947,17.894,1.93524,9.26627,3127.056,5206.939,11373.494,0.055587,0.866723,82.648,104.138,0.37522,1.36471,0.962912,A,0.0,-0.008685
10759.415,0.34717,166.118,2.9268,23,0.8549,19.662,1.96961,9.93361,4924.225,5835.19,14412.2,0.023979,0.619908,81.465,101.528,0.45767,1.3395,0.968389,A,0.0,-0.012848
11087.407,0.42933,199.832,1.703,27,0.8085,21.83,1.91577,8.94172,5028.287,6059.12,8563.243,0.042753,0.750132,82.921,103.936,0.45351,0.77234,0.954838,A,0.0,0.042289
11293.594,0.48667,152.003,2.5122,23,0.7115,16.364,1.99602,8.08982,4108.542,7185.052,10321.429,0.081891,0.718125,81.655,101.439,0.36379,0.91392,0.938785,A,-0.0,0.035312
7715.47,0.31698,188.135,3.8716,25,0.8693,21.732,1.93318,11.38446,3863.939,3851.531,14959.559,0.010966,0.623981,82.105,102.596,0.5008,1.9389,0.982674,A,0.0,-0.004439
10606.05,0.38187,200.841,3.4753,16,0.6673,10.677,1.91433,5.38404,4673.747,5932.303,16242.472,0.134042,0.577123,84.159,102.837,0.44067,1.53143,0.84532,A,0.0,-0.014586
10108.838,0.56025,161.179,3.5496,20,0.8181,16.363,1.97855,8.71119,2728.908,7379.93,9686.417,0.098715,0.730912,82.256,102.009,0.26995,0.95821,0.952435,A,0.0,0.01294
9633.869,0.58817,152.031,1.5714,16,0.7489,11.982,1.99597,5.06079,3333.785,6300.084,5238.562,0.285968,0.748091,84.35,101.639,0.34605,0.54377,0.831753,A,0.0,-0.039239
9294.92,0.53138,141.676,3.4005,23,0.7966,18.322,2.0172,9.93536,2978.805,6316.115,10129.564,0.050133,0.758349,80.783,101.125,0.32048,1.0898,0.969765,A,0.0,-0.021336
10708.346,0.42827,147.79,2.5412,20,0.7156,14.311,2.00446,7.14157,4494.934,6213.412,11422.688,0.085567,0.676187,81.522,100.931,0.41976,1.06671,0.916133,A,-0.0,0.016904
9902.302,0.45961,160.189,2.0254,26,0.8918,23.187,1.98038,10.60659,4404.021,5498.281,8920.019,0.025163,0.8076,81.245,102.464,0.44475,0.9008,0.97565,A,0.0,-0.033094
9933.881,0.50028,150.347,3.2416,21,0.6835,14.353,1.99931,7.59935,4404.555,5529.326,14277.933,0.078785,0.836033,81.543,102.127,0.44339,1.4373,0.930175,A,-0.0,0.010117
13000.0,0.54977,157.137,3.6219,19,0.7208,13.695,1.9861,7.36404,4537.681,8462.319,16434.806,0.130426,0.774638,82.51,102.087,0.34905,1.26422,0.917192,A,0.0,-0.055448
10088.653,0.62522,199.922,3.1911,23,0.7358,16.924,1.91564,8.37629,3211.222,6877.431,10247.23,0.104985,0.868128,83.745,104.719,0.3183,1.01572,0.946552,A,0.0,0.007068
8261.265,0.46,153.511,1.3661,20,0.821,16.421,1.99307,6.53872,3223.527,5037.738,4403.725,0.11332,0.681838,82.133,101.282,0.3902,0.53306,0.903877,A,0.0,-0.029382
8616.793,0.43208,174.156,1.6295,20,0.8974,17.949,1.9557,7.46069,3656.401,4960.392,5958.287,0.071681,0.697744,82.402,102.435,0.42433,0.69147,0.929604,A,0.0,-0.034316
8855.579,0.38954,188.469,2.1033,16,0.8629,13.806,1.93267,6.16566,4054.363,4801.216,8527.681,0.094945,0.638305,83.225,102.705,0.45783,0.96297,0.888409,A,0.0,0.02057
7575.787,0.59209,165.565,1.7728,18,0.8226,14.806,1.9706,6.4215,2314.384,5261.403,4102.896,0.189889,0.769008,83.633,102.484,0.3055,0.54158,0.902024,A,0.0,0.010663
11630.029,0.66477,159.033,2.8639,21,0.6803,14.287,1.98253,7.24707,2416.185,9213.844,6919.727,0.265633,0.769442,84.372,102.152,0.20775,0.59499,0.916985,A,0.0,-0.042647
12791.544,0.5663,186.676,1.2941,26,0.8842,22.988,1.93544,8.5629,3493.097,9298.447,4520.314,0.112228,0.73688,83.391,103.275,0.27308,0.35338,0.945882,A,0.0,-0.011548
9049.701,0.5666,195.206,3.1806,24,0.7608,18.258,1.92251,9.07948,3044.961,6004.74,9684.914,0.068181,0.819349,83.103,104.196,0.33647,1.07019,0.959512,A,0.0,-0.025614
11360.243,0.3637,156.014,1.7556,21,0.7974,16.745,1.98824,7.33172,5516.965,5843.278,9685.67,0.059891,0.650548,81.532,101.209,0.48564,0.85259,0.92003,A,0.0,-0.028988
8868.159,0.43457,153.026,2.8173,22,0.8866,19.505,1.99402,9.9352,3751.676,5116.483,10569.616,0.030654,0.730741,81.022,101.578,0.42305,1.19186,0.970159,A,0.0,0.008077
8965.134,0.52112,210.081,3.3646,17,0.8176,13.898,1.90145,6.88507,3413.623,5551.511,11485.594,0.119133,0.768303,84.259,104.48,0.38077,1.28114,0.912954,A,0.0,-0.007075
7363.913,0.62865,173.516,2.552,20,0.6917,13.834,1.95678,6.6725,2078.395,5285.517,5304.15,0.198506,0.797798,84.052,103.065,0.28224,0.72029,0.910879,A,0.001,-0.024862
9905.068,0.60488,204.831,3.5369,22,0.6985,15.368,1.90869,7.74447,3026.403,6878.665,10704.007,0.131273,0.813249,84.252,104.562,0.30554,1.08066,0.93369,A,0.0,0.025098
11846.003,0.3321,160.301,2.1597,22,0.8213,18.068,1.98017,8.43727,5564.454,6281.549,12017.461,0.038934,0.59179,81.431,101.046,0.46973,1.01447,0.94493,A,0.0,0.053262
11891.216,0.49724,172.528,3.472,18,0.728,13.104,1.95846,6.83853,4620.525,7270.691,16042.378,0.123477,0.734762,83.024,102.601,0.38857,1.34909,0.903509,A,0.0,0.032218
10787.34,0.44937,151.005,1.933,16,0.6952,11.123,1.998,5.07409,4837.764,5949.576,9351.457,0.173676,0.673551,82.824,101.091,0.44847,0.86689,0.826675,A,0.0,-0.039389
9591.583,0.6756,151.445,2.1412,25,0.8737,21.844,1.99713,10.29924,2652.527,6939.056,5679.501,0.065622,0.908769,81.416,102.667,0.27655,0.59213,0.973138,A,0.0,0.010366
11804.297,0.31644,165.057,3.6461,16,0.7875,12.601,1.97151,6.71231,6060.855,5743.442,22098.414,0.062,0.584933,81.925,101.243,0.51344,1.87207,0.899399,A,0.0,0.049973
12609.029,0.45957,149.421,1.6259,24,0.7623,18.296,2.00116,7.8589,4717.352,7891.677,7669.875,0.084622,0.683693,81.58,101.071,0.37412,0.60828,0.931111,A,0.0,0.055373
8844.657,0.61056,192.015,2.0144,17,0.8195,13.932,1.92727,6.10824,2765.459,6079.198,5570.642,0.222254,0.7872,85.028,103.845,0.31267,0.62983,0.886182,A,0.0,0.014788
10397.393,0.45031,207.978,1.1788,22,0.761,16.743,1.90432,5.83456,3972.598,6424.795,4682.713,0.154751,0.633055,84.663,103.502,0.38208,0.45037,0.868696,A,0.0,0.03793
9919.603,0.37594,169.553,2.9523,17,0.877,14.909,1.96358,7.51462,4928.898,4990.705,14551.559,0.054397,0.693509,81.999,102.184,0.49688,1.46695,0.928104,A,0.0,-0.040547
9031.038,0.30837,167.952,1.7585,27,0.6725,18.156,1.96637,7.82657,4604.179,4426.859,8096.669,0.037947,0.589617,81.72,101.419,0.50982,0.89654,0.937263,A,0.0,0.035085
8231.53,0.378,180.669,3.1491,19,0.8771,16.664,1.94496,8.41401,3436.24,4795.289,10821.142,0.045108,0.616541,82.291,102.207,0.41745,1.3146,0.950184,A,0.001,0.024151
8747.771,0.49262,150.73,2.1073,26,0.7174,18.652,1.99854,8.75882,3906.504,4841.267,8232.159,0.049502,0.850172,81.173,102.241,0.44657,0.94106,0.955125,A,0.0,0.037541
10164.829,0.41822,156.131,1.7537,27,0.7509,20.274,1.98802,8.87202,4448.641,5716.188,7801.48,0.043037,0.710204,81.315,101.609,0.43765,0.7675,0.954963,A,0.0,0.019039
10382.311,0.48064,188.857,2.5436,19,0.895,17.005,1.93207,8.03893,4203.723,6178.588,10692.614,0.072027,0.758651,82.936,103.517,0.40489,1.02989,0.939325,A,0.0,-0.019562
10209.354,0.47944,148.139,1.445,17,0.7735,13.149,2.00375,5.40122,4017.02,6192.334,5804.567,0.185158,0.670338,82.852,100.911,0.39346,0.56855,0.848044,A,0.0,0.032504
11922.094,0.69087,200.26,3.5139,19,0.7088,13.467,1.91516,6.81246,2460.501,9461.593,8646.059,0.326254,0.785685,86.677,104.189,0.20638,0.72521,0.902539,A,-0.0,0.037092
8964.479,0.30035,177.007,2.1144,18,0.6964,12.535,1.95094,5.68731,4529.64,4434.839,9577.594,0.078685,0.526749,82.6,101.443,0.50529,1.06839,0.867625,A,0.0,0.019536
8108.874,0.31943,137.271,1.1311,23,0.8565,19.7,2.02678,7.38649,3900.182,4208.691,4411.36,0.047218,0.571681,80.543,99.634,0.48098,0.54402,0.928901,A,0.001,0.030149
8228.333,0.56591,202.893,3.3244,25,0.6852,17.129,1.91141,8.53078,2768.808,5459.524,9204.619,0.080415,0.812124,83.518,104.474,0.3365,1.11865,0.952184,A,0.001,0.031764
10593.149,0.69806,176.901,1.4406,18,0.7971,14.348,1.95112,5.66087,1797.16,8795.989,2588.999,0.577458,0.722697,89.18,102.731,0.16965,0.2444,0.859657,A,0.0,0.034309
9190.613,0.30901,143.458,3.1975,21,0.7951,16.696,2.01342,8.90095,5066.748,4123.865,16200.855,0.024262,0.658852,80.522,100.571,0.5513,1.76276,0.956714,A,0.0,0.04518
7525.28,0.64922,156.518,3.3987,20,0.6624,13.247,1.98728,7.02938,1999.79,5525.49,6796.652,0.193171,0.814278,83.313,102.316,0.26574,0.90318,0.92093,A,0.0,-0.024099
11387.712,0.33539,157.346,3.9916,20,0.8114,16.228,1.98571,8.90188,6267.341,5120.371,25016.725,0.028152,0.711453,81.168,101.681,0.55036,2.19682,0.953804,A,0.0,-0.016765
12100.506,0.34884,120.0,2.9159,26,0.821,21.346,2.06808,11.5497,6355.106,5745.4,18530.9,0.012395,0.720996,79.228,99.523,0.52519,1.53142,0.981338,A,0.0,-0.041444
10271.316,0.39397,203.034,2.2515,21,0.8024,16.85,1.91121,7.55776,5361.047,4910.269,12070.327,0.054021,0.765133,83.175,104.17,0.52194,1.17515,0.928432,A,0.0,-0.027606
10965.288,0.31856,164.307,3.8378,16,0.7518,12.028,1.97285,6.48345,5934.509,5030.779,22775.359,0.062622,0.620485,81.904,101.44,0.54121,2.07704,0.893612,A,0.0,-0.051585
7904.944,0.49401,195.801,1.8445,19,0.6641,12.619,1.92164,5.34463,3170.286,4734.658,5847.644,0.177806,0.705739,84.57,103.471,0.40105,0.73975,0.855653,A,0.0,-0.007289
7878.997,0.54925,160.612,2.0804,22,0.7219,15.881,1.9796,7.32441,2550.256,5328.741,5305.579,0.122398,0.75354,82.545,102.129,0.32368,0.67338,0.92787,A,0.0,-0.026625
10243.823,0.3528,165.965,2.4013,18,0.7732,13.918,1.96989,6.66185,4792.771,5451.051,11508.691,0.073782,0.598129,82.116,101.376,0.46787,1.12348,0.902154,A,0.001,-0.031159
10314.513,0.58996,163.146,2.331,17,0.6889,11.712,1.97496,5.57761,2960.894,7353.619,6901.856,0.29452,0.70892,84.919,101.965,0.28706,0.66914,0.856694,A,0.0,-0.019993
9710.889,0.69217,171.845,1.9429,22,0.7454,16.399,1.95963,7.28379,2199.289,7511.599,4272.928,0.236728,0.82552,84.493,103.167,0.22648,0.44001,0.922543,A,0.001,-0.022454
9566.461,0.47726,188.489,1.2755,18,0.8485,15.273,1.93264,5.64075,4357.733,5208.729,5558.12,0.143597,0.756404,83.868,103.485,0.45552,0.581,0.862943,A,-0.001,0.028341
9057.177,0.30447,156.868,3.923,21,0.8924,18.741,1.98661,10.25136,4908.643,4148.533,19256.475,0.015096,0.646854,80.976,101.23,0.54196,2.1261,0.973128,A,0.001,0.042641
12164.093,0.36799,163.859,1.6597,24,0.6582,15.796,1.97366,6.70184,5830.118,6333.975,9676.378,0.078317,0.634621,82.093,101.511,0.47929,0.79549,0.897996,A,0.0,-0.006317
8715.076,0.55876,131.957,1.53,21,0.867,18.207,2.03882,7.84358,2664.097,6050.978,4076.172,0.112883,0.755075,81.157,100.521,0.30569,0.46772,0.938244,A,0.001,-0.037609
9800.134,0.69466,129.996,3.1715,24,0.7321,17.571,2.0434,9.54654,2160.516,7639.619,6852.045,0.110849,0.859761,81.035,101.09,0.22046,0.69918,0.964821,A,-0.001,0.023575
11558.703,0.3755,193.779,2.0705,21,0.8882,18.651,1.92463,8.23468,5564.001,5994.702,11520.48,0.045738,0.681567,82.758,103.224,0.48137,0.99669,0.941366,A,-0.0,0.015641
8469.668,0.3278,164.41,3.0698,16,0.8826,14.121,1.97267,7.23651,4609.705,3859.963,14150.911,0.045648,0.664754,81.684,101.738,0.54426,1.67078,0.924209,A,0.0,0.007512
10216.344,0.47928,133.674,3.7854,17,0.8741,14.86,2.03487,8.35089,3584.838,6631.506,13569.89,0.073937,0.698398,80.726,100.253,0.35089,1.32825,0.945869,A,-0.0,0.006658
9828.313,0.58967,179.66,3.043,21,0.8638,18.14,1.9466,9.09408,3243.145,6585.168,9869.04,0.073714,0.843767,82.632,103.659,0.32998,1.00414,0.958749,A,0.0,0.048688
10926.663,0.58982,177.379,3.0317,22,0.6943,15.276,1.95033,7.67311,3077.125,7849.538,9328.924,0.146769,0.763505,83.513,103.023,0.28162,0.85378,0.929924,A,0.0,-0.023699
7000.0,0.40523,170.478,2.4937,22,0.7742,17.033,1.96198,8.19385,3028.803,3971.197,7552.814,0.048426,0.67736,81.956,102.123,0.43269,1.07897,0.948293,A,0.0,0.007186
9555.149,0.43393,156.601,1.7786,26,0.7287,18.945,1.98712,8.3273,4042.242,5512.907,7189.449,0.054882,0.711869,81.491,101.645,0.42304,0.75242,0.946496,A,-0.0,-0.048113
8821.781,0.55259,156.317,2.4063,25,0.7992,19.98,1.98766,9.69603,2508.423,6313.358,6035.994,0.062965,0.747124,81.586,101.862,0.28434,0.68421,0.9676,A,0.0,0.023826
11637.043,0.34894,163.158,1.2203,17,0.8622,14.658,1.97493,5.48232,5627.052,6009.991,6866.618,0.111124,0.57161,82.498,101.059,0.48355,0.59007,0.84601,A,0.0,-0.041698
9916.421,0.62487,229.208,3.1338,19,0.8216,15.61,1.87676,7.45007,2165.207,7751.214,6785.427,0.210438,0.740639,86.043,105.039,0.21835,0.68426,0.926468,A,0.0,-0.019226
9155.703,0.47325,156.889,2.2008,26,0.7866,20.451,1.98657,9.65237,3720.924,5434.779,8189.163,0.038708,0.770756,81.289,102.049,0.40641,0.89443,0.966759,A,-0.0,0.018396
11329.235,0.33562,153.372,3.135,25,0.8281,20.703,1.99334,10.8275,5436.344,5892.891,17042.983,0.01644,0.630077,80.849,100.932,0.47985,1.50434,0.976495,A,0.0,-0.030727
10959.857,0.3922,186.221,3.6493,21,0.8518,17.887,1.93615,9.27612,5205.993,5753.864,18998.106,0.033048,0.717155,82.329,103.125,0.47501,1.73343,0.959975,A,0.0,-0.004078
11525.199,0.32649,197.409,3.2819,19,0.7794,14.808,1.91928,7.39944,6284.807,5240.391,20626.043,0.046981,0.661712,82.897,103.25,0.54531,1.78965,0.921532,A,0.001,-0.033906
11625.38,0.49702,177.22,2.9128,26,0.8066,20.971,1.95059,10.43075,3956.227,7669.153,11523.888,0.039781,0.732898,82.094,102.813,0.34031,0.99127,0.972762,A,-0.0,-0.043194
11154.532,0.45747,160.571,2.5201,22,0.7801,17.163,1.97967,8.39135,4909.006,6245.526,12371.183,0.057029,0.772215,81.681,102.251,0.44009,1.10907,0.945137,A,0.0,0.019191
9141.659,0.43412,166.102,1.147,18,0.6882,12.387,1.96964,4.48596,3836.055,5305.603,4400.1,0.209671,0.596396,83.915,101.372,0.41962,0.48132,0.797329,A,0.001,0.02711
10447.523,0.63631,158.125,2.45,19,0.678,12.883,1.98424,6.26889,3042.032,7405.491,7453.129,0.246843,0.796298,84.087,102.282,0.29117,0.71339,0.887046,A,-0.0,-0.018617
10445.009,0.33027,153.39,2.4799,26,0.8956,23.286,1.99331,11.44672,5522.037,4922.972,13693.839,0.011521,0.687797,80.784,101.314,0.52868,1.31104,0.981557,A,0.0,0.048361
10541.981,0.5008,180.897,3.2257,20,0.7179,14.358,1.94459,7.28896,4398.976,6143.005,14189.695,0.095126,0.791309,82.959,103.371,0.41728,1.34602,0.920739,A,0.0,-0.04805
10507.526,0.50155,191.22,2.6039,27,0.7938,21.433,1.92847,10.17011,4182.505,6325.022,10890.678,0.036396,0.809137,82.547,103.954,0.39805,1.03646,0.971115,A,-0.001,0.013887
10139.184,0.64263,164.86,1.6558,27,0.7826,21.13,1.97186,8.94466,2349.69,7789.494,3890.648,0.121659,0.799774,82.705,102.652,0.23174,0.38372,0.956127,A,0.0,0.048104
9372.249,0.41712,185.382,2.0242,19,0.7626,14.49,1.93746,6.41441,4407.167,4965.083,8921.032,0.092188,0.705536,83.081,103.01,0.47024,0.95186,0.896072,A,-0.001,0.019792
9892.431,0.38464,180.981,3.9691,19,0.7939,15.083,1.94446,8.01164,4596.123,5296.308,18242.482,0.049976,0.675052,82.366,102.607,0.46461,1.84408,0.939633,A,0.0,0.045509
8527.94,0.564,167.429,3.8687,19,0.788,14.973,1.96729,8.05042,3113.746,5414.194,12046.156,0.088214,0.837631,82.364,103.03,0.36512,1.41255,0.942892,A,0.0,-0.014564
8653.379,0.39477,195.601,1.0717,19,0.8509,16.167,1.92193,5.46382,4035.763,4617.616,4324.934,0.12,0.634924,83.8,102.995,0.46638,0.4998,0.858233,A,0.0,-0.032353
11085.647,0.31059,190.278,1.5962,19,0.8824,16.765,1.9299,6.77676,5647.258,5438.389,9014.148,0.058742,0.572119,82.81,102.349,0.50942,0.81314,0.903655,A,0.0,-0.045804
9520.848,0.33123,150.757,2.7664,23,0.653,15.018,1.99849,7.63765,4909.196,4611.652,13580.796,0.043709,0.637313,81.098,100.838,0.51563,1.42643,0.93196,A,0.0,-0.051336
10138.465,0.34308,188.911,2.998,18,0.8124,14.624,1.93199,7.22155,5291.836,4846.629,15864.953,0.052706,0.660126,82.683,102.869,0.52196,1.56483,0.919813,A,0.0,0.007249
9192.395,0.50742,176.96,3.9801,16,0.6998,11.196,1.95102,5.9805,2895.579,6296.816,11524.764,0.193799,0.651633,84.118,102.265,0.315,1.25373,0.879692,A,0.0,0.031656
7551.407,0.53261,182.623,3.7604,21,0.739,15.518,1.94183,8.13497,2779.531,4771.876,10452.238,0.077766,0.797551,82.792,103.491,0.36808,1.38414,0.946257,A,0.0,-0.012601
9398.621,0.6221,138.449,2.1652,25,0.7528,18.819,2.02418,9.07783,2682.664,6715.957,5808.495,0.089247,0.834944,81.152,101.441,0.28543,0.61802,0.959052,A,-0.0,0.014409
12422.682,0.62249,144.159,3.0378,18,0.8721,15.698,2.01195,8.25663,3352.048,9070.634,10182.702,0.137554,0.801694,82.049,101.554,0.26983,0.81969,0.940374,A,0.0,0.034854
9844.208,0.31648,154.894,2.6495,22,0.8701,19.142,1.99039,9.56579,4938.925,4905.283,13085.493,0.022072,0.612916,80.987,100.901,0.50171,1.32926,0.965011,A,0.0,-0.04344
8977.071,0.42968,186.937,2.1627,25,0.8392,20.979,1.93504,9.47021,3280.674,5696.398,7095.095,0.041427,0.653289,82.465,102.735,0.36545,0.79036,0.964766,A,-0.001,-0.034768
11039.26,0.44137,188.769,1.593,26,0.7783,20.236,1.93221,8.18833,4551.241,6488.019,7249.97,0.062848,0.706889,82.812,103.171,0.41228,0.65674,0.941294,A,0.0,0.052529
9273.305,0.36876,140.562,1.2657,16,0.7182,11.492,2.01959,4.51231,3918.901,5354.404,4960.236,0.175937,0.50989,82.393,99.42,0.4226,0.53489,0.798376,A,0.0,-0.012789
9079.816,0.6105,187.598,2.1316,25,0.8857,22.141,1.93401,9.94087,2215.415,6864.401,4722.381,0.075008,0.783319,82.932,103.623,0.24399,0.5201,0.970022,A,0.0,0.038093
7653.895,0.48068,183.367,2.1514,21,0.8909,18.709,1.94064,8.46836,3233.726,4420.169,6957.134,0.054591,0.792396,82.513,103.492,0.42249,0.90897,0.952017,A,0.0,0.017678
7424.58,0.33407,167.652,1.2129,25,0.7139,17.849,1.9669,6.61782,3711.639,3712.941,4501.928,0.060826,0.607209,82.011,101.52,0.49991,0.60635,0.908978,A,0.0,0.034095
10622.801,0.59316,226.108,2.0473,19,0.7654,14.542,1.8806,6.17073,3171.351,7451.45,6492.723,0.233472,0.74624,86.257,104.959,0.29854,0.61121,0.882491,A,0.0,0.028932
10205.412,0.58181,144.81,1.423,17,0.7604,12.927,2.01059,5.30227,3695.283,6510.129,5258.42,0.25274,0.768603,83.598,101.373,0.36209,0.51526,0.842708,A,0.0,-0.039749
10055.599,0.43969,152.867,3.6261,16,0.8269,13.23,1.99433,7.15885,4119.014,5936.586,14936.107,0.087765,0.683875,81.769,101.26,0.40962,1.48535,0.918237,A,-0.001,-0.04169
11036.789,0.57608,161.779,3.2206,26,0.7641,19.866,1.97745,10.33562,3527.9,7508.888,11361.789,0.049896,0.823295,81.635,102.65,0.31965,1.02945,0.972314,A,0.001,0.015363
9309.682,0.32578,177.378,2.4037,17,0.6765,11.5,1.95033,5.4251,4641.346,4668.336,11156.503,0.095827,0.554394,82.84,101.643,0.49855,1.19838,0.853351,A,0.0,0.04447
10026.84,0.3409,134.797,3.4039,17,0.8643,14.693,2.03232,8.05388,5226.17,4800.669,17789.202,0.039062,0.669502,80.319,100.13,0.52122,1.77416,0.940278,A,0.001,-0.052393
8696.321,0.54025,145.109,2.4036,24,0.764,18.336,2.00997,9.03973,2791.494,5904.827,6709.627,0.068344,0.763346,81.177,101.355,0.321,0.77155,0.959392,A,0.0,-0.020517
8705.848,0.33593,175.344,2.3113,24,0.8353,20.046,1.95371,9.37103,4371.527,4334.321,10104.032,0.0242,0.650342,81.819,102.179,0.50214,1.1606,0.963828,A,0.0,-0.026423
8874.415,0.54254,138.325,3.6004,20,0.7568,15.137,2.02446,8.35541,2842.826,6031.589,10235.282,0.087873,0.756837,81.128,100.919,0.32034,1.15335,0.948116,A,0.0,-0.012259
11448.632,0.49409,162.487,3.5631,21,0.7123,14.958,1.97615,7.95605,4676.159,6772.473,16661.657,0.077948,0.781427,82.034,102.41,0.40845,1.45534,0.935564,A,0.0,-0.035916
11057.669,0.63861,191.876,2.5325,21,0.7422,15.586,1.92748,7.33268,3059.276,7998.393,7747.69,0.182919,0.812909,84.504,104.008,0.27667,0.70066,0.920754,A,0.0,-0.027362
8486.61,0.30273,141.276,3.3623,18,0.7961,14.33,2.01806,7.75512,4118.807,4367.803,13848.863,0.039449,0.551002,80.624,99.733,0.48533,1.63185,0.936756,A,0.0,0.000439
9518.893,0.33802,146.091,3.551,23,0.7833,18.016,2.00794,9.79931,4953.285,4565.608,17588.937,0.020739,0.682241,80.592,100.875,0.52036,1.84779,0.968073,A,0.0,0.005067
10177.266,0.3796,179.281,3.0666,18,0.7721,13.899,1.94721,6.98446,4587.487,5589.779,14067.835,0.073455,0.630846,82.614,102.236,0.45076,1.38228,0.912774,A,0.0,0.026593
8788.216,0.41516,197.064,2.9076,21,0.7527,15.806,1.91978,7.67065,3473.159,5315.057,10098.51,0.069078,0.641302,83.177,103.1,0.39521,1.1491,0.934241,A,0.0,0.040193
11009.875,0.69832,194.257,3.3584,25,0.8069,20.173,1.92392,10.17174,2272.594,8737.281,7632.171,0.099115,0.854169,83.479,104.384,0.20641,0.69321,0.970703,A,0.0,0.053181
8817.511,0.31047,151.378,2.6107,23,0.758,17.435,1.99726,8.72078,4080.394,4737.117,10652.722,0.030577,0.551569,80.951,100.306,0.46276,1.20813,0.954425,A,0.0,-0.040454
9492.76,0.59257,197.736,3.6954,26,0.6605,17.173,1.91881,8.80812,2879.986,6612.774,10642.657,0.088149,0.812248,83.451,104.257,0.30339,1.12113,0.954868,A,0.0,0.044451
9493.039,0.34958,185.852,2.9826,24,0.6885,16.525,1.93673,8.18038,5041.802,4451.237,15037.875,0.037005,0.703618,82.369,103.019,0.53111,1.58409,0.943779,A,0.0,0.034215
7225.526,0.38131,157.902,2.503,21,0.7447,15.638,1.98466,7.65916,3545.874,3679.652,8875.261,0.048805,0.701727,81.464,101.646,0.49074,1.22832,0.937188,A,0.0,-0.002221
7367.567,0.34613,168.501,1.265,16,0.7007,11.211,1.96541,4.23074,3503.34,3864.226,4431.757,0.1525,0.521678,83.254,100.998,0.47551,0.60152,0.790498,A,0.001,-0.005076
8700.016,0.45442,175.307,3.794,27,0.7258,19.598,1.95377,10.38777,3592.649,5107.367,13630.426,0.027881,0.754461,81.867,102.865,0.41295,1.56671,0.974663,A,0.0,-0.01459
11771.853,0.42545,152.13,3.9928,16,0.8797,14.074,1.99577,7.77793,5345.901,6425.951,21345.207,0.064848,0.725442,81.435,101.495,0.45413,1.81324,0.930781,A,0.001,0.009125
10865.325,0.34517,181.665,1.831,16,0.7112,11.379,1.94336,4.88989,5372.985,5492.34,9837.807,0.129335,0.556324,83.438,101.855,0.49451,0.90543,0.81471,A,0.0,-0.051343
10670.476,0.63096,165.881,3.7027,21,0.682,14.321,1.97004,7.64552,3607.594,7062.882,13357.954,0.13106,0.886294,82.869,103.274,0.33809,1.25186,0.929773,A,0.0,0.042328
9055.044,0.64963,183.258,3.1368,20,0.7733,15.466,1.94082,7.77666,2538.827,6516.217,7963.724,0.148034,0.845065,83.742,103.834,0.28038,0.87948,0.93611,A,0.0,-0.031402
9291.4,0.46221,180.583,1.8974,23,0.7092,16.312,1.9451,7.10701,4144.221,5147.179,7863.04,0.084306,0.76648,82.805,103.192,0.44603,0.84627,0.918646,A,0.0,-0.014462
10059.691,0.35911,168.063,1.0808,17,0.8869,15.077,1.96618,5.29463,4826.729,5232.962,5216.651,0.117526,0.581934,82.775,101.374,0.47981,0.51857,0.842972,A,0.0,0.030974
10396.282,0.3154,172.212,1.5854,27,0.8401,22.682,1.959,9.35295,5577.405,4818.878,8842.444,0.02253,0.654368,81.68,102.055,0.53648,0.85054,0.961677,A,-0.001,0.008849
7710.481,0.37652,197.771,1.8212,21,0.7444,15.632,1.91875,6.5761,3535.58,4174.901,6439.026,0.076546,0.630566,83.299,103.06,0.45854,0.8351,0.90678,A,0.0,-0.034825
8925.122,0.59408,178.13,2.1849,19,0.7055,13.404,1.9491,6.13669,2660.355,6264.768,5812.707,0.22516,0.75075,84.575,102.974,0.29807,0.65127,0.887029,A,-0.001,-0.04363
8839.09,0.66482,165.347,3.5091,21,0.6825,14.333,1.97099,7.56867,1999.968,6839.122,7018.175,0.200555,0.800585,83.765,102.681,0.22626,0.79399,0.931743,A,0.0,0.001745
11958.003,0.45711,183.483,1.7292,21,0.754,15.835,1.94046,6.65092,4134.608,7823.395,7149.503,0.136481,0.626559,83.598,102.402,0.34576,0.59788,0.896765,A,0.0,0.008769
9172.999,0.53438,155.129,3.633,17,0.8621,14.655,1.98994,7.9076,3219.714,5953.285,11697.116,0.093251,0.772959,81.936,101.97,0.351,1.27517,0.93875,A,0.0,-0.019565
8763.196,0.58382,181.548,3.3755,23,0.8807,20.255,1.94355,10.3838,2755.495,6007.7,9301.063,0.047201,0.82995,82.35,103.656,0.31444,1.06138,0.974578,A,0.001,-0.023646
11212.078,0.49482,196.17,3.1226,19,0.8346,15.858,1.9211,7.84211,4111.646,7100.432,12839.074,0.089867,0.72931,83.421,103.643,0.36672,1.14511,0.933398,A,0.0,0.043083
9327.322,0.56433,202.302,1.9114,17,0.8975,15.258,1.91225,6.49386,2713.477,6613.846,5186.543,0.195804,0.715523,85.022,103.812,0.29092,0.55606,0.899061,A,-0.001,0.019042
11384.925,0.48789,169.125,2.9434,19,0.7309,13.886,1.96432,6.99779,3407.081,7977.844,10028.449,0.146642,0.63362,83.2,101.768,0.29926,0.88085,0.910052,A,0.0,0.048371
8538.915,0.54952,177.563,3.7038,22,0.7496,16.49,1.95003,8.67167,3084.556,5454.359,11424.634,0.069921,0.820741,82.505,103.409,0.36124,1.33795,0.954036,A,0.0,0.013271
12813.129,0.34753,186.333,1.5934,24,0.8878,21.308,1.93598,8.64855,6891.473,5921.655,10981.124,0.033956,0.712463,82.345,103.099,0.53784,0.85702,0.947449,A,0.001,-0.020222
9864.078,0.61168,123.231,1.6999,24,0.8509,20.422,2.05985,9.29165,2861.27,7002.808,4863.912,0.081263,0.828408,80.305,100.448,0.29007,0.49309,0.961464,A,0.0,-0.038323
10195.428,0.52058,131.928,2.3025,19,0.8076,15.344,2.03889,7.62117,4041.942,6153.486,9306.683,0.091707,0.802286,80.877,100.831,0.39645,0.91283,0.930161,A,0.0,0.005864
9628.945,0.38121,160.002,3.8154,19,0.853,16.206,1.98073,8.77619,4429.16,5199.785,16898.852,0.03798,0.673573,81.406,101.57,0.45998,1.75501,0.954172,A,0.0,-0.004155
9916.175,0.47463,164.92,1.3845,24,0.7239,17.373,1.97175,6.8482,3737.535,6178.64,5174.553,0.114306,0.692587,82.61,101.947,0.37691,0.52183,0.909226,A,0.0,0.045723
10016.718,0.61089,201.299,2.355,18,0.7614,13.706,1.91367,6.24404,2600.11,7416.608,6123.304,0.264731,0.732251,85.899,103.88,0.25958,0.61131,0.887512,A,0.0,-0.035486
9491.798,0.48028,207.884,2.222,27,0.7926,21.401,1.90445,9.50759,3460.595,6031.203,7689.393,0.046541,0.729146,83.232,104.132,0.36459,0.81011,0.96467,A,0.0,0.033649
11848.038,0.55261,173.648,1.8849,18,0.6798,12.237,1.95656,5.36618,3283.744,8564.294,6189.4,0.321701,0.641141,85.683,102.037,0.27716,0.5224,0.838654,A,0.0,0.040531
7000.0,0.34661,171.672,2.2194,23,0.7043,16.199,1.95992,7.51436,3061.974,3938.026,6795.699,0.051972,0.575699,82.048,101.51,0.43742,0.97081,0.93441,A,0.0,0.015457
8167.344,0.42792,160.866,3.0118,22,0.6928,15.242,1.97913,7.81127,3699.717,4467.628,11142.737,0.057994,0.734268,81.705,102.015,0.45299,1.3643,0.938609,A,-0.001,-0.02782
9425.533,0.49258,173.831,1.4297,24,0.6938,16.651,1.95625,6.57481,3180.705,6244.827,4547.595,0.143654,0.670302,83.34,102.239,0.33746,0.48248,0.901586,A,0.001,-0.011979
9787.909,0.52885,151.143,3.8551,18,0.6938,12.489,1.99772,6.86244,3296.693,6491.215,12709.028,0.141273,0.725689,82.402,101.442,0.33681,1.29844,0.910026,A,0.001,-0.001358
12147.601,0.31252,167.26,3.2368,24,0.7769,18.645,1.96759,9.64074,6979.465,5168.136,22591.121,0.019826,0.707798,81.454,102.165,0.57455,1.85972,0.96355,A,0.0,-0.002933
10815.35,0.35812,177.752,1.8558,27,0.8806,23.776,1.94972,10.3159,5613.235,5202.115,10417.233,0.019112,0.723916,81.841,102.779,0.51901,0.96319,0.972302,A,0.0,0.018712
9986.198,0.62975,150.732,1.2067,16,0.6503,10.404,1.99854,3.93956,2505.238,7480.96,3023.172,0.631995,0.628996,88.862,100.782,0.25087,0.30274,0.748235,A,0.0,0.016385
8782.671,0.43523,164.747,2.5024,18,0.817,14.706,1.97206,7.13527,3649.724,5132.947,9133.143,0.083051,0.685644,82.191,101.893,0.41556,1.03991,0.920702,A,0.0,-0.005641
12933.475,0.57395,159.143,3.4306,16,0.8431,13.49,1.98233,7.14723,4388.95,8544.526,15056.626,0.15082,0.791292,82.861,102.302,0.33935,1.16416,0.910828,A,-0.001,0.01147
11293.647,0.43494,169.778,1.9343,27,0.7847,21.187,1.96319,9.42115,4396.68,6896.967,8504.393,0.042917,0.684851,81.856,102.138,0.38931,0.75302,0.961586,A,0.0,-0.028236
13000.0,0.33021,176.585,2.89,19,0.8466,16.086,1.95164,7.99095,6546.529,6453.471,18919.791,0.043601,0.620951,82.121,102.044,0.50358,1.45537,0.933507,A,0.0,0.005518
7753.221,0.36644,186.332,2.0264,25,0.801,20.026,1.93598,8.85806,3460.991,4292.23,7013.381,0.034477,0.634112,82.352,102.582,0.44639,0.90458,0.958001,A,0.0,0.011167
12575.177,0.31079,183.334,3.8246,17,0.7245,12.316,1.94069,6.47365,7153.28,5421.897,27358.659,0.061064,0.640267,82.597,102.486,0.56884,2.17561,0.888236,A,0.0,-0.030357
9842.121,0.4539,155.794,3.4142,19,0.8331,15.83,1.98866,8.41701,3951.304,5890.817,13490.661,0.059134,0.718697,81.513,101.647,0.40147,1.37071,0.947697,A,0.0,-0.030194
8711.957,0.37846,173.815,3.3072,21,0.8769,18.415,1.95628,9.48804,4253.192,4458.765,14065.972,0.026921,0.713786,81.798,102.525,0.4882,1.61456,0.965272,A,0.0,0.02303
10185.295,0.61474,177.067,1.23,26,0.8146,21.179,1.95085,7.80662,3406.591,6778.704,4190.227,0.120261,0.863244,83.151,103.666,0.33446,0.4114,0.93457,A,0.0,-0.047348
10171.683,0.32138,177.827,2.0609,21,0.8154,17.124,1.94959,7.69718,4878.462,5293.221,10054.092,0.045537,0.575603,82.193,101.804,0.47961,0.98844,0.932043,A,0.0,0.031071
9523.653,0.58603,179.948,3.8969,18,0.8129,14.633,1.94613,7.75342,2895.6,6628.053,11283.954,0.125948,0.787032,83.332,103.298,0.30404,1.18483,0.934656,A,0.0,-0.03847
7818.835,0.56857,161.534,3.4153,18,0.7281,13.107,1.9779,6.91458,1990.134,5828.7,6796.961,0.185617,0.699326,83.417,101.819,0.25453,0.86931,0.916906,A,0.001,-0.009143
9470.536,0.49659,171.47,2.4245,22,0.6572,14.459,1.96027,6.89,3560.936,5909.6,8633.346,0.116562,0.725585,82.893,102.489,0.376,0.9116,0.911744,A,0.0,-0.013466
8069.217,0.48882,134.824,2.0724,27,0.7598,20.514,2.03226,9.81284,2851.948,5217.268,5910.482,0.042009,0.733063,80.359,100.552,0.35344,0.73247,0.969626,A,0.001,0.001039
10128.418,0.37242,182.047,1.5065,23,0.822,18.907,1.94275,7.54684,4262.107,5866.311,6421.009,0.063311,0.597003,82.581,102.141,0.42081,0.63396,0.928464,A,0.0,-0.018091
7951.887,0.43171,179.507,3.3541,19,0.8497,16.145,1.94685,8.28543,3345.402,4606.485,11220.902,0.052999,0.706746,82.353,102.748,0.42071,1.4111,0.948352,A,0.0,-0.008672
10322.592,0.61095,172.111,1.8699,19,0.6597,12.534,1.95917,5.49212,2858.866,7463.726,5345.685,0.32581,0.720169,85.679,102.485,0.27695,0.51786,0.852306,A,0.0,-0.003639
9375.539,0.37739,190.902,2.9895,17,0.7673,13.044,1.92896,6.42165,4311.313,5064.226,12888.706,0.085084,0.626232,83.179,102.733,0.45985,1.37472,0.896325,A,0.0,0.030531
11426.196,0.54975,161.723,2.628,19,0.759,14.421,1.97755,7.12265,4305.621,7120.574,11315.171,0.125765,0.80612,82.634,102.534,0.37682,0.99028,0.913795,A,0.001,0.017713
8811.629,0.59872,168.22,2.114,19,0.8609,16.357,1.9659,7.50598,2548.886,6262.743,5388.433,0.144289,0.783671,83.135,102.713,0.28926,0.61151,0.930289,A,0.0,-0.007767
7957.244,0.67204,194.957,1.0623,26,0.8026,20.868,1.92288,7.02829,2209.919,5747.325,2347.702,0.194086,0.855819,84.756,104.426,0.27772,0.29504,0.919793,A,0.0,0.001985
7878.782,0.31941,193.713,2.9534,22,0.6977,15.349,1.92473,7.50815,4137.824,3740.958,12220.827,0.041136,0.627212,82.695,102.863,0.52519,1.55111,0.932363,A,0.0,-0.025519
10383.503,0.51602,183.518,1.4739,21,0.7928,16.648,1.9404,6.57514,4549.741,5833.762,6705.816,0.119275,0.82544,83.372,103.717,0.43817,0.64581,0.898719,A,0.0,0.004355
13000.0,0.33813,165.629,1.9428,27,0.7559,20.41,1.97049,9.13934,6578.595,6421.405,12780.574,0.029725,0.654091,81.521,101.729,0.50605,0.98312,0.955515,A,0.0,-0.041954
7911.671,0.65461,196.76,2.2541,23,0.7126,16.389,1.92023,7.4068,1874.226,6037.445,4224.671,0.193853,0.79764,84.814,104.119,0.23689,0.53398,0.929847,A,0.0,0.026991
9041.411,0.68133,186.444,3.5067,20,0.788,15.759,1.9358,8.09955,1868.955,7172.456,6553.843,0.188005,0.809881,84.383,103.747,0.20671,0.72487,0.942961,A,0.0,-0.024166
12290.449,0.32236,143.123,1.7031,20,0.7575,15.15,2.01413,6.68346,6787.158,5503.291,11559.084,0.060141,0.645744,80.981,100.465,0.55223,0.94049,0.896972,A,0.0,0.045527
10956.455,0.33969,125.598,2.5101,16,0.8841,14.145,2.05398,7.28084,5211.086,5745.37,13080.362,0.057464,0.595669,80.112,99.066,0.47562,1.19385,0.919541,A,-0.001,0.009551
11879.722,0.48306,171.982,3.8068,19,0.7824,14.865,1.95939,7.91876,4967.622,6912.1,18910.686,0.07635,0.775362,82.382,102.843,0.41816,1.59185,0.933908,A,-0.0,-0.039111
10429.828,0.60997,210.317,2.2192,20,0.8339,16.678,1.90113,7.38653,3071.484,7358.344,6816.363,0.158135,0.798576,84.782,104.689,0.29449,0.65355,0.923653,A,0.0,-0.023855
10693.774,0.54641,186.5,1.0175,16,0.8567,13.708,1.93572,4.56603,3890.003,6803.772,3958.108,0.310167,0.681482,85.997,102.902,0.36376,0.37013,0.793512,A,-0.001,-0.013659
10040.853,0.43269,120.0,2.7235,18,0.7507,13.512,2.06808,7.18138,4716.065,5324.788,12844.436,0.074698,0.749754,80.05,99.713,0.46969,1.27922,0.918915,A,0.0,0.014959
8290.507,0.53874,153.824,2.5715,26,0.6721,17.474,1.99246,8.67324,2845.372,5445.135,7316.918,0.071548,0.782867,81.595,101.965,0.34321,0.88257,0.95442,A,0.0,0.030563
10275.66,0.61918,163.794,1.1483,16,0.8251,13.201,1.97378,4.79808,3041.759,7233.902,3492.971,0.393332,0.714153,86.249,102.032,0.29602,0.33993,0.811958,A,-0.001,-0.050807
8493.038,0.6686,143.077,2.2204,19,0.8963,17.029,2.01423,8.22172,2389.283,6103.756,5305.231,0.127686,0.880337,81.87,102.011,0.28132,0.62466,0.946274,A,-0.001,0.004972
10892.858,0.35533,202.673,1.3065,19,0.826,15.694,1.91172,5.76077,4970.509,5922.349,6494.183,0.106463,0.564199,83.855,102.829,0.45631,0.59619,0.863282,A,0.0,0.00055
7000.0,0.63721,173.653,3.4352,22,0.8832,19.43,1.95655,10.10052,1875.236,5124.764,6441.795,0.063104,0.847282,82.27,103.398,0.26789,0.92026,0.97347,A,0.0,0.014816
7000.0,0.55916,171.763,3.7005,17,0.8714,14.814,1.95977,7.84655,2464.527,4535.473,9120.072,0.092735,0.812616,82.59,103.078,0.35208,1.30287,0.94161,A,0.0,-0.025839
9706.322,0.51452,187.428,3.541,25,0.8528,21.319,1.93428,10.96771,3805.715,5900.607,13475.9,0.027993,0.828318,82.305,103.913,0.39209,1.38836,0.978668,A,0.0,-0.015574
10054.554,0.47631,175.384,2.3244,23,0.7834,18.019,1.95364,8.43732,4488.917,5565.637,10433.88,0.05576,0.815502,82.237,103.271,0.44646,1.03773,0.947735,A,0.0,-0.005501
12677.365,0.50432,149.073,3.192,26,0.7208,18.741,2.00186,9.90455,4489.904,8187.461,14331.821,0.048032,0.754546,81.082,101.519,0.35417,1.1305,0.966269,A,-0.0,-0.0263
8668.186,0.48349,162.482,1.9284,22,0.8213,18.068,1.97616,8.10461,3054.715,5613.471,5890.568,0.077217,0.704574,82.024,101.902,0.35241,0.67956,0.943718,A,0.0,-0.000395
10836.344,0.56828,172.71,1.9657,19,0.705,13.395,1.95815,5.96649,2892.029,7944.316,5684.872,0.270444,0.676698,84.971,102.227,0.26688,0.52461,0.87299,A,-0.001,0.042929
7174.555,0.66481,176.59,2.7844,17,0.7373,12.535,1.95164,6.16676,1662.883,5511.672,4630.168,0.303249,0.773897,85.549,103.054,0.23178,0.64536,0.894277,A,0.0,-0.018123
13000.0,0.39475,156.669,2.8334,21,0.8429,17.701,1.98699,8.9833,5725.588,7274.412,16222.683,0.04211,0.672313,81.325,101.387,0.44043,1.2479,0.953017,A,0.0,-0.036266
7000.0,0.30083,196.388,3.0992,17,0.6854,11.652,1.92077,5.75043,3846.323,3153.677,11920.563,0.066577,0.586523,83.121,102.71,0.54947,1.70294,0.878393,A,0.0,0.029259
12131.984,0.3103,216.375,3.1469,22,0.7916,17.416,1.89305,8.43458,5559.676,6572.308,17495.666,0.037628,0.540966,83.379,103.23,0.45827,1.44211,0.94443,A,0.0,-0.040023
9302.545,0.66468,171.492,3.5694,23,0.8818,20.283,1.96023,10.66381,2263.986,7038.559,8081.056,0.064007,0.857888,82.2,103.364,0.24337,0.86869,0.976564,A,0.0,0.009355
7113.336,0.67153,172.024,2.9256,21,0.8014,16.829,1.95932,8.43596,2028.813,5084.524,5935.506,0.112271,0.894688,82.857,103.632,0.28521,0.83442,0.952316,A,-0.001,-0.020949
8979.533,0.65006,172.633,3.4466,27,0.7821,21.117,1.95828,11.00017,2639.685,6339.849,9097.881,0.045613,0.901729,82.0,103.708,0.29397,1.01318,0.979373,A,-0.001,0.005571
11147.179,0.53299,182.99,2.0328,24,0.8028,19.267,1.94124,8.56603,3459.641,7687.537,7032.621,0.08861,0.732974,82.948,103.082,0.31036,0.63089,0.948402,A,0.001,0.011401
9597.001,0.53408,176.883,1.118,16,0.7954,12.726,1.95115,4.48996,3248.034,6348.967,3631.26,0.323858,0.641633,85.832,102.195,0.33844,0.37837,0.794775,A,0.0,-0.042244
8540.367,0.46156,120.0,1.4831,27,0.8323,22.471,2.06808,9.75231,3062.632,5477.735,4542.335,0.040531,0.696966,79.599,99.364,0.35861,0.53187,0.96851,A,0.0,-0.034797
10065.686,0.43513,215.233,3.0663,26,0.7547,19.623,1.89456,9.45521,4480.229,5585.457,13737.527,0.035793,0.755444,83.32,104.6,0.4451,1.36479,0.963387,A,-0.0,0.021135
9785.192,0.67329,177.965,2.8777,16,0.8746,13.993,1.94937,6.93182,2249.315,7535.877,6472.959,0.25719,0.797487,84.992,103.275,0.22987,0.66151,0.912192,A,-0.0,0.006656
11165.419,0.51214,120.0,3.2614,25,0.8887,22.218,2.06808,12.35566,4481.469,6683.95,14616.05,0.017485,0.84379,79.295,100.333,0.40137,1.30905,0.986297,A,0.0,0.049031
10815.116,0.41008,136.468,1.068,26,0.8971,23.324,2.02856,8.52017,5314.36,5500.756,5675.688,0.043336,0.764404,80.454,100.858,0.49138,0.52479,0.948072,A,0.0,-0.040225
9075.666,0.56289,133.238,1.5876,21,0.7525,15.803,2.03587,6.89313,2727.953,6347.713,4330.933,0.163108,0.734699,81.882,100.466,0.30058,0.4772,0.912902,A,0.0,-0.007717
8620.573,0.33666,211.501,2.3621,25,0.7698,19.245,1.89953,8.6753,4284.666,4335.907,10120.794,0.031174,0.638544,83.143,103.68,0.49703,1.17403,0.953977,A,0.0,-0.035471
9843.359,0.57348,154.201,2.9804,22,0.8209,18.06,1.99173,9.3173,3155.878,6687.482,9405.869,0.068271,0.811886,81.568,102.177,0.32061,0.95555,0.961832,A,-0.001,0.041561
9542.71,0.40896,166.072,1.537,23,0.6582,15.138,1.9697,6.21669,4122.194,5420.516,6335.753,0.105992,0.639369,82.546,101.654,0.43197,0.66394,0.888045,A,0.0,-0.042799
10171.184,0.57765,180.7,3.708,21,0.7587,15.932,1.94491,8.3472,3112.17,7059.014,11539.793,0.102187,0.787266,83.045,103.335,0.30598,1.13456,0.945872,A,-0.0,0.039406
8231.999,0.49277,146.941,3.5493,24,0.7916,18.999,2.00619,10.31991,3067.972,5164.028,10889.185,0.033804,0.765445,80.802,101.472,0.37269,1.32279,0.974433,A,-0.001,-0.006991
9961.027,0.64447,172.07,3.9535,23,0.8961,20.61,1.95924,11.06324,2666.428,7294.6,10541.7,0.050052,0.861755,82.038,103.417,0.26769,1.05829,0.97921,A,-0.001,-0.035007
8540.824,0.60265,154.671,3.9011,20,0.8055,16.109,1.99082,8.82886,3045.413,5495.411,11880.333,0.07353,0.895872,81.657,102.756,0.35657,1.39101,0.956494,A,0.0,0.013522
10619.008,0.6933,171.139,2.3889,23,0.8809,20.26,1.96084,9.61663,2107.074,8511.934,5033.568,0.122903,0.834503,82.964,103.192,0.19842,0.47401,0.964825,A,0.0,-0.041928
10174.939,0.53227,169.0,1.7517,19,0.7305,13.879,1.96454,5.96592,4047.502,6127.437,7090.058,0.166691,0.773753,83.46,102.686,0.39779,0.69682,0.875424,A,0.0,0.009865
9401.082,0.63049,191.984,2.8089,17,0.8263,14.047,1.92732,6.79681,2805.837,6595.245,7881.405,0.192212,0.816942,84.63,104.039,0.29846,0.83835,0.909011,A,0.0,0.040008
7402.982,0.56349,144.447,2.8689,17,0.8902,15.134,2.01135,7.84215,2271.249,5131.733,6516.016,0.108834,0.764709,81.682,101.326,0.3068,0.88019,0.940743,A,0.0,0.034803
11464.074,0.59469,189.701,3.0246,25,0.6734,16.835,1.93078,8.32399,3512.641,7951.433,10624.322,0.110001,0.808814,83.467,103.885,0.3064,0.92675,0.943324,A,0.0,-0.054186
8494.085,0.65818,180.591,3.7196,21,0.6981,14.659,1.94509,7.6864,2444.326,6049.759,9091.876,0.148206,0.864223,83.649,103.838,0.28777,1.07038,0.935201,A,0.0,0.032214
9056.866,0.42517,187.701,2.1233,19,0.7535,14.316,1.93385,6.41853,3980.148,5076.718,8451.176,0.099435,0.680547,83.258,102.949,0.43946,0.93312,0.897222,A,0.0,-0.003504
9646.053,0.61847,162.657,1.3819,16,0.7422,11.875,1.97584,4.69178,2892.219,6753.834,3996.632,0.395035,0.714152,86.226,101.975,0.29983,0.41433,0.808487,A,0.0,0.002607
10390.021,0.67074,158.77,3.8105,23,0.8597,19.774,1.98303,10.72348,2551.427,7838.595,9722.088,0.064779,0.867971,81.71,102.789,0.24557,0.93571,0.976284,A,-0.001,0.050655
8957.173,0.69561,170.004,3.3888,27,0.6668,18.003,1.96279,9.37438,1804.033,7153.141,6113.451,0.125763,0.839321,82.959,103.168,0.20141,0.68252,0.963587,A,-0.001,0.037051
8992.162,0.35833,161.517,3.0159,27,0.8235,22.235,1.97793,11.38897,4312.136,4680.026,13004.914,0.013457,0.676087,81.144,101.665,0.47954,1.44625,0.98199,A,0.0,0.028257
7635.024,0.41249,182.523,2.7159,18,0.8909,16.037,1.94199,7.77936,3305.595,4329.429,8977.61,0.058147,0.683039,82.529,102.731,0.43295,1.17585,0.938969,A,0.0,-0.008237
11348.245,0.46987,146.439,1.7728,23,0.7811,17.965,2.00722,8.00288,4453.655,6894.59,7895.251,0.075675,0.724509,81.333,101.174,0.39245,0.69572,0.936794,A,0.0,-0.02297
9041.799,0.45234,186.104,3.5943,20,0.801,16.019,1.93633,8.28135,3737.645,5304.154,13434.337,0.058568,0.729816,82.662,103.203,0.41337,1.4858,0.946477,A,0.0,0.004512
9078.363,0.67499,175.592,3.3739,16,0.8218,13.149,1.9533,6.79077,2384.403,6693.96,8044.652,0.232022,0.832773,84.572,103.395,0.26265,0.88613,0.909717,A,0.0,0.021137
7000.0,0.31005,140.153,2.2129,21,0.8511,17.873,2.02047,8.65803,3621.295,3378.705,8013.721,0.026343,0.61413,80.4,100.084,0.51733,1.14482,0.956046,A,0.0,-0.009876
8898.964,0.6586,185.817,2.7165,23,0.7631,17.551,1.93678,8.48004,2528.188,6370.777,6867.853,0.115231,0.874225,83.4,104.143,0.2841,0.77176,0.950293,A,-0.001,0.039536
11106.31,0.33395,192.102,1.3362,23,0.8479,19.502,1.92714,7.31774,5343.132,5763.178,7139.708,0.055375,0.592212,82.828,102.561,0.48109,0.64285,0.920226,A,0.0,0.05312
11374.996,0.67502,170.435,3.5804,26,0.7584,19.719,1.96205,10.38882,2996.52,8378.476,10728.737,0.070319,0.891286,82.243,103.532,0.26343,0.94319,0.972558,A,-0.0,0.01915
8230.439,0.66852,147.527,2.4945,22,0.7439,16.366,2.00499,8.12712,1901.343,6329.096,4742.968,0.159382,0.82147,82.485,101.875,0.23101,0.57627,0.944924,A,0.0,0.010739
9878.578,0.49291,140.981,2.0841,20,0.8862,17.723,2.01869,8.41289,3776.749,6101.829,7871.12,0.067604,0.756156,80.982,101.07,0.38232,0.79679,0.947564,A,0.0,-0.008067
10738.238,0.36968,162.063,3.1607,18,0.8631,15.535,1.97693,8.04304,4827.566,5910.672,15258.472,0.050347,0.630497,81.653,101.392,0.44957,1.42095,0.938773,A,0.0,-0.002606
7653.314,0.37659,173.657,2.5091,26,0.8809,22.902,1.95654,10.99113,3211.452,4441.863,8057.838,0.017809,0.63599,81.672,102.004,0.41962,1.05286,0.980157,A,-0.001,-0.011679
9226.403,0.40376,169.583,1.3893,23,0.8105,18.642,1.96352,7.31412,3694.885,5531.519,5133.459,0.076137,0.62261,82.287,101.717,0.40047,0.55639,0.924485,A,-0.001,-0.044029
10859.296,0.63957,167.399,1.903,16,0.8008,12.813,1.96735,5.6838,2967.698,7891.598,5647.515,0.328373,0.756594,85.533,102.494,0.27329,0.52006,0.859687,A,0.0,0.03235
11447.424,0.5163,142.518,1.9261,25,0.7628,19.07,2.01541,8.79751,4506.961,6940.463,8680.996,0.062942,0.810699,80.99,101.519,0.39371,0.75834,0.952003,A,0.0,0.001458
7627.84,0.64993,158.63,1.0916,25,0.8751,21.877,1.98329,7.81828,2192.326,5435.515,2393.15,0.136113,0.857169,82.646,102.71,0.28741,0.31374,0.939808,A,-0.001,0.003025
8142.136,0.60186,153.417,3.2177,18,0.7285,13.114,1.99325,6.9009,2477.202,5664.933,7970.994,0.166882,0.792072,82.836,102.004,0.30424,0.97898,0.91564,A,0.001,-0.009262
11545.822,0.68708,148.217,1.4832,20,0.8805,17.611,2.00359,7.30998,2762.622,8783.2,4097.551,0.232627,0.830023,83.482,101.97,0.23927,0.35489,0.918988,A,0.0,-0.015102
9194.463,0.56455,156.892,2.2156,19,0.8985,17.072,1.98657,8.07416,3240.498,5953.965,7179.787,0.092618,0.821404,82.001,102.383,0.35244,0.78088,0.94218,A,0.0,-0.005024
10341.067,0.36802,219.53,2.4916,25,0.8522,21.304,1.88895,9.66924,4910.071,5430.997,12234.048,0.026547,0.676736,83.329,104.249,0.47481,1.18305,0.96575,A,-0.001,0.020637
8054.326,0.51878,132.199,1.8696,18,0.7813,14.064,2.03826,6.52496,2603.813,5450.513,4868.108,0.15398,0.693045,81.712,100.127,0.32328,0.60441,0.904045,A,0.0,0.037334
11552.315,0.59571,171.447,3.1642,27,0.8465,22.856,1.96031,11.6902,3866.844,7685.471,12235.65,0.03113,0.879777,81.764,103.506,0.33472,1.05915,0.982509,A,0.0,-0.045905
10385.327,0.44316,170.574,1.6489,22,0.8508,18.718,1.96181,7.85165,4363.425,6021.902,7194.689,0.068339,0.714755,82.222,102.374,0.42015,0.69277,0.935209,A,-0.0,-0.015152
11923.559,0.69991,143.457,1.9061,26,0.7726,20.087,2.01343,9.22055,2961.525,8962.034,5644.993,0.118235,0.892127,81.762,102.111,0.24838,0.47343,0.958042,A,0.0,-0.010235
8383.353,0.38691,202.123,1.583,21,0.6888,14.465,1.9125,5.74806,3793.823,4589.53,6005.725,0.1088,0.616793,83.868,103.153,0.45254,0.71639,0.872742,A,0.0,0.04519
8977.259,0.67065,161.803,3.82,21,0.8315,17.461,1.97741,9.43506,2147.517,6829.743,8203.456,0.100003,0.850085,82.298,102.828,0.23922,0.9138,0.96433,A,-0.001,-0.021472
7964.541,0.49597,156.125,2.1476,17,0.6767,11.504,1.98803,5.39372,2727.55,5236.991,5857.795,0.205883,0.647059,83.464,101.192,0.34246,0.73548,0.857841,A,0.0,-0.024936
7936.223,0.63791,160.688,3.8742,26,0.8525,22.164,1.97946,12.02906,2380.432,5555.791,9222.204,0.029615,0.89854,81.324,103.09,0.29995,1.16204,0.986075,A,0.0,-0.000925
7781.526,0.51314,171.908,2.2037,27,0.696,18.791,1.95952,8.695,2634.598,5146.929,5805.761,0.067454,0.741278,82.261,102.614,0.33857,0.7461,0.955494,A,-0.001,-0.007157
10018.366,0.52025,166.501,1.0643,20,0.8627,17.254,1.96893,6.02652,3724.646,6293.72,3964.013,0.169868,0.7276,83.405,102.258,0.37178,0.39567,0.878608,A,0.0,0.046073
8357.47,0.58287,138.41,3.8006,26,0.8394,21.824,2.02427,12.18472,2294.968,6062.501,8722.152,0.028367,0.792777,80.347,101.161,0.2746,1.04364,0.986636,A,0.001,0.005826
9680.857,0.50963,187.44,2.6718,21,0.7943,16.68,1.93426,8.00714,3746.319,5934.539,10009.473,0.079118,0.781399,82.98,103.603,0.38698,1.03394,0.939922,A,-0.001,0.011046
8661.941,0.47939,169.679,3.7221,23,0.6545,15.053,1.96336,8.00521,3199.534,5462.407,11909.132,0.075615,0.715893,82.284,102.338,0.36938,1.37488,0.941737,A,0.0,0.016198
10227.944,0.3475,197.245,1.2218,20,0.6683,13.366,1.91952,4.79288,5152.168,5075.776,6295.064,0.129772,0.568506,83.984,102.628,0.50373,0.61548,0.811883,A,0.0,-0.005716
10936.073,0.56909,195.079,1.7623,26,0.6836,17.772,1.9227,7.41231,3679.408,7256.666,6484.265,0.129897,0.791778,83.913,104.008,0.33645,0.59292,0.923205,A,-0.001,-0.00277
