Feed_Flow_kg_h,Feed_Heavy_Fraction,Column_Pressure_kPa,Reflux_Ratio,Num_Stages,Murphree_Efficiency,Effective_Stages,Relative_Volatility,Separation_Power,Distillate_Rate_kg_h,Bottoms_Rate_kg_h,Reflux_Flow_kg_h,Distillate_Heavy_Fraction,Bottoms_Heavy_Fraction,Top_Tray_Temperature_C,Bottom_Temperature_C,Distillate_to_Feed,Reflux_to_Feed,Heavy_Recovery_to_Bottoms,Dataset,Mass_Balance_Error_kg_h,Heavy_Component_Balance_Error_kg_h
8569.673,0.77135,179.019,2.1363,22,0.8708,19.158,1.94764,8.69881,1365.05,7204.623,2916.091,0.220685,0.875681,84.548,103.84,0.15929,0.34028,0.954427,B,0.0,0.019736
8790.947,0.30979,142.242,3.6688,16,0.6885,11.016,2.01599,6.06919,4667.299,4123.648,17123.529,0.067214,0.584348,81.034,100.009,0.53092,1.94786,0.884809,B,0.0,-0.005825
11885.354,0.24204,203.456,1.6629,23,0.6078,13.98,1.91062,5.65216,6702.792,5182.562,11146.099,0.062719,0.473971,83.303,102.266,0.56395,0.9378,0.853867,B,0.0,-0.045423
7551.496,0.42372,193.765,1.6829,14,0.8831,12.363,1.92465,5.07767,3745.622,3805.874,6303.615,0.133855,0.709001,83.921,103.405,0.49601,0.83475,0.843309,B,0.0,-0.01882
10600.603,0.57517,189.71,4.5242,24,0.7761,18.627,1.93077,10.0364,3250.312,7350.291,14705.154,0.056936,0.804327,82.767,103.856,0.30662,1.3872,0.969648,B,0.0,0.051554
11371.363,0.57558,171.903,3.2296,16,0.7163,11.46,1.95953,5.88661,3492.623,7878.74,11279.925,0.248597,0.720535,84.652,102.477,0.30714,0.99196,0.867344,B,0.0,-0.03441
8127.406,0.78165,161.835,2.1807,25,0.8327,20.818,1.97735,9.73067,1298.512,6828.894,2831.696,0.15322,0.901145,83.001,103.167,0.15977,0.34841,0.968682,B,0.0,0.005208
7330.88,0.36093,144.19,1.7282,22,0.703,15.466,2.01189,6.84908,3551.367,3779.513,6137.527,0.062352,0.641477,81.057,100.498,0.48444,0.83722,0.91631,B,0.0,0.029023
8649.816,0.6254,166.324,4.5643,26,0.7384,19.199,1.96925,10.67208,2198.803,6451.013,10035.992,0.056342,0.819361,81.9,102.854,0.2542,1.16025,0.977099,B,0.0,0.001505
10944.598,0.3977,168.673,3.5003,27,0.8092,21.848,1.96511,11.47959,4397.915,6546.683,15393.877,0.018311,0.65257,81.489,101.87,0.40183,1.40653,0.981499,B,0.0,-0.032522
10373.594,0.26315,207.077,4.1533,14,0.7827,10.958,1.90557,5.69443,5827.54,4546.054,24203.501,0.064552,0.517721,83.444,102.704,0.56177,2.33318,0.862193,B,-0.0,0.044276
7900.374,0.61523,143.597,2.4445,22,0.806,17.732,2.01313,8.80508,2244.987,5655.386,5487.927,0.093072,0.822511,81.437,101.659,0.28416,0.69464,0.957012,B,0.001,-0.015528
9595.785,0.56026,201.093,4.4322,23,0.6646,15.285,1.91397,8.09589,3047.672,6548.112,13507.956,0.102472,0.773331,83.751,104.143,0.31761,1.4077,0.94191,B,0.001,-0.024542
11015.784,0.61731,155.142,1.2846,23,0.8602,19.784,1.98991,7.65436,3189.847,7825.937,4097.523,0.150766,0.807479,82.696,102.198,0.28957,0.37197,0.929279,B,0.0,-0.046635
9536.708,0.24186,201.533,2.1522,23,0.6145,14.134,1.91334,6.26166,5359.536,4177.172,11534.938,0.04742,0.491331,83.039,102.3,0.56199,1.20953,0.889813,B,0.0,0.024904
10799.106,0.7217,199.413,4.1588,20,0.7399,14.799,1.91638,7.75976,2065.541,8733.566,8590.176,0.255561,0.831949,85.716,104.459,0.19127,0.79545,0.93227,B,-0.001,-0.038423
12804.616,0.43442,185.684,1.9922,23,0.7973,18.339,1.93699,8.07247,5727.374,7077.242,11410.08,0.062426,0.735463,82.698,103.221,0.44729,0.89109,0.935725,B,0.0,-0.0054
11098.389,0.35819,157.475,1.5811,16,0.73,11.68,1.98546,4.90707,5353.987,5744.402,8465.157,0.137685,0.563708,82.62,100.713,0.48241,0.76274,0.814565,B,0.0,0.002893
9349.749,0.73996,158.026,3.4203,29,0.8702,25.236,1.98442,13.38234,1653.323,7696.426,5654.875,0.037926,0.890765,81.325,102.9,0.17683,0.60482,0.990937,B,0.0,0.029436
8123.515,0.53303,181.796,4.7384,23,0.7148,16.441,1.94315,9.01838,2813.939,5309.577,13333.639,0.061829,0.782747,82.552,103.356,0.34639,1.64136,0.95982,B,-0.001,0.038698
9075.764,0.26708,160.802,4.5431,15,0.8261,12.392,1.97925,6.93399,4551.157,4524.607,20676.315,0.04573,0.489729,81.541,100.398,0.50146,2.27819,0.914138,B,0.0,-0.000622
10066.396,0.4549,182.654,2.1274,26,0.619,16.094,1.94178,7.26513,3587.548,6478.848,7632.182,0.100586,0.651096,83.094,102.526,0.35639,0.75818,0.921197,B,0.0,-0.00558
12347.256,0.53824,141.321,2.4052,19,0.8386,15.933,2.01796,7.90147,4701.889,7645.368,11309.022,0.095231,0.810687,81.363,101.45,0.3808,0.91591,0.932624,B,-0.001,0.02103
11653.384,0.64524,214.954,1.6279,27,0.6281,16.958,1.89492,6.71468,2629.254,9024.13,4280.209,0.286227,0.749838,86.617,104.552,0.22562,0.36729,0.899914,B,0.0,0.030417
8908.88,0.72941,188.211,2.7481,25,0.8553,21.383,1.93307,10.33341,1813.875,7095.005,4984.686,0.093116,0.892084,83.192,104.368,0.2036,0.55952,0.974008,B,-0.0,-0.015064
12545.301,0.59127,176.525,1.6527,26,0.7747,20.143,1.95174,8.3922,4236.202,8309.1,7001.335,0.099909,0.841776,82.862,103.499,0.33767,0.55808,0.942942,B,-0.001,0.024455
9825.459,0.25407,138.866,3.016,22,0.8996,19.791,2.02327,10.47411,5556.082,4269.377,16756.894,0.011433,0.569829,80.144,99.716,0.56548,1.70546,0.974554,B,0.0,0.016856
11162.553,0.39033,183.784,3.7169,21,0.8228,17.279,1.93998,9.02278,5155.34,6007.213,19161.816,0.037183,0.693403,82.298,102.857,0.46184,1.71662,0.956006,B,0.0,-0.031211
7643.244,0.58994,157.527,1.3593,23,0.8189,18.834,1.98536,7.4418,2017.344,5625.9,2742.213,0.153563,0.746419,82.831,101.922,0.26394,0.35878,0.931296,B,0.0,-0.012683
7627.261,0.48226,172.508,4.6955,27,0.7897,21.323,1.95849,11.81614,3106.743,4520.518,14587.638,0.017587,0.801601,81.626,103.041,0.40732,1.91257,0.985146,B,0.0,0.032851
8211.445,0.71392,209.086,2.325,14,0.7312,10.237,1.90281,4.60509,1729.129,6482.316,4020.282,0.640185,0.733593,91.106,104.21,0.21058,0.48959,0.811174,B,0.0,-0.029276
12306.698,0.5679,136.927,3.2854,29,0.6904,20.021,2.02754,10.84912,3802.133,8504.565,12491.716,0.04409,0.802077,80.485,101.134,0.30895,1.01503,0.976014,B,0.0,0.021769
11078.869,0.30274,169.669,4.7538,16,0.7808,12.493,1.96337,6.96344,6069.479,5009.39,28853.025,0.049863,0.60913,81.944,101.633,0.54784,2.60433,0.909766,B,0.0,0.004639
12095.418,0.4869,179.897,1.2865,22,0.8613,18.948,1.94621,7.09907,4964.881,7130.537,6387.322,0.105087,0.752753,83.054,103.07,0.41048,0.52808,0.911408,B,-0.0,-0.018544
10866.618,0.45041,219.623,1.1436,28,0.792,22.176,1.88883,7.52387,4700.388,6166.23,5375.519,0.076748,0.735248,83.994,104.639,0.43255,0.49468,0.926295,B,0.0,-0.02024
9439.254,0.26296,140.924,2.8858,16,0.6098,9.757,2.01881,5.09042,4910.904,4528.351,14171.958,0.083663,0.457397,81.192,99.095,0.52026,1.50139,0.834472,B,-0.001,0.031108
10099.469,0.58118,141.356,2.052,27,0.6267,16.92,2.01789,7.9867,2973.11,7126.359,6100.807,0.120974,0.773183,81.704,101.204,0.29438,0.60407,0.938724,B,-0.0,-0.039246
10560.661,0.30289,155.634,0.9434,26,0.7752,20.155,1.98897,6.7278,5460.883,5099.779,5151.841,0.056533,0.566683,81.472,100.635,0.5171,0.48783,0.903484,B,-0.001,0.040449
12172.708,0.23151,131.595,3.7256,21,0.833,17.493,2.03966,9.83,7416.78,4755.928,27631.617,0.012971,0.572314,79.821,99.292,0.6093,2.26996,0.965862,B,0.0,0.016398
9629.117,0.68263,190.011,3.6389,17,0.6682,11.359,1.93031,5.86035,1852.489,7776.628,6740.989,0.451199,0.737765,87.981,103.43,0.19238,0.70006,0.87284,B,0.0,-0.041003
12353.441,0.28998,131.489,1.1079,27,0.6053,16.343,2.03991,6.12355,6124.035,6229.406,6784.896,0.073442,0.502852,80.614,98.827,0.49574,0.54923,0.874446,B,0.0,0.020177
10682.302,0.28835,141.806,1.1336,20,0.8265,16.531,2.01692,6.16185,5232.772,5449.53,5931.764,0.069507,0.498484,81.045,99.418,0.48985,0.55529,0.881919,B,0.0,0.023986
11976.137,0.77188,143.221,3.9443,25,0.6045,15.113,2.01392,8.44041,2066.77,9909.367,8151.99,0.246955,0.88136,83.451,102.026,0.17257,0.68069,0.944787,B,0.0,0.021743
9988.336,0.4294,172.401,4.1845,29,0.6088,17.654,1.95868,9.57913,4161.728,5826.608,17414.943,0.036047,0.710355,81.865,102.434,0.41666,1.74353,0.965022,B,0.0,0.013543
11155.109,0.36665,133.936,2.6524,15,0.8323,12.484,2.03427,6.43805,5094.302,6060.807,13512.045,0.087264,0.601487,80.914,99.629,0.45668,1.21129,0.89131,B,0.0,-0.025075
9034.152,0.48146,137.299,0.9308,15,0.6902,10.353,2.02672,3.52558,3452.461,5581.691,3213.534,0.356161,0.558956,84.622,99.552,0.38216,0.35571,0.717297,B,0.0,0.031185
10136.971,0.2302,152.35,3.9362,21,0.8915,18.722,1.99534,10.31337,5856.707,4280.264,23053.335,0.010826,0.530381,80.731,100.219,0.57776,2.27418,0.972828,B,-0.0,-0.044686
8297.34,0.36409,147.025,2.9563,23,0.6291,14.469,2.00602,7.52644,4024.604,4272.736,11898.073,0.051123,0.658885,81.034,100.774,0.48505,1.43396,0.931894,B,0.0,-0.012969
7604.222,0.57774,211.306,4.3805,23,0.738,16.975,1.8998,8.86879,2215.173,5389.048,9703.522,0.082585,0.781267,83.816,104.615,0.29131,1.27607,0.958359,B,0.001,0.037792
7231.625,0.62403,140.242,3.2361,27,0.6384,17.237,2.02028,9.26007,2123.342,5108.283,6871.275,0.076244,0.851722,81.063,101.658,0.29362,0.95017,0.964126,B,0.0,0.021848
11211.697,0.24526,214.377,3.0101,29,0.8317,24.119,1.89569,11.57928,6003.153,5208.544,18070.308,0.008248,0.518427,82.93,103.002,0.53544,1.61174,0.981994,B,0.0,0.01696
9738.584,0.30587,200.795,4.3419,17,0.7129,12.119,1.91439,6.39657,5315.667,4422.917,23079.878,0.059259,0.602256,83.171,103.001,0.54584,2.36994,0.894249,B,0.0,0.011277
12386.405,0.74075,156.727,1.2003,25,0.679,16.975,1.98688,6.35783,2439.471,9946.934,2928.163,0.435452,0.815624,86.519,102.336,0.19695,0.2364,0.884224,B,0.0,-0.001119
12011.099,0.69365,181.879,3.4893,22,0.8458,18.608,1.94301,9.60679,2705.683,9305.417,9440.929,0.113142,0.862438,83.232,103.885,0.22527,0.78602,0.963257,B,-0.001,0.027209
9310.571,0.3733,166.193,4.0976,24,0.8221,19.732,1.96948,10.74997,4360.029,4950.542,17865.703,0.018132,0.686107,81.391,101.968,0.46829,1.91886,0.977254,B,0.0,-0.021412
12842.073,0.61017,201.628,4.2719,28,0.7895,22.105,1.9132,11.62117,3648.204,9193.869,15584.808,0.039911,0.836455,82.943,104.582,0.28408,1.21357,0.981419,B,0.0,-0.013482
10552.372,0.56572,161.583,3.341,16,0.8484,13.575,1.97781,7.12508,3735.44,6816.933,12480.115,0.134188,0.802183,82.74,102.501,0.35399,1.18268,0.916034,B,-0.001,0.0089
11595.3,0.63799,157.495,3.2818,26,0.6655,17.304,1.98543,9.09608,2805.456,8789.844,9206.862,0.114489,0.805074,82.314,102.307,0.24195,0.79402,0.956582,B,0.0,0.016727
9443.166,0.25503,207.324,3.3815,19,0.7056,13.406,1.90522,6.66913,5373.433,4069.734,18170.49,0.042698,0.535371,83.163,102.83,0.56903,1.92419,0.90473,B,-0.001,0.038221
8177.019,0.54459,205.064,3.1341,21,0.8632,18.127,1.90836,8.88095,2852.187,5324.833,8938.987,0.065937,0.800971,83.398,104.49,0.34881,1.09318,0.957768,B,-0.001,0.02131
8030.662,0.64395,191.19,2.929,26,0.725,18.85,1.92852,9.22912,2295.109,5735.553,6722.331,0.083849,0.868073,83.173,104.342,0.28579,0.83708,0.962787,B,0.0,0.023501
8087.237,0.50891,137.627,1.3906,20,0.8286,16.571,2.02599,6.80594,2734.253,5352.984,3802.138,0.131044,0.701928,81.666,100.515,0.33809,0.47014,0.912941,B,-0.0,-0.041022
10622.833,0.46808,142.251,3.2376,25,0.8876,22.19,2.01598,11.88618,4624.654,5998.179,14972.751,0.017092,0.815802,80.373,101.538,0.43535,1.40949,0.984103,B,0.0,-0.03534
7675.797,0.23705,156.791,3.8149,23,0.827,19.021,1.98676,10.34597,4345.668,3330.129,16578.106,0.010421,0.532799,80.912,100.473,0.56615,2.15979,0.975112,B,0.0,-0.027928
7119.464,0.70071,201.117,4.2218,17,0.8972,15.252,1.91393,8.00478,1165.482,5953.982,4920.409,0.237398,0.791403,85.533,104.263,0.1637,0.69112,0.944538,B,0.0,-0.002693
11997.982,0.53195,166.821,2.2749,29,0.6774,19.644,1.96837,9.24092,4757.282,7240.7,10822.346,0.056008,0.844652,81.915,103.046,0.39651,0.90201,0.958252,B,0.0,0.008938
7596.467,0.54956,193.223,2.6544,14,0.8065,11.291,1.92546,5.37314,2486.158,5110.309,6599.139,0.237608,0.701322,85.272,103.331,0.32728,0.86871,0.858498,B,-0.0,0.011246
9703.507,0.50278,184.391,1.4433,15,0.6639,9.959,1.93902,3.89549,3562.115,6141.392,5141.102,0.347207,0.593009,86.412,102.222,0.3671,0.52982,0.746491,B,0.0,0.037258
9930.991,0.57248,133.02,4.4587,19,0.738,14.022,2.03637,8.14492,2391.289,7539.703,10661.93,0.137141,0.710549,81.529,100.293,0.24079,1.0736,0.942317,B,-0.001,0.021536
10721.634,0.37531,165.672,1.9394,25,0.6918,17.294,1.97041,7.73908,4817.576,5904.059,9343.057,0.056854,0.635159,81.881,101.606,0.44933,0.87142,0.931933,B,-0.001,0.02178
10024.087,0.72512,152.331,2.4275,19,0.6784,12.89,1.99538,6.30661,2549.733,7474.354,6189.485,0.313799,0.865438,84.73,102.429,0.25436,0.61746,0.889925,B,0.0,-0.027677
12624.059,0.34023,135.523,1.9688,20,0.7828,15.655,2.03068,7.35436,6471.392,6152.667,12740.766,0.054575,0.640679,80.558,99.984,0.51262,1.00924,0.917771,B,-0.0,0.022834
11502.38,0.7816,181.379,3.3264,27,0.8735,23.585,1.94382,12.05252,2480.213,9022.166,8250.235,0.055771,0.981131,82.457,104.646,0.21563,0.71726,0.984614,B,0.001,0.009499
10446.799,0.48506,135.542,1.1854,23,0.625,14.375,2.03064,5.52333,4110.28,6336.519,4872.339,0.180771,0.682445,82.225,100.261,0.39345,0.4664,0.853371,B,0.0,-0.020812
10703.633,0.36592,186.866,3.3355,15,0.6928,10.392,1.93515,5.27809,4907.856,5795.777,16370.149,0.128473,0.56699,83.612,102.163,0.45852,1.5294,0.839015,B,0.0,-0.001198
10039.309,0.30276,216.986,2.2123,29,0.86,24.941,1.89225,10.95479,4896.418,5142.891,10832.143,0.013436,0.578211,83.078,103.5,0.48772,1.07897,0.978355,B,0.0,0.036773
12788.571,0.24262,143.414,4.5108,26,0.64,16.639,2.01352,9.53209,7488.727,5299.844,33780.474,0.015971,0.562881,80.411,99.935,0.58558,2.64146,0.961454,B,0.0,-0.020853
8359.756,0.25546,154.342,1.905,22,0.8606,18.934,1.99146,8.55322,4903.236,3456.52,9340.446,0.020749,0.588405,80.946,100.71,0.58653,1.11731,0.95236,B,0.0,0.012373
11134.163,0.77103,151.777,1.6184,23,0.6724,15.466,1.99647,6.60923,2210.317,8923.846,3577.26,0.397359,0.863585,85.809,102.387,0.19852,0.32129,0.897692,B,0.0,-0.015203
10330.58,0.41775,166.162,2.6593,29,0.707,20.504,1.96954,10.09996,4365.228,5965.352,11608.643,0.029113,0.702138,81.534,102.073,0.42255,1.12372,0.970552,B,0.0,0.01459
7252.071,0.79238,216.104,1.512,27,0.6195,16.725,1.89341,6.42666,1079.393,6172.678,1632.032,0.515205,0.840848,89.675,105.198,0.14884,0.22504,0.903225,B,0.0,0.003397
8776.9,0.59111,142.092,3.9057,20,0.7907,15.815,2.01631,8.82976,2975.81,5801.09,11622.766,0.076386,0.855143,81.149,101.788,0.33905,1.32424,0.956186,B,0.0,0.04163
12563.002,0.70053,146.977,2.0695,21,0.7845,16.475,2.00612,7.73295,3015.238,9547.764,6239.986,0.209865,0.855487,83.128,102.068,0.24001,0.4967,0.928098,B,0.0,-0.021113
11707.389,0.73268,207.881,3.8969,21,0.602,12.642,1.90446,6.481,1663.617,10043.772,6482.92,0.560894,0.76113,90.021,104.343,0.1421,0.55375,0.891217,B,-0.0,0.040797
7076.987,0.62218,159.336,1.3223,26,0.8585,22.32,1.98197,8.69411,1976.782,5100.204,2613.892,0.096921,0.825767,82.157,102.54,0.27933,0.36935,0.956488,B,0.001,-0.012073
8779.758,0.56285,200.425,2.8209,16,0.8695,13.912,1.91492,6.67271,2953.733,5826.025,8332.31,0.155969,0.769138,84.435,104.087,0.33643,0.94904,0.906775,B,0.0,-0.021208
7058.832,0.42229,142.862,3.2742,19,0.8448,16.051,2.01468,8.61275,2883.246,4175.586,9440.375,0.046257,0.681939,80.786,100.689,0.40846,1.33738,0.955258,B,0.0,0.008914
11964.802,0.36856,219.771,1.7648,14,0.6017,8.424,1.88864,3.4191,5826.31,6138.491,10282.037,0.242205,0.488493,86.183,103.016,0.48695,0.85936,0.679993,B,0.001,-0.023872
7662.206,0.76254,178.428,2.3921,23,0.7674,17.651,1.94861,8.30381,1147.824,6514.381,2745.694,0.258794,0.851294,85.03,103.651,0.1498,0.35834,0.949159,B,0.001,0.03514
7344.731,0.23067,171.332,2.7472,14,0.8579,12.01,1.9605,5.92763,4410.285,2934.446,12115.841,0.044405,0.510612,81.935,101.064,0.60047,1.6496,0.884407,B,0.0,0.007053
12891.3,0.59793,199.024,4.3877,20,0.6642,13.285,1.91694,7.04016,3874.793,9016.507,17001.471,0.183948,0.775832,84.758,104.072,0.30057,1.31883,0.90753,B,0.0,0.039927
9675.219,0.4358,217.471,3.7407,28,0.8106,22.696,1.89162,11.41546,4331.931,5343.289,16204.398,0.017735,0.774728,83.15,104.816,0.44773,1.67484,0.981779,B,-0.001,0.038044
8910.358,0.67535,167.489,1.2263,29,0.7875,22.839,1.96719,8.51164,2021.061,6889.297,2478.375,0.146426,0.830521,83.134,102.986,0.22682,0.27815,0.950822,B,0.0,-0.031436
7294.08,0.62913,149.316,1.9626,21,0.8058,16.922,2.00137,7.77799,2095.842,5198.238,4113.246,0.132222,0.829472,82.204,102.027,0.28733,0.56392,0.939612,B,0.0,0.015259
9337.572,0.59931,165.969,4.6522,26,0.6455,16.783,1.96988,9.36523,2517.809,6819.762,11713.296,0.082149,0.790244,82.227,102.644,0.26964,1.25443,0.963039,B,0.001,-0.011218
9196.234,0.37723,168.49,1.2459,28,0.7418,20.772,1.96543,7.78609,4009.384,5186.851,4995.102,0.055338,0.626046,81.971,101.686,0.43598,0.54317,0.936043,B,-0.001,0.016739
10140.885,0.22529,184.99,1.4712,23,0.8032,18.474,1.93808,7.27747,5965.905,4174.98,8777.165,0.030114,0.50418,82.247,101.663,0.5883,0.86552,0.921362,B,0.0,0.041302
7040.713,0.47399,136.898,1.5013,24,0.6073,14.576,2.02761,6.1838,2869.028,4171.685,4307.153,0.121709,0.716275,81.509,100.566,0.40749,0.61175,0.895367,B,0.0,-0.032647
7887.777,0.28443,137.095,3.4844,16,0.7508,12.012,2.02717,6.59543,4232.375,3655.402,14747.392,0.049362,0.556604,80.563,99.524,0.53657,1.86965,0.90688,B,0.0,-0.009457
8259.319,0.73774,175.709,2.2273,22,0.7231,15.909,1.9531,7.34969,1523.183,6736.136,3392.642,0.289485,0.839097,85.335,103.442,0.18442,0.41077,0.927634,B,0.0,0.019859
9643.027,0.78059,200.093,3.9279,16,0.8734,13.975,1.9154,7.23945,1701.22,7941.807,6682.189,0.347359,0.873389,86.95,104.761,0.17642,0.69296,0.921494,B,0.0,0.029494
8813.82,0.5915,218.391,1.0019,23,0.7509,17.271,1.89042,5.50428,2744.118,6069.702,2749.26,0.266877,0.738261,86.467,104.611,0.31134,0.31193,0.859526,B,0.0,0.008282
10679.966,0.49974,152.758,2.7656,18,0.8926,16.067,1.99454,8.14713,3567.201,7112.765,9865.501,0.08818,0.706152,81.77,101.401,0.33401,0.92374,0.941064,B,0.0,-0.042806
8712.596,0.61962,192.62,0.9516,19,0.8134,15.454,1.92636,4.94055,2649.235,6063.361,2520.996,0.347592,0.738479,86.703,103.549,0.30407,0.28935,0.829425,B,0.0,-0.018927
12457.798,0.26475,147.263,3.2712,28,0.7979,22.34,2.00553,11.90683,6520.525,5937.273,21329.988,0.008414,0.546272,80.481,100.044,0.52341,1.71218,0.983365,B,0.0,-0.027673
12771.22,0.62269,131.356,2.3707,22,0.8204,18.049,2.04022,9.05191,3618.637,9152.582,8578.759,0.100167,0.829283,80.96,100.974,0.28334,0.67173,0.954421,B,0.001,-0.037689
7356.609,0.58679,177.404,4.6958,16,0.8423,13.477,1.95029,7.42196,2490.192,4866.417,11693.439,0.118818,0.82625,83.144,103.438,0.3385,1.58951,0.931458,B,0.0,0.027916
8254.358,0.34224,187.21,2.8494,14,0.8845,12.383,1.93461,6.04882,3857.858,4396.5,10992.479,0.083534,0.569245,83.031,102.193,0.46737,1.33172,0.885922,B,0.0,0.023529
10378.139,0.59335,142.035,2.8175,14,0.7588,10.623,2.01644,5.4988,2997.873,7380.266,8446.644,0.303169,0.711228,84.14,100.835,0.28886,0.81389,0.852407,B,0.0,-0.045211
11623.961,0.77681,159.618,1.1714,19,0.7824,14.866,1.98144,5.4842,2180.789,9443.172,2554.667,0.636942,0.809113,89.297,102.445,0.18761,0.21978,0.846169,B,-0.0,-0.020189
7384.145,0.24032,142.308,3.8112,16,0.6543,10.469,2.01586,5.81377,4171.804,3212.342,15899.589,0.051234,0.485874,80.826,99.363,0.56497,2.15321,0.879553,B,-0.001,0.026063
8108.816,0.54116,181.758,2.2872,19,0.7212,13.704,1.94321,6.33438,2852.307,5256.51,6523.752,0.15808,0.749033,83.821,103.131,0.35175,0.80453,0.897249,B,-0.001,-0.025279
9740.321,0.54595,204.882,1.5869,27,0.7271,19.632,1.90861,7.78418,3107.255,6633.066,4930.902,0.11136,0.749526,83.991,104.143,0.31901,0.50624,0.93493,B,0.0,0.048906
11012.145,0.29641,154.419,1.843,14,0.6111,8.556,1.99131,3.82033,6208.856,4803.288,11442.848,0.142248,0.495688,82.553,100.102,0.56382,1.03911,0.729424,B,0.001,-0.019671
12419.968,0.67064,153.128,4.6193,17,0.6272,10.662,1.99382,6.04782,3680.316,8739.651,17000.434,0.29233,0.829944,84.48,102.238,0.29632,1.3688,0.870833,B,0.001,0.039654
12201.838,0.56735,169.598,1.8432,24,0.68,16.321,1.9635,7.13899,3693.432,8508.406,6807.742,0.16424,0.742341,83.451,102.508,0.30269,0.55793,0.912374,B,0.0,-0.035101
11762.532,0.29062,153.381,4.1673,24,0.8499,20.399,1.99332,11.34799,6447.862,5314.67,26870.043,0.010516,0.630451,80.771,100.935,0.54817,2.28438,0.980164,B,0.0,-0.017683
7316.393,0.76754,182.075,2.7072,18,0.6456,11.621,1.9427,5.63563,1073.588,6242.805,2906.389,0.669072,0.78447,90.578,103.38,0.14674,0.39724,0.872087,B,0.0,0.023375
12859.819,0.29938,135.085,1.6078,23,0.8489,19.525,2.03167,8.53307,7133.798,5726.021,11469.847,0.029569,0.635535,80.207,99.924,0.55474,0.89191,0.945211,B,0.0,-0.053417
10687.768,0.55174,191.038,4.3953,21,0.6448,13.541,1.92875,7.24597,3761.848,6925.919,16534.395,0.126671,0.782611,83.733,103.771,0.35198,1.54704,0.919191,B,0.001,0.051674
7516.695,0.43129,217.111,3.2763,25,0.864,21.601,1.89209,10.55325,2899.907,4616.788,9500.855,0.025743,0.686023,83.245,104.216,0.3858,1.26397,0.976972,B,0.0,0.000327
8529.573,0.29381,218.843,1.2003,24,0.8766,21.037,1.88984,7.3046,4310.703,4218.87,5174.251,0.043106,0.549979,83.527,103.386,0.50538,0.60662,0.925855,B,0.0,-0.033224
10724.525,0.22858,200.775,0.967,15,0.8369,12.554,1.91442,4.00793,6334.822,4389.703,6125.472,0.09723,0.41813,83.671,101.785,0.59069,0.57116,0.748742,B,-0.0,0.010666
9313.841,0.62013,210.345,2.9378,25,0.7294,18.236,1.90109,8.74014,2686.272,6627.569,7891.855,0.098832,0.83142,84.0,104.907,0.28842,0.84733,0.954034,B,0.0,0.009167
9679.621,0.20295,215.521,2.329,25,0.7896,19.739,1.89418,8.82124,5993.649,3685.972,13958.927,0.014809,0.50889,83.052,102.985,0.6192,1.44209,0.95482,B,-0.0,-0.035157
11827.51,0.66101,192.027,2.0089,29,0.6941,20.128,1.92726,8.81715,3232.438,8595.073,6493.706,0.116552,0.865771,83.633,104.364,0.2733,0.54903,0.951811,B,-0.001,-0.009675
11944.186,0.48399,189.79,3.6983,28,0.7836,21.942,1.93065,11.3624,4353.584,7590.602,16101.055,0.026342,0.746476,82.365,103.478,0.36449,1.34802,0.980162,B,0.0,-0.017746
10280.722,0.58153,151.614,2.803,24,0.6212,14.909,1.99679,7.59912,2743.196,7537.526,7689.063,0.153777,0.737204,82.587,101.544,0.26683,0.74791,0.929441,B,0.0,0.013496
11754.707,0.30144,133.841,3.1446,18,0.8598,15.476,2.03449,8.33986,6175.185,5579.522,19418.726,0.03261,0.59896,80.188,99.607,0.52534,1.652,0.943168,B,0.0,0.055598
9436.03,0.55589,193.607,2.5722,15,0.8714,13.071,1.92489,6.16353,2879.504,6556.526,7406.624,0.207097,0.709073,84.882,103.398,0.30516,0.78493,0.886312,B,0.0,0.002516
12846.891,0.76027,210.734,4.0121,21,0.6841,14.366,1.90057,7.38462,2548.203,10298.688,10223.63,0.313792,0.870748,86.85,105.182,0.19835,0.79581,0.918133,B,0.0,-0.061874
10630.955,0.34272,135.086,4.5483,28,0.6885,19.278,2.03166,11.20221,5963.399,4667.556,27123.24,0.012342,0.764825,79.98,100.777,0.56095,2.55135,0.979799,B,0.0,-0.022891
12806.188,0.62799,190.705,3.0548,15,0.7256,10.883,1.92925,5.38799,3567.347,9238.841,10897.391,0.3708,0.727296,86.944,103.392,0.27856,0.85095,0.83552,B,0.0,0.013631
7263.926,0.73458,137.768,1.7675,25,0.7145,17.863,2.02568,8.05303,1530.619,5733.307,2705.302,0.191013,0.8797,82.464,101.696,0.21072,0.37243,0.945208,B,0.0,-0.023534
12296.156,0.20855,196.919,4.0353,25,0.621,15.525,1.92,8.11618,7001.941,5294.215,28255.275,0.022856,0.454143,82.562,101.859,0.56944,2.29789,0.937591,B,0.0,-0.003712
10356.263,0.23146,166.691,3.6953,21,0.668,14.028,1.9686,7.4779,6341.68,4014.583,23434.418,0.027888,0.553027,81.539,101.115,0.61235,2.26283,0.926217,B,0.0,0.031069
11281.834,0.78592,136.09,2.9023,25,0.8001,20.003,2.02941,10.52902,1761.563,9520.272,5112.524,0.131162,0.907077,81.596,101.777,0.15614,0.45316,0.973942,B,-0.001,-0.050914
8155.57,0.52479,191.983,2.4339,29,0.7577,21.972,1.92732,10.21831,2660.656,5494.914,6475.725,0.042512,0.758304,82.654,103.652,0.32624,0.79402,0.973572,B,0.0,0.036507
10292.148,0.22196,181.95,4.3995,24,0.8523,20.454,1.9429,11.06939,5527.31,4764.839,24317.401,0.008659,0.469401,81.856,101.295,0.53704,2.36271,0.979049,B,-0.001,-0.035999
8735.668,0.67398,155.786,1.909,18,0.7292,13.125,1.98868,5.92142,2043.694,6691.973,3901.332,0.348865,0.773265,85.337,102.007,0.23395,0.4466,0.878903,B,0.001,0.023709
7632.883,0.38874,147.226,3.421,29,0.8707,25.25,2.00561,13.59761,3626.295,4006.588,12405.656,0.006516,0.734678,80.454,101.285,0.47509,1.62529,0.992036,B,0.0,0.025941
7019.121,0.69887,217.56,3.5174,25,0.6809,17.023,1.8915,8.44806,1764.71,5254.411,6207.211,0.13158,0.889397,84.656,105.576,0.25141,0.88433,0.952665,B,0.0,-0.004829
12441.04,0.65375,164.045,2.5144,24,0.7597,18.234,1.97333,8.86714,2996.685,9444.355,7534.789,0.130764,0.819691,82.793,102.742,0.24087,0.60564,0.951821,B,0.0,0.018588
11025.426,0.6347,132.493,3.6421,19,0.8871,16.854,2.03758,9.41188,3283.421,7742.005,11958.588,0.081501,0.869316,80.769,101.308,0.2978,1.08464,0.96176,B,0.0,-0.013031
8230.13,0.67865,183.801,3.8129,17,0.8466,14.392,1.93995,7.55562,2477.354,5752.777,9445.779,0.151667,0.905582,83.81,104.258,0.30101,1.14771,0.932729,B,-0.001,0.033574
8546.912,0.75384,185.741,1.2983,25,0.798,19.949,1.9369,7.44989,1551.48,6995.432,2014.275,0.292805,0.85609,85.741,104.02,0.18153,0.23567,0.929492,B,0.0,0.00366
9793.566,0.23132,138.592,3.1913,17,0.7462,12.685,2.02387,6.8092,5920.579,3872.987,18894.085,0.035081,0.531305,80.444,99.446,0.60454,1.92923,0.908318,B,0.0,0.010497
11909.724,0.75276,176.091,2.3172,20,0.6093,12.185,1.95246,5.69513,2303.705,9606.018,5338.111,0.560593,0.798841,88.927,103.195,0.19343,0.44821,0.855948,B,0.001,0.041916
7705.754,0.39054,134.631,1.0115,15,0.6608,9.912,2.03269,3.53579,3354.404,4351.349,3392.877,0.242349,0.504772,82.994,99.033,0.43531,0.4403,0.729866,B,0.001,0.029575
12806.709,0.69276,169.887,1.4538,17,0.888,15.097,1.963,6.03263,3003.046,9803.663,4365.839,0.387785,0.786184,86.413,102.812,0.23449,0.3409,0.86874,B,0.0,-0.043458
12663.465,0.68954,216.032,1.5963,22,0.8305,18.271,1.8935,7.17184,3291.276,9372.189,5253.97,0.232803,0.84993,85.945,105.256,0.2599,0.41489,0.912251,B,0.0,0.042133
8467.961,0.57481,175.785,0.9454,27,0.8362,22.578,1.95297,7.34415,2704.953,5763.008,2557.236,0.131334,0.782962,83.25,103.076,0.31943,0.30199,0.927015,B,0.0,9.5e-05
10844.691,0.71266,175.539,2.9233,27,0.8305,22.423,1.95338,11.18667,2549.653,8295.038,7453.353,0.061955,0.912664,82.325,103.92,0.23511,0.68728,0.979561,B,0.0,0.031175
9160.585,0.64334,136.131,1.7063,21,0.7361,15.459,2.02932,6.89788,2615.462,6545.123,4462.875,0.196445,0.821925,82.459,101.217,0.28551,0.48718,0.912819,B,0.0,-0.0239
11183.94,0.31289,185.649,4.3656,25,0.7268,18.17,1.93705,9.77429,5686.066,5497.875,24822.806,0.020826,0.614943,82.148,102.424,0.50841,2.2195,0.96616,B,-0.001,0.04523
7521.497,0.73314,217.239,2.4059,29,0.771,22.359,1.89192,10.07041,1627.076,5894.42,3914.541,0.092426,0.910002,84.129,105.699,0.21632,0.52045,0.972728,B,0.001,-0.007805
9819.795,0.6803,185.981,2.2219,19,0.7801,14.822,1.93653,6.75527,2564.984,7254.811,5699.174,0.243525,0.834729,85.099,103.89,0.26121,0.58038,0.906497,B,0.0,-0.032321
10530.945,0.65805,167.003,2.1509,15,0.7413,11.12,1.96805,5.13938,2014.101,8516.844,4332.07,0.578502,0.676858,88.819,101.948,0.19126,0.41137,0.831864,B,0.0,0.032904
10758.854,0.36352,184.532,4.5652,29,0.8171,23.695,1.9388,12.86899,4821.151,5937.703,22009.543,0.009179,0.651237,81.955,102.613,0.44811,2.04571,0.988685,B,0.0,-0.046628
11156.773,0.35948,200.051,3.2333,20,0.8955,17.909,1.91546,8.89062,5191.392,5965.38,16785.142,0.035591,0.641343,82.834,103.228,0.46531,1.50448,0.95393,B,0.001,0.01522
12348.288,0.76166,132.295,0.9739,26,0.7801,20.282,2.03804,7.1247,2011.128,10337.161,1958.652,0.413541,0.829387,85.142,101.033,0.16287,0.15862,0.911572,B,-0.001,0.006204
8447.501,0.34089,145.109,3.7208,25,0.8982,22.456,2.00997,12.35616,4363.667,4083.835,16236.425,0.008329,0.696242,80.385,100.912,0.51656,1.92204,0.987378,B,-0.001,-0.013815
7919.166,0.54488,159.344,2.071,27,0.8642,23.334,1.98195,10.76455,2817.644,5101.522,5835.469,0.033178,0.827498,81.316,102.552,0.3558,0.73688,0.978335,B,0.0,0.012125
9343.642,0.58238,165.851,4.0919,24,0.6473,15.534,1.97009,8.4647,3268.467,6075.175,13374.271,0.084348,0.850315,82.251,103.035,0.34981,1.43138,0.949336,B,0.0,0.049143
10412.969,0.5967,203.738,1.2671,17,0.6456,10.975,1.91022,3.97002,3059.145,7353.824,3876.155,0.512416,0.63176,89.248,103.319,0.29378,0.37224,0.747714,B,0.0,0.011908
12763.173,0.63553,149.69,1.152,22,0.7604,16.73,2.00062,6.21038,3773.113,8990.059,4346.731,0.264838,0.791102,83.971,101.794,0.29563,0.34057,0.876806,B,0.001,0.061981
11263.034,0.71822,144.731,3.9502,19,0.7715,14.659,2.01076,8.17085,2198.621,9064.413,8685.079,0.218736,0.83937,83.146,101.835,0.19521,0.77111,0.940549,B,0.0,0.022377
11430.655,0.51227,183.61,3.1041,18,0.8303,14.946,1.94026,7.49278,3565.099,7865.557,11066.47,0.124401,0.688074,83.443,102.814,0.31189,0.96814,0.92426,B,-0.001,-0.005511
12836.302,0.26169,205.504,2.3539,23,0.8156,18.758,1.90775,8.50353,6983.836,5852.466,16439.459,0.02661,0.542223,82.893,102.801,0.54407,1.2807,0.944677,B,0.0,-0.049677
8606.459,0.32483,138.216,2.4877,25,0.7395,18.487,2.0247,9.30185,4107.95,4498.509,10219.549,0.025142,0.598497,80.295,99.867,0.47731,1.18743,0.963056,B,0.0,0.009857
8556.77,0.68345,145.161,4.7256,26,0.8262,21.481,2.00986,12.37637,1789.109,6767.66,8454.557,0.041106,0.85326,80.82,101.951,0.20909,0.98805,0.987424,B,0.001,0.00777
9535.245,0.35346,209.834,1.6359,28,0.8005,22.413,1.90179,8.94113,4548.623,4986.622,7440.925,0.031961,0.646726,83.101,103.667,0.47703,0.78036,0.956866,B,0.0,-0.028942
8772.52,0.44141,145.061,3.317,23,0.8496,19.54,2.01007,10.48238,3619.822,5152.698,12007.092,0.02628,0.73304,80.62,101.152,0.41263,1.36872,0.975433,B,0.0,0.015389
10906.62,0.67137,215.367,3.9935,27,0.7594,20.502,1.89438,10.47567,2725.75,8180.87,10885.349,0.070549,0.871559,83.783,105.372,0.24992,0.99805,0.973738,B,0.0,-0.032344
12710.284,0.26819,131.513,3.5036,28,0.6158,17.243,2.03985,9.56296,6789.22,5921.064,23787.018,0.019104,0.553789,79.898,99.165,0.53415,1.87148,0.96195,B,0.0,0.049696
7921.069,0.57304,169.374,2.8828,22,0.8472,18.638,1.96389,9.33956,2756.848,5164.221,7947.449,0.058741,0.847585,82.05,103.192,0.34804,1.00333,0.964323,B,0.0,0.033115
10107.686,0.60649,143.89,1.2211,20,0.8265,16.531,2.01251,6.35628,2627.866,7479.82,3209.018,0.252987,0.730685,83.56,101.07,0.25999,0.31748,0.891551,B,0.0,0.00227
11065.469,0.30951,139.06,3.3773,22,0.7941,17.471,2.02285,9.4963,5947.716,5117.753,20086.988,0.021404,0.644349,80.285,100.22,0.5375,1.81529,0.96283,B,-0.0,-0.050631
9959.066,0.76087,183.028,3.705,22,0.8965,19.724,1.94118,10.30207,1561.237,8397.829,5784.443,0.131698,0.877837,83.518,104.04,0.15677,0.58082,0.972866,B,0.0,0.017741
12482.463,0.60042,157.867,2.0134,17,0.8102,13.773,1.98472,6.30804,3969.732,8512.731,7992.829,0.223021,0.776408,83.762,102.137,0.31802,0.64032,0.881872,B,0.0,0.034384
11421.388,0.50501,214.299,4.1676,25,0.8574,21.434,1.89579,11.0569,4746.177,6675.211,19779.986,0.026432,0.845292,83.167,105.157,0.41555,1.73184,0.97825,B,0.0,-0.038253
12293.061,0.46176,205.358,3.5757,19,0.6084,11.56,1.90795,5.83575,5045.076,7247.984,18039.806,0.155971,0.674601,84.595,103.669,0.4104,1.46748,0.861375,B,0.001,0.061044
7670.59,0.28894,217.023,1.9517,21,0.6138,12.889,1.8922,5.4352,4473.295,3197.295,8730.338,0.068767,0.596987,83.81,103.625,0.58317,1.13816,0.861206,B,0.0,-0.018353
8174.581,0.53491,159.109,3.5589,19,0.8238,15.652,1.98239,8.36156,2468.652,5705.929,8785.653,0.089711,0.727529,82.053,101.88,0.30199,1.07475,0.949352,B,0.0,-0.028936
7394.225,0.74561,180.411,2.0235,28,0.7018,19.651,1.94538,8.7517,1153.897,6240.329,2334.87,0.205874,0.845414,84.403,103.705,0.15605,0.31577,0.956911,B,-0.001,-0.01079
11975.917,0.77224,204.027,2.6604,20,0.7696,15.391,1.90981,7.23757,2078.508,9897.409,5529.673,0.374271,0.855817,87.434,104.81,0.17356,0.46173,0.915884,B,0.0,-0.014002
12776.912,0.27272,146.174,4.4086,16,0.7881,12.61,2.00777,7.1645,6509.922,6266.99,28699.778,0.047238,0.506937,80.946,99.723,0.50951,2.24622,0.911748,B,0.0,0.034636
7083.946,0.62617,207.2,3.5376,24,0.6783,16.278,1.9054,8.18175,2025.752,5058.194,7166.221,0.114018,0.831284,84.101,104.778,0.28596,1.01161,0.94793,B,0.0,-0.013466
11735.522,0.31552,213.293,3.9562,15,0.8675,13.012,1.89713,6.6511,5376.465,6359.057,21270.452,0.070647,0.522561,83.72,102.987,0.45814,1.81248,0.897422,B,0.0,-0.034406
11366.987,0.59851,188.75,1.2029,23,0.6695,15.4,1.93224,5.53879,3068.361,8298.626,3690.878,0.332164,0.69699,86.366,103.105,0.26994,0.3247,0.85019,B,-0.0,-0.00301
12449.121,0.73831,185.611,1.9027,29,0.8377,24.294,1.93711,10.52917,2702.821,9746.3,5142.587,0.091599,0.91766,83.081,104.42,0.21711,0.41309,0.973064,B,0.0,-0.054833
8622.313,0.53018,149.807,4.2765,21,0.717,15.058,2.00039,8.46151,3387.614,5234.699,14487.093,0.066934,0.829968,81.364,102.057,0.39289,1.68019,0.950399,B,0.0,-0.001309
11288.663,0.66804,160.839,2.543,25,0.6416,16.039,1.97918,7.8591,2868.556,8420.107,7294.81,0.17444,0.836198,83.241,102.687,0.25411,0.64621,0.933646,B,0.0,0.010889
8424.537,0.35458,131.494,1.9953,27,0.8663,23.389,2.03989,11.10717,4484.409,3940.129,8947.656,0.013008,0.743326,79.817,100.415,0.5323,1.06209,0.980472,B,-0.001,0.038808
7456.199,0.38629,203.613,4.2602,19,0.6563,12.47,1.91039,6.5375,3209.526,4246.673,13673.206,0.084101,0.614684,83.59,103.201,0.43045,1.8338,0.906286,B,0.0,-0.031181
11471.224,0.40689,212.863,1.1335,29,0.7961,23.086,1.8977,7.85782,4834.271,6636.953,5479.596,0.064432,0.656333,83.624,103.852,0.42143,0.47768,0.933266,B,0.0,-0.006689
7253.278,0.79099,197.332,3.8307,16,0.8501,13.601,1.91939,7.03236,1192.546,6060.732,4568.304,0.376653,0.872516,87.246,104.638,0.16441,0.62983,0.921709,B,0.0,0.008695
11197.567,0.73776,213.808,1.0192,14,0.6323,8.852,1.89644,2.85942,2609.948,8587.619,2660.045,0.95,0.673259,95.343,104.002,0.23308,0.23756,0.699866,B,-0.0,-0.02535
8700.775,0.64674,152.885,2.3478,23,0.7224,16.616,1.99429,8.04375,2201.577,6499.198,5168.889,0.1471,0.815993,82.553,102.133,0.25303,0.59407,0.942448,B,-0.0,-0.012827
9924.54,0.56457,134.175,4.383,22,0.8472,18.639,2.03373,10.77316,3290.313,6634.227,14421.605,0.039143,0.825158,80.29,101.12,0.33153,1.45313,0.977014,B,0.0,0.019343
12349.199,0.70958,172.17,1.5807,18,0.7265,13.078,1.95907,5.3867,3236.269,9112.93,5115.713,0.439921,0.805338,87.188,103.05,0.26206,0.41425,0.837527,B,0.0,0.053111
8460.447,0.21641,189.732,4.5566,29,0.7357,21.337,1.93073,11.51104,5062.964,3397.483,23069.739,0.006138,0.529768,82.097,102.045,0.59843,2.72678,0.983027,B,0.0,-0.028912
9809.946,0.25949,161.578,3.9534,23,0.8868,20.396,1.97782,11.10154,5838.668,3971.278,23082.725,0.008903,0.627921,81.086,101.35,0.59518,2.35299,0.97958,B,0.0,-0.047627
9130.297,0.46491,187.529,2.6472,18,0.7809,14.056,1.93412,6.7296,3672.948,5457.348,9722.966,0.106767,0.705948,83.348,103.109,0.40228,1.06491,0.907616,B,0.001,0.012833
8142.285,0.79218,140.949,3.4554,22,0.6227,13.7,2.01876,7.46379,1555.179,6587.106,5373.82,0.28732,0.911374,83.881,102.093,0.191,0.65999,0.930725,B,0.0,0.004157
9841.909,0.64441,138.989,4.6007,15,0.6007,9.01,2.023,5.21488,2578.81,7263.098,11864.244,0.39453,0.733132,85.207,100.801,0.26202,1.20548,0.83958,B,0.001,-0.002894
8089.782,0.38391,194.726,2.8189,14,0.6882,9.635,1.92323,4.65131,4301.376,3788.406,12125.008,0.133635,0.668082,83.95,103.176,0.5317,1.49881,0.814921,B,0.0,-0.032031
11794.045,0.69633,147.305,4.7984,29,0.81,23.49,2.00545,13.52669,3087.189,8706.856,14813.506,0.024637,0.934491,80.697,102.608,0.26176,1.25602,0.990739,B,0.0,0.009709
10688.93,0.20004,172.889,1.0853,20,0.6323,12.646,1.95785,4.4217,6711.275,3977.655,7283.562,0.069185,0.420817,82.321,100.547,0.62787,0.68141,0.782843,B,0.0,0.029152
8698.785,0.2191,177.116,3.081,21,0.6088,12.785,1.95077,6.44969,4835.831,3862.954,14899.227,0.039625,0.443779,82.089,100.9,0.55592,1.71279,0.899461,B,0.0,-0.013873
12838.63,0.37107,194.195,2.5667,21,0.8312,17.456,1.92401,8.22054,6485.439,6353.191,16646.353,0.044872,0.704048,82.761,103.391,0.50515,1.29658,0.938913,B,-0.0,0.064398
9071.661,0.65865,200.457,2.4472,24,0.7668,18.404,1.91487,8.48788,2558.785,6512.876,6261.822,0.116374,0.8717,83.913,104.765,0.28206,0.69026,0.950163,B,0.0,-0.000537
11027.54,0.40703,217.384,2.7071,20,0.6219,12.438,1.89173,5.79024,5174.545,5852.995,14007.923,0.117839,0.662709,84.469,104.073,0.46924,1.27027,0.864153,B,0.0,-0.056066
11399.342,0.22339,194.317,3.0375,22,0.7626,16.777,1.92383,8.25888,7132.689,4266.654,21665.77,0.020662,0.56229,82.445,102.461,0.62571,1.90062,0.942126,B,-0.001,0.026512
8591.358,0.49438,131.062,1.2751,15,0.7892,11.837,2.0409,4.73289,3597.621,4993.738,4587.341,0.215745,0.695115,82.472,100.07,0.41875,0.53395,0.81726,B,-0.001,0.004636
7070.583,0.48532,185.827,3.0361,25,0.6623,16.557,1.93677,8.23302,2337.475,4733.108,7096.808,0.075049,0.687933,82.87,102.914,0.33059,1.00371,0.948878,B,-0.0,0.008995
12355.695,0.26207,203.605,2.8969,26,0.7452,19.375,1.91041,9.32357,6484.335,5871.36,18784.643,0.020458,0.528911,82.75,102.634,0.52481,1.52032,0.959032,B,0.0,-0.026426
12738.499,0.67435,136.685,4.0324,16,0.6262,10.02,2.02808,5.67688,3432.33,9306.169,13840.37,0.371366,0.786099,84.794,101.014,0.26945,1.0865,0.851616,B,0.0,-0.014007
8021.369,0.55371,183.372,3.637,28,0.8407,23.539,1.94063,12.2413,2828.255,5193.114,10286.477,0.020358,0.844189,82.061,103.834,0.35259,1.28238,0.987037,B,0.0,-0.035101
7921.631,0.40418,150.872,3.5052,21,0.6028,12.658,1.99826,6.81804,3710.5,4211.131,13006.165,0.074411,0.694753,81.508,101.223,0.4684,1.64185,0.913766,B,0.0,-0.033094
9596.005,0.74459,167.952,1.5909,25,0.6697,16.743,1.96637,6.95176,1895.188,7700.817,3014.996,0.326865,0.847389,85.534,103.12,0.1975,0.31419,0.913301,B,-0.0,0.031121
10585.417,0.66436,156.291,1.1872,19,0.7933,15.072,1.98771,5.62009,2542.41,8043.007,3018.236,0.393688,0.749913,85.95,101.879,0.24018,0.28513,0.857672,B,0.0,0.055822
12933.896,0.29001,186.594,2.3623,28,0.759,21.253,1.93557,9.86113,6580.616,6353.28,15545.325,0.019661,0.570042,82.166,102.17,0.50879,1.20191,0.965508,B,0.0,-0.05875
12780.977,0.58274,168.029,3.8744,19,0.7033,13.363,1.96624,7.18138,3752.5,9028.477,14538.772,0.174152,0.752564,83.521,102.498,0.2936,1.13753,0.912258,B,0.0,-0.025608
12927.117,0.21861,136.672,0.9681,19,0.8123,15.434,2.02811,5.3681,7525.923,5401.194,7285.582,0.062401,0.43626,80.715,98.704,0.58218,0.56359,0.833817,B,0.0,0.047032
8473.416,0.51695,170.594,2.4969,15,0.6464,9.695,1.96177,4.66491,3245.168,5228.248,8102.919,0.251668,0.681606,84.643,102.156,0.38298,0.95628,0.813551,B,0.0,0.022255
10593.299,0.76115,131.895,3.1353,15,0.6176,9.264,2.03896,5.00403,1944.694,8648.605,6097.286,0.732296,0.767644,89.331,100.6,0.18358,0.57558,0.823382,B,0.0,-0.05184
9615.215,0.42192,208.289,2.1494,16,0.7554,12.086,1.9039,5.31126,4335.567,5279.648,9318.862,0.144137,0.650035,84.533,103.626,0.45091,0.96918,0.845961,B,0.0,-0.020096
8388.414,0.70719,186.78,4.1819,19,0.6049,11.493,1.93528,6.12383,2133.574,6254.84,8922.448,0.310275,0.842583,86.009,103.978,0.25435,1.06366,0.888407,B,0.0,-0.014028
7392.264,0.56192,143.384,2.7443,16,0.8169,13.07,2.01358,6.70497,3032.084,4360.18,8321.05,0.120825,0.868658,81.793,101.952,0.41017,1.12564,0.911805,B,0.0,0.004199
8012.37,0.31603,153.857,2.1035,23,0.891,20.493,1.9924,9.57468,4146.525,3865.845,8722.224,0.020124,0.633415,80.918,100.981,0.51752,1.08859,0.967045,B,0.0,0.020411
9150.71,0.70502,192.835,1.9811,14,0.6106,8.549,1.92604,3.72392,2080.731,7069.979,4122.206,0.820697,0.670972,92.955,103.113,0.22738,0.45048,0.735306,B,-0.0,0.025925
7528.13,0.41995,207.074,3.6409,23,0.7839,18.03,1.90557,9.12064,3151.675,4376.456,11474.921,0.038152,0.694904,83.095,103.873,0.41865,1.52427,0.961966,B,-0.001,-0.021291
7904.434,0.47393,145.944,3.4411,26,0.748,19.448,2.00824,10.50694,3156.639,4747.795,10862.259,0.028124,0.770332,80.683,101.448,0.39935,1.3742,0.976302,B,0.0,-0.007328
7267.909,0.67468,136.076,2.6443,17,0.6518,11.08,2.02944,5.69022,1773.139,5494.77,4688.733,0.346492,0.780581,84.437,100.941,0.24397,0.64513,0.874706,B,-0.0,0.021304
10737.438,0.28697,180.044,3.5644,19,0.8794,16.708,1.94597,8.68644,5579.824,5157.614,19888.961,0.026993,0.568236,82.029,101.859,0.51966,1.8523,0.951119,B,0.0,-0.035555
9956.299,0.30692,143.516,3.0575,23,0.6768,15.565,2.0133,8.20778,5136.854,4819.445,15705.754,0.033593,0.598242,80.648,100.174,0.51594,1.57747,0.943529,B,0.0,0.030537
8461.318,0.20346,214.477,1.9687,27,0.6053,16.344,1.89556,6.93145,5248.304,3213.014,10332.306,0.027656,0.490641,83.189,102.823,0.62027,1.22112,0.915691,B,0.0,-0.043737
10158.092,0.27803,185.874,3.5539,26,0.6696,17.409,1.93669,8.98035,5550.829,4607.263,19727.134,0.022058,0.586427,82.172,102.246,0.54644,1.94201,0.956647,B,0.0,-0.009287
9546.681,0.78707,214.84,4.1873,15,0.7637,11.455,1.89507,5.9111,1418.114,8128.567,5938.086,0.660238,0.809194,91.55,104.94,0.14855,0.62201,0.875392,B,0.0,0.025819
10954.919,0.37681,179.479,1.6041,20,0.6536,13.072,1.94689,5.36452,5674.832,5280.087,9102.739,0.11445,0.658774,83.163,102.43,0.51802,0.83093,0.842658,B,-0.0,0.054473
12596.003,0.21134,150.738,1.9208,29,0.7609,22.065,1.99853,10.04711,8086.708,4509.295,15532.741,0.010539,0.571432,80.659,100.402,0.64201,1.23315,0.967983,B,0.0,0.057998
9119.753,0.56265,130.256,3.1979,18,0.8058,14.504,2.04279,7.89247,2789.403,6330.349,8920.31,0.113085,0.760742,81.077,100.453,0.30586,0.97813,0.938525,B,0.001,0.027028
10870.909,0.37845,167.616,1.5556,25,0.6867,17.166,1.96696,7.06877,5028.567,5842.343,7822.41,0.070722,0.643315,82.14,101.757,0.46257,0.71957,0.913558,B,-0.001,-0.001691
8313.5,0.79213,176.87,1.9398,19,0.7276,13.824,1.95117,6.09707,703.131,7610.369,1363.92,0.95,0.777549,94.096,103.091,0.08458,0.16406,0.898568,B,0.0,-0.036501
12639.396,0.69138,160.237,3.9377,14,0.7549,10.569,1.98029,5.75891,2855.863,9783.534,11245.578,0.439972,0.764761,86.722,102.184,0.22595,0.88972,0.856212,B,-0.001,0.060605
10706.155,0.58426,167.542,3.0772,22,0.6055,13.322,1.96709,6.80236,3049.102,7657.053,9382.728,0.19373,0.739779,83.761,102.39,0.2848,0.87639,0.905567,B,0.0,-0.051421
7952.485,0.66183,188.581,1.7129,17,0.8282,14.08,1.9325,5.85691,2127.503,5824.981,3644.176,0.298938,0.794374,85.922,103.74,0.26753,0.45824,0.879163,B,0.001,-0.011801
8542.306,0.77956,170.624,1.1143,21,0.7497,15.743,1.96172,5.59079,1683.523,6858.783,1875.998,0.534524,0.839704,88.378,103.201,0.19708,0.21961,0.864867,B,0.0,0.009097
7954.908,0.29509,140.444,3.5338,16,0.7864,12.582,2.01984,6.8945,4315.391,3639.518,15249.901,0.045718,0.590772,80.669,99.947,0.54248,1.91704,0.915954,B,-0.001,-0.002572
8074.804,0.56785,148.252,1.253,19,0.8166,15.515,2.00352,5.99628,2559.949,5514.855,3207.641,0.206942,0.735386,83.145,101.347,0.31703,0.39724,0.884466,B,0.0,-0.030674
8840.793,0.59224,137.373,4.7151,26,0.614,15.963,2.02656,9.30254,2830.759,6010.034,13347.266,0.068818,0.838782,80.833,101.403,0.32019,1.50974,0.962794,B,0.0,-0.044265
11938.423,0.63894,130.406,2.725,21,0.6943,14.581,2.04244,7.61737,2850.137,9088.285,7766.592,0.196893,0.777575,82.191,100.573,0.23874,0.65055,0.926433,B,0.001,-0.059242
9742.353,0.57872,195.19,3.8623,26,0.7187,18.685,1.92254,9.70163,3021.977,6720.375,11671.829,0.062057,0.81105,83.021,104.14,0.31019,1.19805,0.966738,B,0.001,-0.000442
8663.02,0.73665,151.337,4.1602,16,0.784,12.544,1.99734,6.99615,1578.432,7084.588,6566.546,0.335344,0.826061,84.972,102.116,0.1822,0.758,0.917056,B,0.0,-0.005865
9514.455,0.42204,196.172,2.7034,23,0.7914,18.202,1.92109,8.67497,4125.974,5388.481,11154.327,0.046048,0.709933,82.843,103.515,0.43365,1.17236,0.952684,B,0.0,0.027256
8604.389,0.24485,138.018,2.849,24,0.6334,15.201,2.02513,7.93952,5007.06,3597.329,14265.017,0.02504,0.550811,80.285,99.541,0.58192,1.65788,0.940489,B,-0.0,-0.04052
11402.094,0.37684,158.236,4.2231,21,0.6933,14.559,1.98403,8.06489,5021.971,6380.123,21208.485,0.052999,0.631735,81.533,101.202,0.44044,1.86005,0.938055,B,0.0,0.058659
7352.687,0.73592,186.342,3.4091,16,0.6126,9.801,1.93596,5.00608,1647.148,5705.539,5615.304,0.524404,0.796982,88.82,103.657,0.22402,0.76371,0.840367,B,0.0,0.006534
8735.371,0.48656,206.156,0.9389,29,0.7033,20.395,1.90684,6.37456,2711.963,6023.409,2546.218,0.161952,0.632713,84.7,103.425,0.31046,0.29148,0.896664,B,-0.001,-0.014897
8939.477,0.24348,169.429,4.2673,20,0.7041,14.083,1.96379,7.69991,5410.594,3528.882,23088.865,0.026308,0.576466,81.624,101.405,0.60525,2.5828,0.934605,B,0.001,-0.038538
8089.117,0.5631,195.506,2.8777,28,0.7654,21.432,1.92207,10.39237,2687.46,5401.657,7733.608,0.042056,0.822327,82.768,104.228,0.33223,0.95605,0.975186,B,0.0,0.029569
11428.935,0.38581,218.909,3.2526,28,0.7707,21.58,1.88975,10.50459,5072.91,6356.025,16500.116,0.022942,0.675425,83.262,104.216,0.44387,1.44371,0.973606,B,0.0,-0.003474
8081.484,0.25478,194.99,4.5068,16,0.6346,10.153,1.92283,5.43278,4289.076,3792.408,19330.017,0.06757,0.466516,83.087,101.858,0.53073,2.39189,0.859248,B,0.0,-0.031382
8802.888,0.73646,194.75,1.4058,28,0.7011,19.631,1.92319,7.50202,1778.126,7024.762,2499.677,0.254446,0.858466,85.546,104.434,0.20199,0.28396,0.930211,B,0.0,0.018513
7338.859,0.55518,218.931,3.2501,15,0.747,11.204,1.88972,5.45296,2740.48,4598.38,8906.712,0.20288,0.765147,85.638,104.809,0.37342,1.21364,0.863542,B,-0.001,-0.037505
11533.514,0.46836,190.023,4.1128,17,0.6916,11.757,1.93029,6.22008,4514.616,7018.897,18567.593,0.141901,0.678347,83.899,103.038,0.39143,1.60988,0.881406,B,0.001,-0.039631
9183.178,0.55733,143.534,4.1062,17,0.796,13.532,2.01326,7.61463,2989.444,6193.734,12275.376,0.116224,0.770238,81.739,101.311,0.32553,1.33672,0.932114,B,0.0,-0.033833
10935.57,0.64189,209.388,2.0446,26,0.8204,21.33,1.9024,9.21205,3208.153,7727.417,6559.329,0.089497,0.871219,83.846,105.131,0.29337,0.59982,0.959096,B,0.0,0.040447
8303.417,0.38114,177.233,1.6315,16,0.6218,9.948,1.95057,4.12094,3588.551,4714.866,5854.845,0.197853,0.520645,84.181,101.413,0.43218,0.70511,0.775654,B,0.0,-0.012634
7130.801,0.77992,203.798,4.2088,29,0.7538,21.859,1.91013,11.43086,1131.467,5999.334,4762.145,0.082211,0.911509,83.571,105.168,0.15867,0.66783,0.983274,B,0.0,-0.011653
8934.509,0.61967,162.513,4.1833,24,0.6966,16.717,1.97611,9.18995,2766.335,6168.174,11572.446,0.077681,0.86274,82.031,102.948,0.30962,1.29525,0.961186,B,0.0,0.025086
11674.383,0.74112,155.798,3.8449,18,0.7908,14.234,1.98866,7.76552,2446.882,9227.501,9407.991,0.24514,0.872644,83.969,102.663,0.20959,0.80587,0.930673,B,0.0,-0.033307
12024.675,0.27784,210.705,4.1715,29,0.6994,20.282,1.90061,10.5059,6843.21,5181.465,28546.188,0.0131,0.627474,82.879,103.575,0.5691,2.37397,0.973166,B,0.0,0.055082
9093.039,0.416,163.116,3.8679,29,0.6669,19.34,1.97501,10.45827,4480.897,4612.142,17331.492,0.021124,0.79964,81.309,102.562,0.49278,1.90602,0.974978,B,0.0,-0.003473
12081.645,0.72269,149.583,2.1429,26,0.7573,19.69,2.00084,9.31133,1239.0,10842.645,2655.072,0.287717,0.772395,84.268,101.665,0.10255,0.21976,0.959172,B,0.0,-0.002123
7302.094,0.78953,161.314,1.0975,20,0.8457,16.915,1.9783,6.03825,1316.325,5985.769,1444.677,0.486366,0.856193,87.378,102.843,0.18027,0.19784,0.888952,B,0.0,0.033033
10132.687,0.78977,192.839,2.0228,18,0.6791,12.225,1.92604,5.362,1531.53,8601.157,3097.974,0.803126,0.787391,92.724,103.882,0.15115,0.30574,0.846296,B,0.0,0.007038
8544.534,0.77389,204.314,1.3813,25,0.8894,22.236,1.90941,8.34243,2065.261,6479.274,2852.787,0.165169,0.967919,84.683,105.561,0.24171,0.33387,0.948414,B,-0.001,-8.8e-05
9634.466,0.20861,197.653,3.1854,24,0.656,15.745,1.91893,7.81025,5376.514,4257.952,17126.428,0.024027,0.441685,82.602,101.808,0.55805,1.77762,0.935727,B,0.0,-0.009079
8329.851,0.34408,210.917,1.1201,14,0.8439,11.814,1.90032,4.00731,4137.351,4192.5,4634.115,0.161857,0.523914,84.85,102.9,0.49669,0.55633,0.766357,B,0.0,-0.033534
12361.4,0.42176,155.219,2.2001,21,0.615,12.916,1.98977,6.1094,5002.128,7359.272,11005.075,0.13154,0.619027,82.445,100.959,0.40466,0.89028,0.873795,B,0.0,-0.023921
8813.048,0.34295,145.8,2.2992,29,0.6299,18.267,2.00854,8.87803,4301.919,4511.129,9890.812,0.030302,0.641107,80.706,100.587,0.48813,1.12229,0.956871,B,0.0,-0.038318
12671.752,0.77265,138.254,4.3602,14,0.6815,9.541,2.02461,5.47472,2547.62,10124.131,11108.22,0.61094,0.813348,88.029,101.287,0.20105,0.87661,0.841031,B,0.001,-0.055481
7654.541,0.31839,186.665,4.0825,19,0.8315,15.798,1.93546,8.37942,3792.781,3861.76,15484.084,0.031808,0.599853,82.329,102.37,0.49549,2.02286,0.950499,B,0.0,0.00021
9578.986,0.75165,184.576,1.9938,27,0.6693,18.071,1.93873,7.96753,1302.602,8276.384,2597.185,0.33567,0.817117,86.266,103.71,0.13599,0.27113,0.939272,B,0.0,0.026349
9660.67,0.72286,209.271,2.79,14,0.6729,9.42,1.90256,4.46043,2264.361,7396.308,6317.534,0.640727,0.748007,91.119,104.313,0.23439,0.65394,0.792243,B,0.001,-0.015472
11256.609,0.39765,218.919,1.0384,27,0.7173,19.368,1.88974,6.27962,5259.192,5997.416,5461.385,0.09807,0.660352,84.255,104.117,0.46721,0.48517,0.884774,B,0.001,0.015959
9070.134,0.66482,214.368,1.6126,17,0.8594,14.61,1.8957,5.76786,2301.794,6768.34,3711.871,0.338247,0.775888,87.286,104.701,0.25378,0.40924,0.870884,B,0.0,-0.042215
9954.97,0.54034,176.727,4.6543,21,0.8943,18.781,1.95141,10.33523,3224.086,6730.883,15005.915,0.044744,0.777737,82.142,103.086,0.32387,1.50738,0.973182,B,0.001,-0.046766
7422.694,0.70768,199.095,2.9205,22,0.6522,14.348,1.91683,6.95476,1550.219,5872.476,4527.395,0.274101,0.822135,85.951,104.38,0.20885,0.60994,0.919108,B,-0.001,0.007456
8866.189,0.63187,149.191,3.0009,27,0.6638,17.923,2.00162,9.32919,2383.268,6482.921,7152.026,0.086716,0.832287,81.598,102.039,0.2688,0.80666,0.96311,B,0.0,-0.039495
11349.906,0.59118,170.476,4.6235,24,0.749,17.976,1.96198,9.96063,3816.544,7533.362,17645.624,0.056007,0.862316,82.056,103.343,0.33626,1.55469,0.968144,B,0.0,-0.054337
7635.468,0.43871,135.688,2.3823,25,0.7861,19.652,2.03031,9.80258,3047.29,4588.178,7259.448,0.033046,0.708136,80.281,100.439,0.3991,0.95075,0.969938,B,0.0,0.001405
9775.214,0.32731,158.403,2.6427,20,0.8045,16.09,1.98371,7.9955,4660.089,5115.125,12314.993,0.041534,0.587655,81.388,100.92,0.47672,1.25982,0.939505,B,0.0,0.044376
8420.362,0.36595,143.719,2.8385,29,0.6242,18.1,2.01287,9.36368,3812.217,4608.145,10821.161,0.029053,0.644666,80.597,100.492,0.45274,1.28512,0.964058,B,-0.0,-0.039271
7992.907,0.3429,130.51,1.762,29,0.675,19.574,2.0422,8.91619,3596.138,4396.769,6336.377,0.031606,0.597507,80.014,99.391,0.44992,0.79275,0.958529,B,0.0,0.008018
7727.893,0.5861,214.338,3.8019,18,0.6348,11.426,1.89574,5.78619,2463.276,5264.618,9365.158,0.226123,0.754537,85.805,104.559,0.31875,1.21186,0.877024,B,-0.001,-0.034344
11883.196,0.30137,177.949,3.5147,20,0.8948,17.896,1.94939,9.29986,5788.811,6094.384,20345.775,0.025218,0.563674,81.929,101.731,0.48714,1.71215,0.959238,B,0.001,0.010736
11119.942,0.43805,211.728,2.2301,19,0.8577,16.296,1.89923,7.2169,4610.967,6508.975,10282.948,0.087336,0.686497,83.891,104.006,0.41466,0.92473,0.917328,B,0.0,-0.004631
9276.737,0.60535,159.029,1.3199,21,0.8664,18.194,1.98254,7.08424,2790.418,6486.318,3683.107,0.164959,0.794801,83.043,102.32,0.3008,0.39703,0.918032,B,0.001,0.036147
9349.846,0.6246,207.313,4.1953,22,0.8245,18.138,1.90524,9.44152,2448.54,6901.306,10272.464,0.085863,0.81574,83.733,104.68,0.26188,1.09868,0.964,B,0.0,0.003465
11370.745,0.5266,151.25,3.2134,24,0.6181,14.835,1.99751,7.82835,3793.278,7577.466,12189.227,0.106127,0.737093,81.943,101.524,0.3336,1.07198,0.932769,B,0.001,-0.032044
10623.737,0.4114,166.836,2.3,14,0.8581,12.013,1.96834,5.6701,4743.077,5880.66,10909.29,0.129022,0.63916,82.879,101.691,0.44646,1.02688,0.859984,B,-0.0,-0.038524
12496.092,0.28593,188.933,0.9313,16,0.7328,11.725,1.93196,3.72338,7042.103,5453.988,6557.991,0.148159,0.463816,83.944,101.574,0.56354,0.5248,0.707991,B,0.001,0.009749
12516.482,0.58988,151.668,3.4194,23,0.8526,19.609,1.99668,10.49149,4108.148,8408.334,14047.531,0.049144,0.854074,81.208,102.318,0.32822,1.12232,0.972655,B,0.0,-0.007876
9893.048,0.32267,169.745,4.6613,27,0.6817,18.407,1.96324,10.22393,4505.654,5387.394,21002.037,0.019718,0.576031,81.549,101.418,0.45544,2.12291,0.972169,B,0.0,0.041359
10954.812,0.44303,163.698,3.9796,19,0.7491,14.234,1.97396,7.73563,4967.083,5987.729,19767.224,0.067044,0.754923,81.938,102.297,0.45342,1.80443,0.931384,B,0.0,0.022908
10268.006,0.70006,164.935,1.4175,23,0.7313,16.82,1.97173,6.69581,2168.138,8099.869,3073.307,0.320794,0.801574,85.336,102.667,0.21115,0.29931,0.90324,B,-0.001,0.050225
8861.713,0.67335,215.235,2.4531,22,0.8176,17.987,1.89455,8.16509,2328.0,6533.713,5710.745,0.142092,0.862646,84.723,105.308,0.2627,0.64443,0.944564,B,0.0,-0.037112
9721.081,0.3189,153.705,2.5679,28,0.8504,23.811,1.99269,11.81616,4646.401,5074.679,11931.56,0.01058,0.601191,80.785,100.76,0.47797,1.22739,0.984142,B,0.001,0.042466
11327.055,0.7614,200.434,3.295,21,0.6895,14.479,1.91491,7.21649,2327.937,8999.118,7670.572,0.308166,0.878644,86.444,104.81,0.20552,0.67719,0.916819,B,0.0,0.007607
10316.093,0.67224,207.212,2.3572,21,0.6882,14.452,1.90538,6.54156,2316.384,7999.709,5460.086,0.306189,0.778231,86.638,104.429,0.22454,0.52928,0.897727,B,0.0,0.017523
10794.438,0.21283,165.117,3.1818,19,0.6708,12.744,1.9714,6.5816,6044.588,4749.85,19232.843,0.038875,0.434195,81.622,100.252,0.55997,1.78174,0.897716,B,0.0,0.03576
9922.44,0.631,185.385,1.4172,22,0.6844,15.057,1.93746,5.83844,3152.13,6770.31,4467.317,0.256786,0.805228,85.253,103.668,0.31768,0.45022,0.870721,B,0.0,-0.006395
12717.866,0.6725,182.243,3.0113,23,0.7923,18.224,1.94243,9.08318,2893.737,9824.129,8713.908,0.13305,0.831395,83.508,103.697,0.22753,0.68517,0.954984,B,-0.0,0.021447
11658.769,0.45929,190.719,2.5531,28,0.7669,21.473,1.92923,10.13909,4939.866,6718.903,12612.167,0.03273,0.77291,82.482,103.693,0.4237,1.08178,0.969806,B,0.0,-0.033118
7784.71,0.69399,132.251,2.3928,19,0.8194,15.568,2.03814,7.81798,1785.61,5999.1,4272.661,0.183057,0.846069,82.098,101.14,0.22937,0.54885,0.939497,B,0.0,-0.010055
11884.657,0.2811,158.429,2.7502,27,0.706,19.063,1.98367,9.5754,6460.387,5424.27,17767.53,0.019142,0.593088,81.094,100.957,0.54359,1.495,0.962983,B,0.0,0.042909
12505.465,0.41464,203.313,2.3236,29,0.6154,17.846,1.91082,8.07877,5097.421,7408.044,11844.306,0.064699,0.655432,83.325,103.457,0.40762,0.94713,0.936397,B,0.0,-0.001129
11899.949,0.42647,152.965,3.5551,26,0.8583,22.316,1.99414,12.02105,4711.41,7188.539,16749.367,0.016948,0.694866,80.838,101.338,0.39592,1.40752,0.984266,B,0.0,0.050933
9058.649,0.61578,185.202,2.0962,21,0.7612,15.984,1.93775,7.15879,2785.562,6273.088,5839.01,0.158847,0.818683,83.954,103.749,0.3075,0.64458,0.920677,B,-0.001,-0.013789
9207.454,0.41624,212.533,4.425,21,0.7547,15.848,1.89815,8.28468,4033.218,5174.236,17847.18,0.051061,0.700893,83.438,104.133,0.43804,1.93834,0.946266,B,0.0,-0.015284
8459.286,0.39174,173.653,4.2003,21,0.7732,16.238,1.95655,8.80278,4264.421,4194.865,17911.702,0.03403,0.755373,81.886,102.792,0.50411,2.1174,0.956208,B,0.0,0.034691
7334.228,0.74288,209.071,1.2971,19,0.7841,14.898,1.90283,5.41203,1360.4,5973.828,1764.624,0.554321,0.785819,89.972,104.554,0.18549,0.2406,0.861594,B,-0.0,0.005463
9832.368,0.75129,140.467,3.1956,28,0.626,17.527,2.0198,9.38459,1576.536,8255.832,5037.945,0.174616,0.861409,82.372,101.735,0.16034,0.51238,0.962733,B,0.0,0.023357
12102.881,0.78776,179.149,4.5526,25,0.6362,15.905,1.94743,8.69143,2490.141,9612.74,11336.598,0.194315,0.941494,84.205,104.281,0.20575,0.93669,0.949249,B,0.0,-0.043245
11612.87,0.799,218.688,2.7182,16,0.8875,14.2,1.89004,6.60866,1887.896,9724.974,5131.705,0.509911,0.855122,89.684,105.394,0.16257,0.4419,0.896251,B,0.0,-0.015024
10973.193,0.58766,167.488,1.2397,14,0.6631,9.283,1.96719,3.47644,3825.567,7147.627,4742.38,0.513843,0.627165,87.984,101.644,0.34863,0.43218,0.695162,B,-0.001,0.024287
12083.144,0.71964,197.049,3.0088,14,0.7048,9.867,1.91981,4.83012,2600.263,9482.881,7823.634,0.655258,0.737297,90.914,103.733,0.2152,0.64748,0.804056,B,0.0,-0.029097
10954.683,0.73051,136.117,3.9492,20,0.7507,15.014,2.02935,8.47862,2717.122,8237.561,10730.515,0.155814,0.920075,81.922,101.864,0.24803,0.97954,0.947096,B,0.0,-0.034106
8340.0,0.58431,137.331,4.4156,25,0.7944,19.86,2.02665,11.43806,2395.175,5944.825,10576.083,0.035291,0.805511,80.388,101.181,0.28719,1.26812,0.982654,B,0.0,-0.004651
11818.93,0.50437,212.148,4.3024,19,0.7297,13.864,1.89866,7.21232,4176.242,7642.689,17967.936,0.120592,0.714073,84.344,104.205,0.35335,1.52027,0.915515,B,-0.001,0.054487
9205.12,0.42194,139.568,2.8374,17,0.8365,14.221,2.02174,7.40229,4079.477,5125.643,11574.912,0.069666,0.702309,80.945,100.632,0.44317,1.25744,0.926828,B,0.0,0.022278
12340.372,0.21548,142.06,2.4213,20,0.7269,14.539,2.01638,7.21598,7264.556,5075.816,17589.678,0.031344,0.479023,80.553,99.304,0.58868,1.42538,0.914371,B,0.0,-0.029492
8958.895,0.69658,147.321,2.4737,17,0.6517,11.079,2.00541,5.49022,1841.669,7117.226,4555.725,0.480509,0.752488,86.715,101.408,0.20557,0.50851,0.858196,B,0.0,0.021391
7551.412,0.51168,138.119,3.6932,20,0.6248,12.496,2.02491,6.93754,2531.89,5019.522,9350.701,0.124716,0.706871,81.605,100.577,0.33529,1.23827,0.918278,B,0.0,-0.015237
11379.389,0.57243,194.875,1.6665,16,0.77,12.319,1.923,5.03443,4048.915,7330.474,6747.409,0.287649,0.729724,85.988,103.59,0.35581,0.59295,0.821202,B,0.0,0.014485
7645.881,0.57721,212.543,1.105,19,0.8069,15.331,1.89813,5.15747,2411.414,5234.467,2664.564,0.279724,0.714256,86.456,104.222,0.31539,0.3485,0.847159,B,0.0,-0.000859
12221.287,0.2552,140.994,2.7888,28,0.8246,23.089,2.01866,11.93766,6734.49,5486.797,18781.284,0.007571,0.559141,80.191,99.771,0.55105,1.53677,0.983652,B,0.0,-0.007543
9471.541,0.79327,184.371,3.3886,23,0.6015,13.834,1.93905,7.07351,1396.008,8075.533,4730.515,0.44547,0.853393,87.708,103.94,0.14739,0.49945,0.917231,B,-0.0,0.006312
11680.727,0.60158,143.953,4.4321,25,0.6527,16.319,2.01238,9.31104,2705.77,8974.957,11992.189,0.10484,0.751336,81.608,101.21,0.23164,1.02666,0.95963,B,0.0,0.010529
7315.411,0.61097,138.673,3.137,16,0.7095,11.352,2.02369,6.06795,2234.369,5081.042,7009.256,0.219934,0.78293,82.888,101.111,0.30543,0.95815,0.890052,B,0.0,-0.017266
10263.027,0.25839,201.395,2.6638,29,0.8101,23.494,1.91353,11.08493,5560.054,4702.972,14810.786,0.00993,0.552137,82.539,102.695,0.54176,1.44312,0.97918,B,0.001,-0.032641
11061.364,0.64799,187.346,3.5759,26,0.7289,18.951,1.9344,9.7714,3097.231,7964.134,11075.333,0.078114,0.869607,82.964,104.181,0.28,1.00126,0.966246,B,-0.001,0.049481
7777.031,0.64027,164.119,4.6226,18,0.7181,12.925,1.97319,7.2223,1875.477,5901.553,8669.62,0.197825,0.780877,83.681,102.489,0.24116,1.11477,0.92549,B,0.001,-0.003601
10650.387,0.5066,161.367,1.9737,23,0.802,18.445,1.9782,8.35161,4002.787,6647.6,7900.134,0.07389,0.767147,81.935,102.258,0.37583,0.74177,0.945182,B,0.0,0.033726
7858.136,0.43287,178.024,4.3567,16,0.8857,14.171,1.94927,7.69291,3439.473,4418.662,14984.722,0.062662,0.721047,82.426,102.773,0.4377,1.90691,0.936641,B,0.001,-0.035906
8823.935,0.72044,205.766,3.2399,18,0.7613,13.703,1.90738,6.76139,1862.811,6961.123,6035.351,0.308846,0.830588,86.627,104.715,0.21111,0.68397,0.9095,B,0.001,-0.031225
9191.711,0.55315,143.702,0.9316,17,0.722,12.273,2.01291,4.14108,2698.458,6493.253,2513.837,0.431521,0.603691,85.909,100.221,0.29358,0.27349,0.770976,B,0.0,0.035248
10717.512,0.43907,174.126,4.0341,15,0.7585,11.377,1.95575,6.11555,4255.717,6461.795,17168.024,0.132836,0.640746,83.208,102.058,0.39708,1.60187,0.879866,B,0.0,0.056271
7780.713,0.36154,210.457,2.6429,20,0.72,14.399,1.90094,6.71037,3821.512,3959.201,10099.931,0.065617,0.647168,83.565,103.695,0.49115,1.29807,0.910858,B,0.0,0.014632
8108.954,0.58329,198.513,4.3082,19,0.8514,16.177,1.91768,8.5489,2213.312,5895.642,9535.355,0.101153,0.764286,83.648,103.974,0.27295,1.1759,0.952666,B,0.0,0.031988
11687.54,0.35415,207.377,3.8627,14,0.6868,9.615,1.90515,4.92309,5839.769,5847.771,22557.473,0.132935,0.575063,84.356,103.094,0.49966,1.93004,0.812447,B,0.0,-0.004136
11295.254,0.20641,203.542,3.6373,21,0.7903,16.596,1.91049,8.42709,6026.809,5268.445,21921.456,0.021045,0.418453,82.756,101.903,0.53357,1.94077,0.945598,B,0.0,0.022567
9725.234,0.21098,161.627,4.4851,14,0.6855,9.597,1.97773,5.35158,5876.022,3849.212,26354.542,0.05321,0.451812,81.673,100.19,0.6042,2.70991,0.847613,B,0.0,0.046567
8692.018,0.38186,145.272,3.2914,29,0.8011,23.231,2.00963,12.43579,3982.641,4709.377,13108.475,0.010309,0.696084,80.418,100.92,0.4582,1.5081,0.987631,B,0.0,-0.045032
11153.228,0.59673,157.175,3.3815,22,0.8824,19.412,1.98603,10.27941,3374.811,7778.417,11411.9,0.055872,0.83139,81.527,102.464,0.30259,1.02319,0.971669,B,-0.0,0.010195
9807.066,0.33993,195.26,2.6786,26,0.8314,21.616,1.92243,10.28732,4809.29,4997.776,12882.022,0.01882,0.648932,82.453,103.073,0.49039,1.31354,0.97285,B,0.0,-0.011668
8869.118,0.56435,182.908,1.2789,21,0.6793,14.265,1.94137,5.31059,3410.288,5458.83,4361.455,0.221013,0.778835,84.693,103.381,0.38451,0.49176,0.849414,B,0.0,0.040899
12248.099,0.33084,203.585,3.3156,18,0.7267,13.081,1.91043,6.5055,6410.295,5837.805,21254.025,0.069231,0.618108,83.393,103.222,0.52337,1.73529,0.890481,B,-0.001,-0.024033
8211.042,0.50088,192.356,1.2849,23,0.7842,18.037,1.92676,6.65218,3674.142,4536.9,4720.853,0.103245,0.822901,83.469,104.095,0.44746,0.57494,0.907766,B,0.0,-0.009621
11825.697,0.3851,141.833,2.8003,17,0.7543,12.823,2.01687,6.62889,5257.752,6567.945,14723.296,0.089772,0.621508,81.314,100.231,0.4446,1.24503,0.896356,B,0.0,0.046641
10706.907,0.52176,203.224,4.5695,20,0.7233,14.465,1.91094,7.68576,3558.237,7148.67,16259.505,0.108832,0.727299,83.904,103.928,0.33233,1.5186,0.930681,B,0.0,-0.034795
10875.881,0.33233,145.486,3.5613,24,0.8462,20.308,2.00919,11.06328,5049.463,5826.418,17982.823,0.01529,0.607089,80.494,100.345,0.46428,1.65346,0.978639,B,0.0,0.020966
11092.915,0.42156,161.582,1.3277,17,0.747,12.699,1.97781,4.93983,5168.325,5924.59,6861.984,0.165845,0.644642,83.158,101.461,0.46591,0.61859,0.816709,B,0.0,-0.051159
11489.626,0.62066,134.104,4.3206,25,0.7767,19.418,2.03389,11.19456,3032.404,8457.223,13101.723,0.048837,0.825686,80.415,101.119,0.26393,1.14031,0.979233,B,-0.001,0.047129
12285.683,0.49864,170.312,3.1385,25,0.7851,19.628,1.96226,10.03435,4391.12,7894.563,13781.643,0.04448,0.751256,81.897,102.602,0.35742,1.12176,0.968118,B,0.0,-0.021868
12523.503,0.43886,133.291,2.6216,28,0.6202,17.366,2.03575,8.9364,5502.266,7021.237,14424.801,0.04708,0.745874,80.353,100.543,0.43936,1.15182,0.952866,B,0.0,0.059717
8532.934,0.66811,186.458,3.721,26,0.771,20.046,1.93578,10.43584,1930.876,6602.059,7184.836,0.073175,0.842104,82.868,103.96,0.22629,0.84201,0.975216,B,-0.001,0.026391
7983.317,0.46978,196.062,4.7898,29,0.7981,23.144,1.92125,12.50225,3073.63,4909.687,14722.131,0.014419,0.754852,82.422,103.807,0.38501,1.84411,0.988183,B,0.0,-0.003062
12378.245,0.28709,205.503,3.3438,29,0.6919,20.066,1.90775,9.97703,6609.158,5769.087,22099.579,0.017535,0.59589,82.773,103.155,0.53393,1.78536,0.967387,B,0.0,0.037519
8222.976,0.49589,192.368,1.7358,20,0.7155,14.31,1.92674,5.95469,3222.039,5000.937,5592.844,0.149058,0.719342,84.074,103.412,0.39183,0.68015,0.882219,B,0.0,0.036856
8331.79,0.64137,195.224,2.7828,24,0.7215,17.315,1.92249,8.32581,2101.78,6230.009,5848.784,0.131043,0.813539,83.933,104.158,0.25226,0.70198,0.948459,B,0.001,-0.018696
11831.542,0.4224,156.857,3.292,27,0.8796,23.749,1.98663,12.50384,5236.738,6594.804,17239.251,0.012656,0.747765,80.944,101.895,0.44261,1.45706,0.986738,B,-0.0,0.003572
12796.664,0.48954,201.954,3.2011,26,0.8081,21.01,1.91274,10.38223,4685.977,8110.686,15000.277,0.038278,0.750266,82.932,104.027,0.36619,1.1722,0.971368,B,0.001,-0.062876
12067.272,0.66316,146.473,2.2502,14,0.8474,11.863,2.00715,5.7222,2629.816,9437.456,5917.482,0.436158,0.72642,86.093,101.188,0.21793,0.49037,0.856669,B,0.0,-0.039975
10100.382,0.35408,161.464,0.9474,25,0.7219,18.048,1.97803,5.98911,4767.901,5332.481,4517.284,0.092481,0.587979,82.185,101.081,0.47205,0.44724,0.876706,B,0.0,0.01616
9253.602,0.71296,182.472,4.1608,17,0.8097,13.764,1.94207,7.36569,1709.916,7543.686,7114.559,0.286392,0.809655,85.54,103.564,0.18478,0.76884,0.925774,B,0.0,-0.041269
12931.31,0.35963,142.585,3.8902,16,0.6959,11.135,2.01527,6.20713,6181.526,6749.784,24047.373,0.093218,0.603605,81.393,100.156,0.47803,1.85962,0.876091,B,0.0,0.054153
11416.413,0.46801,159.048,4.0428,27,0.761,20.547,1.98251,11.2733,4396.404,7020.009,17773.877,0.024501,0.745771,81.19,101.997,0.3851,1.55687,0.97984,B,0.0,-0.039978
10774.561,0.45196,202.667,1.6561,15,0.6579,9.868,1.91173,3.98713,4182.876,6591.685,6927.056,0.295086,0.551514,86.345,102.745,0.38822,0.64291,0.746534,B,-0.0,-0.044119
7066.773,0.37417,219.551,1.9695,26,0.7329,19.055,1.88892,8.03802,3439.832,3626.94,6774.769,0.042068,0.689145,83.534,104.332,0.48676,0.95868,0.945274,B,0.001,-0.019965
8171.151,0.67531,146.451,3.7664,25,0.7188,17.969,2.0072,9.89327,2260.466,5910.685,8513.895,0.072323,0.905914,81.289,102.372,0.27664,1.04195,0.970373,B,0.0,0.004008
7080.951,0.58727,173.664,4.4714,29,0.8971,26.017,1.95653,14.2703,2137.552,4943.399,9557.784,0.012025,0.836015,81.596,103.324,0.30187,1.34979,0.993819,B,-0.0,-0.029684
12442.242,0.52056,169.168,4.1607,14,0.8125,11.375,1.96425,6.19123,4854.373,7587.869,20197.48,0.164007,0.748671,83.431,102.529,0.39015,1.6233,0.87708,B,0.0,-0.035129
8418.794,0.34457,203.824,4.6246,19,0.6062,11.518,1.9101,6.12881,4672.968,3745.826,21610.471,0.069221,0.688083,83.401,103.694,0.55506,2.56693,0.888495,B,0.0,-0.042861
8026.128,0.45169,175.687,3.1181,26,0.617,16.042,1.95314,8.13112,3432.558,4593.569,10702.912,0.057712,0.746099,82.274,102.828,0.42767,1.33351,0.945357,B,0.001,-0.035268
10495.406,0.68844,199.899,4.0039,18,0.6457,11.622,1.91568,6.04553,2546.449,7948.957,10195.732,0.347056,0.797805,86.94,104.254,0.24263,0.97145,0.877688,B,0.0,-0.020737
8218.611,0.35542,173.335,1.7728,21,0.6536,13.726,1.95709,5.89239,4104.675,4113.936,7276.662,0.085654,0.624574,82.555,101.913,0.49944,0.88539,0.879639,B,0.0,0.019426
10279.193,0.51385,133.456,3.314,17,0.7481,12.717,2.03537,6.94271,3640.246,6638.947,12063.631,0.128818,0.724971,81.44,100.415,0.35414,1.1736,0.911221,B,0.0,-0.009932
12698.75,0.32724,200.686,1.3995,18,0.7108,12.794,1.91455,4.84636,6425.138,6273.612,8992.26,0.128203,0.531093,84.077,102.527,0.50597,0.70812,0.801779,B,0.0,-0.054435
12183.452,0.4759,146.08,1.2348,25,0.6629,16.572,2.00796,6.38337,4684.361,7499.092,5784.202,0.14122,0.684956,82.182,100.893,0.38449,0.47476,0.885906,B,-0.001,0.031286
8470.765,0.45257,202.191,1.558,28,0.7723,21.624,1.9124,8.53929,3404.658,5066.108,5304.305,0.054093,0.720367,83.148,103.839,0.40193,0.62619,0.95196,B,-0.001,-0.011071
12497.066,0.63773,147.367,1.4749,26,0.7825,20.346,2.00532,8.43652,2850.223,9646.842,4203.782,0.156878,0.779803,82.445,101.591,0.22807,0.33638,0.943896,B,0.001,-0.019716
9396.343,0.22904,217.877,2.9402,16,0.8542,13.667,1.89109,6.49792,5629.956,3766.387,16552.991,0.038612,0.513687,83.438,103.109,0.59916,1.76164,0.898991,B,0.0,0.010501
10138.222,0.6779,202.493,3.5577,26,0.6037,15.696,1.91197,7.94107,2584.496,7553.727,9194.756,0.16576,0.853125,84.632,104.728,0.25493,0.90694,0.937665,B,-0.001,0.02129
8949.836,0.41719,201.062,4.2218,17,0.885,15.045,1.91401,7.89651,3871.095,5078.741,16342.928,0.0589,0.69028,83.175,103.593,0.43253,1.82606,0.938933,B,0.0,0.021248
12999.749,0.65337,165.08,0.9027,16,0.7045,11.273,1.97147,3.63008,3847.892,9151.856,3473.317,0.675322,0.644138,90.022,101.635,0.296,0.26718,0.694057,B,0.001,0.021663
8842.441,0.37537,133.129,1.2017,29,0.6805,19.735,2.03612,7.65913,4156.561,4685.88,4994.965,0.052812,0.661491,80.421,99.976,0.47007,0.56489,0.933864,B,0.0,0.003332
11423.656,0.40312,158.653,1.5063,18,0.8872,15.969,1.98325,6.57182,4879.292,6544.364,7349.739,0.098653,0.630124,82.153,101.213,0.42712,0.64338,0.895473,B,0.0,-0.013408
10719.376,0.72464,131.345,3.2752,23,0.6669,15.338,2.04024,8.37891,1664.493,9054.883,5451.546,0.253899,0.811169,82.989,100.853,0.15528,0.50857,0.945593,B,0.0,0.035128
11133.54,0.55742,143.29,4.4222,17,0.7958,13.528,2.01378,7.72334,3534.527,7599.013,15630.325,0.121628,0.760117,81.8,101.23,0.31747,1.4039,0.930729,B,0.0,0.021452
7624.039,0.42801,176.119,2.5835,17,0.7758,13.189,1.95242,6.36194,3264.065,4359.975,8432.771,0.100168,0.673444,82.851,102.369,0.42813,1.10608,0.899804,B,-0.001,0.011066
10220.733,0.50504,153.845,4.611,17,0.6769,11.507,1.99242,6.51875,3294.522,6926.211,15191.01,0.161067,0.668647,82.778,101.212,0.32234,1.48629,0.897199,B,0.0,0.050013
12982.284,0.42379,167.654,1.3577,28,0.7282,20.389,1.9669,7.94215,5567.13,7415.154,7558.299,0.066812,0.691806,82.09,102.079,0.42883,0.5822,0.932394,B,0.0,-0.036981
10378.861,0.2528,169.297,2.2456,25,0.6292,15.73,1.96402,7.34634,5261.671,5117.19,11815.663,0.038552,0.473103,81.78,100.717,0.50696,1.13844,0.922689,B,0.0,-0.02982
8180.765,0.4362,219.463,1.2603,16,0.7665,12.264,1.88903,4.3495,3270.156,4910.608,4121.492,0.225111,0.576767,85.948,103.587,0.39974,0.5038,0.793705,B,0.001,0.024961
7315.439,0.58573,140.399,1.1709,16,0.7601,12.162,2.01994,4.61176,2201.458,5113.98,2577.634,0.356257,0.68452,84.766,100.563,0.30093,0.35236,0.816966,B,0.001,-0.034327
8979.715,0.2388,192.535,3.5806,14,0.7129,9.981,1.92649,5.11585,4988.014,3991.701,17860.151,0.069541,0.450303,83.03,101.644,0.55548,1.98894,0.838239,B,0.0,0.009525
11473.699,0.72427,138.213,4.3704,17,0.8693,14.778,2.0247,8.48374,2163.325,9310.375,9454.663,0.205928,0.844709,82.681,101.492,0.18855,0.82403,0.946391,B,-0.001,0.009228
7148.881,0.3758,198.96,1.4701,15,0.6918,10.377,1.91703,4.01922,3494.369,3654.512,5137.056,0.17221,0.570465,84.601,102.714,0.4888,0.71858,0.776007,B,0.0,0.013006
7291.829,0.71645,218.908,4.5313,28,0.6936,19.42,1.88975,10.12516,1204.119,6087.711,5456.219,0.115213,0.835376,84.48,105.272,0.16513,0.74826,0.973445,B,-0.001,-0.02694
10942.048,0.5126,146.455,2.6689,16,0.8263,13.22,2.00719,6.70048,4372.987,6569.061,11671.276,0.126388,0.769693,82.003,101.473,0.39965,1.06664,0.901461,B,0.0,0.040456
12291.203,0.74356,154.921,3.921,17,0.6504,11.057,1.99034,6.06423,1951.227,10339.976,7650.67,0.599369,0.770775,88.608,101.944,0.15875,0.62245,0.872036,B,-0.0,-0.053074
9632.49,0.72782,186.614,4.1018,18,0.6298,11.336,1.93554,6.01902,2185.143,7447.347,8963.019,0.385972,0.828116,87.002,103.875,0.22685,0.9305,0.879697,B,0.0,0.04765
10745.841,0.42018,137.144,3.2704,18,0.8832,15.898,2.02706,8.60268,4274.527,6471.314,13979.56,0.053183,0.662602,80.615,100.226,0.39778,1.30093,0.949653,B,0.0,-0.050297
8543.571,0.48834,214.158,2.8604,19,0.7971,15.144,1.89598,7.17858,3192.938,5350.633,9132.939,0.101298,0.719302,84.151,104.319,0.37372,1.06898,0.922477,B,0.0,0.00821
8635.379,0.69089,215.903,2.3882,28,0.7601,21.284,1.89367,9.57906,2179.64,6455.739,5205.309,0.091856,0.893144,84.08,105.536,0.25241,0.60279,0.966442,B,0.0,-0.020568
9849.864,0.34862,135.282,0.9603,16,0.7574,12.119,2.03122,4.20698,4324.298,5525.567,4152.65,0.181315,0.479554,82.219,98.906,0.43902,0.42159,0.771668,B,-0.001,-0.008261
8314.399,0.60543,168.73,3.3395,27,0.816,22.032,1.96501,11.45303,2579.488,5734.911,8614.277,0.033646,0.862613,81.694,103.259,0.31024,1.03607,0.982759,B,0.0,-0.011649
9723.28,0.43795,185.281,2.2277,25,0.6602,16.505,1.93762,7.53479,3739.167,5984.113,8329.683,0.080822,0.661102,82.927,102.712,0.38456,0.85667,0.929031,B,0.0,-0.005552
7890.291,0.30645,174.352,1.0813,29,0.7906,22.929,1.95537,7.98816,4034.067,3856.224,4362.128,0.034284,0.591162,81.915,101.741,0.51127,0.55285,0.942802,B,0.0,0.022632
12543.85,0.45835,164.032,4.306,27,0.8017,21.645,1.97335,11.94008,4803.465,7740.385,20683.535,0.019728,0.730545,81.327,102.153,0.38293,1.6489,0.983518,B,0.0,0.01133
10887.706,0.32354,156.516,3.3359,16,0.8624,13.798,1.98728,7.29066,5898.548,4989.159,19677.049,0.047789,0.649544,81.393,101.229,0.54176,1.80727,0.919978,B,-0.001,0.044395
7565.132,0.40572,159.871,4.4508,17,0.8314,14.134,1.98097,7.889,3558.494,4006.638,15838.058,0.050545,0.721162,81.567,101.877,0.47038,2.09356,0.941399,B,0.0,0.026202
8158.644,0.41242,190.3,3.9806,21,0.7642,16.048,1.92987,8.43257,3453.149,4705.495,13745.618,0.048115,0.679759,82.67,103.06,0.42325,1.68479,0.950621,B,0.0,0.037119
11974.916,0.72377,175.999,1.4806,26,0.7234,18.809,1.95262,7.51257,2124.489,9850.428,3145.569,0.31166,0.812648,85.638,103.282,0.17741,0.26268,0.923605,B,-0.001,0.036098
9234.418,0.76456,161.777,4.4056,25,0.8269,20.672,1.97745,11.48727,1882.341,7352.078,8292.808,0.065755,0.943471,81.845,103.443,0.20384,0.89803,0.982469,B,-0.001,0.020911
8560.624,0.44478,135.208,3.8629,28,0.8539,23.91,2.03139,13.4611,3831.351,4729.273,14800.137,0.008551,0.798187,79.936,101.005,0.44756,1.72886,0.991396,B,0.0,-0.011768
7139.908,0.38656,197.558,3.4204,19,0.7482,14.215,1.91906,7.16974,3589.628,3550.28,12278.037,0.057158,0.719616,83.036,103.638,0.50276,1.71964,0.925661,B,0.0,-0.011413
11051.301,0.28459,203.697,1.325,18,0.8445,15.202,1.91028,5.60739,6363.766,4687.535,8432.247,0.071625,0.57371,83.428,102.934,0.57584,0.76301,0.855075,B,0.0,-0.000693
10421.988,0.49674,180.344,3.1019,15,0.8681,13.021,1.94549,6.55327,3822.955,6599.033,11858.283,0.138365,0.704356,83.51,102.771,0.36682,1.13781,0.897825,B,-0.0,-0.013337
12042.367,0.70004,179.682,4.7997,20,0.8899,17.798,1.94656,9.81074,2815.907,9226.46,13515.63,0.102513,0.8824,83.013,103.915,0.23383,1.12234,0.965758,B,0.0,0.043216
8018.383,0.24726,137.818,1.4416,21,0.7771,16.319,2.02557,6.80108,4817.524,3200.858,6944.742,0.035811,0.565505,80.418,99.626,0.60081,0.8661,0.912984,B,0.001,0.003825
11513.771,0.26796,147.281,1.2465,16,0.72,11.52,2.0055,4.44832,6115.978,5397.793,7623.663,0.11116,0.44562,81.838,99.38,0.53119,0.66213,0.779642,B,0.0,0.013446
11962.413,0.46126,142.013,3.8297,29,0.8279,24.01,2.01648,13.35301,4221.354,7741.059,16166.597,0.012926,0.705738,80.307,100.797,0.35288,1.35145,0.990111,B,0.0,0.057902
11944.727,0.38522,163.31,2.1491,20,0.8702,17.405,1.97466,8.08151,5736.8,6207.927,12328.865,0.050168,0.694841,81.7,101.88,0.48028,1.03216,0.937452,B,0.0,0.021748
11478.189,0.36719,162.729,2.3376,14,0.6685,9.359,1.97571,4.46334,5029.036,6449.153,11755.687,0.183521,0.510419,83.437,100.634,0.43814,1.02418,0.781021,B,0.0,-0.027722
9654.195,0.70232,190.236,2.7652,15,0.8154,12.23,1.92997,5.90578,1883.286,7770.909,5207.687,0.450927,0.76324,87.985,103.608,0.19507,0.53942,0.874751,B,0.0,0.041141
7284.441,0.46928,149.933,1.4251,18,0.6254,11.257,2.00013,4.58587,3060.386,4224.055,4361.367,0.2061,0.659952,83.206,100.942,0.42013,0.59872,0.815486,B,-0.0,0.023373
10865.689,0.32102,210.856,1.7914,20,0.7273,14.546,1.9004,5.99391,5228.773,5636.916,9366.942,0.083989,0.540879,83.82,103.01,0.48122,0.86207,0.874095,B,0.0,0.054578
7154.147,0.4696,192.587,3.5221,16,0.8233,13.173,1.92641,6.72711,3133.447,4020.701,11036.233,0.093104,0.763017,83.343,103.71,0.43799,1.54263,0.913164,B,-0.001,-0.012233
7515.055,0.42354,217.096,3.8679,20,0.7931,15.861,1.89211,8.03681,3087.808,4427.246,11943.262,0.057268,0.678996,83.66,104.169,0.41088,1.58924,0.944444,B,0.001,0.011481
9454.74,0.32195,203.99,4.7138,23,0.8063,18.545,1.90986,9.8989,5168.252,4286.488,24361.919,0.018124,0.68827,82.732,103.702,0.54663,2.57669,0.969227,B,-0.0,0.023048
7724.668,0.78925,198.495,1.0615,29,0.7088,20.556,1.9177,6.89193,1414.315,6310.353,1501.266,0.359953,0.885462,87.064,104.773,0.18309,0.19435,0.916497,B,0.0,0.029504
9711.897,0.368,186.739,3.279,18,0.8065,14.516,1.93535,7.34495,4368.379,5343.518,14323.995,0.06203,0.618125,82.73,102.494,0.4498,1.47489,0.924182,B,0.0,0.045483
12106.259,0.24465,155.484,3.6141,14,0.8614,12.06,1.98926,6.4968,6284.375,5821.884,22712.484,0.051567,0.45307,81.401,99.877,0.5191,1.87609,0.890585,B,0.0,0.008915
8044.943,0.39155,193.887,2.2967,21,0.6111,12.833,1.92447,5.85302,3806.731,4238.212,8743.096,0.100423,0.65304,83.484,103.041,0.47318,1.08678,0.878641,B,-0.0,-0.00788
11788.93,0.3785,172.292,1.2375,21,0.6672,14.011,1.95886,5.21028,5508.822,6280.108,6816.978,0.137788,0.589658,83.204,101.632,0.46729,0.57825,0.829892,B,0.0,-0.055484
12985.364,0.59411,133.363,2.5105,26,0.8591,22.336,2.03558,11.35341,3853.597,9131.767,9674.417,0.041016,0.827512,80.276,101.086,0.29676,0.74502,0.979512,B,0.0,0.028698
7223.698,0.44907,153.779,1.4359,29,0.8552,24.8,1.99255,10.07867,3174.059,4049.639,4557.784,0.027523,0.779472,81.012,101.94,0.4394,0.63095,0.97307,B,0.0,0.006224
9538.896,0.20027,154.226,1.5521,29,0.7399,21.458,1.99168,8.99107,6130.954,3407.942,9515.803,0.013209,0.536802,80.842,100.363,0.64273,0.99758,0.957608,B,0.0,-0.019151
11245.248,0.34327,215.481,1.4657,14,0.8505,11.908,1.89423,4.52169,5490.099,5755.149,8046.727,0.149847,0.527795,84.833,103.108,0.48822,0.71557,0.786883,B,0.0,-0.05745
11390.101,0.40949,144.935,3.6056,26,0.7541,19.608,2.01033,10.71921,4873.935,6516.166,17573.424,0.023404,0.698272,80.576,100.916,0.42791,1.54287,0.975544,B,0.0,0.006619
8679.458,0.20903,158.934,2.3673,26,0.8419,21.889,1.98272,10.53296,5481.685,3197.774,12976.637,0.007965,0.553701,80.967,100.723,0.63157,1.4951,0.975934,B,-0.001,-0.005177
11854.13,0.78223,148.8,1.5918,22,0.6826,15.017,2.00241,6.40385,1202.968,10651.163,1914.878,0.86508,0.772877,91.856,101.625,0.10148,0.16154,0.887771,B,-0.001,-0.046353
9227.689,0.73411,145.281,1.7895,20,0.8481,16.962,2.00961,7.59451,1917.808,7309.881,3431.986,0.241811,0.863263,83.475,102.024,0.20783,0.37192,0.931541,B,0.0,0.0419
8204.515,0.55614,156.096,4.3387,21,0.8486,17.821,1.98808,9.95233,3128.417,5076.098,13573.165,0.042372,0.872781,81.305,102.68,0.3813,1.65435,0.970949,B,0.0,-0.020202
10106.991,0.69668,201.898,1.5759,19,0.6487,12.326,1.91282,4.89082,2663.185,7443.806,4197.023,0.478883,0.774608,88.746,104.185,0.2635,0.41526,0.818877,B,0.0,-0.047211
10674.864,0.46869,189.726,3.7553,18,0.8327,14.989,1.93074,7.78749,4159.061,6515.802,15618.324,0.080396,0.716539,83.077,103.277,0.38961,1.46309,0.933168,B,0.001,0.003891
12026.429,0.54255,165.846,1.1837,15,0.769,11.535,1.9701,4.23981,4288.696,7737.734,5076.546,0.365945,0.640431,85.968,101.649,0.35661,0.42212,0.759472,B,-0.001,0.027473
10983.887,0.31368,142.689,1.8485,25,0.6204,15.509,2.01505,7.05148,5696.114,5287.773,10529.471,0.052777,0.594721,80.864,100.104,0.51859,0.95863,0.912746,B,0.0,0.052219
7498.72,0.62354,168.561,3.6338,21,0.7681,16.131,1.96531,8.54673,1908.197,5590.522,6933.94,0.113821,0.797523,82.746,102.821,0.25447,0.92468,0.953549,B,0.001,-0.010899
10449.141,0.66143,205.69,4.0676,25,0.7528,18.821,1.90749,9.75571,2446.717,8002.424,9952.258,0.094166,0.834863,83.79,104.74,0.23415,0.95245,0.966664,B,0.0,0.050071
9064.876,0.43963,150.614,3.8627,15,0.6002,9.003,1.99877,4.95273,3714.729,5350.148,14348.85,0.184219,0.616967,82.946,100.696,0.40979,1.58291,0.828284,B,-0.001,0.003013
11230.254,0.68319,174.213,3.7246,24,0.7666,18.4,1.95561,9.72861,3222.45,8007.804,12002.366,0.08198,0.925131,82.54,103.939,0.28694,1.06875,0.965568,B,0.0,-0.046943
7270.364,0.56927,154.664,3.982,24,0.695,16.679,1.99084,9.17947,2248.892,5021.472,8955.131,0.067997,0.793762,81.583,102.082,0.30932,1.23173,0.963052,B,0.0,0.028547
10944.145,0.55344,206.88,1.7433,22,0.8035,17.677,1.90584,7.2446,3309.872,7634.273,5770.008,0.149063,0.728756,84.553,104.089,0.30243,0.52722,0.918543,B,0.0,0.025904
11749.428,0.77592,139.631,1.2671,16,0.8612,13.779,2.02161,5.42077,1847.029,9902.399,2340.312,0.779114,0.775323,90.313,101.118,0.1572,0.19919,0.842151,B,0.0,0.012322
7240.94,0.27771,163.321,4.6511,27,0.6311,17.041,1.97464,9.54248,3694.569,3546.372,17183.806,0.017693,0.548587,81.272,100.916,0.51023,2.37315,0.967492,B,-0.001,0.019862
7092.164,0.35951,177.861,4.3373,29,0.813,23.577,1.94954,12.79068,3718.542,3373.622,16128.353,0.007116,0.747923,81.687,102.943,0.52432,2.27411,0.989621,B,0.0,0.033248
12351.349,0.44133,138.623,3.0218,29,0.8188,23.746,2.0238,12.57786,5646.058,6705.291,17061.166,0.012661,0.802289,80.149,101.236,0.45712,1.38132,0.986886,B,0.0,-0.045097
12372.542,0.57577,177.969,3.2435,15,0.7501,11.251,1.94936,5.74053,3301.675,9070.867,10709.008,0.309926,0.672536,85.688,102.45,0.26686,0.86555,0.856357,B,-0.0,-0.021027
8059.511,0.79715,147.336,1.8218,17,0.8402,14.284,2.00538,6.41696,1340.048,6719.463,2441.255,0.477842,0.860833,86.681,102.124,0.16627,0.3029,0.900332,B,0.0,-0.027515
12534.712,0.55856,199.053,3.4908,20,0.846,16.921,1.91689,8.5586,4130.146,8404.565,14417.437,0.091224,0.78821,83.535,104.155,0.3295,1.1502,0.946186,B,0.001,0.058117
9439.698,0.32494,180.54,2.02,27,0.826,22.303,1.94517,9.92571,4277.267,5162.431,8639.974,0.021852,0.576053,81.979,101.933,0.45311,0.91528,0.969528,B,0.0,0.034765
10114.278,0.59925,130.133,4.1125,16,0.8015,12.823,2.04308,7.36963,2553.42,7560.857,10500.815,0.180592,0.740634,81.963,100.312,0.25246,1.03822,0.923918,B,0.001,0.026104
9825.232,0.45728,171.41,4.3792,17,0.8783,14.93,1.96037,8.18176,4104.947,5720.285,17976.307,0.062127,0.74084,82.172,102.587,0.4178,1.82961,0.943237,B,0.0,0.038107
9010.017,0.21903,153.352,3.9106,19,0.6237,11.85,1.99338,6.51004,5416.191,3593.826,21180.754,0.036215,0.494536,81.109,100.037,0.60113,2.3508,0.900606,B,0.0,0.040332
12305.491,0.40363,168.046,1.6766,15,0.6266,9.399,1.96621,3.98053,5360.383,6945.109,8987.13,0.24597,0.52532,84.47,100.999,0.43561,0.73033,0.734544,B,-0.001,-0.032734
10663.457,0.3975,204.179,2.9472,17,0.791,13.446,1.9096,6.49461,5477.201,5186.256,16142.588,0.08129,0.73145,83.572,103.995,0.51364,1.51382,0.894959,B,0.0,-0.004463
12594.833,0.60611,211.913,3.2917,16,0.686,10.976,1.89898,5.39886,3844.996,8749.837,12656.594,0.323417,0.73034,87.013,104.303,0.30528,1.0049,0.837103,B,0.0,-0.038796
10732.456,0.4064,206.132,3.7925,15,0.8557,12.835,1.90687,6.55609,4848.875,5883.581,18389.253,0.092663,0.664964,83.785,103.637,0.4518,1.71342,0.896987,B,0.0,-0.010742
12549.15,0.51833,135.576,4.6407,18,0.6001,10.802,2.03056,6.29488,3859.841,8689.309,17912.474,0.200363,0.659578,82.485,100.112,0.30758,1.42739,0.881105,B,0.0,-0.045454
10091.318,0.40433,204.793,2.6298,27,0.6599,17.818,1.90874,8.34519,4238.238,5853.08,11145.856,0.052022,0.65943,83.205,103.545,0.41999,1.1045,0.945963,B,0.0,0.044445
9849.364,0.44509,153.987,1.2459,26,0.8574,22.291,1.99214,8.52285,3826.663,6022.701,4767.758,0.057752,0.691193,81.42,101.369,0.38852,0.48407,0.949588,B,0.0,0.007209
10427.866,0.61739,154.111,2.0136,24,0.6847,16.433,1.9919,7.56635,2923.582,7504.284,5886.999,0.157861,0.796424,82.746,102.07,0.28036,0.56454,0.928315,B,0.0,-0.051269
7035.515,0.23355,151.334,0.9661,18,0.7896,14.213,1.99735,4.83184,3900.092,3135.423,3768.025,0.070744,0.436052,81.479,99.541,0.55434,0.53557,0.832083,B,0.0,0.02895
11605.867,0.59624,169.725,2.314,18,0.8195,14.752,1.96328,6.94877,3540.959,8064.909,8193.787,0.179961,0.779011,83.663,102.757,0.3051,0.706,0.907913,B,-0.001,-0.005208
7837.702,0.72063,167.764,3.3694,22,0.7914,17.411,1.9667,9.08116,1334.423,6503.279,4496.211,0.164859,0.834665,83.388,103.027,0.17026,0.57366,0.96105,B,0.0,0.032184
12663.775,0.47187,133.909,2.8584,24,0.6469,15.526,2.03433,8.16856,4912.977,7750.799,14043.085,0.075299,0.723249,80.755,100.431,0.38796,1.10892,0.938092,B,-0.001,-0.044372
7265.771,0.65464,163.86,1.6843,27,0.6336,17.107,1.97366,7.29772,1944.589,5321.182,3275.237,0.174586,0.830069,83.364,102.801,0.26764,0.45078,0.928624,B,0.0,0.018091
11249.115,0.38914,148.946,3.9934,18,0.8054,14.497,2.00212,8.04834,5887.687,5361.427,23511.901,0.046119,0.765822,81.052,101.586,0.52339,2.09011,0.93797,B,0.001,0.047626
11611.513,0.39615,167.938,1.7013,27,0.8972,24.225,1.9664,10.31687,4993.936,6617.577,8496.22,0.026099,0.675412,81.564,101.985,0.43008,0.73171,0.971666,B,0.0,-0.026777
10249.826,0.45592,212.853,2.9883,27,0.897,24.219,1.89772,11.62554,4407.49,5842.336,13170.991,0.018261,0.786083,83.015,104.708,0.43001,1.285,0.982776,B,-0.0,0.054485
7574.539,0.26176,136.845,4.5288,23,0.6907,15.886,2.02773,9.19889,4072.335,3502.203,18442.68,0.018045,0.545153,80.138,99.433,0.53763,2.43483,0.962938,B,0.001,-0.010428
11869.02,0.38849,131.524,4.5073,21,0.8559,17.973,2.03982,10.48592,5710.328,6158.692,25738.338,0.021724,0.728559,79.933,100.319,0.48111,2.16853,0.973097,B,0.0,-0.026071
8927.301,0.46082,213.21,1.7461,18,0.6196,11.152,1.89724,4.54118,3606.43,5320.871,6297.163,0.225263,0.62047,85.758,103.629,0.40398,0.70538,0.802521,B,0.0,0.042776
8727.837,0.7546,177.667,4.0817,23,0.7398,17.015,1.94986,9.12596,1631.453,7096.384,6659.041,0.159212,0.891481,83.687,103.881,0.18693,0.76297,0.960561,B,0.0,-0.0126
11154.311,0.39302,136.636,3.8873,17,0.7833,13.316,2.02819,7.48949,5116.352,6037.959,19888.739,0.064455,0.671439,80.741,100.254,0.45869,1.78305,0.924776,B,0.0,-0.028312
12830.972,0.35038,161.269,3.4655,17,0.6925,11.772,1.97839,6.233,6154.145,6676.827,21327.01,0.089454,0.590883,82.137,101.09,0.47963,1.66215,0.877548,B,-0.0,-0.020486
7576.884,0.20941,183.438,2.6959,22,0.758,16.676,1.94053,8.06429,4501.661,3075.222,12135.814,0.019433,0.487512,82.051,101.483,0.59413,1.60169,0.944865,B,0.001,-0.013127
9617.653,0.70838,210.317,3.8939,24,0.7884,18.921,1.90113,9.67177,2268.057,7349.596,8831.528,0.100584,0.895941,84.022,105.332,0.23582,0.91826,0.966515,B,0.0,0.018397
11040.063,0.76161,217.063,2.4516,28,0.6569,18.394,1.89215,8.33167,2287.706,8752.358,5608.581,0.205213,0.907038,85.612,105.673,0.20722,0.50802,0.944165,B,-0.001,0.034074
8661.531,0.41624,212.31,3.9724,25,0.705,17.625,1.89845,9.02614,3707.449,4954.082,14727.637,0.039633,0.698072,83.28,104.106,0.42804,1.70035,0.959243,B,0.0,0.032407
12549.968,0.28312,215.298,3.739,27,0.8099,21.869,1.89447,11.02426,6197.77,6352.199,23173.602,0.013022,0.546661,83.021,103.225,0.49385,1.84651,0.977286,B,-0.001,-0.059878
10616.79,0.56915,204.395,1.8461,19,0.6715,12.758,1.9093,5.35195,3618.698,6998.091,6680.639,0.261289,0.728352,85.955,103.984,0.34085,0.62925,0.843524,B,0.001,-0.053529
7453.659,0.77229,134.588,1.4935,14,0.888,12.431,2.03279,5.28207,1227.429,6226.231,1833.104,0.681951,0.790103,88.795,100.914,0.16467,0.24593,0.854589,B,-0.001,-0.023917
7928.593,0.40937,152.264,1.0454,23,0.8098,18.625,1.99551,6.57663,3436.6,4491.992,3592.551,0.088645,0.654744,81.755,101.035,0.43344,0.45311,0.906142,B,0.001,-0.014101
7859.529,0.46448,134.025,2.3235,16,0.6151,9.841,2.03407,4.88507,2947.809,4911.72,6849.288,0.209652,0.617423,82.534,99.74,0.37506,0.87146,0.83071,B,0.0,-0.02892
9736.027,0.31752,197.025,0.921,26,0.7972,20.728,1.91984,6.48166,4799.921,4936.106,4420.585,0.066105,0.562003,83.136,102.575,0.49301,0.45404,0.89736,B,0.0,-0.021865
12461.554,0.43007,155.626,4.638,14,0.6125,8.575,1.98898,4.85041,5976.715,6484.838,27719.82,0.176325,0.66393,83.053,101.277,0.47961,2.22443,0.803363,B,0.001,0.017763
7673.706,0.59745,203.402,2.9993,21,0.6504,13.657,1.91069,6.63169,2066.473,5607.232,6198.05,0.20259,0.742965,85.148,104.039,0.26929,0.8077,0.908685,B,0.001,0.031762
7907.75,0.76938,190.235,4.066,21,0.8127,17.067,1.92997,9.00657,1130.254,6777.496,4595.607,0.215696,0.861721,84.88,104.258,0.14293,0.58115,0.95993,B,0.0,-0.037202
8270.354,0.32465,196.301,4.7946,24,0.7031,16.873,1.9209,9.11391,4220.86,4049.494,20237.432,0.024834,0.637153,82.567,103.04,0.51036,2.44698,0.960959,B,0.0,0.002338
10438.548,0.32311,171.986,1.8839,21,0.6581,13.82,1.95938,6.07246,5475.03,4963.518,10314.341,0.074517,0.59733,82.358,101.668,0.5245,0.9881,0.879039,B,0.0,-0.041773
9581.283,0.74119,188.935,2.1165,17,0.6029,10.25,1.93195,4.58402,1797.164,7784.119,3803.673,0.784317,0.731234,92.341,103.339,0.18757,0.39699,0.801516,B,0.0,-0.007603
9509.828,0.56182,185.555,4.6501,18,0.8305,14.949,1.93719,8.13558,3099.391,6410.437,14412.446,0.098498,0.78583,83.17,103.548,0.32591,1.51553,0.942861,B,0.0,0.014045
7869.622,0.51811,156.171,4.5768,26,0.8993,23.381,1.98794,13.18452,3126.751,4742.871,14310.552,0.012092,0.851703,80.908,102.545,0.39732,1.81845,0.990727,B,0.0,0.003722
11945.698,0.26337,160.072,1.6735,20,0.7988,15.975,1.9806,6.83388,6148.001,5797.697,10288.871,0.049536,0.490133,81.562,100.363,0.51466,0.8613,0.903202,B,0.0,-0.051519
9876.696,0.70289,212.367,3.716,19,0.7585,14.412,1.89837,7.27918,2149.224,7727.473,7986.557,0.251855,0.828336,86.083,104.968,0.21761,0.80863,0.922029,B,-0.001,-0.006034
12194.367,0.29442,207.51,2.6434,21,0.8889,18.668,1.90497,8.72873,6963.686,5230.681,18408.009,0.025893,0.651923,82.947,103.607,0.57106,1.50955,0.949778,B,0.0,-0.046439
7180.689,0.2335,214.449,1.6067,15,0.693,10.394,1.89559,4.09736,3958.198,3222.491,6359.716,0.092421,0.406796,84.043,102.268,0.55123,0.88567,0.781823,B,0.0,-0.026185
9746.201,0.57168,173.56,4.617,26,0.874,22.725,1.95671,12.53883,2845.239,6900.961,13136.604,0.024133,0.797436,81.752,103.065,0.29193,1.34787,0.987676,B,0.001,-0.030701
9210.5,0.60325,172.341,1.8749,14,0.7479,10.471,1.95878,4.59099,3027.004,6183.496,5675.184,0.359347,0.722652,86.131,102.512,0.32865,0.61616,0.804231,B,0.0,-0.026433
12047.88,0.2355,159.284,4.1824,23,0.689,15.847,1.98206,8.74943,7047.794,5000.086,29476.448,0.01999,0.539271,81.14,100.646,0.58498,2.44661,0.950346,B,-0.0,-0.011039
11152.853,0.66148,145.463,1.1476,15,0.7673,11.509,2.00924,4.2912,2882.878,8269.975,3308.282,0.58961,0.686529,88.074,100.868,0.25849,0.29663,0.769596,B,-0.0,0.037838
10125.545,0.40852,131.088,1.6491,15,0.8509,12.764,2.04084,5.6682,4353.815,5771.73,7179.901,0.131162,0.617737,81.357,99.561,0.42998,0.70909,0.861946,B,0.0,0.021385
7967.49,0.57817,219.198,2.4038,26,0.6411,16.668,1.88938,7.48927,2561.893,5405.597,6158.391,0.122773,0.794001,84.589,105.01,0.32154,0.77294,0.931721,B,0.0,-0.01702
11095.562,0.52924,181.907,3.8899,22,0.7808,17.178,1.94297,9.07682,3957.116,7138.445,15392.644,0.063939,0.787174,82.584,103.39,0.35664,1.38728,0.956914,B,0.001,0.002889
12375.843,0.27276,151.103,1.1417,15,0.8677,13.016,1.9978,4.80194,7153.872,5221.971,8167.634,0.094147,0.517455,81.778,100.066,0.57805,0.65997,0.800478,B,0.0,-0.015654
11659.732,0.51101,160.032,4.765,19,0.6859,13.032,1.98067,7.36151,4339.857,7319.875,20679.226,0.109591,0.74901,82.353,102.069,0.37221,1.77356,0.920177,B,0.0,-0.029193
12802.7,0.31376,213.381,1.1105,18,0.6193,11.148,1.89701,3.75589,7237.075,5565.625,8036.86,0.161616,0.511584,84.923,102.918,0.56528,0.62775,0.708824,B,0.0,0.063339
10547.908,0.23848,179.257,1.5602,19,0.771,14.649,1.94725,5.94916,5979.125,4568.783,9328.441,0.053306,0.480818,82.348,101.245,0.56685,0.88439,0.873296,B,0.0,-0.011242
8882.42,0.24801,138.965,1.2403,25,0.7866,19.665,2.02306,7.67136,4601.898,4280.521,5707.692,0.031563,0.480699,80.414,99.134,0.51809,0.64258,0.934065,B,0.001,0.037113
8326.018,0.27088,206.866,4.5971,27,0.8112,21.902,1.90586,11.60157,4636.677,3689.342,21315.49,0.007964,0.601307,82.69,103.247,0.55689,2.56011,0.983626,B,-0.001,-0.00191
11796.05,0.5111,132.786,2.1698,29,0.7671,22.245,2.0369,10.83289,4531.502,7264.548,9832.246,0.031634,0.810182,80.125,100.936,0.38415,0.83352,0.976223,B,0.0,0.005593
11871.026,0.32424,185.199,1.2855,15,0.8923,13.385,1.93775,4.98023,5374.449,6496.577,6908.714,0.132352,0.482987,83.604,101.533,0.45274,0.58198,0.815198,B,0.0,-0.019839
10808.393,0.31823,137.888,4.1234,28,0.6994,19.582,2.02542,11.12297,5319.432,5488.961,21933.911,0.0135,0.613547,80.126,99.947,0.49216,2.02934,0.979122,B,0.0,0.007018
11692.437,0.50132,204.587,3.3382,19,0.8086,15.364,1.90903,7.64414,3863.372,7829.065,12896.637,0.109806,0.694512,83.961,103.768,0.33042,1.10299,0.927627,B,0.0,0.0515
9915.854,0.35144,171.493,2.2756,20,0.663,13.261,1.96023,6.20062,4618.794,5297.06,10510.647,0.08591,0.582975,82.489,101.549,0.4658,1.05998,0.886135,B,0.0,-0.026416
12109.231,0.34921,148.355,1.8352,26,0.6458,16.79,2.00331,7.55125,5431.029,6678.202,9966.871,0.058906,0.585306,81.195,100.362,0.4485,0.82308,0.924346,B,0.0,-0.047337
11168.151,0.75457,193.012,3.5712,18,0.8423,15.162,1.92578,7.76234,2192.155,8975.996,7828.688,0.262949,0.874639,85.599,104.465,0.19629,0.70098,0.931599,B,0.0,-0.02943
8451.71,0.24566,165.721,3.9543,28,0.7222,20.221,1.97032,10.94574,4911.374,3540.336,19420.863,0.008743,0.574332,81.248,101.207,0.58111,2.29786,0.97932,B,0.0,-0.02132
10525.282,0.61696,190.649,2.4002,18,0.644,11.593,1.92934,5.3778,3065.784,7459.498,7358.494,0.327566,0.735901,86.371,103.446,0.29128,0.69913,0.845351,B,0.0,-0.020657
10936.837,0.25661,130.288,1.5843,20,0.8329,16.657,2.04272,7.29416,6461.386,4475.45,10236.979,0.034765,0.576896,80.045,99.241,0.59079,0.93601,0.919961,B,0.001,0.002455
8217.032,0.68635,133.942,3.285,28,0.7018,19.651,2.03426,10.69798,1982.905,6234.128,6513.916,0.063673,0.884401,80.603,101.497,0.24132,0.79273,0.977613,B,-0.001,0.033366
12614.674,0.214,151.156,2.2485,17,0.6166,10.483,1.9977,5.02106,7623.795,4990.879,17141.859,0.065871,0.440271,81.407,99.559,0.60436,1.35888,0.813972,B,0.0,0.013947
11833.302,0.72377,204.752,2.1513,15,0.7359,11.038,1.9088,4.87152,2844.914,8988.388,6120.221,0.577301,0.770127,90.137,104.274,0.24042,0.5172,0.808236,B,-0.0,0.017006
7871.566,0.47883,145.737,3.4876,25,0.6426,16.065,2.00867,8.70813,2983.543,4888.023,10405.38,0.05613,0.736843,81.044,101.216,0.37903,1.32189,0.955569,B,-0.0,-0.029852
8319.367,0.5511,195.43,2.147,20,0.8143,16.287,1.92218,7.26081,2778.904,5540.462,5966.29,0.1234,0.765621,83.839,103.851,0.33403,0.71716,0.925206,B,0.001,-0.007657
7012.763,0.66404,186.793,2.372,28,0.6509,18.224,1.93526,8.46395,1882.247,5130.517,4464.603,0.116436,0.864946,83.45,104.126,0.2684,0.63664,0.952937,B,-0.001,-0.026326
12636.414,0.68277,217.895,1.903,25,0.7729,19.323,1.89107,8.07036,3682.329,8954.085,7007.373,0.150009,0.90187,84.909,105.671,0.29141,0.55454,0.935976,B,0.0,-0.038743
8046.176,0.66993,169.849,1.5373,27,0.6311,17.04,1.96306,6.96383,1817.572,6228.604,2794.19,0.24399,0.794224,84.513,102.863,0.22589,0.34727,0.917729,B,0.0,-0.001488
12002.878,0.26521,170.794,3.3183,17,0.8072,13.722,1.96143,7.1035,6125.229,5877.649,20325.434,0.045849,0.493801,81.934,100.927,0.51031,1.69338,0.911776,B,0.0,0.058696
10069.627,0.54644,153.17,1.9526,19,0.7313,13.894,1.99374,6.34009,3164.805,6904.821,6179.47,0.189408,0.710078,83.123,101.45,0.31429,0.61367,0.891059,B,0.001,0.046106
7342.697,0.45954,178.651,1.4441,15,0.7357,11.036,1.94824,4.34877,3238.382,4104.315,4676.391,0.209287,0.65699,84.384,102.38,0.44103,0.63688,0.79914,B,0.0,0.017814
8268.553,0.58362,189.735,2.6431,14,0.7404,10.365,1.93073,4.94747,2861.31,5407.243,7562.593,0.283007,0.74269,85.752,103.45,0.34605,0.91462,0.832195,B,0.0,0.016839
8546.272,0.68417,170.246,1.2402,19,0.8863,16.839,1.96238,6.28467,2002.213,6544.059,2483.131,0.309583,0.79878,85.394,102.913,0.23428,0.29055,0.89399,B,0.0,-0.011641
11586.134,0.33649,179.904,1.6653,19,0.829,15.75,1.9462,6.55285,5893.079,5693.054,9813.875,0.069937,0.612414,82.591,102.144,0.50863,0.84704,0.894285,B,0.001,-0.032009
9205.884,0.47251,136.225,1.5724,26,0.6925,18.005,2.02911,7.7877,3677.665,5528.219,5782.8,0.075628,0.736544,80.869,100.659,0.39949,0.62816,0.93606,B,0.0,-0.038735
7851.636,0.41875,185.683,2.8243,28,0.7227,20.236,1.93699,9.88063,3636.441,4215.195,10270.392,0.026633,0.757022,82.226,103.363,0.46314,1.30806,0.970543,B,0.0,0.027893
12678.063,0.57637,159.991,2.6182,27,0.7233,19.53,1.98075,9.65888,4106.486,8571.577,10751.466,0.065413,0.821156,81.768,102.544,0.3239,0.84804,0.963239,B,0.0,0.03572
10087.116,0.61253,194.995,2.1231,24,0.7485,17.963,1.92283,7.98366,2718.716,7368.4,5771.984,0.139356,0.787122,84.035,103.974,0.26952,0.57221,0.938681,B,0.0,-0.037968
7399.531,0.21311,140.311,2.7122,29,0.6559,19.021,2.02013,9.77209,4041.336,3358.195,10960.787,0.011766,0.455406,80.215,99.046,0.54616,1.48128,0.969847,B,0.0,0.02154
12837.996,0.74126,154.231,3.666,18,0.6803,12.246,1.99167,6.62897,2741.773,10096.223,10051.381,0.370082,0.842056,85.553,102.378,0.21357,0.78294,0.893374,B,0.0,0.026925
11051.969,0.65397,157.576,4.5174,23,0.7185,16.525,1.98527,9.27849,2597.9,8454.069,11735.732,0.111561,0.820653,82.279,102.414,0.23506,1.06187,0.959901,B,0.0,-0.025242
9646.254,0.73824,184.141,3.2017,15,0.7769,11.654,1.93942,5.88204,1656.226,7990.028,5302.663,0.542891,0.778727,88.986,103.437,0.1717,0.54971,0.873736,B,0.0,0.049829
7874.354,0.37417,212.925,4.6745,26,0.734,19.084,1.89762,10.07059,3655.139,4219.214,17086.006,0.022233,0.679061,83.069,104.005,0.46418,2.16983,0.972418,B,0.001,-0.021347
11160.212,0.27707,141.168,4.7177,22,0.6394,14.067,2.01829,8.15104,5774.805,5385.407,27243.938,0.031959,0.539902,80.52,99.654,0.51745,2.44117,0.940314,B,0.0,0.010936
7581.89,0.478,181.872,4.727,26,0.766,19.915,1.94303,10.91878,3322.951,4258.938,15707.662,0.022146,0.833675,82.031,103.695,0.43827,2.07173,0.979695,B,0.001,-0.01679
12635.434,0.76228,136.156,2.3832,18,0.8093,14.568,2.02926,7.26219,1683.184,10952.25,4011.283,0.486121,0.804719,86.284,101.105,0.13321,0.31746,0.915048,B,0.0,0.023873
11509.045,0.66056,174.197,3.3597,15,0.6429,9.643,1.95563,4.98429,2678.414,8830.632,8998.644,0.518416,0.703679,88.3,102.477,0.23272,0.78188,0.817357,B,-0.001,-0.048202
11278.804,0.44484,218.543,1.0028,21,0.6485,13.618,1.89022,4.34139,4814.58,6464.224,4827.909,0.236784,0.599798,86.074,103.703,0.42687,0.42805,0.772781,B,0.0,0.019034
11621.686,0.74895,196.423,2.7776,29,0.6155,17.851,1.92072,8.56701,1732.075,9889.611,4811.045,0.262769,0.8341,85.712,104.345,0.14904,0.41397,0.94771,B,-0.0,0.001579
12182.699,0.2361,170.753,3.0643,18,0.8938,16.089,1.9615,8.1723,7018.744,5163.955,21507.28,0.024998,0.523027,81.657,101.117,0.57612,1.7654,0.939,B,0.0,-0.00722
9813.567,0.22232,203.153,1.1486,16,0.6683,10.693,1.91104,3.70224,5748.624,4064.943,6602.882,0.103289,0.390654,83.829,101.703,0.58578,0.67283,0.727848,B,0.0,-0.003652
11869.081,0.25144,182.905,4.2804,19,0.6963,13.23,1.94138,7.11456,6023.219,5845.861,25781.492,0.043378,0.465805,82.348,101.315,0.50747,2.17216,0.912449,B,0.001,0.05525
7661.069,0.50471,202.294,4.6213,17,0.6272,10.662,1.91226,5.68259,2933.383,4727.685,13556.049,0.167723,0.713795,84.651,103.8,0.38289,1.76947,0.872757,B,0.001,0.024424
11202.197,0.70314,169.697,3.1184,28,0.859,24.053,1.96333,12.28686,2552.41,8649.787,7959.347,0.043365,0.897833,81.859,103.539,0.22785,0.71052,0.985948,B,0.0,-0.036673
11506.902,0.38533,176.74,3.464,14,0.6261,8.765,1.95139,4.54703,5321.619,6185.282,18434.18,0.177334,0.56429,83.892,101.678,0.46247,1.60201,0.787166,B,0.001,-0.042216
8268.322,0.23761,210.934,1.1803,26,0.8548,22.225,1.9003,7.72412,4348.156,3920.166,5132.038,0.02869,0.469348,83.092,102.541,0.52588,0.62069,0.936505,B,0.0,-0.034677
7668.028,0.48159,136.914,2.8736,24,0.7451,17.881,2.02757,9.37632,3108.79,4559.238,8933.424,0.041499,0.781665,80.451,100.998,0.40542,1.16502,0.965064,B,0.0,0.037157
12500.878,0.30718,179.596,0.9847,22,0.8661,19.054,1.9467,6.29728,6507.478,5993.4,6407.942,0.070006,0.564697,82.58,101.815,0.52056,0.5126,0.881365,B,0.0,0.002199
12349.072,0.53436,203.55,2.4298,25,0.8327,20.818,1.91048,9.54754,4911.762,7437.31,11934.661,0.050881,0.853663,83.15,104.776,0.39774,0.96644,0.962128,B,0.0,-0.021615
7659.535,0.23525,194.313,0.9071,14,0.7621,10.67,1.92384,3.32077,4259.402,3400.133,3863.731,0.123029,0.37584,83.796,101.23,0.55609,0.50443,0.709186,B,0.0,-0.030347
10536.088,0.20162,208.426,1.5708,26,0.6405,16.652,1.90371,6.55051,6508.466,4027.621,10223.185,0.033494,0.473313,83.077,102.466,0.61773,0.9703,0.89738,B,0.001,-0.033876
8084.728,0.77352,203.833,4.3298,25,0.7744,19.36,1.91008,10.17816,1018.504,7066.224,4409.893,0.164197,0.86135,84.655,104.838,0.12598,0.54546,0.973258,B,0.0,-0.028541
8228.214,0.38418,130.344,3.7235,24,0.6856,16.454,2.04258,9.26363,3101.567,5126.647,11548.752,0.037709,0.593793,80.087,99.356,0.37694,1.40356,0.963002,B,0.0,-0.008838
12575.154,0.35202,205.61,3.7242,23,0.6039,13.889,1.9076,7.07136,6025.069,6550.085,22438.279,0.066614,0.614547,83.424,103.283,0.47912,1.78433,0.909333,B,0.0,0.016678
10976.781,0.69697,159.576,2.6609,19,0.688,13.071,1.98152,6.49731,3102.587,7874.194,8255.754,0.261156,0.868695,84.335,102.836,0.28265,0.75211,0.894091,B,0.0,-0.045114
11550.779,0.77951,131.569,2.9468,26,0.7088,18.429,2.03972,9.80804,1769.896,9780.883,5215.483,0.171942,0.88945,81.918,101.384,0.15323,0.45153,0.966201,B,0.0,0.021896
8692.805,0.79848,208.219,4.1459,26,0.6532,16.983,1.90399,8.81084,1392.447,7300.358,5772.914,0.219278,0.908954,85.523,105.333,0.16018,0.6641,0.95601,B,0.0,0.008338
11654.882,0.74137,167.125,1.9292,20,0.6524,13.047,1.96783,5.81693,2620.803,9034.078,5056.077,0.451816,0.825373,87.151,102.934,0.22487,0.43382,0.862959,B,0.001,-0.024921
11016.157,0.47497,168.921,2.8877,29,0.8143,23.614,1.96468,11.84534,4278.689,6737.467,12355.579,0.019948,0.763941,81.52,102.618,0.3884,1.12159,0.983688,B,0.001,-0.034475
9077.602,0.51073,180.212,2.2995,17,0.8682,14.76,1.9457,6.84686,3587.561,5490.041,8249.447,0.114401,0.769712,83.189,103.196,0.39521,0.90877,0.911474,B,0.0,0.032665
9977.419,0.79748,138.056,3.2077,21,0.7211,15.142,2.02505,8.14498,1698.012,8279.407,5446.641,0.270669,0.905518,83.529,101.884,0.17019,0.5459,0.942238,B,0.0,0.040826
8494.471,0.7104,133.984,1.0531,23,0.6593,15.164,2.03416,5.5229,1480.443,7014.028,1559.037,0.563218,0.741463,87.199,100.556,0.17428,0.18354,0.861825,B,0.0,0.01781
10567.012,0.59575,142.88,2.8476,14,0.8444,11.822,2.01464,6.12829,3214.603,7352.409,9153.998,0.233183,0.754272,83.254,101.168,0.30421,0.86628,0.880929,B,0.0,-0.009614
8121.663,0.60734,180.332,3.1905,25,0.6364,15.909,1.94551,8.06113,2216.279,5905.384,7070.949,0.125011,0.788357,83.333,103.325,0.27288,0.87063,0.943831,B,-0.0,0.000738
9691.995,0.21403,162.574,2.5207,23,0.7793,17.924,1.976,8.74017,6115.403,3576.591,15415.078,0.015772,0.553014,81.217,100.907,0.63097,1.5905,0.953502,B,0.001,0.020658
12131.96,0.33672,181.158,3.2952,24,0.6275,15.061,1.94417,7.68164,6176.954,5955.005,20354.413,0.047832,0.636377,82.344,102.36,0.50915,1.67775,0.927675,B,0.001,-0.010709
10947.057,0.52026,189.586,4.6873,22,0.8072,17.759,1.93096,9.63102,3788.09,7158.967,17755.838,0.053128,0.767445,82.712,103.607,0.34604,1.62197,0.964664,B,0.0,-0.0512
10613.444,0.40583,138.445,4.5663,15,0.8391,12.587,2.02419,7.2812,4269.694,6343.749,19496.838,0.080344,0.624893,81.034,100.055,0.40229,1.83699,0.920356,B,0.001,0.04534
7671.509,0.20831,148.473,3.0297,19,0.8652,16.438,2.00307,8.58544,4629.999,3041.51,14027.29,0.015905,0.501198,80.632,99.814,0.60353,1.82849,0.953917,B,0.0,0.013177
11930.085,0.36742,159.972,0.9848,18,0.7449,13.408,1.98078,4.54707,5441.407,6488.677,5358.866,0.173529,0.530017,83.194,100.621,0.45611,0.44919,0.784585,B,0.001,0.000798
10717.215,0.50425,157.31,1.8514,15,0.618,9.27,1.98578,4.12889,3598.473,7118.742,6662.211,0.361616,0.576346,85.569,100.788,0.33577,0.62164,0.759209,B,0.0,0.031775
12690.395,0.43617,213.532,1.3253,24,0.8678,20.826,1.89681,7.59898,6104.15,6586.245,8090.091,0.068572,0.776863,83.7,104.674,0.48101,0.6375,0.924379,B,0.0,-0.014236
12602.653,0.55694,140.262,1.2222,14,0.6093,8.53,2.02024,3.29894,4900.594,7702.059,5989.529,0.48666,0.601663,86.481,100.009,0.38885,0.47526,0.660217,B,0.0,-0.045438
12590.794,0.33427,165.375,4.205,22,0.6315,13.894,1.97094,7.61599,6435.654,6155.14,27061.904,0.049024,0.632511,81.766,101.574,0.51114,2.14934,0.925036,B,-0.0,0.029452
10206.531,0.77155,171.579,3.6184,23,0.8741,20.105,1.96008,10.60056,1737.479,8469.052,6286.886,0.111606,0.906944,82.832,103.692,0.17023,0.61597,0.975376,B,0.0,-0.019985
11618.17,0.25145,180.853,3.7868,15,0.8452,12.678,1.94466,6.67074,6493.532,5124.639,24589.879,0.045679,0.512182,82.305,101.526,0.55891,2.1165,0.898465,B,-0.001,0.022946
7609.788,0.62426,209.44,2.1792,24,0.805,19.32,1.90233,8.51642,2002.325,5607.463,4363.502,0.111781,0.807258,84.142,104.711,0.26312,0.57341,0.952885,B,0.0,-0.005
7268.476,0.34507,145.914,3.0602,20,0.7627,15.254,2.0083,8.01681,3695.603,3572.873,11309.204,0.037666,0.663024,80.808,100.738,0.50844,1.55593,0.944501,B,-0.0,0.033883
11717.789,0.761,183.215,1.5898,20,0.6342,12.685,1.94088,5.16377,3280.981,8436.809,5216.065,0.468966,0.874569,87.977,104.027,0.28,0.44514,0.82745,B,-0.001,-0.002717
11039.501,0.3857,190.304,1.2497,23,0.6152,14.149,1.92986,5.16752,4554.62,6484.882,5692.111,0.157982,0.545641,84.121,102.175,0.41257,0.51561,0.831011,B,-0.001,-0.029941
12682.074,0.54357,188.075,1.8685,21,0.6916,14.523,1.93328,6.23622,4421.449,8260.625,8261.562,0.189919,0.732863,84.465,103.312,0.34864,0.65144,0.878189,B,0.0,-0.028628
8826.384,0.71064,169.947,2.8799,18,0.814,14.652,1.96289,7.33469,1856.299,6970.085,5346.026,0.250218,0.833256,84.599,103.126,0.21031,0.60569,0.925948,B,0.0,0.036956
9969.977,0.76065,179.487,3.8336,29,0.6198,17.974,1.94688,9.49726,1948.478,8021.499,7469.749,0.140016,0.911404,83.501,104.098,0.19543,0.74922,0.964025,B,0.0,0.018635
11720.372,0.56586,209.33,4.1912,18,0.8477,15.258,1.90247,7.92316,3647.213,8073.16,15286.256,0.119455,0.767537,84.24,104.444,0.31119,1.30425,0.934308,B,-0.001,-0.037136
10653.874,0.52515,171.259,4.7372,25,0.6951,17.378,1.96063,9.66077,3662.128,6991.746,17348.2,0.05297,0.772466,82.046,102.788,0.34374,1.62835,0.965329,B,0.0,0.012945
12091.019,0.55561,212.289,1.4956,27,0.685,18.495,1.89847,7.1052,4208.67,7882.349,6294.351,0.141091,0.776936,84.619,104.625,0.34808,0.52058,0.911609,B,0.0,0.004905
9368.352,0.39654,211.397,1.2833,17,0.6097,10.365,1.89967,3.73817,4166.286,5202.066,5346.393,0.236416,0.524778,85.849,102.925,0.44472,0.57069,0.734859,B,0.0,0.01984
12070.975,0.51323,191.654,1.5455,16,0.7123,11.397,1.92782,4.54184,4078.597,7992.378,6303.489,0.329117,0.60719,86.426,102.641,0.33788,0.5222,0.783327,B,0.0,-0.041107
12167.784,0.22583,189.827,3.969,15,0.7179,10.768,1.93059,5.65818,7317.15,4850.634,29042.082,0.055202,0.483222,82.748,101.742,0.60135,2.3868,0.853005,B,0.0,-0.003716
12417.904,0.69493,150.595,3.9425,19,0.8263,15.699,1.99881,8.67288,3107.008,9310.896,12249.389,0.143138,0.879059,82.403,102.425,0.2502,0.98643,0.948464,B,0.0,0.016189
9387.679,0.66377,179.391,4.6869,18,0.6415,11.547,1.94703,6.34083,2278.466,7109.212,10679.001,0.29178,0.78299,85.5,103.246,0.24271,1.13756,0.89331,B,0.001,0.006976
12449.656,0.63989,184.693,4.6932,15,0.6756,10.135,1.93855,5.53013,3131.07,9318.585,14694.865,0.394252,0.72243,87.043,103.09,0.2515,1.18034,0.845047,B,0.001,-0.045593
8854.62,0.69859,133.752,3.4917,28,0.7276,20.372,2.03469,11.24959,1874.328,6980.292,6544.503,0.062142,0.869484,80.574,101.387,0.21168,0.73911,0.98117,B,0.0,0.022286
10563.431,0.3988,187.481,1.7167,23,0.6704,15.419,1.93419,6.42749,4869.108,5694.323,8358.791,0.092766,0.660476,83.162,102.807,0.46094,0.7913,0.892779,B,0.0,0.044932
12879.583,0.67444,164.539,3.9557,27,0.8485,22.908,1.97244,12.42087,2970.761,9908.822,11751.373,0.04111,0.864314,81.629,103.061,0.23066,0.9124,0.98594,B,0.0,0.044396
10866.929,0.46127,202.234,3.1208,14,0.6246,8.744,1.91234,4.29334,4369.029,6497.9,13634.739,0.261953,0.59528,85.893,103.015,0.40205,1.2547,0.771677,B,0.0,0.038174
10554.5,0.20798,132.849,3.8908,28,0.7195,20.147,2.03676,11.40117,6278.211,4276.289,24427.431,0.006573,0.503671,79.797,98.917,0.59484,2.31441,0.9812,B,0.0,0.015472
9165.925,0.35668,154.884,3.6555,19,0.7509,14.267,1.99041,7.7111,4496.419,4669.505,16436.825,0.047695,0.65421,81.325,101.173,0.49056,1.79325,0.934403,B,0.001,0.008559
10081.657,0.72719,215.861,3.3821,19,0.7175,13.632,1.89373,6.7183,1585.214,8496.443,5361.3,0.441521,0.780487,88.695,104.791,0.15724,0.53179,0.904531,B,0.0,0.011576
9943.594,0.29007,131.151,4.2447,21,0.6241,13.106,2.04069,7.56619,5392.249,4551.345,22888.549,0.037796,0.588943,80.127,99.375,0.54228,2.30184,0.929339,B,-0.0,0.05009
11065.513,0.41311,154.344,4.0102,25,0.8289,20.723,1.99145,11.42628,4677.173,6388.34,18756.329,0.018488,0.702034,80.916,101.46,0.42268,1.69503,0.981084,B,0.0,-0.029383
10239.055,0.73901,148.089,3.3701,29,0.7087,20.553,2.00385,11.01693,2306.857,7932.198,7774.415,0.069886,0.933612,81.328,102.646,0.2253,0.75929,0.978694,B,0.0,-0.048212
8910.615,0.38192,189.006,1.7991,25,0.8318,20.796,1.93185,8.8013,4304.935,4605.68,7744.984,0.035128,0.706059,82.454,103.176,0.48312,0.86919,0.955563,B,-0.0,0.036509
8144.888,0.54234,184.313,4.1599,17,0.8745,14.866,1.93914,7.93717,2504.43,5640.458,10418.25,0.103539,0.737173,83.193,103.17,0.30748,1.27912,0.941297,B,0.0,-0.000965
12923.971,0.52706,207.352,2.4033,21,0.6826,14.335,1.90519,6.52513,4212.324,8711.647,10123.374,0.17923,0.695242,84.966,103.887,0.32593,0.7833,0.889165,B,-0.0,0.030441
10716.094,0.66547,184.954,1.1044,23,0.6479,14.902,1.93814,5.17505,2664.324,8051.77,2942.52,0.446878,0.737807,87.747,103.204,0.24863,0.27459,0.833042,B,-0.0,-0.040975
8038.838,0.40051,133.998,3.6244,25,0.821,20.524,2.03413,11.42214,3791.906,4246.933,13743.265,0.01467,0.745019,79.959,100.58,0.4717,1.70961,0.982723,B,-0.001,-0.03803
9027.719,0.45535,149.006,2.2839,21,0.8904,18.698,2.00199,9.02667,3618.009,5409.71,8263.032,0.04683,0.728574,81.064,101.344,0.40077,0.9153,0.958784,B,-0.0,-0.033568
10900.972,0.76793,201.983,1.3332,24,0.7387,17.728,1.9127,6.56963,1944.766,8956.206,2592.856,0.443505,0.838375,88.282,104.609,0.1784,0.23786,0.896966,B,0.0,0.010778
8431.711,0.63,150.425,1.2789,22,0.7676,16.887,1.99915,6.5647,2479.723,5951.988,3171.293,0.205148,0.807001,83.215,101.94,0.29409,0.37612,0.904233,B,0.0,0.007448
12372.035,0.38117,217.268,2.6154,17,0.7638,12.984,1.89188,5.98873,5546.744,6825.291,14506.875,0.111963,0.599955,84.388,103.654,0.44833,1.17255,0.868311,B,0.0,-0.048979
10243.141,0.74962,173.149,1.5432,27,0.7233,19.529,1.95741,7.95862,2095.938,8147.203,3234.48,0.227677,0.883898,84.423,103.616,0.20462,0.31577,0.937853,B,0.0,-0.029957
11085.16,0.70237,206.969,1.4972,27,0.607,16.39,1.90572,6.33676,2875.118,8210.042,4304.516,0.304338,0.841755,86.606,104.838,0.25937,0.38831,0.887616,B,0.0,0.032264
10981.002,0.53636,158.593,3.0664,28,0.7022,19.661,1.98336,10.15295,3979.827,7001.175,12203.621,0.043607,0.81647,81.423,102.44,0.36243,1.11134,0.970534,B,0.0,-0.027436
7970.465,0.59022,215.716,2.6656,17,0.7233,12.297,1.89392,5.71087,2138.146,5832.318,5699.481,0.279967,0.703957,86.558,104.28,0.26826,0.71508,0.872753,B,0.001,0.016449
12592.884,0.51404,199.763,2.1216,22,0.8649,19.028,1.91587,8.40842,4335.541,8257.343,9198.35,0.084822,0.739409,83.474,103.863,0.34428,0.73044,0.94319,B,-0.0,-0.056898
12074.697,0.67346,137.349,2.7347,20,0.7419,14.838,2.02661,7.67454,3140.164,8934.532,8587.538,0.187457,0.844266,82.397,101.438,0.26006,0.7112,0.927612,B,0.001,0.058125
7875.922,0.67059,130.761,1.9859,20,0.8077,16.154,2.04161,7.66842,1981.364,5894.558,3934.701,0.170442,0.838708,81.859,100.999,0.25157,0.49959,0.936059,B,-0.0,-0.00606
10417.377,0.39011,173.29,3.698,25,0.6823,17.057,1.95717,9.01599,4621.814,5795.563,17091.518,0.037939,0.670962,81.924,102.217,0.44366,1.64067,0.956853,B,0.0,-0.026601
10167.597,0.52911,140.368,1.0078,27,0.616,16.633,2.02001,5.87001,3655.481,6512.116,3683.927,0.189555,0.71971,82.564,100.794,0.35952,0.36232,0.871199,B,0.0,0.027541
8857.519,0.63497,160.273,3.3077,23,0.6449,14.832,1.98022,7.78116,2802.78,6054.739,9270.789,0.127224,0.870005,82.595,102.881,0.31643,1.04666,0.936599,B,0.0,0.024753
9251.329,0.72339,188.293,3.4949,21,0.7285,15.298,1.93294,7.83918,2492.927,6758.402,8712.426,0.168818,0.927946,84.194,104.609,0.26947,0.94175,0.937114,B,0.0,0.035833
8555.164,0.61758,132.64,3.2877,22,0.8517,18.738,2.03724,10.22401,2671.513,5883.651,8783.174,0.052825,0.874006,80.398,101.348,0.31227,1.02665,0.97329,B,0.0,0.029233
10788.059,0.69703,191.898,4.2316,25,0.751,18.774,1.92745,9.96471,2668.397,8119.662,11291.59,0.088192,0.89712,83.254,104.565,0.24735,1.04667,0.968705,B,-0.0,-0.041677
9571.748,0.76542,197.451,4.722,24,0.8766,21.039,1.91922,11.31845,1419.929,8151.82,6704.936,0.096955,0.881856,83.558,104.705,0.14835,0.70049,0.981209,B,-0.001,0.00676
7602.541,0.33153,141.908,4.4059,20,0.635,12.7,2.01671,7.26079,4027.137,3575.404,17743.303,0.045751,0.653405,80.736,100.446,0.52971,2.33386,0.926899,B,0.0,0.038022
8363.047,0.45467,157.935,1.3235,29,0.7866,22.812,1.9846,8.90648,3320.207,5042.84,4394.439,0.048219,0.722276,81.457,101.784,0.39701,0.52546,0.957896,B,0.0,0.007214
7909.279,0.37999,150.085,2.8405,17,0.7913,13.452,1.99983,6.89553,4191.211,3718.068,11905.126,0.060158,0.740516,81.286,101.482,0.52991,1.50521,0.916107,B,0.0,0.023213
10776.992,0.27579,209.161,3.7408,28,0.7779,21.78,1.90271,11.05522,5725.439,5051.553,21417.792,0.011088,0.575806,82.804,103.172,0.53127,1.98736,0.978641,B,0.0,-0.011571
10325.204,0.21402,173.01,4.7708,23,0.837,19.25,1.95764,10.69019,6164.809,4160.395,29411.11,0.008584,0.518426,81.526,101.197,0.59706,2.84848,0.976052,B,-0.0,0.024501
9355.203,0.72124,191.561,4.7588,18,0.6442,11.595,1.92796,6.29001,1883.909,7471.294,8965.1,0.38859,0.805123,87.208,103.943,0.20138,0.9583,0.891503,B,0.0,-0.032226
10282.949,0.23139,180.767,1.9047,26,0.7627,19.831,1.9448,8.64973,6133.521,4149.428,11682.36,0.018951,0.545399,81.949,101.742,0.59647,1.13609,0.951148,B,0.0,0.041331
10772.842,0.56733,180.664,4.1988,22,0.7864,17.3,1.94497,9.29504,3819.793,6953.049,16038.479,0.063272,0.844252,82.53,103.709,0.35458,1.48879,0.960456,B,0.0,-0.055015
8299.006,0.40701,169.173,2.5078,27,0.7601,20.523,1.96424,9.90512,3642.652,4656.354,9134.969,0.02747,0.703932,81.629,102.234,0.43893,1.10073,0.970376,B,-0.0,-0.041802
7333.745,0.45246,137.771,2.4625,29,0.7567,21.944,2.02568,11.0166,3162.731,4171.014,7788.229,0.020421,0.780054,80.212,101.039,0.43126,1.06197,0.980536,B,-0.0,0.023978
12772.953,0.45195,166.333,1.4236,14,0.696,9.744,1.96923,3.87842,5311.476,7461.477,7561.661,0.302926,0.558027,85.155,101.13,0.41584,0.59201,0.721277,B,0.0,0.046304
8113.078,0.23675,138.175,2.9149,26,0.7103,18.467,2.02479,9.69984,4649.793,3463.286,13553.631,0.013071,0.537056,80.134,99.459,0.57312,1.67059,0.968356,B,-0.001,0.015246
8451.613,0.2343,148.364,1.5515,27,0.6835,18.455,2.00329,7.79708,4875.347,3576.266,7564.224,0.025286,0.519245,80.752,99.927,0.57685,0.895,0.937747,B,0.0,-0.023338
11225.203,0.45293,157.624,3.712,14,0.6773,9.482,1.98518,5.12178,4054.743,7170.461,15051.069,0.216475,0.586633,83.666,100.872,0.36122,1.34083,0.827357,B,-0.001,0.051656
12914.897,0.61841,161.807,4.3522,29,0.8984,26.054,1.9774,14.44449,3289.726,9625.171,14317.543,0.016827,0.824023,81.2,102.656,0.25472,1.10861,0.993069,B,0.0,-0.017049
7741.526,0.47867,152.806,2.1014,22,0.7743,17.035,1.99445,7.96854,3373.049,4368.477,7088.251,0.062969,0.799648,81.439,102.021,0.43571,0.91561,0.942682,B,0.0,-0.005168
9414.436,0.28465,149.102,1.5071,26,0.7334,19.069,2.0018,7.95577,5400.543,4013.893,8139.282,0.030108,0.627137,80.847,100.68,0.57364,0.86455,0.939326,B,0.0,-0.041156
12134.949,0.42998,146.532,1.7537,16,0.8403,13.445,2.00703,5.96512,5169.957,6964.992,9066.407,0.133121,0.650338,82.095,100.69,0.42604,0.74713,0.8681,B,0.0,-0.043442
7509.495,0.27936,206.903,3.6149,25,0.8516,21.29,1.90581,10.75496,3973.286,3536.209,14363.195,0.011327,0.580514,82.736,103.111,0.5291,1.91267,0.978547,B,0.0,0.028281
8502.019,0.45938,167.448,1.7943,17,0.8798,14.957,1.96726,6.49888,3475.966,5026.053,6237.048,0.110358,0.700764,82.657,102.128,0.40884,0.7336,0.901784,B,0.0,-0.020172
10682.307,0.64672,199.943,1.3499,18,0.814,14.652,1.91561,5.47137,2847.805,7834.501,3844.38,0.364759,0.74921,87.175,103.935,0.26659,0.35988,0.849639,B,0.001,0.012585
11975.392,0.29029,218.752,3.9301,20,0.8582,17.164,1.88995,8.70969,6548.083,5427.31,25734.581,0.026676,0.608348,83.307,103.768,0.54679,2.14896,0.949754,B,-0.001,-0.033302
7615.818,0.34629,213.375,4.5537,19,0.8573,16.289,1.89702,8.55163,3284.206,4331.612,14955.268,0.037378,0.580498,83.283,103.372,0.43123,1.96371,0.953453,B,0.0,0.032461
9498.133,0.25081,205.871,1.5513,22,0.8949,19.688,1.90724,7.72923,5270.782,4227.351,8176.302,0.029761,0.526419,82.946,102.712,0.55493,0.86083,0.934152,B,0.0,0.005109
10552.79,0.77906,214.299,1.6403,23,0.6201,14.263,1.89579,5.66794,1971.473,8581.318,3233.865,0.583105,0.824082,90.516,105.017,0.18682,0.30645,0.860171,B,-0.001,-0.028886
10282.305,0.23432,147.226,4.4522,20,0.6237,12.474,2.00561,7.089,6143.452,4138.854,27351.799,0.033083,0.53303,80.805,99.954,0.59748,2.66008,0.915644,B,-0.001,-0.027463
10213.248,0.38095,142.471,1.2498,26,0.8301,21.582,2.01551,8.40312,4645.928,5567.32,5806.647,0.044507,0.661715,80.745,100.533,0.45489,0.56854,0.946854,B,0.0,-0.018646
12958.1,0.54444,145.69,1.561,28,0.8984,25.154,2.00876,10.69441,3953.228,9004.872,6170.97,0.046013,0.763255,80.908,101.387,0.30508,0.47622,0.974216,B,0.0,-0.005494
12904.715,0.66287,178.651,1.4172,27,0.7646,20.644,1.94824,8.07233,3105.708,9799.007,4401.51,0.177535,0.816694,83.965,103.434,0.24066,0.34108,0.935543,B,0.0,-0.013661
8261.843,0.44508,215.237,1.9793,21,0.8749,18.372,1.89455,7.79913,3360.156,4901.687,6650.61,0.067671,0.703794,83.741,104.26,0.40671,0.80498,0.938163,B,0.0,0.018065
8533.841,0.32064,158.876,2.8805,29,0.8167,23.684,1.98283,12.03433,4603.008,3930.833,13259.133,0.00842,0.686244,80.971,101.595,0.53938,1.55371,0.985835,B,0.0,0.02289
9400.252,0.29112,196.379,4.2533,27,0.8958,24.186,1.92079,12.7821,4648.258,4751.994,19770.574,0.006594,0.56944,82.329,102.597,0.49448,2.1032,0.988801,B,0.0,-0.024714
7605.811,0.44003,168.249,4.3195,14,0.6715,9.401,1.96585,5.15957,3158.755,4447.056,13644.183,0.161613,0.637799,83.364,101.752,0.41531,1.79392,0.847469,B,0.0,-0.038727
7878.239,0.30907,159.435,3.6159,17,0.772,13.124,1.98178,7.03202,4000.32,3877.919,14464.575,0.048634,0.577729,81.524,100.908,0.50777,1.83602,0.9201,B,0.0,-0.010501
10390.091,0.71942,201.257,3.2745,19,0.7595,14.431,1.91373,7.17508,2495.885,7894.207,8172.801,0.245922,0.869126,85.65,104.782,0.24022,0.7866,0.917886,B,-0.001,-0.014317
12921.665,0.65677,160.52,1.5203,15,0.6651,9.976,1.97977,4.1101,3817.657,9104.008,5803.937,0.573685,0.691606,88.499,101.716,0.29545,0.44916,0.741928,B,0.0,0.042809
8762.698,0.40994,174.435,3.9017,23,0.7281,16.747,1.95523,8.93824,3964.665,4798.033,15469.065,0.038202,0.717117,81.97,102.577,0.45245,1.76533,0.957837,B,0.0,-0.028745
8190.753,0.40997,199.502,4.3222,14,0.8934,12.508,1.91625,6.60616,3624.007,4566.746,15663.685,0.086794,0.666425,83.492,103.37,0.44245,1.91236,0.906329,B,-0.0,0.027241
10699.12,0.38508,204.328,3.6847,15,0.6511,9.766,1.90939,4.96829,5164.599,5534.52,19030.15,0.143114,0.610877,84.393,103.205,0.48271,1.77867,0.820602,B,0.001,-0.020266
8785.033,0.36523,145.574,1.824,26,0.8011,20.827,2.00901,9.38475,4340.38,4444.653,7916.669,0.026677,0.695838,80.648,100.936,0.49407,0.90115,0.963912,B,0.0,0.010831
7081.565,0.44996,163.689,1.3463,20,0.6191,12.383,1.97397,4.83198,2622.19,4459.375,3530.294,0.204347,0.594381,83.75,101.237,0.37028,0.49852,0.831836,B,-0.0,0.016556
7562.225,0.67918,211.427,3.5451,20,0.6892,13.785,1.89963,6.899,1627.669,5934.556,5770.206,0.261466,0.793743,86.181,104.702,0.21524,0.76303,0.917139,B,0.0,0.01959
12266.516,0.74543,137.495,2.8074,22,0.77,16.941,2.02629,8.82156,2343.846,9922.669,6580.229,0.190048,0.876616,82.438,101.66,0.19108,0.53644,0.951285,B,0.001,0.015369
7652.356,0.58327,189.512,1.9606,21,0.6582,13.821,1.93107,6.02335,2596.755,5055.601,5091.214,0.194064,0.783177,84.57,103.708,0.33934,0.66531,0.887095,B,0.0,0.022597
10848.485,0.22789,142.147,3.1543,20,0.686,13.719,2.0162,7.30448,6474.756,4373.728,20423.233,0.030373,0.520299,80.544,99.581,0.59684,1.88259,0.920455,B,0.001,-0.042822
9512.293,0.28328,175.13,4.2635,28,0.8649,24.216,1.95407,13.14051,5479.547,4032.746,23361.858,0.004875,0.661561,81.556,102.243,0.57605,2.45596,0.990087,B,0.0,0.022093
11616.904,0.61485,135.394,3.6237,27,0.6945,18.752,2.03097,10.41258,3033.473,8583.431,10992.504,0.064528,0.809344,80.683,101.09,0.26113,0.94625,0.972595,B,0.0,-0.038901
10054.816,0.39559,215.969,2.188,23,0.7636,17.564,1.89359,7.69652,4385.371,5669.445,9595.403,0.061438,0.654063,83.681,103.96,0.43615,0.95431,0.932264,B,0.0,-0.017967
8385.388,0.6906,190.52,4.1452,18,0.8804,15.847,1.92953,8.3917,2063.751,6321.638,8554.577,0.141568,0.869839,83.912,104.324,0.24611,1.02018,0.949549,B,-0.001,-0.019425
8267.017,0.51845,130.91,1.1764,20,0.7166,14.332,2.04126,5.52784,3170.849,5096.168,3730.191,0.185116,0.725847,82.06,100.263,0.38355,0.45121,0.863049,B,0.0,0.021826
8411.446,0.49334,138.985,3.9487,24,0.7101,17.043,2.02301,9.58174,3030.557,5380.889,11966.672,0.045586,0.745522,80.601,100.883,0.36029,1.42267,0.966708,B,0.0,-0.019331
8402.262,0.25553,131.646,4.6755,20,0.8663,17.326,2.03954,10.17265,4855.069,3547.193,22699.978,0.011969,0.588904,79.81,99.405,0.57783,2.70165,0.972936,B,0.0,-0.036458
8504.922,0.58265,215.102,4.1604,27,0.6932,18.717,1.89473,9.64378,2834.875,5670.046,11794.266,0.057113,0.845411,83.597,105.189,0.33332,1.38676,0.967327,B,0.001,-0.034671
8796.198,0.65534,148.348,2.2634,24,0.7032,16.877,2.00333,8.13285,2315.164,6481.034,5240.133,0.139311,0.839671,82.256,102.041,0.2632,0.59573,0.944049,B,0.0,0.036286
10588.717,0.54885,152.216,3.2825,26,0.8558,22.25,1.99561,11.78367,3178.16,7410.556,10432.26,0.0301,0.771319,80.98,101.802,0.30015,0.98522,0.983539,B,0.001,0.052066
10166.626,0.38091,175.365,2.5477,22,0.8221,18.086,1.95368,8.69849,4575.986,5590.64,11658.344,0.040503,0.659543,82.035,102.241,0.4501,1.14673,0.95214,B,0.0,-0.039129
7412.306,0.34567,192.066,2.9111,20,0.7734,15.468,1.9272,7.5534,3428.109,3984.197,9979.663,0.049015,0.600925,82.743,102.617,0.46249,1.34636,0.934421,B,-0.0,-0.02053
9524.344,0.46456,182.468,2.7827,15,0.8244,12.365,1.94207,6.03789,3712.645,5811.699,10331.344,0.141962,0.67064,83.634,102.647,0.38981,1.08473,0.880881,B,0.0,0.016922
12579.881,0.27465,210.035,2.7,24,0.7751,18.601,1.90152,8.72335,7060.8,5519.081,19064.018,0.024889,0.594186,83.014,103.329,0.56128,1.51544,0.949137,B,-0.0,-0.032598
12637.575,0.23666,219.627,4.2988,26,0.6122,15.917,1.88882,8.21207,7903.667,4733.908,33976.3,0.023055,0.593293,83.286,103.702,0.62541,2.68851,0.939073,B,0.0,-0.005022
8918.033,0.20274,218.69,2.7585,19,0.6398,12.157,1.89003,5.68002,5007.467,3910.566,13812.88,0.047849,0.401067,83.585,102.397,0.5615,1.54887,0.867478,B,0.0,0.040748
7933.242,0.64114,197.5,2.4427,21,0.8454,17.754,1.91915,8.21161,1983.764,5949.478,4845.671,0.135809,0.809639,84.072,104.23,0.25006,0.61081,0.947032,B,0.0,-0.023648
8756.617,0.40543,145.22,4.5166,25,0.7109,17.771,2.00974,10.15598,3686.474,5070.143,16650.371,0.026509,0.680942,80.63,100.817,0.42099,1.90146,0.972474,B,0.0,-0.002824
7796.07,0.2047,130.494,1.7098,26,0.7429,19.316,2.04223,8.70293,4564.634,3231.436,7804.829,0.015524,0.47192,79.801,98.561,0.5855,1.00112,0.955596,B,0.0,0.014874
8551.415,0.21443,149.999,2.9323,25,0.8927,22.318,2.0,11.53585,4976.54,3574.875,14592.921,0.006217,0.504269,80.57,99.918,0.58196,1.70649,0.983126,B,0.0,0.042128
12548.774,0.28958,146.074,3.7063,18,0.7997,14.395,2.00797,7.90271,7298.151,5250.623,27049.196,0.033722,0.645208,80.763,100.63,0.58158,2.15553,0.932273,B,0.0,0.021762
12262.494,0.60324,187.192,1.7276,27,0.8265,22.315,1.93464,9.32741,3495.672,8766.822,6039.285,0.086351,0.809348,83.067,103.777,0.28507,0.4925,0.959194,B,0.0,-0.037744
9713.59,0.52661,167.721,2.501,14,0.8353,11.695,1.96678,5.65088,3511.805,6201.786,8783.183,0.199819,0.711651,83.848,102.213,0.36154,0.90422,0.862817,B,-0.001,0.041058
10298.762,0.59325,170.756,2.4711,14,0.6473,9.062,1.96149,4.34651,3310.485,6988.277,8180.512,0.406743,0.681597,86.696,102.164,0.32144,0.79432,0.77961,B,0.0,0.035318
11203.697,0.26334,187.778,1.0596,26,0.8197,21.313,1.93374,7.23109,6523.22,4680.478,6912.271,0.037297,0.578372,82.44,102.279,0.58224,0.61696,0.917537,B,-0.001,0.02761
11207.934,0.53915,145.494,2.8223,28,0.7496,20.99,2.00917,10.81362,3474.855,7733.079,9807.101,0.040931,0.763021,80.833,101.375,0.31004,0.87501,0.976463,B,0.0,0.026654
11161.954,0.74932,174.641,1.7036,21,0.8776,18.429,1.95489,7.7843,1690.108,9471.845,2879.286,0.335843,0.823096,85.907,103.286,0.15142,0.25796,0.932135,B,0.001,0.026698
11416.378,0.76656,169.544,3.3132,22,0.6506,14.313,1.96359,7.41878,2498.024,8918.354,8276.356,0.272189,0.905029,84.874,103.579,0.21881,0.72495,0.922305,B,0.0,0.035063
10545.907,0.33833,217.673,3.1417,24,0.846,20.303,1.89135,9.81502,5554.805,4991.102,17451.642,0.021033,0.691464,83.2,104.274,0.52673,1.65483,0.967255,B,0.0,-0.004852
7797.681,0.63945,187.523,1.3348,16,0.6714,10.743,1.93413,4.05138,2280.76,5516.922,3044.308,0.494521,0.699365,88.467,103.066,0.29249,0.39041,0.7738,B,-0.001,0.001245
11121.567,0.21551,214.83,2.2629,19,0.8015,15.229,1.89509,6.75161,6467.259,4654.308,14634.923,0.03606,0.464861,83.311,102.667,0.58151,1.3159,0.902701,B,0.0,-0.006727
11013.659,0.73711,217.07,1.352,15,0.8498,12.747,1.89214,4.67283,1874.595,9139.065,2534.498,0.869524,0.709947,94.381,104.372,0.17021,0.23012,0.799217,B,-0.001,0.021063
7974.08,0.24253,130.168,4.0455,26,0.641,16.667,2.043,9.54698,4707.164,3266.916,19042.872,0.013655,0.5723,79.761,99.203,0.59031,2.3881,0.966765,B,0.0,0.021271
8169.765,0.7594,154.939,1.9859,20,0.7203,14.407,1.9903,6.59508,1388.355,6781.41,2757.173,0.419937,0.828903,86.24,102.329,0.16994,0.33749,0.906027,B,0.0,-0.033186
10819.45,0.53791,204.851,1.1701,18,0.6945,12.501,1.90866,4.35718,4232.398,6587.052,4952.399,0.306597,0.68653,86.567,103.726,0.39118,0.45773,0.777032,B,0.0,0.04101
9315.032,0.41824,186.433,3.1204,20,0.6109,12.219,1.93582,6.11202,4144.693,5170.339,12933.302,0.108406,0.666608,83.332,102.801,0.44495,1.38843,0.884671,B,0.0,0.020054
11864.958,0.55863,204.301,3.8549,29,0.6489,18.819,1.90943,9.66492,3654.001,8210.957,14085.704,0.065037,0.77828,83.361,104.309,0.30797,1.18717,0.964145,B,0.0,0.052611
8663.184,0.40436,172.629,3.8147,22,0.6842,15.053,1.95829,8.01533,3847.967,4815.217,14678.84,0.052855,0.685256,82.096,102.279,0.44417,1.69439,0.941941,B,0.0,0.004446
10997.074,0.3961,130.061,3.5059,17,0.731,12.426,2.04325,6.90859,4498.825,6498.249,15772.393,0.088849,0.60881,80.748,99.438,0.40909,1.43424,0.908236,B,0.0,0.025935
10689.305,0.63304,169.567,3.0204,18,0.6792,12.226,1.96355,6.19768,2792.622,7896.683,8434.972,0.282611,0.756962,85.012,102.603,0.26125,0.7891,0.883366,B,0.0,0.042984
7663.364,0.38878,143.871,2.0462,27,0.8649,23.352,2.01255,10.97076,3371.156,4292.208,6898.206,0.017668,0.680262,80.453,100.736,0.43991,0.90015,0.980008,B,0.0,-0.024927
8670.606,0.7387,140.274,1.7214,19,0.7898,15.007,2.02021,6.67505,1919.685,6750.921,3304.561,0.30973,0.860679,84.146,101.719,0.2214,0.38112,0.907168,B,0.0,0.016682
9120.738,0.215,213.895,3.6926,29,0.6119,17.746,1.89633,8.93614,5536.484,3584.255,20443.801,0.015112,0.523768,83.005,103.018,0.60702,2.24146,0.957335,B,-0.001,-0.026749
8811.653,0.3721,158.738,4.2929,25,0.7543,18.857,1.98309,10.47114,4016.356,4795.297,17241.728,0.020159,0.666865,81.12,101.46,0.4558,1.9567,0.975306,B,0.0,0.034627
7545.973,0.37408,174.69,2.3944,18,0.8476,15.257,1.9548,7.21396,3754.418,3791.555,8989.561,0.055768,0.689283,82.212,102.405,0.49754,1.19131,0.925827,B,0.0,-0.033208
8413.017,0.24241,196.5,4.5867,17,0.8254,14.031,1.92061,7.51832,4875.528,3537.49,22362.543,0.028674,0.536988,82.625,102.388,0.57952,2.65809,0.93145,B,-0.001,0.008881
10223.318,0.50416,151.298,3.8405,19,0.8104,15.397,1.99742,8.45182,4152.9,6070.418,15949.391,0.064865,0.804697,81.4,101.972,0.40622,1.5601,0.947737,B,0.0,-0.037009
8356.469,0.38504,175.383,1.3355,24,0.8048,19.316,1.95365,7.39692,4122.766,4233.703,5505.75,0.055721,0.705721,82.237,102.547,0.49336,0.65886,0.928602,B,-0.0,0.037065
10814.743,0.72642,138.119,4.4822,15,0.8305,12.457,2.02491,7.18557,2202.904,8611.84,9873.806,0.295437,0.836661,83.859,101.433,0.20369,0.91299,0.917157,B,-0.001,0.035595
9490.235,0.68475,171.728,1.901,14,0.8633,12.086,1.95983,5.32893,2139.64,7350.595,4067.358,0.463195,0.749244,87.478,102.658,0.22546,0.42858,0.847492,B,0.0,-0.021334
9738.178,0.27926,186.2,2.9269,15,0.7123,10.685,1.93618,5.26186,5166.152,4572.026,15120.708,0.082807,0.501234,82.986,101.699,0.53051,1.55272,0.84269,B,0.0,0.03516
8241.841,0.74298,193.946,2.0561,26,0.8106,21.076,1.92438,9.2821,1499.99,6741.851,3084.171,0.150132,0.874883,84.142,104.508,0.182,0.37421,0.963224,B,0.0,-0.004301
11719.113,0.44549,162.1,3.5664,23,0.7793,17.923,1.97686,9.5397,5021.64,6697.473,17909.257,0.038785,0.750424,81.501,102.185,0.4285,1.52821,0.962694,B,-0.0,0.038864
7464.731,0.58366,189.776,4.7341,20,0.6969,13.938,1.93067,7.57008,2538.038,4926.693,12015.297,0.112109,0.826577,83.497,104.006,0.34,1.60961,0.934692,B,0.0,0.036873
12666.421,0.68379,186.485,1.3493,15,0.6628,9.942,1.93574,3.77124,2805.551,9860.87,3785.455,0.890715,0.624917,93.66,102.528,0.2215,0.29886,0.711477,B,0.0,0.000359
10536.059,0.62192,163.308,3.0483,28,0.8415,23.561,1.97466,12.07101,3488.447,7047.612,10633.723,0.027918,0.915941,81.406,103.34,0.3311,1.00927,0.985137,B,-0.0,-0.001433
12665.508,0.63382,153.472,0.9379,19,0.8461,16.076,1.99315,5.36646,2933.433,9732.075,2751.304,0.451756,0.688699,86.599,101.325,0.23161,0.21723,0.834921,B,-0.0,-0.013998
10295.316,0.51874,217.353,1.0286,26,0.752,19.552,1.89177,6.32013,3652.322,6642.994,3756.854,0.161498,0.715144,85.044,104.418,0.35476,0.36491,0.889554,B,0.0,0.052222
9109.594,0.71834,156.381,0.9035,18,0.8154,14.676,1.98754,4.78493,1766.361,7343.234,1595.829,0.675568,0.728633,89.675,101.744,0.1939,0.17518,0.817645,B,-0.001,-0.033833
9219.134,0.7356,147.223,3.2688,15,0.8043,12.065,2.00561,6.42974,2380.833,6838.301,7782.399,0.293068,0.889676,84.237,102.308,0.25825,0.84416,0.897112,B,0.0,-0.023276
12575.806,0.26128,154.083,0.969,14,0.7174,10.043,1.99196,3.40607,7245.271,5330.536,7020.901,0.148312,0.414821,82.619,99.55,0.57613,0.55829,0.672966,B,-0.001,0.027685
10125.224,0.24387,196.828,3.0072,18,0.8276,14.896,1.92013,7.29284,5696.741,4428.483,17131.132,0.033887,0.513999,82.704,102.25,0.56263,1.69193,0.92182,B,0.0,-0.042919
9366.283,0.7972,192.852,2.3322,24,0.8627,20.704,1.92602,9.49824,1404.489,7961.794,3275.616,0.187724,0.904718,84.601,104.657,0.14995,0.34972,0.96469,B,0.0,-0.03383
7935.907,0.71027,190.249,1.2198,16,0.6257,10.011,1.92995,3.61693,2020.591,5915.316,2464.647,0.737893,0.70083,91.774,103.197,0.25461,0.31057,0.735483,B,0.0,0.025798
7910.442,0.37257,154.845,2.9666,29,0.6221,18.04,1.99049,9.28762,3780.379,4130.062,11214.991,0.028314,0.68767,81.067,101.392,0.4779,1.41775,0.963681,B,0.001,0.035989
9495.918,0.38771,195.967,4.1285,22,0.7129,15.684,1.92139,8.24554,4767.372,4728.547,19682.244,0.042442,0.735813,82.788,103.677,0.50204,2.07271,0.945042,B,-0.001,-0.000788
9712.233,0.20819,178.994,2.7027,17,0.7711,13.109,1.94768,6.37877,5518.576,4193.657,14915.148,0.038958,0.430889,82.149,100.903,0.56821,1.53571,0.893673,B,0.0,-0.003567
11825.369,0.34953,149.552,1.7341,26,0.9,23.399,2.0009,10.29341,5908.462,5916.907,10245.642,0.020107,0.678474,80.735,101.043,0.49964,0.86641,0.971258,B,0.0,0.052221
7730.127,0.71444,143.313,2.4406,19,0.6266,11.905,2.01373,5.91145,1532.977,6197.15,3741.316,0.424063,0.786272,85.793,101.404,0.19831,0.48399,0.88229,B,0.0,-0.012416
9724.703,0.47217,164.031,1.3145,22,0.6616,14.555,1.97335,5.61901,4053.808,5670.895,5328.808,0.157181,0.697334,83.141,101.933,0.41686,0.54797,0.861231,B,-0.0,0.023526
7798.035,0.26053,203.733,3.0665,28,0.8105,22.694,1.91023,11.07618,4638.61,3159.425,14224.515,0.008475,0.630589,82.596,103.311,0.59484,1.82412,0.980649,B,0.0,0.011187
8523.737,0.36561,152.613,4.2763,15,0.6682,10.023,1.99483,5.60944,4056.279,4467.457,17345.759,0.103086,0.603977,81.96,100.719,0.47588,2.03499,0.865824,B,0.001,-0.023369
9958.769,0.68271,170.673,2.3903,19,0.6351,12.066,1.96164,5.73197,2567.511,7391.259,6137.187,0.355727,0.796299,86.02,102.917,0.25781,0.61626,0.865666,B,-0.001,-0.033952
12261.495,0.79176,190.734,3.8119,23,0.627,14.42,1.92921,7.50658,2328.469,9933.026,8875.797,0.321776,0.901936,86.298,104.545,0.1899,0.72388,0.922824,B,0.0,-0.037898
7793.838,0.63818,182.969,3.63,27,0.8542,23.063,1.94127,11.99441,2179.881,5613.957,7912.888,0.032014,0.873554,82.201,104.009,0.27969,1.01527,0.985969,B,0.0,-0.009769
8045.489,0.636,216.647,4.3972,27,0.7859,21.219,1.8927,11.02943,2135.757,5909.732,9391.255,0.047501,0.848675,83.518,105.271,0.26546,1.16727,0.980173,B,0.0,0.038606
11237.198,0.44108,162.014,1.097,28,0.74,20.719,1.97702,7.38774,5027.358,6209.84,5515.118,0.077038,0.7358,82.003,102.084,0.44739,0.49079,0.921861,B,0.0,0.005416
10163.311,0.52631,144.105,3.7022,14,0.8188,11.463,2.01206,6.30981,3293.917,6869.393,12194.683,0.179298,0.692704,82.597,100.832,0.3241,1.19987,0.889589,B,0.001,0.003473
7526.17,0.64735,147.33,4.4009,19,0.7456,14.166,2.0054,8.0322,2353.12,5173.05,10355.816,0.115256,0.889394,81.894,102.312,0.31266,1.37597,0.944334,B,0.0,-0.024681
11086.022,0.77431,163.768,3.2309,26,0.7709,20.043,1.97383,10.40748,2057.378,9028.644,6647.126,0.112806,0.925052,82.545,103.423,0.18558,0.5996,0.972963,B,0.0,-0.032077
12750.094,0.61923,163.291,2.8464,18,0.7676,13.816,1.97469,6.9566,3411.592,9338.502,9710.852,0.219488,0.765263,83.934,102.344,0.26757,0.76163,0.905157,B,-0.0,0.027147
11429.529,0.5484,219.04,2.2185,28,0.7768,21.751,1.88958,9.54057,3545.808,7883.721,7866.365,0.065381,0.765645,83.827,104.817,0.31023,0.68825,0.963014,B,0.0,-0.006334
12978.89,0.67386,146.594,2.4688,27,0.8559,23.108,2.0069,11.45633,3100.805,9878.084,7655.179,0.055733,0.867896,81.076,102.129,0.23891,0.58982,0.98024,B,0.001,-0.011941
11456.749,0.58427,165.495,2.2162,15,0.798,11.97,1.97073,5.59554,3853.226,7603.523,8539.347,0.255794,0.750737,84.5,102.36,0.33633,0.74536,0.852756,B,0.0,-0.0434
8973.582,0.34923,185.372,3.013,26,0.8501,22.102,1.93748,10.97514,4595.984,4377.599,13847.509,0.014186,0.700994,82.051,102.98,0.51217,1.54314,0.979195,B,-0.001,-0.025221
11802.076,0.72633,156.732,4.6277,14,0.7251,10.152,1.98687,5.73135,2567.959,9234.117,11883.815,0.473359,0.796686,87.02,102.211,0.21759,1.00693,0.858198,B,-0.0,-0.056379
10407.252,0.77109,181.299,3.0262,28,0.885,24.78,1.94395,12.38073,1890.182,8517.07,5719.98,0.056403,0.929698,82.462,104.303,0.18162,0.54961,0.986715,B,0.0,0.013064
7548.04,0.64043,154.246,1.6154,21,0.8887,18.663,1.99164,7.94162,1871.076,5676.964,3022.517,0.148552,0.802544,82.629,102.118,0.24789,0.40044,0.9425,B,0.0,0.025779
9174.596,0.58672,217.947,4.101,19,0.6194,11.768,1.891,6.02774,3095.097,6079.499,12693.145,0.205693,0.780703,85.646,104.874,0.33736,1.38351,0.88173,B,0.0,-0.00393
12677.654,0.26512,130.257,4.1026,21,0.7508,15.767,2.04279,9.05559,7132.083,5545.571,29259.957,0.021397,0.578568,79.867,99.25,0.56257,2.30799,0.954598,B,0.0,0.004526
10929.564,0.45254,187.74,1.2928,29,0.7636,22.146,1.93379,8.23478,4872.722,6056.843,6299.348,0.058442,0.769591,82.718,103.539,0.44583,0.57636,0.942425,B,-0.001,0.001412
9219.498,0.60401,138.318,2.2374,21,0.8341,17.515,2.02447,8.53777,2727.845,6491.653,6103.146,0.100432,0.815613,81.294,101.306,0.29588,0.66198,0.950803,B,0.0,0.02948
11251.026,0.22177,155.789,4.4185,14,0.797,11.158,1.98867,6.25521,6564.397,4686.629,29004.731,0.044167,0.47054,81.316,100.009,0.58345,2.57796,0.883804,B,0.0,-0.036096
11098.947,0.74315,136.856,1.5541,21,0.7585,15.928,2.0277,6.85123,1725.676,9373.27,2681.93,0.448828,0.79734,85.825,101.098,0.15548,0.24164,0.906097,B,0.001,-0.032346
7949.941,0.3961,208.543,2.974,18,0.7074,12.734,1.90355,6.13445,3458.709,4491.231,10286.17,0.099823,0.624261,83.956,103.467,0.43506,1.29387,0.890358,B,0.001,0.012566
9764.35,0.27893,151.656,3.8718,25,0.6785,16.963,1.99671,9.32202,4763.656,5000.694,18444.118,0.021734,0.523941,80.846,100.139,0.48786,1.88892,0.961986,B,0.0,-0.031769
11835.173,0.61948,202.559,1.047,20,0.8394,16.788,1.91188,5.56523,2658.436,9176.737,2783.515,0.414878,0.678753,87.922,103.58,0.22462,0.23519,0.849567,B,0.0,-0.01141
7698.102,0.71654,163.46,1.7755,16,0.6929,11.087,1.97439,4.82448,1740.306,5957.796,3089.906,0.545236,0.766577,88.241,102.361,0.22607,0.40139,0.827977,B,-0.0,0.011141
10285.83,0.54889,155.844,4.6588,16,0.7039,11.263,1.98857,6.37417,3528.304,6757.526,16437.742,0.173369,0.744954,83.023,101.823,0.34303,1.5981,0.891653,B,0.0,0.044669
7713.164,0.56135,180.566,2.3599,14,0.876,12.264,1.94513,5.73088,2526.32,5186.844,5961.968,0.214782,0.730144,84.527,102.952,0.32753,0.77296,0.874679,B,-0.0,0.033524
8649.375,0.61168,169.383,2.77,18,0.6982,12.567,1.96387,6.23186,2480.192,6169.183,6870.028,0.231098,0.764683,84.325,102.645,0.28675,0.79428,0.891664,B,0.0,0.012925
11598.725,0.71311,165.049,2.1615,29,0.6053,17.554,1.97152,8.14679,3175.505,8423.22,6863.731,0.157675,0.922507,83.188,103.471,0.27378,0.59177,0.939465,B,0.0,-0.010379
9146.189,0.73797,179.647,1.4533,20,0.8587,17.173,1.94662,6.77643,2078.017,7068.172,3020.025,0.295341,0.868102,85.557,103.819,0.2272,0.33019,0.909073,B,0.0,-0.004772
11934.496,0.73435,162.534,4.6542,17,0.815,13.855,1.97607,7.76758,2842.814,9091.682,13230.994,0.215159,0.896686,83.847,103.173,0.2382,1.10863,0.930208,B,-0.0,0.056154
11356.67,0.57306,153.101,3.5936,14,0.6811,9.536,1.99387,5.148,4001.787,7354.883,14380.976,0.279261,0.732916,84.306,101.597,0.35237,1.2663,0.828283,B,0.0,-0.001158
10814.122,0.58964,167.764,1.2652,23,0.6821,15.687,1.9667,5.92628,3337.255,7476.867,4222.351,0.245953,0.743036,84.459,102.422,0.3086,0.39045,0.871274,B,0.0,0.049669
7902.3,0.21324,201.278,0.9164,22,0.7475,16.444,1.9137,5.10364,4914.849,2987.451,4503.823,0.053841,0.475474,83.115,102.185,0.62195,0.56994,0.842963,B,0.0,0.01079
9713.174,0.28943,165.257,4.6921,16,0.7085,11.336,1.97115,6.3413,5548.045,4165.129,26032.049,0.054589,0.602233,81.835,101.368,0.57119,2.68008,0.892267,B,0.0,0.043589
12269.672,0.23971,173.012,2.3387,16,0.8883,14.213,1.95764,6.68788,7093.935,5175.737,16590.335,0.042624,0.509827,81.975,101.14,0.57817,1.35214,0.897191,B,0.0,0.060722
10796.024,0.25864,156.819,2.8357,17,0.8898,15.126,1.98671,7.67647,5392.615,5403.409,15291.646,0.036105,0.480735,81.252,100.131,0.4995,1.41641,0.930273,B,0.0,-0.024543
7412.131,0.66134,190.052,3.9566,19,0.6288,11.948,1.93025,6.27229,1782.16,5629.971,7051.308,0.282435,0.781286,85.755,103.719,0.24044,0.95132,0.897318,B,0.0,-0.023167
10012.532,0.20342,219.694,2.1499,24,0.7354,17.651,1.88873,7.66087,5800.184,4212.349,12469.707,0.024053,0.450389,83.301,102.762,0.57929,1.24541,0.9315,B,-0.001,0.04178
9801.328,0.56968,171.404,4.6686,15,0.8078,12.116,1.96038,6.71719,3250.094,6551.235,15173.238,0.162701,0.771585,83.5,102.79,0.3316,1.54808,0.905296,B,-0.001,-0.007666
9923.301,0.78889,144.379,4.0209,18,0.7844,14.119,2.01149,7.90206,1515.827,8407.474,6094.927,0.324253,0.872661,84.523,102.035,0.15275,0.6142,0.937214,B,0.0,0.006805
9487.279,0.51522,209.889,3.6648,14,0.8708,12.191,1.90171,6.15598,3443.498,6043.781,12619.78,0.162061,0.716442,84.82,104.13,0.36296,1.33018,0.885833,B,0.0,-0.03939
11882.053,0.57594,199.016,2.6174,26,0.8515,22.139,1.91695,10.42389,3982.679,7899.373,10424.416,0.047259,0.842493,82.954,104.511,0.33518,0.87732,0.972496,B,0.001,-0.034279
10193.65,0.21356,185.94,2.9757,16,0.891,14.257,1.93659,7.05261,5738.497,4455.152,17076.074,0.032326,0.447006,82.31,101.329,0.56295,1.67517,0.914789,B,0.001,-0.026435
12149.879,0.42386,213.25,4.3347,18,0.6665,11.997,1.89719,6.24247,5601.615,6548.265,24281.28,0.110091,0.69227,84.239,104.105,0.46104,1.99848,0.880251,B,-0.001,-0.007096
12721.071,0.23508,134.574,4.6311,23,0.8063,18.545,2.03282,10.81992,7116.075,5604.996,32955.496,0.010302,0.520464,79.929,99.133,0.55939,2.59062,0.975486,B,0.0,-0.039072
12371.248,0.31136,196.2,1.7762,29,0.7322,21.235,1.92105,8.86978,6689.81,5681.438,11882.194,0.027661,0.645413,82.601,103.09,0.54075,0.96047,0.951959,B,0.0,-0.009001
11618.887,0.672,170.188,3.9099,29,0.8728,25.31,1.96248,13.58895,2997.08,8621.808,11718.379,0.023489,0.897433,81.616,103.561,0.25795,1.00856,0.990984,B,-0.001,-0.001367
7128.82,0.50932,180.223,1.2127,25,0.6312,15.78,1.94568,5.75636,2546.126,4582.694,3087.713,0.173792,0.695743,83.973,102.709,0.35716,0.43313,0.87813,B,-0.0,-0.022999
7010.67,0.43806,215.33,2.0169,15,0.6092,9.139,1.89443,3.90344,2813.549,4197.121,5674.733,0.253451,0.561806,86.196,103.326,0.40132,0.80944,0.767802,B,0.0,0.029532
8029.294,0.62118,148.116,1.3167,17,0.6336,10.771,2.00379,4.25461,2312.059,5717.235,3044.209,0.457839,0.68723,86.451,101.022,0.28795,0.37914,0.787764,B,0.0,0.030657
10102.928,0.41347,141.957,3.082,23,0.6587,15.151,2.0166,8.02352,4364.817,5738.112,13452.553,0.057898,0.683947,80.899,100.65,0.43203,1.33155,0.939502,B,-0.001,-0.021023
8796.229,0.67224,142.175,4.0086,27,0.6814,18.398,2.01614,10.32473,2141.63,6654.599,8585.033,0.071732,0.8655,81.091,101.861,0.24347,0.97599,0.97402,B,0.0,-0.001855
7793.306,0.32555,197.59,2.5479,19,0.7633,14.502,1.91902,6.78854,4184.892,3608.413,10662.795,0.052606,0.642105,82.977,103.128,0.53699,1.3682,0.913229,B,0.001,-0.01969
12560.838,0.26713,200.177,4.3916,18,0.8304,14.947,1.91528,7.9119,7979.343,4581.495,35042.291,0.028397,0.682907,82.743,103.507,0.63526,2.78981,0.932468,B,0.0,0.052246
9579.077,0.78451,182.913,4.7185,22,0.7085,15.588,1.94136,8.53249,823.017,8756.06,3883.415,0.455021,0.815485,87.782,103.623,0.08592,0.40541,0.950167,B,0.0,-0.04391
8192.565,0.20552,217.227,4.4625,28,0.8277,23.175,1.89194,12.07134,5014.436,3178.129,22376.981,0.004645,0.522458,82.97,103.141,0.61207,2.73138,0.986167,B,0.0,0.004982
10069.34,0.59551,165.927,2.8315,22,0.707,15.553,1.96995,7.79314,3766.764,6302.576,10665.647,0.104289,0.889085,82.517,103.295,0.37408,1.05922,0.934488,B,0.0,0.03483
12889.895,0.38866,210.739,4.2727,21,0.7718,16.208,1.90056,8.43384,5629.332,7260.563,24052.293,0.050524,0.650827,83.375,103.731,0.43672,1.86598,0.943227,B,0.0,-0.000215
11337.669,0.54395,175.171,3.9785,14,0.8958,12.542,1.954,6.71386,3446.216,7891.453,13710.933,0.177541,0.703959,83.837,102.525,0.30396,1.20933,0.900789,B,0.0,0.021055
12547.705,0.68518,193.307,4.4853,23,0.7699,17.707,1.92534,9.48503,3725.202,8822.503,16708.751,0.089837,0.936561,83.324,104.887,0.29688,1.33162,0.961075,B,-0.0,-0.036692
7696.736,0.40517,163.866,3.7045,27,0.7498,20.245,1.97365,10.83858,3207.963,4488.773,11884.027,0.020376,0.680174,81.329,101.812,0.4168,1.54403,0.979039,B,-0.0,-0.025615
11446.24,0.70533,161.418,2.752,24,0.6225,14.94,1.97811,7.47481,2945.782,8500.458,8106.752,0.208979,0.877331,83.721,102.988,0.25736,0.70825,0.923748,B,-0.0,0.054565
9025.347,0.54049,201.94,4.0035,20,0.8524,17.049,1.91276,8.84695,3094.697,5930.65,12389.502,0.069181,0.786433,83.339,104.265,0.34289,1.37275,0.956112,B,0.0,-0.043305
9161.156,0.66051,216.758,4.1704,14,0.6237,8.732,1.89255,4.49308,2710.984,6450.172,11305.828,0.451516,0.748352,88.854,104.614,0.29592,1.2341,0.797712,B,0.0,-0.016619
9740.68,0.2628,212.793,2.9865,20,0.6009,12.017,1.8978,5.76795,5431.844,4308.836,16222.294,0.062105,0.515795,83.592,102.922,0.55765,1.66542,0.868216,B,0.0,0.029968
9776.54,0.77414,157.06,1.5232,24,0.6688,16.051,1.98625,6.6494,1645.438,8131.102,2506.369,0.445733,0.840601,86.669,102.519,0.1683,0.25637,0.903094,B,0.0,-0.027813
11745.611,0.64436,131.491,3.0731,29,0.8967,26.003,2.0399,13.98629,2744.896,9000.715,8435.343,0.021711,0.83424,79.931,101.015,0.2337,0.71817,0.992126,B,0.0,0.050985
8774.503,0.26904,142.247,2.5363,23,0.661,15.202,2.01598,7.64456,4201.067,4573.436,10655.342,0.037275,0.481938,80.639,99.334,0.47878,1.21435,0.933666,B,0.0,-0.015084
9768.795,0.36664,212.352,4.504,17,0.7493,12.738,1.89839,6.68153,4150.967,5617.828,18696.048,0.082659,0.576466,83.849,103.305,0.42492,1.91385,0.9042,B,0.0,0.029382
9598.834,0.71039,219.645,2.7903,20,0.7327,14.654,1.8888,6.86021,2152.493,7446.341,6006.047,0.283625,0.833756,86.726,105.29,0.22425,0.62571,0.91047,B,0.0,-0.016629
10735.298,0.43121,213.486,4.6543,14,0.6234,8.727,1.89687,4.59902,4880.708,5854.59,22716.411,0.193832,0.629093,85.352,103.697,0.45464,2.11605,0.795633,B,0.0,0.048871
10351.569,0.73869,202.854,3.9388,29,0.7915,22.954,1.91146,11.86021,1927.362,8424.207,7591.444,0.063135,0.893243,83.289,105.008,0.18619,0.73336,0.984086,B,0.0,0.052571
7284.444,0.35486,210.714,2.8054,25,0.6212,15.53,1.90059,7.35225,3427.297,3857.147,9614.905,0.052848,0.623214,83.404,103.548,0.4705,1.31992,0.92993,B,0.0,0.003996
12123.849,0.61433,191.197,4.1592,16,0.7274,11.638,1.92851,6.16158,3455.902,8667.947,14373.927,0.265295,0.753494,85.568,103.586,0.28505,1.18559,0.876903,B,0.0,-0.035422
10855.415,0.53312,155.242,2.8916,20,0.8086,16.172,1.98972,8.26699,3962.26,6893.155,11457.143,0.082971,0.791874,81.805,102.101,0.365,1.05543,0.943194,B,0.0,-0.024052
7912.73,0.67239,190.513,2.0566,29,0.7356,21.333,1.92955,9.43464,1818.41,6094.321,3739.786,0.100943,0.842893,83.375,104.146,0.22981,0.47263,0.9655,B,-0.001,0.024253
9974.76,0.25686,214.505,4.737,14,0.8211,11.495,1.89552,6.0698,5562.267,4412.493,26348.622,0.055003,0.511311,83.551,102.96,0.55763,2.64153,0.88059,B,0.0,0.019273
12401.733,0.61137,185.916,1.5512,25,0.7638,19.094,1.93663,7.67338,3982.553,8419.18,6177.713,0.139145,0.834754,83.719,103.887,0.32113,0.49813,0.926913,B,0.0,-0.049015
12296.592,0.37765,186.843,0.9586,14,0.7113,9.958,1.93518,3.21776,6215.744,6080.849,5958.418,0.258947,0.498993,85.333,101.713,0.50549,0.48456,0.653402,B,-0.001,-0.041378
9421.925,0.69452,210.803,3.5478,18,0.6709,12.076,1.90048,6.04912,2369.994,7051.93,8408.158,0.326585,0.818178,87.021,104.838,0.25154,0.8924,0.881718,B,0.001,-0.023123
8429.478,0.34578,217.485,1.0225,17,0.6126,10.414,1.8916,3.35617,3802.505,4626.972,3888.207,0.225646,0.444515,85.895,102.637,0.4511,0.46126,0.705631,B,0.001,-0.033599
12710.91,0.59962,177.085,3.5187,17,0.8996,15.294,1.95082,7.95819,3556.461,9154.45,12514.091,0.142995,0.777012,83.452,103.098,0.2798,0.98452,0.933275,B,-0.001,0.04221
11411.168,0.64215,194.716,1.3946,28,0.6779,18.981,1.92324,7.22996,3843.076,7568.093,5359.705,0.15824,0.887876,84.275,104.627,0.33678,0.46969,0.917009,B,-0.001,0.025044
10979.996,0.40917,158.825,4.2576,14,0.6632,9.285,1.98292,5.14739,5016.262,5963.734,21357.055,0.152156,0.625348,82.866,101.191,0.45685,1.94509,0.830111,B,0.0,0.021473
9453.379,0.55762,133.844,1.2636,20,0.7076,14.151,2.03448,5.61059,3511.392,5941.987,4436.911,0.207223,0.764686,82.493,100.701,0.37144,0.46935,0.861964,B,0.0,-0.002258
12191.282,0.64836,202.075,3.3717,17,0.6847,11.639,1.91257,5.82107,2631.857,9559.426,8873.945,0.417288,0.711984,87.939,103.779,0.21588,0.72789,0.861059,B,-0.001,-0.061107
8157.363,0.75885,186.829,3.9632,24,0.7578,18.187,1.93521,9.58788,1286.826,6870.537,5099.892,0.158526,0.871288,84.007,104.169,0.15775,0.62519,0.967045,B,0.0,0.003092
11968.123,0.228,169.177,3.7651,27,0.8956,24.181,1.96423,12.89858,6766.792,5201.331,25477.684,0.004676,0.518544,81.329,101.011,0.5654,2.1288,0.988405,B,0.0,-0.028457
11801.532,0.3185,211.443,1.3615,26,0.7608,19.78,1.89961,7.31761,6194.762,5606.769,8434.41,0.049384,0.615841,83.382,103.528,0.52491,0.71469,0.918612,B,0.001,-0.012412
10133.518,0.67386,164.774,3.0887,24,0.8057,19.337,1.97201,9.91941,2611.42,7522.098,8065.82,0.081547,0.879489,82.172,103.173,0.2577,0.79595,0.968814,B,0.0,0.016525
9183.729,0.27649,160.064,4.0647,23,0.866,19.918,1.98061,10.92431,4429.976,4753.753,18006.304,0.012218,0.522768,81.069,100.578,0.48237,1.96067,0.978684,B,0.0,-0.026164
11117.47,0.70404,171.334,1.4697,22,0.6783,14.923,1.9605,5.97842,2188.415,8929.054,3216.247,0.456098,0.764813,87.37,102.742,0.19684,0.2893,0.872479,B,0.001,-0.044703
9329.838,0.20783,162.002,1.8984,20,0.609,12.179,1.97704,5.43721,5473.859,3855.979,10391.387,0.05176,0.429379,81.669,100.062,0.5867,1.11378,0.853881,B,0.0,0.016883
9481.622,0.51788,151.036,2.7727,19,0.6364,12.092,1.99794,6.15074,3520.508,5961.114,9761.487,0.159504,0.729537,82.638,101.462,0.3713,1.02952,0.885643,B,0.0,-0.045931
8617.849,0.65735,188.364,2.874,16,0.6717,10.747,1.93283,5.25398,1918.407,6699.443,5513.555,0.450031,0.716718,87.909,103.218,0.22261,0.63978,0.847599,B,-0.001,-0.010969
11699.61,0.31108,149.514,1.9405,17,0.8923,15.169,2.00097,6.94334,5931.043,5768.567,11508.955,0.056768,0.572555,81.217,100.342,0.50694,0.9837,0.90749,B,0.0,-0.000649
7922.944,0.60164,144.823,2.5831,21,0.7139,14.992,2.01057,7.54822,2348.15,5574.794,6065.513,0.135581,0.797941,82.052,101.567,0.29637,0.76556,0.933211,B,0.0,0.038804
9970.512,0.30579,168.062,1.758,24,0.8269,19.845,1.96618,8.55222,5177.41,4793.101,9101.782,0.02949,0.604234,81.613,101.521,0.51927,0.91287,0.949921,B,0.001,0.046454
9652.101,0.62276,219.769,2.4828,15,0.6129,9.194,1.88864,4.16743,2701.259,6950.842,6706.578,0.512105,0.665767,89.745,104.186,0.27986,0.69483,0.769866,B,0.0,-0.027047
12916.412,0.25977,133.795,2.33,19,0.8704,16.537,2.03459,8.21898,7708.877,5207.535,17961.838,0.026659,0.604841,80.107,99.643,0.59683,1.39062,0.938749,B,0.0,0.054716
7661.667,0.69362,183.236,3.8117,24,0.6238,14.972,1.94085,7.865,1709.821,5951.846,6517.334,0.184248,0.839949,84.22,103.799,0.22317,0.85064,0.94072,B,0.0,0.007269
10392.953,0.61983,172.79,3.9776,29,0.689,19.982,1.95802,10.72904,3173.818,7219.136,12624.061,0.048048,0.871212,82.039,103.514,0.30538,1.21468,0.976328,B,-0.001,-0.029462
8330.516,0.68632,196.585,1.7933,26,0.6209,16.142,1.92049,6.76281,1554.968,6775.548,2788.452,0.327487,0.76867,86.572,103.92,0.18666,0.33473,0.910933,B,0.0,0.007455
12702.544,0.51793,218.488,3.0659,22,0.7982,17.56,1.8903,8.43105,4493.81,8208.734,13777.405,0.082767,0.756153,84.039,104.733,0.35377,1.08462,0.943466,B,-0.0,0.030601
7754.303,0.53526,213.977,3.0302,28,0.6376,17.853,1.89622,8.58909,2550.938,5203.365,7729.935,0.075084,0.760857,83.8,104.586,0.32897,0.99686,0.953853,B,0.0,0.016911
12498.383,0.64541,211.974,1.0187,23,0.6712,15.439,1.8989,4.99598,2787.026,9711.357,2839.031,0.541422,0.675258,89.893,103.942,0.22299,0.22715,0.812938,B,0.0,-0.047324
10873.697,0.60783,133.758,3.5708,16,0.6426,10.282,2.03468,5.70553,3156.617,7717.081,11271.552,0.291687,0.737149,83.604,100.514,0.2903,1.03659,0.860691,B,-0.001,-0.023437
8144.64,0.43646,168.248,4.6764,26,0.8648,22.485,1.96585,12.52091,3117.126,5027.514,14577.016,0.013458,0.698725,81.409,102.154,0.38272,1.78977,0.988199,B,0.0,0.009573
9486.792,0.59002,180.087,3.2887,24,0.8319,19.966,1.9459,10.19289,2503.134,6983.658,8232.175,0.062146,0.779225,82.494,103.253,0.26385,0.86775,0.972209,B,-0.0,-0.003655
8654.463,0.29583,191.321,1.6543,19,0.6959,13.223,1.92832,5.41151,4366.734,4287.729,7223.954,0.084657,0.510888,83.188,101.99,0.50456,0.83471,0.855609,B,0.0,0.025896
9864.667,0.55858,201.418,2.3343,27,0.8293,22.392,1.9135,10.17312,3214.918,6649.75,7504.689,0.048516,0.805182,83.049,104.367,0.3259,0.76076,0.971693,B,-0.001,-0.028273
11948.284,0.62148,201.678,2.0068,14,0.7646,10.705,1.91313,4.63501,3370.355,8577.929,6763.506,0.460459,0.684748,88.495,103.583,0.28208,0.56607,0.791006,B,0.0,-0.01048
9885.47,0.32257,215.174,2.7571,24,0.7152,17.166,1.89463,8.04981,5173.15,4712.32,14263.062,0.03671,0.636394,83.33,103.812,0.52331,1.44283,0.940446,B,0.0,-0.042453
12910.819,0.33658,179.536,1.2642,26,0.8343,21.693,1.9468,8.06886,6410.998,6499.821,8104.962,0.043751,0.625413,82.232,102.212,0.49656,0.62777,0.935454,B,0.0,-0.036666
12469.646,0.63305,175.077,1.164,28,0.854,23.912,1.95416,8.61709,3360.433,9109.213,3911.51,0.123628,0.820983,83.122,103.293,0.26949,0.31368,0.947372,B,0.0,-0.043227
8297.614,0.34898,179.116,4.5896,26,0.7048,18.324,1.94748,10.02862,4192.681,4104.933,19242.844,0.019594,0.685414,81.897,102.589,0.50529,2.31908,0.97163,B,0.0,-0.028605
7795.945,0.43206,155.746,3.4893,24,0.815,19.561,1.98875,10.45259,3506.41,4289.535,12234.958,0.023121,0.766333,81.036,101.959,0.44977,1.5694,0.975931,B,0.0,0.032066
11103.686,0.79508,212.516,0.9159,19,0.8597,16.335,1.89817,5.00464,1295.056,9808.63,1186.141,0.95,0.774625,95.303,104.619,0.11663,0.10682,0.860641,B,0.0,0.005451
9159.422,0.50104,164.967,4.6519,24,0.6817,16.361,1.97167,9.14196,3358.888,5800.534,15625.281,0.054306,0.759734,81.82,102.393,0.36671,1.70592,0.960253,B,0.0,-0.033871
8592.429,0.27713,176.882,4.5622,17,0.6329,10.759,1.95115,5.89871,4472.737,4119.692,20405.465,0.064694,0.507766,82.411,101.311,0.52054,2.37482,0.878482,B,0.0,0.021073
12552.979,0.68399,186.915,4.4777,29,0.779,22.592,1.93507,12.19123,3036.119,9516.861,13594.853,0.042699,0.888573,82.481,104.287,0.24186,1.083,0.984901,B,-0.001,0.047132
10470.469,0.79151,184.758,1.913,16,0.7427,11.882,1.93844,5.16498,2050.509,8419.959,3922.725,0.672288,0.820544,90.716,103.741,0.19584,0.37465,0.833661,B,0.001,0.001486
8611.319,0.39058,214.222,3.4637,25,0.7049,17.623,1.89589,8.74795,3382.543,5228.775,11716.145,0.0446,0.614396,83.405,103.63,0.3928,1.36055,0.955146,B,0.001,0.009112
10380.025,0.53137,203.848,3.919,15,0.8731,13.096,1.91006,6.7519,3756.15,6623.875,14720.202,0.139788,0.753429,84.333,104.126,0.36186,1.41813,0.904805,B,0.0,-0.050329
10302.298,0.55231,166.365,4.2188,28,0.8253,23.108,1.96918,12.65812,3349.576,6952.723,14131.203,0.020416,0.808564,81.427,102.785,0.32513,1.37166,0.987982,B,-0.001,-0.044255
11795.575,0.53531,203.919,4.7934,22,0.6673,14.681,1.90996,7.86005,3719.38,8076.195,17828.431,0.114258,0.729219,83.998,103.97,0.31532,1.51145,0.932697,B,0.0,0.005492
9473.614,0.28109,155.078,4.4233,27,0.6921,18.687,1.99004,10.48818,4645.163,4828.451,20546.8,0.014362,0.537685,80.893,100.414,0.49033,2.16884,0.974947,B,0.0,0.038652
10024.986,0.25252,173.368,2.4844,14,0.8206,11.488,1.95703,5.49967,5513.514,4511.472,13697.933,0.067036,0.479199,82.311,100.955,0.54998,1.36638,0.853998,B,0.0,0.012669
7913.163,0.44063,132.091,1.6149,22,0.6807,14.975,2.03851,6.58675,3651.624,4261.539,5897.143,0.08926,0.741715,80.852,100.441,0.46146,0.74523,0.906521,B,0.0,-0.014345
12092.496,0.56022,213.935,2.6102,26,0.659,17.134,1.89628,7.92713,3646.384,8446.112,9517.811,0.12317,0.748905,84.433,104.506,0.30154,0.78708,0.933703,B,0.0,-0.002516
12515.375,0.26393,217.572,2.9017,21,0.6568,13.793,1.89149,6.53816,7148.642,5366.733,20743.096,0.050406,0.548354,83.584,103.326,0.57119,1.65741,0.890913,B,0.0,-0.021032
7012.882,0.32592,153.448,1.5792,18,0.6224,11.203,1.99319,4.73138,3918.079,3094.803,6187.464,0.101385,0.61018,81.973,100.805,0.5587,0.8823,0.826203,B,0.0,0.017167
11532.593,0.72533,142.424,1.8247,21,0.7764,16.304,2.01561,7.38196,2662.58,8870.013,4858.292,0.248087,0.868589,83.43,101.896,0.23087,0.42127,0.921034,B,0.0,-0.011525
12839.026,0.39224,141.736,2.2589,28,0.6753,18.907,2.01707,9.19549,5904.822,6934.204,13338.338,0.037036,0.69471,80.613,100.709,0.45991,1.03889,0.956574,B,0.0,0.02771
12154.198,0.41549,137.081,4.2741,16,0.7956,12.729,2.0272,7.28964,5365.741,6788.458,22933.617,0.078129,0.682155,80.942,100.352,0.44147,1.88689,0.916986,B,-0.001,-0.052819
11796.952,0.75652,214.759,2.879,23,0.8856,20.369,1.89518,9.6649,2185.508,9611.445,6292.059,0.146132,0.895309,84.762,105.505,0.18526,0.53336,0.964214,B,-0.001,0.04426
8291.96,0.72896,192.969,2.2448,22,0.8919,19.622,1.92584,8.89649,2259.325,6032.635,5071.83,0.112783,0.959728,83.616,105.025,0.27247,0.61166,0.957844,B,0.0,0.004987
12944.587,0.20394,194.131,2.3632,26,0.6014,15.636,1.92411,7.19057,8231.755,4712.831,19453.245,0.028176,0.510942,82.538,102.114,0.63592,1.50281,0.912143,B,0.001,-0.002153
9239.403,0.69715,154.6,2.749,24,0.754,18.095,1.99096,9.13675,1859.698,7379.704,5112.307,0.138258,0.837994,82.508,102.371,0.20128,0.55332,0.960083,B,0.001,-0.015998
12146.523,0.51277,215.044,1.9543,23,0.7061,16.241,1.89481,6.86643,4604.885,7541.638,8999.236,0.130179,0.74638,84.56,104.533,0.37911,0.74089,0.903754,B,-0.0,-0.014496
11670.056,0.42525,201.349,4.1974,27,0.7682,20.741,1.9136,10.87066,4741.496,6928.559,19902.081,0.024471,0.699511,82.73,103.666,0.4063,1.7054,0.976619,B,0.001,0.058931
10640.302,0.4828,160.366,2.6123,23,0.7194,16.547,1.98005,8.17433,4381.928,6258.374,11446.802,0.068359,0.77298,81.822,102.245,0.41182,1.0758,0.94169,B,0.0,-0.004345
12789.909,0.3054,139.237,4.1346,17,0.7368,12.525,2.02246,7.10356,6822.868,5967.041,28209.966,0.051631,0.595562,80.692,99.908,0.53346,2.20564,0.909813,B,0.0,0.023839
12744.257,0.61367,180.826,4.3546,26,0.6064,15.766,1.94471,8.52792,3512.792,9231.466,15296.944,0.121811,0.800834,83.309,103.43,0.27564,1.2003,0.945287,B,-0.001,-0.000356
9662.202,0.48952,161.964,2.3772,18,0.6907,12.433,1.97711,5.96553,3745.315,5916.887,8903.433,0.154936,0.701302,83.029,101.854,0.38763,0.92147,0.877313,B,0.0,0.032311
9834.758,0.28742,215.129,4.3363,26,0.6194,16.104,1.89469,8.36261,5710.017,4124.741,24760.515,0.026385,0.648791,83.192,103.892,0.5806,2.51765,0.946703,B,0.0,-0.047492
12418.32,0.59269,184.562,2.7601,16,0.7083,11.333,1.93875,5.5078,3645.205,8773.115,10061.27,0.315053,0.708049,85.993,102.989,0.29353,0.8102,0.843968,B,0.0,-0.013993
9708.11,0.31974,152.918,1.5064,22,0.7716,16.975,1.99423,7.04226,5358.419,4349.692,8071.664,0.048824,0.653489,81.257,101.062,0.55195,0.83144,0.915718,B,-0.001,-0.024233
12213.659,0.33264,203.021,3.0606,23,0.733,16.859,1.91123,8.23105,6166.995,6046.665,18874.443,0.039403,0.631713,82.981,103.289,0.50493,1.54536,0.940189,B,-0.001,-0.003461
8361.547,0.60663,161.284,4.1613,21,0.8305,17.441,1.97836,9.59365,2728.606,5632.941,11354.614,0.061534,0.87068,81.769,102.937,0.32633,1.35796,0.966899,B,0.0,-0.025855
8514.758,0.35676,143.528,3.2536,21,0.6446,13.536,2.01327,7.24505,4425.094,4089.665,14397.27,0.051948,0.68658,80.891,100.758,0.5197,1.69086,0.924328,B,-0.001,-0.031915
9325.199,0.38426,202.329,1.1808,24,0.62,14.881,1.91221,5.22324,4587.909,4737.29,5417.234,0.12298,0.637297,84.062,103.297,0.49199,0.58092,0.84254,B,0.0,0.019214
8853.119,0.28906,216.871,3.9357,18,0.8889,16.001,1.8924,8.13815,4533.004,4320.115,17840.722,0.031585,0.559231,83.315,103.37,0.51202,2.01519,0.944054,B,0.0,-0.034585
9719.002,0.49541,214.481,1.2551,29,0.7569,21.95,1.89555,7.81258,4437.132,5281.87,5568.975,0.069868,0.852904,83.746,105.214,0.45654,0.573,0.935615,B,0.0,-0.050808
8329.334,0.37436,188.143,4.5809,17,0.6201,10.542,1.93317,5.70374,3645.069,4684.265,16697.643,0.110377,0.57978,83.418,102.304,0.43762,2.00468,0.870972,B,0.0,-0.005466
7983.896,0.59296,162.49,4.7958,24,0.601,14.423,1.97615,8.12919,2309.209,5674.686,11074.577,0.111949,0.788699,82.483,102.458,0.28923,1.38711,0.945394,B,0.001,-0.00184
9284.021,0.7424,180.903,1.0959,16,0.6376,10.202,1.94459,3.54772,1715.451,7568.57,1880.037,0.95,0.695341,94.244,102.738,0.18477,0.2025,0.763555,B,0.0,0.041708
8066.328,0.73189,168.848,2.6065,25,0.7091,17.726,1.9648,8.65264,1552.885,6513.443,4047.598,0.173301,0.865064,83.542,103.281,0.19251,0.50179,0.954415,B,0.0,0.003221
9059.6,0.54233,130.462,2.163,28,0.7488,20.968,2.04231,10.23895,3348.486,5711.113,7242.901,0.039604,0.83708,80.118,100.969,0.36961,0.79947,0.973009,B,0.001,0.020958
9380.374,0.76058,134.001,2.8934,22,0.8079,17.773,2.03412,9.37876,1846.118,7534.256,5341.509,0.14235,0.912069,81.644,101.683,0.19681,0.56943,0.963166,B,0.0,-0.031376
12652.445,0.69668,218.272,0.9693,22,0.6999,15.397,1.89058,4.82664,3480.0,9172.445,3373.058,0.504913,0.769435,89.605,104.812,0.27505,0.26659,0.800663,B,0.0,0.007924
9501.741,0.61531,158.746,3.5928,18,0.737,13.267,1.98307,7.10525,2975.559,6526.181,10690.559,0.160978,0.822457,82.979,102.487,0.31316,1.12512,0.918071,B,0.001,0.013471
10545.064,0.20401,147.982,3.6249,15,0.7613,11.419,2.00407,6.22193,6650.171,3894.893,24106.163,0.037253,0.488738,80.893,99.704,0.63064,2.28601,0.884843,B,0.0,-0.022529
12544.317,0.35839,159.181,4.6663,29,0.6345,18.401,1.98226,10.36859,6214.478,6329.839,28998.524,0.020667,0.689952,81.145,101.636,0.4954,2.31169,0.971431,B,0.0,0.038075
9665.219,0.52308,170.236,3.5706,18,0.7161,12.89,1.96239,6.78879,3127.67,6537.549,11167.584,0.148683,0.702201,83.27,102.275,0.3236,1.15544,0.908019,B,-0.0,-0.022049
8653.199,0.64887,183.837,1.5634,19,0.8208,15.596,1.9399,6.30269,1952.093,6701.106,3051.819,0.304014,0.749328,85.822,103.229,0.22559,0.35268,0.894303,B,0.0,0.011277
10403.494,0.35349,186.349,2.1042,23,0.6611,15.205,1.93595,6.80881,4789.486,5614.008,10078.046,0.071703,0.593899,82.844,102.317,0.46037,0.96872,0.906618,B,0.0,-0.043158
11948.24,0.35899,201.811,0.9655,22,0.665,14.63,1.91294,4.66161,5670.759,6277.481,5474.966,0.156616,0.541804,84.489,102.645,0.47461,0.45822,0.792943,B,0.0,0.00277
8704.005,0.32789,154.902,2.0497,15,0.8211,12.317,1.99038,5.69823,4190.858,4513.147,8590.129,0.089079,0.54965,81.872,100.484,0.48149,0.98692,0.869193,B,-0.0,-0.012489
11423.994,0.35151,157.771,2.3646,23,0.8926,20.529,1.9849,9.89124,5168.916,6255.077,12222.53,0.025411,0.620979,81.15,101.107,0.45246,1.0699,0.967291,B,0.001,0.029346
9887.671,0.3812,174.078,3.2136,27,0.7721,20.847,1.95583,10.66544,4026.328,5861.343,12938.968,0.02232,0.627719,81.747,101.969,0.40721,1.3086,0.976157,B,0.0,0.036178
10169.006,0.54082,174.016,2.5401,27,0.8395,22.667,1.95594,10.91122,3305.212,6863.794,8395.659,0.03671,0.78357,81.935,102.995,0.32503,0.82561,0.977937,B,0.0,0.004428
10865.884,0.44148,145.071,2.6149,25,0.7786,19.464,2.01005,9.82991,4349.421,6516.463,11373.349,0.036267,0.711948,80.752,101.014,0.40028,1.0467,0.967118,B,0.0,-0.052783
9806.865,0.51134,189.988,2.3621,27,0.7451,20.116,1.93034,9.29538,4231.867,5574.999,9996.26,0.045526,0.864935,82.626,104.268,0.43152,1.01931,0.961581,B,-0.001,-0.029388
8117.352,0.73248,172.39,2.7422,14,0.6638,9.294,1.9587,4.57834,1860.087,6257.266,5100.647,0.60744,0.769644,89.407,102.825,0.22915,0.62836,0.809967,B,-0.001,0.039512
8388.294,0.2937,136.886,1.8994,23,0.6358,14.622,2.02763,6.77121,5127.946,3260.349,9739.908,0.042743,0.688416,80.466,100.381,0.61132,1.16113,0.911032,B,-0.001,-0.018265
7290.197,0.65117,140.845,3.7454,27,0.8122,21.929,2.01898,12.16055,1863.235,5426.962,6978.621,0.033182,0.863339,80.522,101.77,0.25558,0.95726,0.986976,B,0.0,0.023771
12290.378,0.26712,146.911,1.4951,25,0.8411,21.028,2.00625,8.77336,6349.254,5941.124,9492.77,0.025635,0.525189,80.693,99.885,0.5166,0.77237,0.950423,B,0.0,0.029673
10910.651,0.40926,183.159,2.0579,22,0.678,14.917,1.94097,6.65753,5177.409,5733.242,10654.671,0.086195,0.70101,82.922,102.879,0.47453,0.97654,0.90006,B,0.0,-0.033715
12633.676,0.62667,158.387,3.6773,22,0.8319,18.301,1.98375,9.85577,3455.189,9178.487,12705.806,0.078526,0.833012,81.876,102.538,0.27349,1.00571,0.96573,B,0.0,0.033755
8905.735,0.50699,161.169,4.6986,19,0.6864,13.042,1.97857,7.338,3358.729,5547.007,15781.25,0.099678,0.753617,82.268,102.159,0.37714,1.77203,0.925851,B,-0.001,0.008424
10353.851,0.25593,134.22,4.2798,14,0.7819,10.947,2.03363,6.29867,6061.436,4292.415,25941.628,0.048732,0.548515,80.419,99.297,0.58543,2.50551,0.888527,B,0.0,0.021174
10422.714,0.26212,168.69,3.1577,19,0.62,11.781,1.96508,6.04411,5474.321,4948.393,17286.024,0.06094,0.484683,82.052,100.763,0.52523,1.6585,0.877891,B,0.0,-0.005292
7837.121,0.33998,178.639,2.9736,14,0.8141,11.397,1.94826,5.68819,4051.108,3786.013,12046.24,0.084001,0.61389,82.73,102.094,0.51691,1.53707,0.872285,B,0.0,-0.028246
10334.174,0.64963,177.72,2.7975,28,0.6136,17.18,1.94977,8.45071,3015.638,7318.536,8436.239,0.116777,0.86919,83.129,103.736,0.29181,0.81634,0.947544,B,0.0,0.033991
10633.201,0.44355,142.953,1.6225,25,0.8474,21.186,2.01449,9.18,4550.858,6082.343,7383.972,0.042491,0.743629,80.74,101.102,0.42799,0.69443,0.959,B,-0.0,-0.020846
9590.073,0.51857,173.582,2.4157,18,0.8857,15.942,1.95667,7.56821,3636.343,5953.731,8784.312,0.095544,0.776947,82.695,102.931,0.37918,0.91598,0.930139,B,-0.001,-0.040039
9095.202,0.46249,163.667,4.2741,22,0.7219,15.882,1.97401,8.75275,4558.067,4537.135,19481.646,0.041951,0.884969,81.606,103.153,0.50115,2.14197,0.954543,B,-0.0,0.00068
8417.843,0.21852,203.78,3.0977,16,0.6824,10.918,1.91016,5.34158,4672.44,3745.403,14473.897,0.057823,0.418998,83.249,101.916,0.55506,1.71943,0.853126,B,0.0,-0.023812
7461.945,0.64341,206.015,2.0751,25,0.7559,18.897,1.90704,8.23205,1953.891,5508.055,4054.429,0.127277,0.826503,84.238,104.698,0.26185,0.54335,0.948203,B,-0.001,-0.019334
10592.311,0.49855,173.377,2.5835,27,0.8271,22.331,1.95702,10.80925,4059.405,6532.906,10487.425,0.03012,0.789628,81.824,103.004,0.38324,0.9901,0.976847,B,0.0,-0.038129
8178.641,0.4444,186.759,4.157,22,0.6607,14.535,1.93531,7.73598,3203.143,4975.498,13315.363,0.071546,0.684443,82.857,102.933,0.39165,1.62807,0.936947,B,0.0,-0.028786
7483.451,0.35174,190.631,1.443,24,0.7581,18.194,1.92937,7.06264,3645.641,3837.81,5260.635,0.056353,0.632342,82.791,102.762,0.48716,0.70297,0.921951,B,0.0,-0.022204
12900.655,0.57407,157.443,2.272,28,0.6655,18.635,1.98552,8.87512,3567.904,9332.751,8106.254,0.101008,0.754919,82.134,101.973,0.27657,0.62836,0.951338,B,0.0,0.021116
12341.447,0.65705,183.431,1.6554,29,0.6632,19.232,1.94054,7.94858,3312.41,9029.037,5483.493,0.162215,0.838582,83.936,103.799,0.2684,0.44432,0.933737,B,0.0,0.037258
9166.822,0.79303,205.81,0.9911,29,0.681,19.749,1.90732,6.34772,1094.19,8072.632,1084.487,0.702342,0.80532,91.822,104.55,0.11936,0.11831,0.894286,B,0.0,0.017255
9826.075,0.58383,152.841,1.7226,26,0.7905,20.554,1.99438,8.97751,3200.954,6625.121,5513.842,0.077003,0.828705,81.626,102.215,0.32576,0.56114,0.957035,B,0.0,0.003408
8228.193,0.32793,173.231,4.0212,25,0.8956,22.389,1.95727,12.04104,4088.204,4139.989,16439.539,0.009238,0.642638,81.543,102.027,0.49685,1.99795,0.986004,B,0.0,-0.009749
12918.378,0.66988,182.897,1.4583,26,0.6331,16.46,1.94139,6.47747,3056.014,9862.363,4456.44,0.319085,0.778582,85.987,103.379,0.23656,0.34497,0.887318,B,0.001,-0.023482
8804.786,0.2154,201.368,4.3426,26,0.7474,19.433,1.91357,10.25073,5622.159,3182.627,24414.73,0.008996,0.580022,82.526,102.878,0.63853,2.77289,0.973331,B,0.0,-0.019716
12013.43,0.35792,179.166,2.041,14,0.622,8.708,1.9474,3.8952,5955.155,6058.275,12154.347,0.195862,0.517221,84.226,101.481,0.49571,1.01173,0.728738,B,0.0,-0.008757
11484.644,0.21274,208.708,1.2937,17,0.7003,11.906,1.90332,4.32177,6974.58,4510.064,9022.956,0.08062,0.417045,83.708,102.106,0.6073,0.78565,0.769854,B,0.0,0.052884
7100.786,0.41404,139.119,3.991,27,0.7531,20.333,2.02272,11.45337,2879.545,4221.24,11492.279,0.016926,0.68493,80.228,100.491,0.40552,1.61845,0.983422,B,0.001,0.016344
7223.816,0.48765,214.36,3.8539,24,0.84,20.159,1.89571,10.23744,2794.357,4429.46,10769.217,0.032115,0.775022,83.244,104.695,0.38683,1.49079,0.974525,B,-0.001,0.024149
9640.538,0.2732,190.778,4.2734,16,0.7957,12.731,1.92914,6.77889,5522.772,4117.766,23600.806,0.043986,0.580634,82.632,102.427,0.57287,2.44808,0.907769,B,0.0,-0.044611
7183.871,0.76525,184.102,4.5389,26,0.8745,22.736,1.93948,12.34186,1379.789,5804.082,6262.766,0.048531,0.935639,82.459,104.47,0.19207,0.87178,0.987819,B,0.0,-0.030736
12510.028,0.72011,132.992,3.5267,26,0.8439,21.941,2.03643,12.15745,2839.701,9670.327,10014.636,0.048411,0.917357,80.356,101.656,0.22699,0.80053,0.98474,B,0.0,-0.018668
12822.112,0.5993,149.067,2.3781,21,0.8589,18.036,2.00187,8.81293,4254.146,8567.966,10116.921,0.089639,0.852362,81.631,102.164,0.33178,0.78902,0.950375,B,-0.0,-0.054307
10676.262,0.42446,152.712,1.5057,18,0.6275,11.295,1.99463,4.68639,4456.722,6219.54,6710.441,0.201197,0.584449,83.26,100.596,0.41744,0.62854,0.802131,B,0.0,-0.036861
8835.252,0.22338,156.673,4.3683,26,0.7826,20.348,1.98698,11.36893,5288.841,3546.411,23103.453,0.006735,0.546479,80.858,100.557,0.59861,2.61492,0.981952,B,0.0,-0.040889
8277.663,0.73243,171.63,2.1027,27,0.6205,16.753,1.95999,7.64018,1433.656,6844.007,3014.508,0.276603,0.827915,85.012,103.172,0.1732,0.36417,0.934592,B,0.0,-0.000895
7815.467,0.43627,184.436,1.1746,21,0.847,17.788,1.93895,6.36192,3732.953,4082.514,4384.66,0.092086,0.750992,83.046,103.267,0.47764,0.56102,0.899184,B,-0.0,-0.034276
10401.246,0.74142,134.067,2.9313,16,0.7338,11.741,2.03397,6.21539,1790.335,8610.911,5247.97,0.495058,0.792647,86.303,100.899,0.17213,0.50455,0.885069,B,0.0,-0.040627
7944.004,0.6611,169.602,3.0649,24,0.7007,16.816,1.96349,8.55506,2330.324,5613.68,7142.235,0.105887,0.891571,82.681,103.493,0.29334,0.89907,0.953015,B,-0.0,0.035736
8317.825,0.2099,202.836,4.1054,29,0.8165,23.678,1.91149,12.33557,5077.686,3240.139,20846.005,0.004353,0.532013,82.513,102.623,0.61046,2.50618,0.987339,B,0.0,0.012231
11317.044,0.20502,158.049,3.6675,27,0.6942,18.744,1.98438,10.09303,7219.146,4097.898,26476.273,0.009766,0.548989,80.955,100.646,0.6379,2.3395,0.969615,B,0.0,0.017256
12214.63,0.64708,219.056,1.869,27,0.8105,21.883,1.88956,9.07161,3578.022,8636.607,6687.39,0.098451,0.874375,84.264,105.535,0.29293,0.54749,0.955432,B,0.001,-0.050309
10799.516,0.75016,171.944,1.8068,27,0.8424,22.745,1.95946,9.84894,2612.781,8186.735,4720.772,0.101084,0.957315,82.707,104.042,0.24194,0.43713,0.967399,B,0.0,-0.029649
12736.835,0.30072,140.801,1.5368,20,0.7999,15.998,2.01908,6.8096,6699.827,6037.008,10296.324,0.057062,0.571127,80.835,99.839,0.52602,0.80839,0.900187,B,0.0,0.017225
11903.524,0.46895,146.573,2.7569,21,0.6358,13.352,2.00695,6.82553,4863.912,7039.612,13409.161,0.111284,0.716076,81.809,101.126,0.40861,1.12649,0.903035,B,-0.0,-0.015206
9596.034,0.73169,169.819,2.7815,16,0.8803,14.084,1.96311,6.98798,2177.132,7418.902,6055.739,0.276087,0.865394,84.936,103.331,0.22688,0.63107,0.914393,B,0.0,-0.029002
9146.703,0.20987,182.602,3.1729,22,0.7637,16.801,1.94186,8.47779,5615.751,3530.952,17818.429,0.017136,0.516412,81.991,101.635,0.61396,1.94807,0.949871,B,-0.0,-0.038935
8186.261,0.23797,183.1,1.9643,25,0.6658,16.644,1.94107,7.31503,4818.242,3368.019,9464.697,0.029547,0.536136,82.173,101.788,0.58858,1.15617,0.926921,B,0.0,0.003699
11812.289,0.23104,176.299,1.7617,14,0.7322,10.251,1.95212,4.37427,6827.151,4985.138,12027.358,0.091172,0.422578,82.739,100.722,0.57797,1.01821,0.771919,B,0.0,0.056594
10032.803,0.6582,213.312,1.3922,20,0.6558,13.116,1.8971,4.88767,2147.443,7885.36,2989.728,0.556348,0.68594,90.132,104.066,0.21404,0.298,0.81908,B,0.0,-0.018522
12256.77,0.59213,182.48,2.8847,21,0.6441,13.526,1.94205,6.66676,4083.434,8173.336,11779.309,0.184015,0.796031,84.189,103.475,0.33316,0.96105,0.896466,B,0.0,-0.040717
9960.721,0.24534,174.381,2.8483,26,0.8123,21.119,1.95532,10.48152,5334.247,4626.473,15193.455,0.011675,0.514753,81.618,101.238,0.53553,1.52534,0.974516,B,0.001,-0.0049
12250.209,0.23352,132.611,2.3096,25,0.8047,20.118,2.03731,9.99082,7774.527,4475.682,17956.193,0.011899,0.618479,79.856,99.66,0.63464,1.46579,0.96766,B,0.0,0.044381
11335.151,0.64709,145.97,1.0538,25,0.823,20.576,2.00819,7.36098,3213.152,8121.999,3385.967,0.180562,0.831657,82.697,101.855,0.28347,0.29871,0.920902,B,0.0,-0.027613
10418.175,0.61898,197.035,4.3061,19,0.7276,13.824,1.91983,7.31724,3057.062,7361.113,13164.13,0.164943,0.807538,84.441,104.196,0.29344,1.26357,0.921806,B,0.0,0.022514
11428.031,0.76144,186.18,4.0514,27,0.6774,18.289,1.93622,9.69212,1611.007,9817.025,6526.795,0.189451,0.85531,84.393,104.035,0.14097,0.57112,0.964926,B,-0.001,-0.046615
11410.713,0.21852,184.843,4.5512,27,0.7281,19.658,1.93831,10.6665,6498.637,4912.076,29576.72,0.009564,0.494977,81.971,101.596,0.56952,2.59201,0.975074,B,0.0,-0.048602
7280.014,0.77305,166.728,2.4829,22,0.7177,15.788,1.96853,7.62307,1337.965,5942.049,3322.035,0.268039,0.886766,84.71,103.319,0.18379,0.45632,0.936276,B,0.0,-0.019001
11854.708,0.26024,145.579,1.9731,15,0.7823,11.735,2.00899,5.43305,7155.272,4699.435,14118.285,0.06797,0.552987,81.193,99.993,0.60358,1.19094,0.842357,B,0.001,-0.00109
7651.068,0.38522,136.557,2.1421,16,0.6029,9.647,2.02837,4.65125,3831.788,3819.28,8208.201,0.140375,0.630866,81.739,99.982,0.50082,1.07282,0.817501,B,0.0,0.003278
10243.075,0.51728,205.495,1.182,26,0.6348,16.504,1.90776,5.77496,3876.511,6366.564,4582.21,0.182415,0.721179,84.949,103.982,0.37845,0.44735,0.866542,B,0.0,-0.028177
9917.736,0.43831,199.753,4.267,28,0.7114,19.919,1.91589,10.49188,3788.118,6129.618,16163.751,0.0291,0.691195,82.738,103.544,0.38195,1.62978,0.974641,B,0.0,0.047319
11570.717,0.70034,167.675,2.1554,24,0.8246,19.791,1.96686,9.14444,2704.189,8866.528,5828.492,0.127834,0.874948,82.896,103.289,0.23371,0.50373,0.957341,B,0.0,-0.002293
8311.03,0.58477,191.778,1.375,29,0.8827,25.599,1.92763,9.72654,2411.043,5899.987,3315.196,0.06359,0.797756,82.926,103.904,0.2901,0.39889,0.968453,B,0.0,-0.02724
11187.591,0.76114,186.196,1.4131,27,0.7894,21.315,1.93619,8.24713,2165.815,9021.776,3060.579,0.227087,0.889344,84.89,104.26,0.19359,0.27357,0.942242,B,0.0,0.032228
11734.413,0.41663,165.78,4.7617,17,0.6069,10.317,1.97022,5.78191,4340.265,7394.148,20667.088,0.156625,0.569257,83.202,101.176,0.36987,1.76124,0.860953,B,0.0,-0.056025
9066.449,0.35723,154.531,3.7242,22,0.8837,19.442,1.99109,10.555,4673.565,4392.884,17405.42,0.01675,0.719467,80.901,101.585,0.51548,1.91976,0.97583,B,0.0,-0.00971
10479.239,0.51453,144.666,1.4402,15,0.6088,9.132,2.01089,3.76491,4419.664,6059.575,6365.178,0.331339,0.648144,84.629,100.569,0.42175,0.60741,0.728405,B,0.0,-0.001386
9481.47,0.61637,197.108,2.2148,25,0.604,15.101,1.91972,6.78489,2328.736,7152.733,5157.626,0.22986,0.742207,85.3,103.768,0.24561,0.54397,0.908406,B,0.001,0.001905
11532.602,0.23564,193.629,1.2288,27,0.8866,23.939,1.92486,8.64303,6521.602,5011.0,8013.863,0.021163,0.514762,82.429,102.117,0.56549,0.69489,0.949213,B,0.0,0.05329
12295.269,0.70987,153.334,1.9138,29,0.8109,23.518,1.99342,10.65568,2308.589,9986.68,4418.134,0.097005,0.851546,81.911,102.392,0.18776,0.35934,0.974342,B,0.0,-0.019478
10055.763,0.77966,158.032,1.4581,26,0.6567,17.074,1.98441,6.94121,1332.668,8723.095,1943.214,0.519085,0.819469,87.677,102.43,0.13253,0.19324,0.911765,B,0.0,0.002275
7071.586,0.24737,196.068,2.7078,20,0.6453,12.906,1.92124,6.15452,4090.334,2981.252,11075.928,0.045254,0.524666,82.829,102.288,0.57842,1.56626,0.894182,B,0.0,0.032692
12522.694,0.416,218.976,2.1576,28,0.6516,18.244,1.88966,7.93366,5219.302,7303.392,11261.166,0.066822,0.665533,83.844,104.154,0.41679,0.89926,0.933051,B,0.0,0.028118
10520.712,0.34185,167.682,1.5962,14,0.8906,12.469,1.96685,5.18561,5040.346,5480.366,8045.628,0.11801,0.547709,82.767,101.129,0.47909,0.76474,0.834612,B,0.0,0.048384
8082.224,0.4307,158.388,4.1002,27,0.8247,22.268,1.98374,12.26235,3842.228,4239.997,15753.714,0.011681,0.810408,80.994,102.389,0.47539,1.94918,0.987107,B,-0.001,0.005323
11395.641,0.34822,192.969,3.7892,23,0.6412,14.749,1.92584,7.64747,5622.226,5773.416,21303.67,0.050589,0.638056,82.795,102.902,0.49337,1.86946,0.928324,B,-0.001,0.004599
9717.357,0.79649,179.624,2.7301,27,0.629,16.983,1.94665,8.27999,1459.583,8257.774,3984.867,0.28988,0.886035,85.484,103.937,0.1502,0.41008,0.945334,B,0.0,-0.003029
8047.71,0.79019,198.573,1.7281,17,0.6065,10.311,1.91759,4.25247,1561.993,6485.716,2699.215,0.86521,0.772116,93.736,104.028,0.19409,0.3354,0.78748,B,0.001,0.042906
9048.268,0.7821,137.612,2.4007,18,0.6433,11.58,2.02603,5.77193,1599.251,7449.017,3839.26,0.57014,0.82761,87.461,101.343,0.17675,0.42431,0.871155,B,0.0,-0.027522
10655.176,0.64523,179.763,2.8947,19,0.7358,13.979,1.94643,6.91977,2249.568,8405.607,6511.865,0.27657,0.743896,85.313,103.005,0.21112,0.61115,0.909504,B,0.001,-0.021236
9005.723,0.43532,198.875,3.8322,15,0.672,10.08,1.91715,5.20277,4312.577,4693.147,16526.584,0.142757,0.704151,84.21,103.592,0.47887,1.83512,0.842959,B,-0.001,0.036628
7843.101,0.48324,170.162,1.0784,21,0.6473,13.594,1.96252,4.75549,2870.572,4972.529,3095.55,0.233763,0.627252,84.39,101.776,0.366,0.39468,0.822949,B,-0.0,0.037844
7335.775,0.58436,218.949,4.411,20,0.7673,15.347,1.8897,7.96202,2569.986,4765.789,11336.307,0.094572,0.848474,84.209,105.36,0.35034,1.54535,0.943302,B,0.0,0.036707
9311.746,0.38142,181.949,2.7122,18,0.6596,11.873,1.9429,5.76155,4454.408,4857.338,12081.146,0.103945,0.635868,83.113,102.393,0.47836,1.29741,0.869633,B,0.0,0.04692
11376.928,0.43281,159.462,1.2421,22,0.8342,18.352,1.98173,6.95364,4635.471,6741.456,5757.725,0.097014,0.663707,82.164,101.477,0.40744,0.50609,0.908672,B,0.001,-0.008913
9070.031,0.61608,153.557,4.0663,22,0.6985,15.367,1.99298,8.5059,2442.371,6627.66,9931.374,0.113298,0.801362,82.135,102.073,0.26928,1.09497,0.950479,B,0.0,-0.005924
9465.309,0.61758,214.064,4.7291,29,0.6743,19.555,1.8961,10.32731,3447.631,6017.678,16304.093,0.044927,0.94567,83.404,105.81,0.36424,1.72251,0.973503,B,0.0,-0.04374
11818.458,0.37743,180.134,4.1101,16,0.7459,11.934,1.94583,6.3895,5517.503,6300.955,22677.468,0.091095,0.628156,82.878,102.258,0.46685,1.91882,0.88732,B,0.0,0.040978
10835.411,0.79491,152.85,4.0614,20,0.6529,13.059,1.99436,7.23363,1231.672,9603.738,5002.314,0.570014,0.823754,88.134,102.183,0.11367,0.46166,0.918489,B,0.001,-0.011318
12900.363,0.2233,184.217,1.899,21,0.6248,13.121,1.9393,5.69262,7439.591,5460.772,14127.636,0.057395,0.449316,82.58,101.266,0.5767,1.09513,0.851769,B,-0.0,0.043501
12002.952,0.26552,178.909,4.23,17,0.8092,13.756,1.94782,7.41762,6977.421,5025.532,29514.424,0.036102,0.584044,82.108,101.91,0.58131,2.45893,0.920961,B,-0.001,-0.006849
12636.757,0.39558,157.277,3.621,27,0.7897,21.321,1.98584,11.46183,5484.4,7152.357,19859.241,0.017806,0.68526,81.029,101.505,0.434,1.57155,0.980464,B,0.0,-0.03105
10054.658,0.40982,151.638,3.1842,29,0.652,18.909,1.99674,9.95101,4612.863,5441.794,14688.309,0.027487,0.733922,80.921,101.524,0.45878,1.46085,0.96923,B,0.001,-0.04616
11640.82,0.64486,184.476,3.1409,14,0.7509,10.513,1.93889,5.27971,3154.067,8486.753,9906.595,0.393474,0.738289,87.025,103.185,0.27095,0.85102,0.834676,B,0.0,-0.020559
12997.308,0.55813,131.547,2.3003,27,0.8601,23.222,2.03977,11.53781,3620.529,9376.779,8328.127,0.038497,0.758766,80.156,100.52,0.27856,0.64076,0.980786,B,0.0,0.026914
7068.661,0.68885,130.936,1.7904,24,0.6566,15.757,2.0412,7.21404,1390.824,5677.837,2490.078,0.255656,0.794962,82.993,100.721,0.19676,0.35227,0.926976,B,0.0,0.009972
9816.483,0.63104,205.493,2.2031,16,0.7757,12.411,1.90776,5.51371,3004.515,6811.968,6619.202,0.297672,0.778075,86.47,104.357,0.30607,0.67429,0.855622,B,0.0,0.011442
11462.844,0.34388,207.711,1.9043,21,0.6735,14.144,1.90469,5.97537,5570.816,5892.027,10608.237,0.091236,0.582761,83.816,103.159,0.48599,0.92545,0.871063,B,0.001,-0.05972
8386.752,0.65333,186.109,4.4684,18,0.6199,11.158,1.93633,6.02474,2016.344,6370.408,9009.82,0.313933,0.760752,86.033,103.407,0.24042,1.07429,0.884475,B,0.0,0.019136
7423.583,0.53326,194.659,1.8055,24,0.8595,20.627,1.92332,8.68242,2841.885,4581.698,5131.034,0.061554,0.825848,82.997,104.215,0.38282,0.69118,0.955811,B,-0.0,-0.015649
10023.509,0.66092,144.161,2.2287,27,0.7465,20.156,2.01195,9.72692,2353.514,7669.995,5245.333,0.093591,0.834997,81.469,101.774,0.2348,0.5233,0.966751,B,0.0,0.047024
7391.214,0.37654,195.306,3.3575,18,0.8405,15.13,1.92237,7.61893,3780.203,3611.011,12692.134,0.047154,0.721362,82.828,103.553,0.51145,1.71719,0.935952,B,0.0,-0.01009
7946.784,0.75284,134.405,2.8024,14,0.6476,9.066,2.03321,4.74136,1705.561,6241.222,4779.584,0.626204,0.787446,88.05,100.885,0.21462,0.60145,0.821479,B,0.001,0.002447
7301.902,0.41255,171.488,3.791,18,0.8142,14.656,1.96024,7.80535,3612.847,3689.055,13696.221,0.049884,0.767716,82.014,102.768,0.49478,1.87571,0.940172,B,0.0,0.029862
11385.716,0.64843,173.737,2.8385,27,0.6178,16.68,1.95641,8.27803,3800.023,7585.693,10786.466,0.111645,0.917328,82.914,103.865,0.33375,0.94737,0.942535,B,0.0,0.01767
7295.116,0.29987,182.907,1.5102,21,0.8899,18.689,1.94137,7.45896,4233.069,3062.047,6392.586,0.034896,0.66618,82.236,102.637,0.58026,0.87628,0.932476,B,0.0,-0.005211
12518.809,0.42786,170.013,1.6217,14,0.6463,9.048,1.96278,3.77435,5494.584,7024.225,8910.7,0.279802,0.543672,84.992,101.218,0.43891,0.71178,0.712972,B,-0.0,0.027572
10349.011,0.22735,199.529,1.1709,15,0.6761,10.141,1.91621,3.55731,5729.214,4619.797,6708.148,0.119483,0.361127,83.924,101.356,0.5536,0.64819,0.709061,B,0.0,-0.029457
9410.129,0.21907,133.752,4.7964,17,0.7282,12.38,2.03469,7.27691,5981.507,3428.622,28689.896,0.026515,0.554992,80.104,99.311,0.63565,3.04883,0.923063,B,0.0,0.019521
7884.091,0.27854,187.146,3.2899,20,0.6186,12.372,1.93471,6.26174,4187.513,3696.578,13776.311,0.054878,0.531909,82.65,101.944,0.53113,1.74736,0.895356,B,0.0,-0.010739
9355.796,0.54327,170.539,2.0258,22,0.7486,16.468,1.96187,7.43026,3191.392,6164.404,6465.271,0.115936,0.764504,82.849,102.701,0.34111,0.69104,0.927205,B,0.0,0.014554
8528.272,0.23065,197.912,2.2145,20,0.8664,17.327,1.91855,7.77781,4638.113,3890.159,10271.217,0.026644,0.473874,82.645,102.032,0.54385,1.20437,0.937174,B,0.0,0.022848
12188.014,0.40564,197.507,4.5617,20,0.7496,14.992,1.91914,8.01594,5855.855,6332.159,26712.599,0.054406,0.730456,82.998,103.708,0.48046,2.19171,0.935559,B,0.0,-0.011183
10057.608,0.69992,207.85,1.3123,18,0.8357,15.042,1.9045,5.49951,2322.542,7735.065,3047.873,0.442985,0.777071,88.464,104.447,0.23092,0.30304,0.853847,B,0.001,-0.024971
7114.865,0.66147,156.153,2.4154,29,0.8246,23.913,1.98798,11.62009,1855.249,5259.616,4481.187,0.039689,0.880788,81.272,102.736,0.26076,0.62983,0.984354,B,0.0,0.030117
12619.519,0.5766,143.222,4.4272,17,0.8499,14.448,2.01392,8.25115,3857.422,8762.097,17077.388,0.113312,0.780561,81.687,101.361,0.30567,1.35325,0.93993,B,0.0,-0.028743
12922.688,0.36207,169.35,1.9383,18,0.894,16.092,1.96393,7.1647,6549.146,6373.542,12694.286,0.063299,0.669063,82.109,102.013,0.50679,0.98233,0.911398,B,0.0,0.06212
12955.29,0.52072,187.51,2.5237,16,0.8012,12.819,1.93415,6.05644,4798.807,8156.483,12110.869,0.183742,0.718972,84.364,103.195,0.37041,0.93482,0.869294,B,0.0,0.053318
8633.495,0.77478,167.572,4.0674,22,0.6668,14.67,1.96704,7.96629,1732.353,6901.142,7046.259,0.227851,0.912077,84.212,103.529,0.20065,0.81615,0.940991,B,0.0,-0.031999
10001.53,0.24831,156.216,2.4723,20,0.8794,17.588,1.98785,8.60392,6108.325,3893.206,15101.354,0.020014,0.606504,81.014,100.929,0.61074,1.5099,0.950774,B,-0.001,-0.017114
11293.568,0.60987,165.496,3.8875,24,0.7378,17.708,1.97072,9.55516,2632.871,8660.697,10235.252,0.095887,0.766122,82.39,102.461,0.23313,0.90629,0.963346,B,0.0,-0.000292
7660.807,0.44379,214.62,2.2568,17,0.7395,12.572,1.89537,5.57036,2785.614,4875.193,6286.573,0.161518,0.605078,84.96,103.584,0.36362,0.82061,0.867661,B,-0.0,-0.009294
9570.997,0.65281,142.454,0.9094,19,0.7649,14.533,2.01554,4.85119,2910.222,6660.775,2646.535,0.387968,0.768523,85.278,101.237,0.30407,0.27652,0.819291,B,0.0,0.010757
8929.721,0.29685,133.611,3.0569,25,0.7003,17.506,2.03501,9.3724,4827.124,4102.597,14755.85,0.019993,0.622598,80.011,99.749,0.54057,1.65244,0.963592,B,0.0,0.010302
12166.042,0.20933,186.952,2.3731,14,0.6435,9.01,1.93501,4.18415,6923.396,5242.646,16429.739,0.090574,0.366163,83.115,100.841,0.56908,1.35046,0.753772,B,0.0,-0.025085
7158.053,0.45893,147.086,3.6197,27,0.6316,17.053,2.00589,9.30102,2589.335,4568.718,9372.558,0.044757,0.693656,80.953,101.007,0.36174,1.30937,0.964721,B,0.0,0.035744
12550.475,0.36624,156.641,4.3062,20,0.8696,17.391,1.98704,9.69119,6019.08,6531.395,25919.265,0.027659,0.678269,81.133,101.425,0.47959,2.0652,0.963782,B,0.0,-0.038525
7116.303,0.79463,133.176,2.9882,19,0.6561,12.465,2.03601,6.64034,710.513,6405.79,2123.151,0.711535,0.803841,89.118,100.918,0.09984,0.29835,0.910597,B,0.0,0.036346
12546.714,0.53124,138.189,2.2541,17,0.7693,13.079,2.02476,6.39105,4468.664,8078.05,10072.661,0.171458,0.730266,82.225,100.735,0.35616,0.80281,0.885048,B,0.0,0.002892
9729.583,0.75401,180.835,3.7572,14,0.7193,10.07,1.94469,5.28994,2072.802,7656.781,7787.86,0.551177,0.808924,88.977,103.484,0.21304,0.80043,0.844269,B,0.0,-0.031824
8111.497,0.73336,197.22,1.9627,14,0.726,10.164,1.91956,4.39088,1676.871,6434.626,3291.167,0.719716,0.736915,91.77,103.738,0.20673,0.40574,0.797118,B,0.0,0.004132
8879.445,0.65413,134.424,2.4068,26,0.6824,17.743,2.03316,8.89466,2703.83,6175.615,6507.709,0.092301,0.900113,81.004,101.63,0.3045,0.7329,0.957033,B,0.0,-0.006199
12631.297,0.5037,153.783,3.0972,26,0.6919,17.99,1.99254,9.37554,4613.517,8017.779,14289.113,0.055908,0.761366,81.387,101.821,0.36524,1.13125,0.95946,B,0.001,-0.012536
8138.492,0.28233,210.408,0.9359,26,0.6113,15.894,1.90101,4.93583,4384.974,3753.517,4103.824,0.087924,0.50943,83.858,102.784,0.53879,0.50425,0.832204,B,0.001,0.041827
11884.061,0.48973,137.793,3.1471,28,0.8066,22.585,2.02563,12.09823,5121.495,6762.566,16118.103,0.017395,0.84744,80.173,101.485,0.43095,1.35628,0.984692,B,0.0,0.023857
12335.288,0.46215,174.525,2.1467,22,0.8167,17.967,1.95508,8.21773,5070.788,7264.5,10885.332,0.067787,0.737426,82.364,102.715,0.41108,0.88245,0.939704,B,0.0,-0.011334
8785.896,0.60869,145.534,2.4105,14,0.7841,10.978,2.00909,5.41327,2481.626,6304.269,5982.058,0.312246,0.725381,84.416,101.129,0.28246,0.68087,0.855105,B,0.001,0.012293
10500.798,0.41578,167.754,4.5394,16,0.672,10.752,1.96672,5.95963,4206.023,6294.776,19092.794,0.130861,0.606158,82.939,101.518,0.40054,1.81822,0.873935,B,-0.001,-0.011414
10122.106,0.30306,180.995,4.1694,16,0.8186,13.097,1.94444,7.02459,5375.075,4747.032,22410.891,0.049005,0.590721,82.354,102.051,0.53102,2.21405,0.914133,B,-0.001,0.028404
12604.526,0.58554,130.78,1.5575,21,0.6519,13.689,2.04156,5.94995,3333.67,9270.856,5192.091,0.297455,0.689128,83.537,100.013,0.26448,0.41192,0.865642,B,0.0,0.030891
8116.253,0.78962,200.627,4.6892,18,0.7832,14.097,1.91463,7.54691,1249.215,6867.037,5857.761,0.344923,0.870523,86.936,104.765,0.15392,0.72173,0.932767,B,0.001,-0.040942
9251.131,0.49867,198.165,3.3729,23,0.6473,14.887,1.91818,7.47965,3504.816,5746.315,11821.564,0.093874,0.745563,83.541,103.836,0.37885,1.27785,0.928682,B,0.0,0.010548
10991.983,0.69831,131.9,4.0564,20,0.6417,12.834,2.03895,7.33504,3225.658,7766.325,13084.659,0.188059,0.910242,82.147,101.542,0.29346,1.19038,0.920971,B,0.0,-0.03757
7855.439,0.59957,174.814,1.5785,26,0.7612,19.792,1.9546,8.12018,2366.451,5488.988,3735.413,0.108577,0.811247,82.913,103.216,0.30125,0.47552,0.945446,B,0.0,0.018363
8562.623,0.7912,190.353,2.1533,18,0.6918,12.452,1.92979,5.59017,1233.324,7329.3,2655.737,0.742933,0.79932,91.844,103.851,0.14404,0.31015,0.864751,B,-0.001,0.014142
11612.935,0.73883,209.399,1.9508,21,0.8044,16.892,1.90238,7.18169,2544.966,9067.969,4964.78,0.286212,0.86586,86.443,105.096,0.21915,0.42752,0.915105,B,0.0,-0.006681
10871.678,0.56192,191.898,2.6884,24,0.8707,20.897,1.92745,9.99474,3618.46,7253.218,9727.812,0.052411,0.816096,82.782,104.03,0.33283,0.89478,0.968956,B,0.0,0.043998
10387.1,0.67399,204.448,3.0809,14,0.8787,12.301,1.90922,6.00575,2581.85,7805.251,7954.302,0.335227,0.786047,86.932,104.367,0.24856,0.76579,0.876371,B,-0.001,0.001566
12210.819,0.33199,209.385,4.0252,18,0.7086,12.755,1.9024,6.57044,5796.056,6414.763,23330.524,0.074799,0.564368,83.652,103.106,0.47467,1.91064,0.893055,B,0.0,0.043642
8456.793,0.75224,203.628,4.315,22,0.7521,16.546,1.91037,8.69495,1576.264,6880.529,6801.53,0.183523,0.882532,84.903,104.969,0.18639,0.80427,0.954527,B,0.0,-0.029751
12498.562,0.48321,133.946,4.5083,15,0.7299,10.949,2.03425,6.36355,5031.287,7467.275,22682.712,0.139132,0.715036,81.599,100.379,0.40255,1.81483,0.884092,B,0.0,0.046674
8950.395,0.36924,137.464,3.0553,20,0.8112,16.224,2.02635,8.63228,4257.024,4693.371,13006.289,0.036645,0.67091,80.412,100.3,0.47562,1.45315,0.952797,B,0.0,0.015668
12502.801,0.35812,186.97,4.7974,15,0.6984,10.476,1.93499,5.72235,5899.148,6603.653,28300.662,0.110122,0.579663,83.373,102.251,0.47183,2.26355,0.854913,B,0.0,-0.016191
11363.97,0.45739,190.319,4.1129,28,0.6959,19.485,1.92984,10.30459,4378.33,6985.64,18007.424,0.033542,0.723034,82.479,103.346,0.38528,1.58461,0.971745,B,-0.0,0.053062
11336.018,0.20042,137.626,3.1203,16,0.7272,11.635,2.026,6.22125,6930.519,4405.499,21625.529,0.038642,0.454927,80.446,98.884,0.61137,1.90768,0.882126,B,0.0,-0.024831
10656.379,0.76013,179.796,3.1328,18,0.6029,10.852,1.94638,5.47818,1693.276,8963.103,5304.678,0.717029,0.768269,91.128,103.167,0.1589,0.49779,0.850111,B,0.0,0.031194
11660.016,0.49785,138.737,3.4523,22,0.7853,17.276,2.02355,9.44192,4274.27,7385.746,14756.232,0.052341,0.755672,80.678,100.935,0.36657,1.26554,0.96146,B,0.0,0.017948
8872.844,0.49999,136.458,2.0642,29,0.6525,18.921,2.02859,9.01601,3321.709,5551.134,6856.832,0.054988,0.766277,80.607,100.869,0.37437,0.77279,0.958828,B,0.001,-0.027171
11405.032,0.67379,200.21,2.7586,18,0.7962,14.331,1.91523,6.83514,2701.129,8703.903,7451.334,0.271048,0.798781,85.947,104.273,0.23684,0.65334,0.904727,B,0.0,-0.051444
7703.513,0.62956,219.345,1.7768,14,0.6034,8.447,1.88918,3.43849,2180.253,5523.261,3873.981,0.621662,0.632673,91.179,103.951,0.28302,0.50288,0.720528,B,-0.001,0.025097
10922.535,0.60035,196.839,3.9043,19,0.7263,13.8,1.92011,7.16718,3324.779,7597.757,12980.906,0.164964,0.790879,84.435,104.078,0.3044,1.18845,0.916358,B,-0.001,-0.031414
12837.599,0.42935,141.402,2.9786,25,0.7062,17.655,2.01779,9.27866,5787.875,7049.724,17239.731,0.040167,0.748868,80.639,101.047,0.45085,1.34291,0.957821,B,0.0,0.028843
12781.77,0.55686,168.795,3.2238,22,0.8842,19.453,1.9649,10.02857,4577.755,8204.015,14757.727,0.050364,0.839479,81.917,103.11,0.35815,1.15459,0.967608,B,0.0,0.004081
8468.279,0.79475,186.368,4.0354,22,0.7203,15.848,1.93592,8.38966,1143.381,7324.898,4613.947,0.297954,0.872294,85.831,104.155,0.13502,0.54485,0.949381,B,0.0,0.025217
12403.06,0.6294,215.98,3.813,15,0.6252,9.378,1.89357,4.74349,3516.406,8886.654,13408.134,0.452439,0.699417,88.842,104.26,0.28351,1.08103,0.796199,B,-0.0,0.049869
10578.539,0.78001,196.258,4.3881,16,0.8082,12.931,1.92096,6.87492,1889.884,8688.654,8292.944,0.400457,0.862571,87.524,104.526,0.17865,0.78394,0.90828,B,0.001,-0.032041
9627.27,0.59132,165.953,2.1038,16,0.6006,9.609,1.96991,4.41576,2924.87,6702.4,6153.444,0.410322,0.670303,86.558,101.852,0.30381,0.63917,0.789182,B,0.0,0.019961
9295.237,0.42333,138.672,3.435,25,0.7912,19.781,2.0237,10.80008,4102.029,5193.208,14090.283,0.02143,0.740788,80.267,100.833,0.4413,1.51586,0.977661,B,-0.0,-0.01997
9706.165,0.48813,182.127,1.4386,18,0.6276,11.296,1.94262,4.42515,4349.439,5356.726,6257.269,0.229437,0.69817,84.776,102.813,0.44811,0.64467,0.789371,B,0.0,0.042694
9716.17,0.42508,134.075,1.5349,24,0.7218,17.323,2.03396,7.44719,4303.825,5412.345,6606.016,0.07021,0.707265,80.696,100.336,0.44295,0.6799,0.926837,B,0.0,0.015804
12707.2,0.37642,141.244,1.3257,19,0.8209,15.597,2.01813,6.24264,6152.219,6554.981,8156.026,0.094559,0.640962,81.35,100.325,0.48415,0.64184,0.878378,B,0.0,0.002816
11562.762,0.37863,150.379,4.0024,27,0.7801,21.061,1.99924,11.67397,5167.765,6394.997,20683.487,0.014907,0.67255,80.701,101.05,0.44693,1.7888,0.982404,B,0.0,0.017471
7965.359,0.73485,143.968,4.4899,23,0.8821,20.288,2.01235,11.60326,2070.764,5894.595,9297.538,0.045728,0.976932,80.828,102.7,0.25997,1.16725,0.983822,B,0.0,0.033682
11685.797,0.24564,131.348,2.4108,23,0.6035,13.881,2.04023,6.99633,6635.899,5049.897,15998.118,0.039266,0.516829,80.156,98.911,0.56786,1.36902,0.909226,B,0.001,0.000748
10594.448,0.55957,168.313,4.4849,25,0.6468,16.171,1.96574,8.93685,3307.033,7287.415,14831.789,0.079936,0.777227,82.289,102.675,0.31215,1.39996,0.955409,B,0.0,0.008579
12950.228,0.24994,143.911,2.9948,23,0.6413,14.75,2.01247,7.73315,6846.335,6103.893,20503.395,0.034357,0.491739,80.675,99.494,0.52867,1.58325,0.927328,B,0.0,0.038215
8718.868,0.40996,181.998,1.3791,21,0.7278,15.284,1.94282,5.88408,4059.762,4659.106,5598.868,0.107965,0.673108,83.168,102.641,0.46563,0.64216,0.877375,B,0.0,-0.0066
11448.686,0.55068,148.383,2.6771,24,0.7771,18.65,2.00325,9.43383,3884.181,7564.505,10398.183,0.062353,0.801421,81.242,101.79,0.33927,0.90824,0.961585,B,0.0,0.018907
10108.855,0.67778,139.336,2.9776,23,0.7044,16.202,2.02225,8.54091,2259.952,7848.903,6729.322,0.153061,0.828868,82.035,101.454,0.22356,0.66569,0.949514,B,0.0,-0.035303
8346.603,0.21928,190.237,4.182,18,0.7537,13.567,1.92997,7.19886,5223.675,3122.927,21845.497,0.026803,0.541225,82.387,102.143,0.62584,2.61729,0.923501,B,0.001,0.026779
7717.227,0.33781,138.921,4.0367,25,0.6218,15.546,2.02315,8.77938,3825.833,3891.394,15443.681,0.029383,0.641032,80.384,100.19,0.49575,2.0012,0.956878,B,0.0,0.033923
12384.087,0.42752,212.963,1.8857,27,0.8857,23.914,1.89757,10.01026,5337.913,7046.174,10065.714,0.031979,0.727173,83.199,104.324,0.43103,0.81279,0.967759,B,0.0,-0.043732
7100.648,0.78453,181.759,1.1192,28,0.682,19.097,1.94321,6.70002,1063.473,6037.175,1190.196,0.458393,0.841981,87.785,103.745,0.14977,0.16762,0.91249,B,0.0,-0.003847
8517.452,0.7878,169.569,4.2671,27,0.7352,19.851,1.96355,10.85166,1317.853,7199.599,5623.451,0.109047,0.912042,82.721,103.627,0.15472,0.66023,0.978583,B,-0.0,0.004098
9838.656,0.40323,141.08,4.6482,17,0.7616,12.947,2.01848,7.4831,4488.995,5349.661,20865.834,0.064088,0.687806,80.941,100.625,0.45626,2.1208,0.927483,B,0.0,0.021614
8744.317,0.30028,194.227,2.2531,25,0.6361,15.903,1.92396,7.20784,5018.883,3725.434,11308.011,0.040398,0.650398,82.703,103.038,0.57396,1.29318,0.922783,B,0.0,-0.024149
10320.163,0.71172,138.474,2.98,25,0.8815,22.036,2.02413,11.63463,2760.709,7559.454,8227.05,0.045775,0.954917,80.579,102.235,0.26751,0.79718,0.982795,B,0.0,0.043821
8067.242,0.66138,211.945,2.7964,19,0.6173,11.729,1.89893,5.54063,2412.932,5654.31,6747.612,0.299569,0.815779,86.7,104.868,0.2991,0.83642,0.864523,B,0.0,0.00553
11669.128,0.5371,216.634,3.0161,20,0.7811,15.622,1.89271,7.48546,4264.05,7405.078,12860.677,0.112377,0.781668,84.374,104.829,0.36541,1.10211,0.923545,B,0.0,-0.005008
10500.434,0.39365,170.217,4.3011,29,0.7401,21.464,1.96243,11.74085,4522.5,5977.934,19451.503,0.015232,0.679936,81.508,102.127,0.4307,1.85245,0.983334,B,-0.0,-0.003408
10873.46,0.43879,153.328,1.9971,20,0.6686,13.372,1.99343,6.14685,4547.307,6326.153,9081.527,0.125246,0.664169,82.283,101.155,0.4182,0.8352,0.88063,B,0.0,-0.001211
12850.985,0.4079,173.345,3.9366,18,0.8452,15.213,1.95707,8.14569,6203.596,6647.389,24421.065,0.053005,0.739095,82.125,102.669,0.48273,1.90033,0.937271,B,0.0,0.043203
8013.596,0.41086,168.458,1.6658,15,0.7546,11.32,1.96549,4.77981,3536.761,4476.835,5891.584,0.164318,0.60563,83.408,101.55,0.44135,0.7352,0.82349,B,0.0,0.006978
9801.151,0.25623,162.362,1.4135,15,0.7285,10.927,1.97638,4.35999,5231.392,4569.758,7394.657,0.103744,0.430799,82.369,100.089,0.53375,0.75447,0.783893,B,0.001,-0.023788
7942.033,0.4447,217.609,1.2458,14,0.6345,8.883,1.89144,3.14046,3497.249,4444.785,4357.021,0.315671,0.54622,87.087,103.313,0.44035,0.5486,0.687418,B,-0.001,0.011523
8796.168,0.25887,219.481,0.9251,26,0.8309,21.604,1.88901,6.60343,4935.733,3860.435,4566.024,0.044087,0.533483,83.559,103.302,0.56112,0.51909,0.904438,B,0.0,-0.014096
10015.647,0.27398,212.369,2.4749,16,0.7197,11.516,1.89837,5.25717,5564.486,4451.161,13771.327,0.078356,0.518537,83.793,102.923,0.55558,1.37498,0.84111,B,0.0,-0.015571
11555.444,0.43294,196.636,3.0361,14,0.7397,10.355,1.92041,5.08311,5104.721,6450.723,15498.533,0.17314,0.638524,84.536,103.064,0.44176,1.34123,0.823331,B,0.0,0.041079
8099.335,0.32871,132.951,1.5872,19,0.6195,11.77,2.03653,5.1357,4485.064,3614.27,7118.85,0.092758,0.621506,80.94,99.701,0.55376,0.87894,0.843736,B,0.001,0.016351
11869.607,0.72415,205.462,3.1188,25,0.773,19.325,1.90781,9.45227,2056.124,9813.484,6412.603,0.161489,0.84204,84.672,104.778,0.17323,0.54025,0.96137,B,-0.001,-0.011567
11368.17,0.35654,217.355,4.2744,16,0.6591,10.545,1.89177,5.44795,5224.015,6144.155,22329.273,0.119992,0.557655,84.496,103.378,0.45953,1.96419,0.845345,B,0.0,0.048567
9852.881,0.30912,174.116,3.0813,23,0.85,19.549,1.95577,9.90016,5486.768,4366.113,16906.519,0.017282,0.675872,81.682,102.289,0.55687,1.7159,0.968867,B,-0.0,-0.033275
12242.431,0.30624,185.862,1.7191,18,0.8168,14.703,1.93671,6.14424,6664.907,5577.525,11457.716,0.069899,0.588664,82.803,102.26,0.54441,0.9359,0.87574,B,-0.001,-0.036442
9551.003,0.68951,174.84,4.438,17,0.7107,12.082,1.95455,6.60793,1678.762,7872.241,7450.366,0.383075,0.754855,86.538,102.845,0.17577,0.78006,0.902347,B,0.0,0.019845
12894.204,0.25942,138.578,1.3697,28,0.6196,17.349,2.0239,7.07006,7631.157,5263.047,10452.583,0.040114,0.577404,80.51,99.749,0.59183,0.81064,0.908486,B,0.0,-0.00622
12789.436,0.52834,142.529,1.5044,24,0.629,15.096,2.01539,6.355,4374.447,8414.989,6580.744,0.181037,0.708887,82.55,100.848,0.34204,0.51455,0.882801,B,0.0,-0.042453
9506.964,0.70749,215.42,0.9016,17,0.6898,11.727,1.89431,3.55209,2194.155,7312.809,1978.187,0.871156,0.658385,94.352,103.967,0.23079,0.20808,0.715815,B,0.0,-0.013086
12736.902,0.70424,208.521,1.4264,27,0.6271,16.932,1.90358,6.40767,3061.749,9675.153,4367.144,0.336587,0.820582,87.081,104.762,0.24038,0.34287,0.885109,B,0.0,0.034555
11624.349,0.4038,148.422,2.0852,14,0.8567,11.993,2.00318,5.63152,5504.13,6120.219,11477.429,0.124596,0.654899,82.065,100.825,0.4735,0.98736,0.853898,B,0.0,-0.005758
10174.224,0.20178,133.068,2.6897,14,0.8014,11.22,2.03626,5.81638,6712.899,3461.325,18055.628,0.040145,0.515265,80.251,99.007,0.65979,1.77464,0.868733,B,0.0,-0.034038
10684.696,0.59438,203.113,2.2231,20,0.7692,15.384,1.9111,6.8724,3297.502,7387.194,7330.566,0.177357,0.780534,84.805,104.275,0.30862,0.68608,0.907912,B,0.0,-0.021535
11806.186,0.51421,185.478,3.9966,19,0.7249,13.772,1.93731,7.28493,4251.007,7555.179,16989.657,0.117583,0.737379,83.419,103.225,0.36007,1.43905,0.917665,B,0.0,-0.017589
12758.057,0.53472,212.865,4.1734,28,0.6003,16.808,1.8977,8.68664,4226.975,8531.082,17640.853,0.083562,0.758257,83.877,104.525,0.33132,1.38272,0.948224,B,0.0,0.02111
12433.188,0.57925,132.444,1.6058,20,0.8154,16.308,2.03769,7.15355,3725.522,8707.666,5982.43,0.169627,0.754499,81.93,100.547,0.29964,0.48117,0.912252,B,0.0,0.049739
12739.299,0.27462,188.515,2.6118,26,0.8031,20.88,1.9326,9.94805,6721.09,6018.209,17553.835,0.017322,0.561967,82.202,102.203,0.52759,1.37793,0.966721,B,0.0,0.008713
9414.894,0.41702,167.182,3.9443,18,0.6162,11.092,1.96773,5.98949,4337.629,5077.265,17108.99,0.109298,0.679922,82.632,101.977,0.46072,1.81723,0.87925,B,0.0,-0.039252
7047.424,0.5347,156.721,2.9764,21,0.7163,15.042,1.98689,7.73012,2599.91,4447.514,7738.486,0.088287,0.795657,81.936,102.204,0.36892,1.09806,0.939086,B,0.0,0.023712
7822.779,0.45945,208.788,4.2731,21,0.7295,15.32,1.90321,7.98962,3437.895,4384.884,14690.37,0.059638,0.77292,83.433,104.458,0.43947,1.8779,0.942955,B,0.0,-0.017912
9286.87,0.67932,177.999,3.5677,29,0.7133,20.686,1.94931,10.78443,1830.7,7456.17,6531.301,0.077387,0.827117,82.619,103.472,0.19713,0.70328,0.977544,B,0.0,-0.040814
7579.205,0.5131,156.265,3.2115,19,0.8904,16.918,1.98776,8.86317,2968.706,4610.499,9534.123,0.054612,0.808327,81.473,102.264,0.39169,1.25793,0.958311,B,0.0,-0.027712
10265.718,0.72158,177.711,2.9878,17,0.6304,10.716,1.94978,5.36122,2235.888,8029.83,6680.347,0.511387,0.780108,88.338,103.148,0.2178,0.65074,0.845643,B,0.0,-0.001884
7716.337,0.31741,147.501,4.5861,22,0.7044,15.496,2.00505,8.85026,4034.967,3681.371,18504.699,0.025533,0.637323,80.717,100.658,0.52291,2.39812,0.957936,B,-0.001,-0.004695
8826.366,0.23642,215.571,4.0868,24,0.737,17.687,1.89411,9.07683,5420.903,3405.462,22153.98,0.015492,0.588086,83.062,103.509,0.61417,2.50998,0.959754,B,0.001,0.044295
8829.858,0.35972,157.365,1.1248,21,0.6076,12.76,1.98567,4.63357,4712.174,4117.684,5300.342,0.128486,0.624332,82.494,101.107,0.53366,0.60027,0.809382,B,0.0,0.026244
12463.764,0.32362,219.342,2.4737,14,0.6732,9.425,1.88919,4.26987,5584.424,6879.34,13814.01,0.174036,0.445044,85.27,102.713,0.44805,1.10833,0.759045,B,0.0,0.023499
9805.331,0.30756,217.014,3.4545,28,0.7348,20.575,1.89221,10.17594,5454.043,4351.288,18841.159,0.015609,0.673511,83.108,104.13,0.55623,1.92152,0.971772,B,0.0,-0.044887
7682.689,0.33278,214.714,3.5764,19,0.8236,15.648,1.89524,7.81853,3479.327,4203.362,12443.418,0.044304,0.571568,83.416,103.366,0.45288,1.61967,0.939707,B,0.0,-0.01007
11536.778,0.38072,141.013,2.9573,18,0.6107,10.993,2.01862,5.77063,6365.514,5171.264,18824.461,0.09578,0.731457,81.356,100.909,0.55176,1.63169,0.86119,B,0.0,0.035938
12622.997,0.21008,182.975,2.0627,22,0.8373,18.421,1.94127,8.22974,7565.173,5057.823,15604.489,0.021216,0.492559,82.058,101.495,0.59932,1.2362,0.939473,B,0.001,0.06026
11278.649,0.68789,164.671,4.6871,18,0.7911,14.24,1.9722,7.97043,2346.437,8932.212,10998.013,0.210952,0.813173,83.876,102.73,0.20804,0.97512,0.9362,B,0.0,0.050654
7028.623,0.53641,154.403,2.4609,19,0.8541,16.228,1.99134,7.94816,2399.55,4629.073,5904.99,0.088623,0.768532,81.845,101.902,0.3414,0.84013,0.943597,B,-0.0,-0.022387
12067.658,0.36227,204.326,3.9515,24,0.6517,15.641,1.90939,8.07351,5631.198,6436.46,22251.898,0.048864,0.636459,83.148,103.374,0.46664,1.84393,0.937058,B,0.0,0.044709
8279.376,0.52767,135.318,1.0831,29,0.6195,17.964,2.03114,6.61872,2932.825,5346.552,3176.551,0.139312,0.740695,81.667,100.632,0.35423,0.38367,0.906477,B,-0.001,0.036284
11922.205,0.77354,132.097,4.1284,27,0.6074,16.401,2.0385,9.40339,2098.503,9823.703,8663.563,0.172955,0.901832,81.957,101.498,0.17602,0.72667,0.960645,B,-0.001,0.026145
11934.521,0.48956,211.486,1.3204,15,0.8944,13.416,1.89955,4.89851,4831.612,7102.909,6379.855,0.230373,0.665868,85.772,103.86,0.40484,0.53457,0.809493,B,0.0,-0.008661
11103.675,0.28086,213.112,2.0571,27,0.7559,20.41,1.89737,8.796,6061.604,5042.07,12469.62,0.024462,0.589106,83.105,103.419,0.54591,1.12302,0.952453,B,0.001,-0.014486
7461.279,0.77488,168.405,1.3835,25,0.6202,15.504,1.96558,6.08156,1451.295,6009.983,2007.844,0.437997,0.856228,87.019,103.201,0.19451,0.2691,0.890054,B,0.001,0.017291
9213.107,0.21876,214.942,2.1705,14,0.6236,8.731,1.89494,3.8205,5154.99,4058.118,11188.886,0.100242,0.369321,84.162,102.041,0.55953,1.21445,0.743612,B,-0.001,-0.035418
7760.185,0.38763,219.811,2.871,28,0.6792,19.018,1.88858,8.96828,3626.873,4133.312,10412.592,0.033523,0.698349,83.429,104.403,0.46737,1.3418,0.959581,B,0.0,0.002546
11678.621,0.41305,166.402,2.9168,29,0.8751,25.377,1.96911,12.80489,5416.753,6261.869,15799.73,0.010583,0.761206,81.299,102.474,0.46382,1.35288,0.988116,B,-0.001,-0.043347
7409.511,0.41327,179.047,3.9865,27,0.6442,17.393,1.9476,9.26917,3268.903,4140.608,13031.326,0.033693,0.712932,82.081,102.767,0.44118,1.75873,0.964032,B,0.0,0.01752
9662.377,0.32099,196.146,1.6754,29,0.7182,20.828,1.92113,8.51585,5043.077,4619.3,8449.125,0.030905,0.63769,82.642,103.037,0.52193,0.87444,0.949749,B,0.0,-0.011318
11466.023,0.716,194.758,3.6636,14,0.8379,11.731,1.92318,6.02682,2775.747,8690.276,10169.11,0.374579,0.825054,87.132,104.214,0.24208,0.88689,0.873352,B,0.0,-0.011042
11951.927,0.71126,159.49,1.7125,14,0.659,9.226,1.98168,3.98386,3389.174,8562.754,5803.811,0.658462,0.732164,89.576,101.93,0.28357,0.4856,0.737484,B,-0.001,-0.054912
9554.297,0.28218,142.419,2.5024,16,0.7881,12.61,2.01562,6.31486,5479.584,4074.713,13711.894,0.053242,0.590057,80.858,100.057,0.57352,1.43515,0.891788,B,0.0,-0.025413
7503.151,0.59221,130.686,4.7012,23,0.6339,14.579,2.04178,8.58146,2573.339,4929.812,12097.901,0.079251,0.859979,80.652,101.134,0.34297,1.61238,0.954104,B,0.0,-0.033429
12272.707,0.66491,164.001,4.6398,23,0.7705,17.721,1.97341,9.9101,2808.59,9464.118,13031.255,0.096715,0.833527,82.342,102.831,0.22885,1.06181,0.966713,B,-0.001,0.014945
8781.233,0.48616,204.114,3.8092,15,0.7497,11.246,1.90969,5.76266,2885.566,5895.666,10991.78,0.189664,0.631277,85.0,103.331,0.32861,1.25174,0.871802,B,0.001,-0.0021
9954.604,0.77648,212.361,4.279,25,0.6341,15.853,1.89838,8.23705,1657.563,8297.041,7092.775,0.260637,0.879534,86.199,105.305,0.16651,0.71251,0.944108,B,0.0,-0.000993
7013.837,0.20435,155.858,3.9454,16,0.6498,10.398,1.98854,5.70202,4316.743,2697.094,17031.072,0.041086,0.465661,81.278,99.98,0.61546,2.42821,0.876259,B,0.0,-0.011601
8811.073,0.71122,157.52,2.6793,19,0.7854,14.923,1.98538,7.45262,1962.452,6848.621,5257.901,0.2268,0.850034,83.798,102.605,0.22273,0.59674,0.928976,B,0.0,-0.033478
12647.363,0.62257,135.383,1.6946,17,0.8221,13.975,2.031,6.22719,2767.463,9879.9,4689.729,0.347332,0.699667,84.416,100.365,0.21882,0.37081,0.877922,B,0.0,0.000331
11378.23,0.66375,136.211,4.6412,26,0.7123,18.521,2.02914,10.78221,2810.159,8568.072,13042.637,0.064271,0.860362,80.718,101.476,0.24698,1.14628,0.976085,B,-0.001,0.044871
11299.89,0.61966,178.138,1.1287,19,0.7612,14.462,1.94908,5.11735,2822.434,8477.456,3185.646,0.429899,0.682841,87.278,102.526,0.24978,0.28192,0.826715,B,0.0,-0.026249
10398.603,0.58228,181.968,1.0318,25,0.7224,18.061,1.94287,6.09162,3621.58,6777.023,3736.907,0.200643,0.78622,84.391,103.387,0.34828,0.35937,0.87999,B,0.0,0.022856
7826.283,0.4963,211.391,3.368,29,0.8028,23.282,1.89968,11.51949,2930.899,4895.384,9871.229,0.021979,0.780282,83.018,104.611,0.37449,1.26129,0.983415,B,0.0,-0.013995
8341.096,0.31482,196.856,2.2091,23,0.7548,17.361,1.92009,7.79672,4156.726,4184.369,9182.567,0.039196,0.588624,82.775,102.744,0.49834,1.10088,0.937955,B,0.001,-0.003208
12715.23,0.56134,140.226,3.4631,22,0.6552,14.415,2.02032,7.86605,3474.802,9240.429,12033.504,0.141568,0.719193,81.924,100.782,0.27328,0.94639,0.93108,B,-0.001,-0.005415
7665.96,0.6409,147.325,1.4885,24,0.8676,20.821,2.00541,8.6664,1525.839,6140.122,2271.248,0.144212,0.764327,82.276,101.486,0.19904,0.29628,0.955213,B,-0.001,0.008442
10990.519,0.27865,192.826,1.1581,27,0.7131,19.254,1.92606,6.7727,5721.109,5269.41,6625.82,0.051505,0.525274,82.802,102.151,0.52055,0.60287,0.903784,B,0.0,-0.041668
9240.183,0.28156,196.554,3.4021,18,0.8554,15.398,1.92053,7.76585,5145.687,4094.496,17506.057,0.032611,0.594429,82.678,102.769,0.55688,1.89456,0.935501,B,0.0,-0.027236
11388.665,0.40917,171.087,3.3969,24,0.799,19.176,1.96093,9.97657,5155.743,6232.922,17513.648,0.028664,0.72391,81.718,102.46,0.45271,1.53781,0.968286,B,0.0,0.041276
7870.903,0.74437,196.409,1.9173,22,0.8752,19.254,1.92074,8.25961,1581.721,6289.183,3032.617,0.192546,0.883158,84.785,104.669,0.20096,0.38529,0.948018,B,-0.001,-0.032265
7633.311,0.52877,131.061,2.4957,18,0.6848,12.326,2.0409,6.27758,2818.587,4814.724,7034.235,0.147828,0.751785,81.575,100.444,0.36925,0.92152,0.896771,B,0.0,-0.037504
10270.179,0.32964,207.948,2.1319,17,0.6305,10.718,1.90437,4.69978,4706.643,5563.536,10034.3,0.139969,0.4901,84.467,102.557,0.45828,0.97703,0.805408,B,0.0,-0.011302
8545.771,0.64787,143.477,2.6121,20,0.7141,14.281,2.01338,7.22726,2186.901,6358.87,5712.302,0.192963,0.804322,82.75,101.532,0.2559,0.66844,0.923781,B,0.0,-0.021356
11726.747,0.30138,184.01,1.2247,24,0.7298,17.515,1.93962,6.38765,6367.072,5359.675,7797.656,0.062423,0.585247,82.639,102.154,0.54295,0.66495,0.887542,B,0.0,0.021561
12992.096,0.59508,161.774,3.6897,15,0.8972,13.458,1.97746,7.21901,3685.039,9307.057,13596.86,0.182741,0.758347,83.389,102.221,0.28364,1.04655,0.9129,B,-0.0,-0.049979
7827.479,0.78159,197.118,3.2836,23,0.7776,17.886,1.91971,8.9415,1265.714,6561.765,4156.159,0.197634,0.894236,84.875,104.772,0.1617,0.53097,0.959112,B,0.0,-0.035296
8498.291,0.2743,174.711,1.648,29,0.7509,21.777,1.95477,9.08445,4101.953,4396.338,6760.216,0.022578,0.509173,81.774,101.217,0.48268,0.79548,0.96027,B,-0.0,-0.029282
8045.964,0.64332,135.895,1.3639,27,0.8538,23.053,2.02985,9.41627,2198.63,5847.335,2998.613,0.082095,0.854344,80.939,101.417,0.27326,0.37269,0.965129,B,-0.001,-0.002543
9342.37,0.54079,130.642,2.0141,19,0.6377,12.117,2.04188,5.77995,3392.186,5950.184,6832.221,0.193101,0.739009,82.152,100.333,0.3631,0.73132,0.870349,B,0.0,-0.013764
8405.307,0.70314,180.08,4.3752,24,0.8369,20.085,1.94591,10.88354,1417.704,6987.604,6202.782,0.087981,0.827948,82.835,103.575,0.16867,0.73796,0.978895,B,-0.001,0.003792
10659.072,0.61919,139.001,3.9927,28,0.8707,24.379,2.02298,13.73623,2835.329,7823.742,11320.663,0.019386,0.836554,80.255,101.485,0.266,1.06207,0.991672,B,0.001,0.042439
9259.601,0.50936,172.062,1.8303,21,0.8911,18.714,1.95926,8.13931,3349.336,5910.265,6130.231,0.079745,0.75282,82.429,102.698,0.36171,0.66204,0.94337,B,0.0,0.011869
10125.949,0.37422,155.87,4.0854,22,0.7277,16.009,1.98852,8.84075,4498.625,5627.324,18378.655,0.038309,0.642757,81.242,101.15,0.44427,1.81501,0.95452,B,0.0,-0.007083
12165.786,0.79006,135.1,3.7723,14,0.6837,9.571,2.03163,5.36293,2072.408,10093.378,7817.663,0.755934,0.79707,89.796,100.991,0.17035,0.64259,0.837011,B,0.0,-0.031584
12169.595,0.52219,157.794,4.6568,14,0.6168,8.635,1.98486,4.87322,4001.593,8168.002,18634.632,0.307262,0.62748,84.871,101.151,0.32882,1.53124,0.806518,B,-0.0,0.04545
8063.676,0.29539,180.229,3.7075,21,0.7802,16.385,1.94567,8.58906,3529.611,4534.064,13085.859,0.031452,0.500859,82.094,101.423,0.43772,1.62282,0.953394,B,0.001,-0.010833
8572.553,0.53122,208.005,4.3423,16,0.6087,9.74,1.90429,5.09905,3088.801,5483.752,13412.496,0.236871,0.697009,85.748,103.925,0.36031,1.56459,0.839335,B,0.0,0.039725
10419.268,0.24541,179.203,1.2617,22,0.8763,19.279,1.94734,7.16756,6063.07,4356.198,7649.522,0.034751,0.538608,82.101,101.624,0.58191,0.73417,0.917598,B,0.0,0.011722
9838.625,0.53051,159.0,4.3243,20,0.7718,15.435,1.9826,8.5798,3359.874,6478.751,14529.099,0.076743,0.76583,81.877,102.127,0.3415,1.47674,0.950599,B,0.0,0.02026
7200.082,0.22781,164.545,3.2198,20,0.8932,17.864,1.97243,9.25899,4110.965,3089.117,13236.345,0.014304,0.511933,81.275,100.736,0.57096,1.83836,0.964149,B,0.0,0.026504
11422.061,0.50673,169.612,2.0133,27,0.7507,20.27,1.96347,9.13778,3858.932,7563.128,7769.349,0.063859,0.732693,82.126,102.445,0.33785,0.68021,0.957423,B,0.001,0.022488
11747.362,0.43619,183.959,1.485,24,0.7083,17.0,1.93971,6.73078,5426.271,6321.091,8057.948,0.094233,0.729738,83.057,103.105,0.46191,0.68594,0.900209,B,-0.0,0.007731
9596.988,0.71284,199.187,1.4353,19,0.8335,15.836,1.9167,6.07233,1819.403,7777.585,2611.339,0.44351,0.775847,88.19,104.079,0.18958,0.2721,0.882048,B,0.0,-0.022488
7739.662,0.44648,151.71,3.7439,22,0.6789,14.936,1.9966,8.15038,3275.034,4464.628,12261.518,0.056745,0.732369,81.31,101.517,0.42315,1.58424,0.94622,B,0.0,0.007342
11192.977,0.38895,162.653,4.4571,16,0.8597,13.755,1.97585,7.65077,5126.851,6066.126,22850.915,0.060439,0.666595,81.809,101.66,0.45804,2.04154,0.928824,B,0.0,-0.002604
7389.839,0.38819,182.971,3.8056,24,0.723,17.352,1.94127,9.11494,3263.281,4126.558,12418.863,0.033351,0.668792,82.218,102.658,0.44159,1.68053,0.962061,B,0.0,0.018939
7381.671,0.25719,131.109,3.5256,25,0.8235,20.589,2.04079,11.44137,4506.791,2874.88,15889.021,0.007078,0.649271,79.72,99.77,0.61054,2.1525,0.983199,B,0.0,0.016685
10443.99,0.78341,188.145,1.6086,16,0.8221,13.153,1.93317,5.3464,1443.091,9000.899,2321.419,0.884378,0.767219,93.634,103.541,0.13817,0.22227,0.844017,B,0.0,0.027544
9620.112,0.33276,177.825,2.5545,20,0.8216,16.433,1.9496,7.88443,4648.214,4971.899,11874.061,0.043111,0.603546,82.161,101.988,0.48318,1.2343,0.937401,B,-0.001,0.029562
12917.183,0.77001,141.779,1.1029,17,0.6123,10.41,2.01698,3.83043,2394.272,10522.911,2640.565,0.95,0.729053,92.666,100.938,0.18536,0.20442,0.771317,B,0.0,0.041849
8508.901,0.36612,165.516,2.5535,24,0.7404,17.768,1.97069,8.6617,3992.606,4516.295,10195.116,0.035955,0.658004,81.599,101.749,0.46923,1.19817,0.953919,B,0.0,-0.01549
8089.049,0.22561,177.963,0.9993,25,0.6909,17.271,1.94937,5.76236,4906.397,3182.652,4902.914,0.04666,0.50147,82.213,101.321,0.60655,0.60612,0.874552,B,0.0,0.033362
8936.83,0.57953,165.35,1.6102,23,0.7942,18.266,1.97098,7.64578,2608.09,6328.74,4199.574,0.132336,0.76382,82.865,102.439,0.29184,0.46992,0.933359,B,0.0,-0.001295
12240.607,0.34481,142.756,3.3151,26,0.852,22.151,2.01491,11.92202,5369.703,6870.905,17801.102,0.012927,0.604175,80.341,100.17,0.43868,1.45427,0.983554,B,-0.001,0.040521
11178.381,0.68226,202.151,4.4808,18,0.7624,13.722,1.91246,7.27406,2542.828,8635.553,11393.986,0.243457,0.811474,85.646,104.439,0.22748,1.01929,0.918828,B,0.0,-0.03379
7023.191,0.47268,191.574,4.0827,25,0.8213,20.533,1.92794,10.82718,2707.326,4315.865,11053.236,0.025245,0.753354,82.412,103.602,0.38548,1.57382,0.979412,B,0.0,0.001316
7773.832,0.42512,210.314,4.2706,18,0.7372,13.27,1.90114,6.90776,3068.043,4705.789,13102.264,0.089591,0.643876,83.877,103.668,0.39466,1.68543,0.916827,B,0.0,-0.002179
12703.135,0.32344,197.522,0.99,28,0.8516,23.846,1.91912,7.73319,6402.168,6300.967,6338.205,0.046321,0.605011,82.892,102.88,0.50398,0.49895,0.927824,B,0.0,-0.007185
10411.504,0.46873,206.479,2.6901,29,0.6479,18.788,1.90639,8.83732,4097.853,6313.652,11023.782,0.05469,0.737459,83.295,104.13,0.39359,1.05881,0.954077,B,-0.001,0.013199
9499.186,0.57807,172.059,3.5143,24,0.6768,16.243,1.95926,8.50455,3093.936,6405.25,10872.989,0.089097,0.814255,82.553,103.103,0.32571,1.14462,0.9498,B,0.0,0.027196
7457.895,0.41041,197.983,4.0584,23,0.6808,15.658,1.91845,8.18474,3487.006,3970.89,14151.637,0.04622,0.730228,82.906,103.727,0.46756,1.89754,0.947345,B,-0.001,-0.029793
8349.356,0.24212,186.281,3.5396,21,0.6594,13.847,1.93606,7.13289,4521.865,3827.49,16005.705,0.035001,0.486805,82.357,101.607,0.54158,1.917,0.921707,B,0.001,0.035008
7111.226,0.44904,175.873,3.3224,17,0.7057,11.997,1.95283,6.17177,2885.508,4225.717,9586.691,0.116548,0.676072,83.058,102.374,0.40577,1.34811,0.894682,B,0.001,0.035793
12093.195,0.63806,133.534,1.4546,28,0.8524,23.866,2.03519,10.05001,3119.148,8974.047,4537.023,0.078016,0.832721,80.773,101.131,0.25793,0.37517,0.968463,B,0.0,-0.036841
12592.45,0.26998,164.206,4.6542,14,0.8084,11.318,1.97304,6.33101,6846.843,5745.607,31866.236,0.058363,0.522148,81.844,100.786,0.54373,2.53058,0.882458,B,0.0,0.050149
10212.191,0.45877,163.205,3.8259,20,0.7627,15.254,1.97485,8.22952,4057.116,6155.075,15522.316,0.065215,0.71819,81.894,102.029,0.39728,1.51998,0.943527,B,0.0,-0.051269
11755.408,0.53711,166.509,3.2731,22,0.8553,18.816,1.96892,9.76419,3649.771,8105.637,11946.166,0.059723,0.752068,81.952,102.419,0.31048,1.01623,0.965478,B,0.0,-0.01829
7825.296,0.4501,196.528,4.6117,20,0.8141,16.282,1.92057,8.73229,3592.52,4232.775,16567.521,0.043129,0.795504,82.816,104.095,0.45909,2.11718,0.956009,B,0.001,0.034491
8670.111,0.65972,157.374,2.133,26,0.8577,22.3,1.98565,10.41421,2228.389,6441.721,4753.064,0.064376,0.865672,81.648,102.701,0.25702,0.54821,0.97492,B,0.001,-0.026643
10701.761,0.45968,208.327,4.7698,23,0.642,14.765,1.90385,7.85931,4022.852,6678.909,19188.005,0.079761,0.688518,83.684,103.882,0.37591,1.79298,0.934776,B,0.0,-0.030269
11090.96,0.76678,204.758,4.672,25,0.6081,15.203,1.90879,8.09531,2077.825,9013.135,9707.599,0.248602,0.886237,85.799,105.041,0.18734,0.87527,0.93926,B,0.0,0.001135
10622.077,0.60436,184.23,4.4794,18,0.6122,11.019,1.93928,5.96617,3603.531,7018.546,16141.672,0.224869,0.7992,84.791,103.576,0.33925,1.51963,0.873773,B,-0.0,0.01408
7548.918,0.48428,161.182,3.1802,14,0.7201,10.081,1.97855,5.23339,2817.84,4731.078,8961.275,0.192486,0.658066,83.493,101.529,0.37328,1.18709,0.851633,B,-0.0,0.033684
12596.768,0.67905,150.16,1.4334,26,0.6979,18.145,1.99968,7.40699,3344.87,9251.898,4794.525,0.206289,0.84997,83.218,102.209,0.26553,0.38062,0.919333,B,0.0,-0.01032
8501.016,0.61452,163.07,1.1656,16,0.8117,12.987,1.97509,4.75754,2200.91,6300.107,2565.367,0.428808,0.679402,86.688,101.766,0.2589,0.30177,0.819342,B,-0.001,-0.028759
11108.02,0.40819,135.684,1.2168,29,0.8928,25.892,2.03032,10.06481,5385.121,5722.899,6552.498,0.025682,0.768128,80.184,100.835,0.4848,0.58989,0.969499,B,0.0,-0.036957
12173.0,0.71652,132.332,3.4863,27,0.8933,24.119,2.03795,13.34413,2161.042,10011.958,7533.992,0.040276,0.86249,80.217,101.253,0.17753,0.61891,0.990021,B,0.0,-0.053823
7796.437,0.73837,140.147,1.2002,21,0.8791,18.461,2.02049,7.08302,1740.079,6056.357,2088.492,0.258974,0.876104,83.471,101.813,0.22319,0.26788,0.921719,B,0.001,0.021376
9751.819,0.76408,158.407,4.4138,26,0.7649,19.888,1.98371,11.1065,2016.289,7735.529,8899.556,0.075198,0.94364,81.833,103.269,0.20676,0.9126,0.979652,B,0.001,-0.005624
10706.24,0.63686,165.101,4.4479,17,0.6703,11.395,1.97143,6.31456,3162.102,7544.137,14064.615,0.241535,0.802564,84.297,102.682,0.29535,1.31368,0.887986,B,0.001,-0.035067
12939.537,0.44881,170.828,1.8604,17,0.7818,13.29,1.96137,5.82299,5677.941,7261.595,10563.215,0.145004,0.686359,83.244,102.199,0.43881,0.81635,0.858228,B,0.001,0.008362
11244.062,0.58197,187.376,1.7191,28,0.727,20.357,1.93436,8.49132,3590.973,7653.089,6173.212,0.096788,0.809632,83.211,103.787,0.31937,0.54902,0.946886,B,0.0,-0.042086
9582.651,0.6596,133.765,2.343,27,0.7494,20.233,2.03466,10.07282,2721.989,6860.662,6377.6,0.067501,0.894522,80.645,101.553,0.28405,0.66554,0.970931,B,0.0,-0.033473
11176.567,0.77066,192.27,3.5942,23,0.8715,20.045,1.92689,10.28583,1969.486,9207.081,7078.709,0.123711,0.909051,83.736,104.66,0.17622,0.63335,0.971713,B,-0.0,-0.020148
10089.554,0.33349,177.689,1.8016,22,0.7735,17.016,1.94982,7.3066,5480.917,4608.637,9874.518,0.047714,0.673362,82.216,102.442,0.54323,0.97869,0.922279,B,0.0,-0.032138
7661.245,0.46309,181.72,2.4735,25,0.685,17.124,1.94327,8.1014,3019.855,4641.39,7469.528,0.064113,0.72268,82.579,102.956,0.39417,0.97498,0.945428,B,-0.0,-0.005742
8311.977,0.65849,139.181,1.5373,27,0.7004,18.911,2.02258,8.07033,2517.724,5794.253,3870.394,0.12245,0.891409,81.624,101.857,0.3029,0.46564,0.943673,B,0.0,0.009158
10750.246,0.59052,161.618,3.7545,27,0.6782,18.312,1.97775,9.86144,3807.511,6942.735,14295.13,0.05404,0.884742,81.683,103.047,0.35418,1.32975,0.967589,B,0.0,-0.051876
11052.367,0.38655,136.033,1.5524,15,0.7695,11.542,2.02954,4.96873,5093.607,5958.76,7907.384,0.152008,0.587031,81.868,99.661,0.46086,0.71545,0.818767,B,0.0,0.046609
9631.383,0.74571,151.467,1.8683,23,0.7541,17.345,1.99708,7.81472,2143.245,7488.138,4004.175,0.215028,0.8976,83.389,102.595,0.22253,0.41574,0.935833,B,0.0,0.008262
8563.475,0.24026,153.618,4.3498,15,0.8059,12.089,1.99286,6.77782,4857.542,3705.933,21129.315,0.037804,0.505638,81.141,100.124,0.56724,2.46738,0.910748,B,0.0,-0.034565
7340.389,0.71886,184.357,1.6496,27,0.7723,20.851,1.93908,8.59655,1830.661,5509.729,3019.913,0.130901,0.914215,83.555,104.341,0.2494,0.41141,0.954586,B,-0.001,-0.000217
11490.874,0.27355,180.06,2.842,19,0.8744,16.614,1.94595,8.18208,6267.805,5223.069,17813.01,0.029893,0.565935,82.068,101.844,0.54546,1.55019,0.940392,B,0.0,0.047533
8199.562,0.40418,136.419,3.7026,20,0.6458,12.917,2.02868,7.19424,4200.979,3998.583,15554.57,0.060167,0.765614,80.674,100.863,0.51234,1.897,0.923733,B,0.0,-0.032459
11290.602,0.49677,195.846,3.0684,29,0.8897,25.8,1.92157,12.7092,4271.502,7019.101,13106.705,0.015957,0.789369,82.435,104.025,0.37832,1.16085,0.987848,B,-0.001,0.011261
12649.471,0.49872,131.91,1.1222,21,0.7597,15.954,2.03893,6.01032,4060.434,8589.037,4556.586,0.204636,0.637741,82.366,99.744,0.321,0.36022,0.868287,B,-0.0,0.05216
11936.53,0.59808,202.639,4.6943,27,0.6581,17.768,1.91177,9.49207,4029.3,7907.23,18914.545,0.067626,0.868389,83.341,104.835,0.33756,1.58459,0.961832,B,0.0,-0.037132
10552.771,0.4708,172.77,2.1014,20,0.6824,13.648,1.95805,6.21393,3891.62,6661.152,8177.862,0.147461,0.6597,83.35,102.118,0.36878,0.77495,0.884493,B,-0.001,0.020436
7324.432,0.30594,191.522,3.3933,26,0.8087,21.026,1.92802,10.66132,3736.118,3588.314,12677.602,0.013216,0.610715,82.252,102.658,0.51009,1.73086,0.977965,B,0.0,0.023006
11230.511,0.43803,143.886,3.1977,29,0.6093,17.668,2.01252,9.41339,3978.472,7252.039,12722.088,0.047541,0.652254,80.848,100.552,0.35426,1.13281,0.961551,B,0.0,-0.01125
12888.856,0.56028,174.931,2.7415,17,0.8156,13.866,1.9544,6.80797,4274.685,8614.171,11718.961,0.169426,0.75424,83.721,102.845,0.33166,0.90923,0.899709,B,0.0,-0.026876
8830.557,0.32023,206.029,2.0845,14,0.7079,9.911,1.90702,4.32358,4475.444,4355.113,9329.107,0.134246,0.511345,84.33,102.619,0.50681,1.05646,0.787532,B,0.0,0.033556
12030.911,0.27065,148.772,3.8143,21,0.8724,18.32,2.00247,10.07892,6809.654,5221.257,25973.972,0.014902,0.604193,80.632,100.51,0.56601,2.15894,0.968836,B,0.0,0.041668
10232.512,0.32443,155.577,1.0463,25,0.8329,20.822,1.98908,7.32126,5689.822,4542.69,5953.127,0.045307,0.67403,81.322,101.341,0.55605,0.58179,0.922346,B,0.0,0.035762
11693.317,0.25814,204.165,2.8715,26,0.7354,19.121,1.90962,9.17431,7008.664,4684.653,20125.071,0.018246,0.617054,82.739,103.239,0.59937,1.72107,0.957636,B,0.0,-0.051105
11370.369,0.73841,169.323,1.367,14,0.605,8.47,1.96398,3.30179,1965.977,9404.392,2687.514,0.95,0.694178,93.812,102.177,0.1729,0.23636,0.777552,B,0.0,-0.006006
8811.286,0.4394,130.568,0.9082,16,0.8314,13.303,2.04206,4.52049,3422.714,5388.572,3108.663,0.224199,0.576099,82.559,99.253,0.38845,0.3528,0.801801,B,0.0,-0.040928
9889.498,0.6431,148.25,2.8797,26,0.8843,22.992,2.00352,11.85923,2630.217,7259.281,7574.142,0.037965,0.862354,80.914,102.185,0.26596,0.76588,0.984299,B,0.0,0.009968
7573.879,0.36241,188.216,3.6064,27,0.8695,23.477,1.93306,12.11478,4054.63,3519.249,14622.433,0.009042,0.769542,82.082,103.56,0.53534,1.93064,0.986643,B,0.0,-0.02239
7716.861,0.74943,209.613,4.3763,14,0.8079,11.31,1.90209,5.91939,1428.335,6288.526,6250.776,0.475075,0.811744,88.943,104.747,0.18509,0.81002,0.882667,B,0.0,0.00764
8719.375,0.75237,169.954,3.972,20,0.654,13.081,1.96288,7.04767,2072.969,6646.406,8233.926,0.258252,0.906482,84.706,103.609,0.23774,0.94433,0.918395,B,0.0,0.000375
11288.91,0.42526,196.702,1.5361,25,0.6542,16.355,1.92031,6.46356,5734.627,5554.283,8809.146,0.090531,0.77086,83.448,103.94,0.50799,0.78034,0.891858,B,0.0,-0.014244
9361.095,0.62243,172.746,1.9913,24,0.8477,20.344,1.95809,9.10064,2864.475,6496.62,5704.015,0.082536,0.860478,82.492,103.442,0.306,0.60933,0.959424,B,0.0,0.005468
12183.578,0.46378,163.038,3.6096,15,0.7807,11.711,1.97515,6.24189,5361.982,6821.597,19354.81,0.126338,0.729022,82.694,102.092,0.4401,1.5886,0.880114,B,-0.001,-0.016565
10970.311,0.23213,160.382,4.3316,24,0.6904,16.569,1.98002,9.19559,6243.309,4727.002,27043.346,0.016797,0.516543,81.142,100.553,0.56911,2.46514,0.958818,B,-0.0,-0.030363
12506.156,0.37402,136.25,3.0435,23,0.8542,19.647,2.02905,10.46344,5738.122,6768.034,17463.734,0.022504,0.672046,80.169,100.235,0.45882,1.39641,0.972394,B,0.0,-0.008408
11742.732,0.56529,206.735,3.4238,25,0.6319,15.798,1.90604,7.88652,3334.97,8407.762,11418.163,0.132526,0.736942,84.33,104.137,0.284,0.97236,0.933418,B,0.0,0.045794
9635.827,0.31951,158.222,2.8168,29,0.7763,22.514,1.98406,11.38378,4793.655,4842.173,13502.994,0.011819,0.624113,80.989,101.151,0.49748,1.40133,0.981598,B,-0.001,0.023759
7632.939,0.3463,137.413,1.4045,29,0.8692,25.207,2.02647,10.39945,3807.512,3825.427,5347.601,0.016934,0.674116,80.15,100.318,0.49883,0.7006,0.975607,B,0.0,0.02882
9938.203,0.25879,155.187,2.9273,18,0.8891,16.004,1.98983,8.20786,5316.011,4622.191,15561.589,0.027306,0.525031,81.068,100.336,0.53491,1.56584,0.943562,B,0.001,-0.045005
10088.255,0.62504,152.426,1.1043,27,0.7474,20.18,1.99519,7.31494,2750.939,7337.316,3037.908,0.177622,0.792786,82.936,101.955,0.27269,0.30113,0.922508,B,0.0,0.014216
7666.644,0.30711,160.86,1.9055,15,0.7845,11.768,1.97914,5.26866,3924.419,3742.225,7477.935,0.088258,0.536616,82.105,100.711,0.51188,0.97539,0.852894,B,0.0,0.003856
7897.98,0.45463,201.661,3.661,19,0.8821,16.76,1.91316,8.54055,3172.963,4725.017,11616.332,0.053362,0.724087,83.121,103.841,0.40174,1.4708,0.952846,B,0.0,0.019611
12893.455,0.71838,135.389,4.5075,15,0.7469,11.203,2.03098,6.49642,2211.423,10682.032,9967.904,0.468516,0.770102,86.016,100.83,0.17152,0.7731,0.88814,B,0.0,0.058937
11966.966,0.41794,167.062,2.9366,26,0.6606,17.175,1.96794,8.6738,5649.336,6317.63,16589.747,0.045036,0.751406,81.78,102.443,0.47208,1.3863,0.949131,B,0.0,-0.054814
9159.595,0.22255,210.65,3.0806,14,0.6407,8.97,1.90068,4.34901,5444.233,3715.362,16771.767,0.079657,0.431945,83.756,102.283,0.59437,1.83106,0.787261,B,-0.0,-0.03544
7169.284,0.54649,183.002,3.1416,21,0.8908,18.707,1.94122,9.41281,2083.395,5085.889,6545.275,0.063821,0.744205,82.622,103.157,0.2906,0.91296,0.966062,B,0.0,0.033638
8603.501,0.74161,131.795,3.8366,27,0.6566,17.729,2.03919,10.02086,1607.616,6995.885,6167.775,0.113994,0.885832,81.164,101.374,0.18686,0.71689,0.971278,B,0.0,0.004997
10305.792,0.40136,144.668,4.4442,23,0.8185,18.825,2.01089,10.73543,4646.405,5659.387,20649.724,0.020972,0.713667,80.532,101.002,0.45085,2.0037,0.976441,B,0.0,-0.029471
12804.831,0.40368,217.803,3.5574,22,0.7119,15.662,1.89119,7.78994,6383.44,6421.39,22708.515,0.057458,0.74786,83.684,104.651,0.49852,1.77343,0.929043,B,0.001,-0.026243
7141.642,0.53448,139.837,4.3636,14,0.7466,10.453,2.02116,5.98398,2337.375,4804.267,10199.409,0.18386,0.705071,82.465,100.666,0.32729,1.42816,0.887415,B,0.0,-0.034289
11310.562,0.49096,164.108,0.9546,27,0.6821,18.417,1.97321,6.11302,4312.142,6998.42,4116.166,0.157537,0.696394,83.149,101.931,0.38125,0.36392,0.877665,B,0.0,0.053908
12751.473,0.30103,175.234,3.4883,14,0.7679,10.75,1.95389,5.59638,6223.748,6527.725,21710.533,0.094168,0.498268,82.739,101.17,0.48808,1.70259,0.847321,B,0.0,-0.058465
12786.847,0.29224,147.471,1.7391,15,0.7427,11.141,2.00511,4.92119,7825.218,4961.629,13609.197,0.092438,0.60737,81.599,100.459,0.61197,1.06431,0.806431,B,0.0,-0.06394
10572.53,0.68692,174.545,4.2498,22,0.8862,19.497,1.95505,10.58132,1593.898,8978.633,6773.705,0.11419,0.788592,82.977,103.054,0.15076,0.64069,0.974939,B,-0.001,-0.00306
11714.037,0.45865,207.651,4.0761,21,0.6089,12.787,1.90477,6.6161,5158.405,6555.632,21026.155,0.108089,0.734491,84.037,104.158,0.44036,1.79495,0.896221,B,0.0,0.023529
11086.798,0.54548,169.771,4.3721,16,0.6892,11.027,1.9632,6.05365,3456.835,7629.963,15113.742,0.217103,0.694253,84.155,102.2,0.3118,1.36322,0.875903,B,0.0,0.012621
7111.461,0.42277,137.731,1.6194,14,0.7326,10.257,2.02576,4.4764,3100.307,4011.154,5020.486,0.184868,0.606642,82.381,99.892,0.43596,0.70597,0.809363,B,0.0,0.030328
8646.08,0.34155,149.048,3.5719,29,0.6285,18.227,2.00191,9.8844,3723.471,4922.609,13299.698,0.023926,0.581808,80.763,100.378,0.43065,1.53823,0.969833,B,0.0,-0.03244
12646.681,0.24678,183.052,2.5394,16,0.6239,9.983,1.94114,4.75075,7204.171,5442.51,18294.444,0.088664,0.456065,82.951,101.257,0.56965,1.44658,0.79533,B,0.0,0.058996
7601.247,0.23739,149.759,1.8183,24,0.8106,19.455,2.00048,8.70329,4407.225,3194.022,8013.756,0.018064,0.540015,80.716,100.141,0.5798,1.05427,0.95588,B,0.0,0.028123
7961.987,0.73802,194.595,1.6919,26,0.7975,20.734,1.92342,8.52415,1811.888,6150.1,3065.507,0.154121,0.910044,84.216,104.768,0.22757,0.38502,0.952477,B,-0.001,-0.005949
10709.838,0.67249,192.967,1.0792,26,0.8278,21.522,1.92584,7.32089,2271.505,8438.333,2451.394,0.249753,0.786291,85.423,103.88,0.2121,0.22889,0.921231,B,0.0,-0.041525
12370.182,0.46761,211.566,1.6291,23,0.8776,20.185,1.89945,8.02445,4909.297,7460.885,7997.639,0.076091,0.725237,83.738,104.255,0.39687,0.64653,0.935421,B,0.0,-0.042368
9210.418,0.65999,216.819,2.5825,21,0.6111,12.833,1.89247,5.90096,2582.5,6627.918,6669.301,0.291343,0.803636,86.742,104.981,0.28039,0.7241,0.876227,B,0.0,-0.043032
10606.809,0.49584,215.218,2.3446,27,0.8704,23.501,1.89458,10.52704,3969.005,6637.805,9305.719,0.033879,0.77206,83.294,104.71,0.37419,0.87733,0.974432,B,-0.001,0.030526
12872.784,0.58363,173.339,1.9939,28,0.6821,19.099,1.95708,8.54081,3760.635,9112.149,7498.254,0.109201,0.779434,82.866,102.935,0.29214,0.58249,0.945339,B,0.0,-0.04092
12024.394,0.64265,176.353,1.6374,23,0.7719,17.753,1.95203,7.37222,3327.246,8697.147,5447.953,0.186621,0.817116,84.001,103.328,0.27671,0.45308,0.919646,B,0.001,-0.03514
7080.262,0.4475,214.668,3.0875,29,0.6458,18.729,1.8953,9.04533,2836.789,4243.473,8758.533,0.042982,0.717927,83.397,104.331,0.40066,1.23704,0.961517,B,-0.0,-0.01746
11059.364,0.39014,191.837,1.383,18,0.6231,11.215,1.92754,4.27136,4764.48,6294.884,6589.047,0.20954,0.52684,84.854,102.118,0.43081,0.59579,0.768619,B,0.0,-0.045555
7650.989,0.52379,160.597,2.9445,29,0.8076,23.42,1.97963,11.93894,2889.062,4761.926,8506.981,0.019753,0.829586,81.19,102.631,0.37761,1.11188,0.98576,B,0.001,0.016744
12731.808,0.33448,213.853,3.8991,16,0.6093,9.748,1.89638,4.96492,5591.799,7140.009,21803.146,0.144956,0.482911,84.718,102.747,0.4392,1.71249,0.809662,B,0.0,-0.018562
11317.06,0.62928,198.37,4.0105,22,0.6642,14.611,1.91788,7.61616,2599.437,8717.624,10425.115,0.198082,0.757852,84.923,103.925,0.22969,0.92119,0.927698,B,-0.001,0.029053
12430.769,0.69039,176.051,3.5059,21,0.6793,14.266,1.95253,7.42701,3155.967,9274.802,11064.528,0.21682,0.85153,84.388,103.541,0.25388,0.89009,0.920267,B,0.0,0.029698
9950.206,0.49359,208.863,2.3478,26,0.7316,19.021,1.90311,8.5837,3675.531,6274.675,8629.367,0.066143,0.743979,83.522,104.27,0.36939,0.86726,0.9505,B,0.0,-0.014899
7357.329,0.64096,180.105,4.3669,15,0.7015,10.523,1.94587,5.70005,2195.805,5161.524,9588.831,0.268944,0.799225,85.225,103.386,0.29845,1.3033,0.874772,B,0.0,-0.014003
8248.383,0.42595,217.67,3.6474,29,0.7981,23.144,1.89136,11.5757,3728.246,4520.137,13598.274,0.015533,0.764473,83.127,104.756,0.452,1.6486,0.983518,B,0.0,-0.034799
7502.008,0.42794,205.066,3.9323,21,0.8898,18.686,1.90836,9.62748,3501.026,4000.983,13767.027,0.029183,0.776867,82.912,104.331,0.46668,1.83511,0.968175,B,-0.001,0.007202
11529.548,0.69099,201.432,4.3991,18,0.6407,11.532,1.91348,6.09721,2573.326,8956.222,11320.254,0.383247,0.779412,87.468,104.197,0.22319,0.98185,0.876209,B,0.0,-0.003998
12265.023,0.40505,187.813,1.0936,15,0.614,9.209,1.93368,3.17222,4890.893,7374.13,5348.621,0.357395,0.43665,86.667,101.345,0.39877,0.43609,0.648144,B,-0.0,0.052998
9719.938,0.73901,164.173,4.128,23,0.8316,19.127,1.9731,10.464,2043.46,7676.478,8435.306,0.089479,0.911913,82.253,103.357,0.21023,0.86784,0.974545,B,0.0,0.004542
12023.197,0.73179,174.92,3.7413,23,0.8505,19.562,1.95442,10.34367,2690.909,9332.288,10067.525,0.09286,0.916019,82.71,103.913,0.22381,0.83734,0.9716,B,0.0,0.024401
8297.746,0.36702,166.691,3.7252,24,0.883,21.191,1.9686,11.31562,3807.611,4490.134,14183.94,0.014462,0.665996,81.362,101.86,0.45887,1.70937,0.981919,B,0.001,-0.038217
9627.734,0.33959,152.151,1.5191,23,0.7219,16.603,1.99573,6.91858,4546.394,5081.341,6906.232,0.063138,0.586941,81.414,100.582,0.47222,0.71733,0.912204,B,-0.001,-0.015403
9524.642,0.65898,139.399,3.4814,19,0.7685,14.602,2.02211,7.98772,2341.16,7183.482,8150.561,0.161396,0.821146,82.148,101.407,0.2458,0.85573,0.939799,B,0.0,0.007215
9941.479,0.31313,197.779,2.6306,25,0.7026,17.566,1.91874,8.29409,5147.401,4794.078,13540.974,0.033121,0.613782,82.726,102.949,0.51777,1.36207,0.945234,B,0.0,-0.030532
7177.882,0.48244,217.896,3.4481,29,0.8527,24.728,1.89106,12.21335,2698.585,4479.297,9304.881,0.016346,0.763249,83.145,104.757,0.37596,1.29633,0.987262,B,0.0,-0.032634
8021.314,0.27773,166.01,4.4338,29,0.8287,24.031,1.96981,13.29331,4786.079,3235.236,21220.317,0.004175,0.682428,81.199,101.935,0.59667,2.64549,0.99103,B,-0.001,-0.037976
7637.314,0.71539,191.898,1.5065,26,0.8642,22.469,1.92745,8.86182,1837.588,5799.727,2768.316,0.124245,0.902682,83.73,104.602,0.24061,0.36247,0.958212,B,-0.001,0.037774
10888.998,0.53835,178.936,1.9456,15,0.6558,9.837,1.94778,4.33168,4181.607,6707.391,8135.631,0.31602,0.676964,85.804,102.525,0.38402,0.74714,0.774575,B,0.0,-0.041612
9868.894,0.32311,212.532,2.838,19,0.7978,15.157,1.89815,7.18303,5127.117,4741.777,14550.681,0.050141,0.618264,83.426,103.588,0.51952,1.4744,0.919379,B,0.0,-0.010448
12968.344,0.3372,206.593,4.4117,23,0.8004,18.408,1.90623,9.68124,6394.682,6573.663,28211.152,0.025143,0.640757,82.908,103.496,0.4931,2.17539,0.963232,B,-0.001,0.023524
10815.814,0.43935,146.154,4.1878,18,0.8054,14.498,2.00781,8.15768,5004.656,5811.158,20958.355,0.055977,0.769519,81.06,101.455,0.46272,1.93775,0.941047,B,0.0,-0.014241
8224.975,0.62563,184.257,2.3815,19,0.611,11.609,1.93923,5.41471,2268.125,5956.85,5401.541,0.322824,0.740922,86.085,103.192,0.27576,0.65672,0.857707,B,0.0,0.024709
7633.878,0.36412,191.325,2.948,18,0.6153,11.075,1.92831,5.4305,3676.256,3957.622,10837.755,0.104991,0.60482,83.456,102.611,0.48157,1.41969,0.861142,B,0.0,0.024926
11101.374,0.76239,132.909,1.2436,14,0.8539,11.955,2.03662,4.71335,2115.043,8986.331,2630.272,0.794157,0.754909,90.196,100.579,0.19052,0.23693,0.80154,B,0.0,0.038171
11933.959,0.35446,157.092,1.2119,29,0.8434,24.459,1.98619,9.19608,5377.494,6556.465,6517.052,0.0333,0.617878,81.226,101.05,0.4506,0.54609,0.957669,B,0.0,-0.054924
7800.724,0.55931,219.126,1.6997,19,0.6538,12.422,1.88947,4.97642,2601.315,5199.409,4421.394,0.274488,0.701816,86.589,104.399,0.33347,0.56679,0.836347,B,0.0,-0.035238
10102.748,0.58689,156.343,2.4259,18,0.6516,11.729,1.98761,5.70519,2497.976,7604.772,6059.717,0.323248,0.673486,85.022,101.378,0.24726,0.59981,0.863815,B,0.0,0.028552
12745.94,0.35289,151.355,4.1825,14,0.8266,11.573,1.9973,6.46137,6305.991,6439.95,26375.019,0.080444,0.619678,81.608,100.754,0.49475,2.06929,0.88722,B,-0.001,-0.05971
12422.145,0.68076,135.472,2.9884,16,0.6137,9.819,2.0308,5.21199,2528.829,9893.316,7557.079,0.578759,0.706836,87.475,100.418,0.20357,0.60836,0.826929,B,0.0,-0.035021
7683.656,0.52281,217.766,3.1156,15,0.6272,9.408,1.89123,4.53833,2248.784,5434.872,7006.302,0.339504,0.598656,87.406,103.665,0.29267,0.91184,0.809944,B,-0.0,0.002298
9961.731,0.49994,182.937,3.3698,22,0.833,18.327,1.94133,9.37545,3571.781,6389.95,12036.151,0.052332,0.750133,82.468,103.193,0.35855,1.20824,0.962468,B,0.0,0.036989
12236.614,0.43813,146.104,4.5013,17,0.785,13.346,2.00791,7.61204,4975.845,7260.769,22397.805,0.080084,0.683501,81.376,100.884,0.40664,1.83039,0.925672,B,-0.0,-0.000751
10636.158,0.6573,210.981,4.6518,23,0.665,15.296,1.90023,8.08215,2614.851,8021.307,12163.797,0.160991,0.819092,84.84,104.851,0.24585,1.14363,0.939786,B,0.0,-0.009217
7122.853,0.58846,148.06,1.9436,25,0.828,20.699,2.00391,9.50024,2175.433,4947.42,4228.219,0.063322,0.819365,81.24,101.891,0.30542,0.59361,0.967135,B,0.0,0.01852
9099.716,0.53897,131.08,4.0127,20,0.6613,13.226,2.04086,7.5529,3110.856,5988.86,12483.027,0.109083,0.762266,81.065,100.514,0.34186,1.3718,0.93081,B,0.0,0.028071
8687.813,0.30389,187.048,2.0053,22,0.8113,17.85,1.93487,7.86113,4379.568,4308.245,8782.192,0.036969,0.575228,82.41,102.225,0.5041,1.01086,0.938674,B,0.0,0.008088
9030.782,0.27633,201.812,3.3028,18,0.6713,12.084,1.91294,6.01636,4503.454,4527.328,14874.08,0.065507,0.486039,83.286,102.277,0.49868,1.64704,0.881783,B,0.0,0.010255
12863.619,0.71413,180.351,4.66,16,0.7035,11.256,1.94548,6.16769,2677.566,10186.052,12477.42,0.430216,0.788764,87.363,103.329,0.20815,0.96998,0.874604,B,0.001,-0.026618
11904.39,0.61617,142.858,4.6644,21,0.6861,14.408,2.01469,8.31039,3786.167,8118.224,17660.277,0.111721,0.851439,81.65,101.808,0.31805,1.48351,0.942334,B,-0.001,-0.038901
12982.884,0.41275,134.389,3.0904,25,0.8335,20.838,2.03324,11.17212,5418.471,7564.412,16745.027,0.021588,0.692948,80.069,100.26,0.41735,1.28978,0.978171,B,0.001,-0.032748
11766.689,0.53412,135.485,3.9384,19,0.824,15.657,2.03077,8.84538,4038.591,7728.098,15905.74,0.074126,0.774511,80.814,100.865,0.34322,1.35176,0.952367,B,0.0,-0.037578
12811.363,0.54096,144.361,4.2196,22,0.8843,19.454,2.01153,10.99134,4628.464,8182.898,19530.481,0.034656,0.827341,80.699,101.735,0.36128,1.52447,0.976855,B,0.001,-0.016134
9499.118,0.24292,191.459,1.5993,29,0.6175,17.907,1.92811,7.23355,6081.49,3417.628,9726.184,0.029719,0.62229,82.467,102.732,0.64022,1.0239,0.921675,B,0.0,0.034215
12620.291,0.70473,177.482,2.8285,27,0.8912,24.063,1.95016,11.87396,2615.108,10005.184,7396.792,0.05749,0.873907,82.338,103.756,0.20721,0.5861,0.983096,B,-0.001,-0.045216
10275.128,0.33374,176.441,4.2811,20,0.7034,14.068,1.95188,7.6268,5152.0,5123.128,22056.231,0.046505,0.622601,82.154,102.048,0.5014,2.14657,0.930133,B,0.0,-0.037157
11871.169,0.6365,177.17,1.3088,28,0.6919,19.374,1.95068,7.33833,2634.92,9236.248,3448.478,0.232164,0.751846,84.632,102.936,0.22196,0.29049,0.91904,B,0.001,0.029388
8208.217,0.21226,218.028,0.9435,16,0.8836,14.137,1.89089,4.37229,5253.978,2954.239,4957.319,0.067924,0.468947,83.829,102.819,0.64009,0.60395,0.795166,B,0.0,0.023422
12261.214,0.79162,160.261,2.713,27,0.6474,17.481,1.98025,8.72651,2090.583,10170.631,5671.659,0.233793,0.906284,84.002,103.119,0.1705,0.46257,0.949644,B,0.0,-0.02159
9381.454,0.53736,170.689,2.4849,20,0.6109,12.217,1.96161,5.86949,2952.599,6428.854,7336.796,0.21479,0.685505,84.16,102.187,0.31473,0.78205,0.874199,B,0.001,0.017821
12649.442,0.51253,206.463,4.1303,19,0.893,16.966,1.90642,8.81323,4558.364,8091.078,18827.562,0.070236,0.761714,83.499,104.289,0.36036,1.48841,0.950617,B,0.0,-0.030133
8839.408,0.45236,134.623,1.1083,14,0.664,9.296,2.03271,3.46643,3678.895,5160.513,4077.368,0.311814,0.552562,83.911,99.348,0.41619,0.46127,0.713119,B,0.0,-0.039747
9372.317,0.69056,208.386,4.7276,29,0.7061,20.476,1.90377,10.8813,2475.93,6896.386,11705.254,0.056893,0.918055,83.384,105.399,0.26417,1.24892,0.978235,B,0.001,0.022493
10061.455,0.46999,145.152,3.2179,27,0.6626,17.891,2.00988,9.5284,3884.293,6177.162,12499.186,0.04344,0.738211,80.851,101.192,0.38606,1.24228,0.964318,B,0.0,0.00061
12302.846,0.59589,159.859,4.414,15,0.6698,10.047,1.98099,5.59926,4011.464,8291.382,17706.525,0.275283,0.751009,84.533,102.074,0.32606,1.43922,0.849372,B,0.0,-0.047446
11393.34,0.7927,156.18,4.3263,17,0.7843,13.334,1.98792,7.44139,1816.703,9576.637,7859.604,0.382956,0.870433,85.804,102.669,0.15945,0.68984,0.922968,B,0.0,-0.03757
8566.487,0.47386,164.039,2.0319,28,0.6258,17.522,1.97334,7.982,3192.112,5374.374,6486.109,0.074472,0.711069,82.05,102.025,0.37263,0.75715,0.941437,B,0.001,0.041819
9993.395,0.71916,176.01,3.2982,25,0.6845,17.113,1.9526,8.78739,2455.112,7538.283,8097.507,0.135104,0.909376,83.308,103.921,0.24567,0.81029,0.953847,B,0.0,0.020855
12100.928,0.75506,142.955,3.2975,17,0.8953,15.22,2.01448,8.17901,1700.601,10400.327,5607.799,0.326218,0.825182,84.485,101.64,0.14053,0.46342,0.939283,B,0.0,-0.002596
12324.957,0.32352,199.258,4.2483,17,0.7093,12.058,1.9166,6.34985,6218.621,6106.336,26418.732,0.074316,0.577312,83.319,102.771,0.50456,2.14352,0.884099,B,0.0,-0.033998
11462.982,0.30528,156.38,2.2428,14,0.6718,9.405,1.98754,4.4683,5517.924,5945.057,12375.628,0.138572,0.460006,82.586,99.971,0.48137,1.07962,0.781496,B,0.001,0.02749
8970.872,0.60021,143.39,2.1816,20,0.7551,15.101,2.01357,7.24728,2611.329,6359.543,5696.791,0.158143,0.781736,82.286,101.378,0.29109,0.63503,0.923304,B,0.0,-0.040026
12531.004,0.28425,193.066,2.5361,14,0.7143,10.0,1.9257,4.6996,6692.941,5838.063,16973.709,0.110534,0.483398,83.589,101.885,0.53411,1.35454,0.792303,B,0.0,0.032368
9312.024,0.5564,199.152,3.3373,17,0.8053,13.691,1.91675,6.85383,2747.184,6564.84,9168.298,0.167759,0.719039,84.549,103.702,0.29501,0.98457,0.911051,B,-0.0,-0.030676
11378.114,0.79025,157.822,2.8746,24,0.7274,17.458,1.98481,8.87905,1738.404,9639.71,4997.256,0.240788,0.889339,83.995,102.88,0.15278,0.4392,0.953447,B,0.0,-0.002286
11825.795,0.68331,138.92,3.0225,16,0.8561,13.698,2.02316,7.25298,2197.625,9628.17,6642.311,0.306321,0.769354,84.039,101.036,0.18583,0.56168,0.916692,B,0.0,0.034192
11123.814,0.7269,134.174,4.0909,15,0.7604,11.407,2.03373,6.50672,2817.058,8306.756,11524.414,0.304292,0.870215,83.79,101.417,0.25325,1.03601,0.893987,B,0.0,0.028511
7319.049,0.58489,182.335,4.6349,24,0.6362,15.27,1.94229,8.33795,2136.097,5182.952,9900.543,0.099563,0.784907,83.069,103.395,0.29185,1.35271,0.950319,B,-0.0,0.027039
8277.58,0.72798,216.61,2.6661,19,0.7235,13.746,1.89274,6.3779,2099.336,6178.244,5597.079,0.292039,0.876114,86.745,105.451,0.25362,0.67617,0.898259,B,0.0,-0.021362
11686.97,0.6739,130.481,3.0771,21,0.8539,17.932,2.04226,9.66414,2689.638,8997.332,8276.25,0.104488,0.844123,80.975,101.017,0.23014,0.70816,0.964317,B,-0.0,-0.040692
10915.703,0.41711,146.616,3.5802,18,0.8597,15.475,2.00686,8.42613,5543.37,5372.333,19846.205,0.044208,0.801883,80.925,101.694,0.50783,1.81813,0.946177,B,0.0,0.005074
12073.678,0.39434,206.705,1.5357,23,0.6576,15.125,1.90608,5.90857,5859.147,6214.532,8997.833,0.109135,0.663235,84.02,103.649,0.48528,0.74524,0.865696,B,-0.001,0.001044
11224.457,0.65498,199.903,2.2816,25,0.6511,16.279,1.91567,7.35743,3150.375,8074.082,7187.778,0.184224,0.838663,84.791,104.524,0.28067,0.64037,0.921057,B,0.0,-0.013671
11119.897,0.66292,215.935,4.6704,22,0.8871,19.517,1.89363,10.26397,2872.576,8247.322,13415.957,0.073028,0.868384,83.833,105.374,0.25833,1.20648,0.971543,B,-0.001,-0.018829
12283.957,0.55437,148.452,3.2561,29,0.701,20.329,2.00311,10.80414,3780.258,8503.699,12308.765,0.043867,0.781305,81.001,101.661,0.30774,1.00202,0.975649,B,0.0,0.046117
12572.253,0.55804,174.627,1.3544,25,0.8141,20.352,1.95491,7.84827,4850.193,7722.06,6569.307,0.099917,0.845782,82.792,103.435,0.38579,0.52252,0.930925,B,0.0,0.023979
8721.269,0.35624,195.635,1.9855,19,0.6987,13.276,1.92188,5.76801,4565.592,4155.677,9065.177,0.086913,0.652138,83.364,103.111,0.5235,1.03943,0.872281,B,0.0,-0.019316
12000.811,0.74479,203.115,2.8977,22,0.7386,16.25,1.9111,7.8245,1852.681,10148.13,5368.54,0.330684,0.820393,86.829,104.538,0.15438,0.44735,0.931456,B,0.0,-0.022754
12790.002,0.4539,208.633,4.4087,16,0.7959,12.734,1.90343,6.68075,5480.873,7309.129,24163.554,0.110763,0.711207,84.103,104.044,0.42853,1.88925,0.895428,B,0.0,0.000263
7717.042,0.74547,161.233,4.3853,15,0.721,10.816,1.97845,6.00936,1411.331,6305.711,6189.09,0.463449,0.808597,87.072,102.525,0.18289,0.802,0.886304,B,0.0,-0.035638
9651.069,0.51695,205.986,2.1315,28,0.6934,19.414,1.90708,8.53085,3993.623,5657.446,8512.542,0.062426,0.837795,83.381,104.771,0.4138,0.88203,0.950029,B,0.0,0.034239
10261.756,0.6732,200.411,1.9182,27,0.6598,17.814,1.91494,7.60746,2072.004,8189.752,3974.55,0.23443,0.784206,85.47,104.186,0.20192,0.38732,0.929686,B,-0.0,0.021585
10373.978,0.27626,195.645,4.0503,26,0.7449,19.368,1.92187,10.14788,5196.293,5177.684,21046.658,0.015992,0.537471,82.428,102.354,0.5009,2.02879,0.971004,B,0.001,-0.038953
12205.231,0.64076,169.405,3.8454,16,0.7874,12.598,1.96383,6.74785,2855.516,9349.714,10980.525,0.275223,0.752401,84.909,102.565,0.23396,0.89966,0.899509,B,0.001,-0.014028
7046.53,0.5307,213.575,4.385,22,0.8519,18.741,1.89676,9.76933,2621.626,4424.904,11495.752,0.042559,0.81991,83.358,104.96,0.37205,1.63141,0.970164,B,-0.0,-0.003349
7398.897,0.31474,175.373,1.7136,29,0.6812,19.754,1.95366,8.35402,3896.038,3502.859,6676.122,0.029606,0.631888,81.892,102.059,0.52657,0.90231,0.950469,B,0.0,-0.031827
11693.923,0.76093,183.107,2.5539,23,0.7978,18.349,1.94106,8.74535,2179.928,9513.995,5567.302,0.200942,0.889239,84.435,104.119,0.18642,0.47609,0.950773,B,0.0,0.002336
8651.387,0.5852,207.383,3.8118,20,0.8472,16.945,1.90514,8.65215,2988.988,5662.399,11393.309,0.078664,0.852581,83.64,104.926,0.34549,1.31693,0.953558,B,0.0,0.012119
9769.652,0.77913,179.929,1.2193,18,0.7398,13.316,1.94616,4.87141,1992.759,7776.893,2429.676,0.689535,0.802093,90.77,103.397,0.20397,0.2487,0.819482,B,0.0,-0.039551
7872.028,0.70869,162.537,3.3802,22,0.6888,15.154,1.97606,7.96534,1775.191,6096.837,6000.549,0.181089,0.862308,83.397,102.946,0.22551,0.76226,0.942377,B,0.0,0.008641
12754.544,0.71614,156.601,2.0587,20,0.862,17.24,1.98712,7.96785,2943.246,9811.298,6059.202,0.206624,0.868987,83.494,102.682,0.23076,0.47506,0.93342,B,-0.0,0.003464
9959.624,0.49535,153.276,2.3289,23,0.7858,18.073,1.99353,8.7229,3467.439,6492.185,8075.222,0.067098,0.724075,81.513,101.548,0.34815,0.8108,0.952841,B,0.0,0.012673
7415.204,0.57275,213.749,1.2463,25,0.6588,16.471,1.89652,5.84873,2614.343,4800.861,3258.208,0.193484,0.779277,85.355,104.699,0.35257,0.4394,0.880897,B,0.0,0.023992
12436.728,0.29921,194.978,2.7785,14,0.7587,10.622,1.92285,5.10669,6649.65,5787.078,18476.17,0.100528,0.527499,83.522,102.26,0.53468,1.48561,0.820358,B,0.0,0.039512
10536.97,0.74596,183.842,2.8237,26,0.744,19.343,1.93989,9.46542,2182.044,8354.926,6161.51,0.133271,0.905973,83.568,104.263,0.20708,0.58475,0.963003,B,0.0,0.017582
8523.534,0.51807,169.778,2.6293,27,0.8833,23.849,1.96319,11.65517,3049.147,5474.387,8016.991,0.023417,0.793581,81.599,102.855,0.35773,0.94057,0.98383,B,0.0,0.015874
7552.302,0.72623,155.829,3.7894,18,0.7737,13.927,1.9886,7.57511,1867.412,5684.889,7076.293,0.192022,0.90171,83.269,102.857,0.24726,0.93697,0.934621,B,0.001,0.002834
7180.353,0.37384,173.706,3.1177,27,0.6752,18.23,1.95646,9.2636,3509.646,3670.706,10942.153,0.027358,0.705124,81.8,102.462,0.48878,1.5239,0.96423,B,0.001,-0.016627
12201.359,0.46577,166.427,4.7441,28,0.8829,24.72,1.96907,13.83341,4139.212,8062.147,19636.871,0.011553,0.698966,81.313,102.065,0.33924,1.6094,0.991585,B,0.0,0.040025
7728.937,0.79193,171.65,1.6912,19,0.683,12.977,1.95996,5.48766,1073.956,6654.981,1816.222,0.778097,0.794164,91.632,102.951,0.13895,0.23499,0.863475,B,0.0,-0.011194
8320.138,0.5069,215.143,2.1976,28,0.7582,21.231,1.89467,9.3246,2939.021,5381.117,6458.913,0.052122,0.755284,83.533,104.596,0.35324,0.7763,0.963678,B,0.0,0.018727
10328.657,0.24572,132.817,3.0642,20,0.6141,12.282,2.03683,6.58729,6365.089,3963.568,19503.846,0.040147,0.575856,80.239,99.391,0.61626,1.88832,0.899313,B,0.0,-0.026044
7398.802,0.73962,186.45,4.5731,24,0.6419,15.406,1.9358,8.35028,1215.188,6183.614,5557.206,0.223342,0.841077,84.849,103.953,0.16424,0.7511,0.950404,B,0.0,0.003905
11331.499,0.55253,179.417,4.7834,27,0.6173,16.668,1.94699,9.18521,3674.764,7656.735,17578.002,0.071162,0.783561,82.589,103.251,0.3243,1.55125,0.958233,B,0.0,-0.029347
10875.411,0.57578,180.486,4.6606,21,0.6808,14.296,1.94526,7.83194,3667.442,7207.969,17092.646,0.113011,0.811242,83.18,103.483,0.33722,1.57168,0.933812,B,0.0,-0.02433
10895.458,0.58248,194.99,1.3047,15,0.7854,11.781,1.92283,4.3602,3271.248,7624.209,4267.899,0.433076,0.646589,87.912,103.046,0.30024,0.39171,0.776772,B,0.001,-0.042296
9142.441,0.56543,217.845,2.0988,21,0.6764,14.205,1.89113,6.13013,3090.467,6051.974,6486.169,0.190677,0.756797,85.444,104.712,0.33804,0.70946,0.886006,B,0.0,0.013671
8704.351,0.49153,158.55,4.5472,29,0.6621,19.2,1.98344,10.77846,3488.887,5215.463,15864.664,0.027104,0.802213,81.204,102.343,0.40082,1.82261,0.977898,B,0.001,-0.025366
11627.882,0.35534,215.379,2.7056,23,0.6073,13.968,1.89436,6.51546,6105.501,5522.381,16519.048,0.07257,0.667965,83.81,104.029,0.52507,1.42064,0.892765,B,-0.0,0.018158
12883.76,0.2967,207.437,1.4172,15,0.6024,9.036,1.90507,3.41449,7319.487,5564.273,10373.535,0.171753,0.461065,84.87,102.345,0.56812,0.80516,0.671132,B,0.0,-0.023789
10574.062,0.30077,207.867,2.4474,20,0.6229,12.458,1.90448,5.6975,5347.087,5226.975,13086.424,0.082365,0.524198,83.704,102.779,0.50568,1.2376,0.861523,B,-0.0,-0.022034
12479.963,0.22579,169.812,1.8384,26,0.6068,15.776,1.96313,6.8924,6511.184,5968.778,11970.014,0.041663,0.42664,81.841,100.435,0.52173,0.95914,0.903728,B,0.001,0.055941
7947.443,0.51275,204.627,2.314,28,0.6893,19.301,1.90897,8.71367,2730.939,5216.504,6319.442,0.06633,0.746453,83.389,104.113,0.34362,0.79515,0.955548,B,0.0,0.033154
11575.212,0.43475,141.227,2.2673,20,0.7225,14.45,2.01816,7.04121,4483.968,7091.245,10166.306,0.099971,0.646442,81.421,100.36,0.38738,0.87828,0.910923,B,-0.001,-0.021948
8407.399,0.71678,132.61,2.8161,28,0.8241,23.074,2.03731,12.11715,1569.648,6837.751,4420.22,0.052619,0.869246,80.393,101.315,0.1867,0.52575,0.986295,B,0.0,-0.025559
8669.905,0.73198,184.644,2.1125,22,0.8133,17.893,1.93862,8.03929,1864.087,6805.817,3937.849,0.196049,0.878767,84.425,104.12,0.21501,0.4542,0.942414,B,0.001,0.017282
7185.169,0.70364,210.514,4.1243,21,0.8174,17.165,1.90087,8.87391,1476.394,5708.775,6089.027,0.140414,0.849304,84.554,105.032,0.20548,0.84744,0.958996,B,0.0,-0.019515
12628.224,0.77312,155.864,1.0033,26,0.6301,16.383,1.98853,5.64012,2323.765,10304.459,2331.341,0.629563,0.805488,89.046,102.223,0.18401,0.18461,0.850154,B,0.0,0.058003
7907.098,0.74772,170.365,2.1538,19,0.7927,15.061,1.96217,6.93312,1455.517,6451.581,3134.921,0.336297,0.840542,85.751,103.194,0.18408,0.39647,0.917209,B,0.0,-0.015481
8368.989,0.32945,212.309,1.0849,20,0.7807,15.614,1.89845,5.20838,4119.42,4249.569,4469.35,0.102835,0.549115,84.114,103.123,0.49222,0.53404,0.846354,B,-0.0,0.040789
9079.03,0.51921,199.549,1.6001,26,0.879,22.853,1.91618,9.1462,2713.018,6366.013,4341.2,0.068788,0.711167,83.255,103.667,0.29882,0.47816,0.96041,B,-0.001,0.001717
9580.708,0.23278,162.273,4.0753,18,0.6014,10.825,1.97655,5.92263,5620.373,3960.335,22904.597,0.049298,0.49318,81.647,100.496,0.58663,2.3907,0.875765,B,0.0,-0.033955
11882.986,0.69486,212.214,1.5246,21,0.8617,18.096,1.89857,7.00591,2208.653,9674.333,3367.24,0.340127,0.775844,87.243,104.615,0.18587,0.28337,0.90902,B,0.0,0.015921
7487.826,0.65697,152.879,4.4771,17,0.7595,12.912,1.99431,7.2856,1832.798,5655.029,8205.577,0.193786,0.807083,83.169,102.074,0.24477,1.09586,0.9278,B,-0.001,0.028684
7437.042,0.33644,180.058,1.154,26,0.7482,19.454,1.94595,6.93864,3599.994,3837.049,4154.486,0.056567,0.599018,82.42,102.063,0.48406,0.55862,0.918612,B,-0.001,0.016132
8322.758,0.39588,211.843,3.2668,24,0.6073,14.576,1.89907,7.15756,3965.457,4357.301,12954.342,0.064439,0.697517,83.593,104.083,0.47646,1.5565,0.922445,B,0.0,-0.008168
12278.175,0.34432,215.218,3.7977,22,0.7544,16.596,1.89458,8.39442,6022.352,6255.823,22870.823,0.039725,0.637546,83.371,103.822,0.49049,1.86272,0.943411,B,0.0,0.008352
11963.272,0.61892,159.081,1.7737,25,0.8082,20.206,1.98244,8.84232,2653.026,9310.246,4705.705,0.133825,0.757152,82.634,102.074,0.22176,0.39335,0.952049,B,0.0,-0.004278
12389.76,0.67645,169.559,4.3971,20,0.8987,17.974,1.96357,9.88106,3427.88,8961.881,15072.811,0.082488,0.903633,82.37,103.571,0.27667,1.21655,0.966262,B,-0.001,0.042773
10049.704,0.29087,137.067,3.3536,21,0.7348,15.431,2.02723,8.39994,5595.629,4454.074,18765.302,0.027659,0.621546,80.275,99.951,0.5568,1.86725,0.947054,B,0.001,-0.023978
7034.717,0.34388,162.572,4.1913,26,0.6634,17.249,1.976,9.48473,3918.821,3115.896,16424.765,0.020339,0.750793,81.277,102.212,0.55707,2.33482,0.967052,B,-0.0,0.000676
10644.695,0.45744,167.355,2.3029,24,0.7455,17.891,1.96742,8.44153,4385.915,6258.78,10100.279,0.058964,0.736671,81.975,102.36,0.41203,0.94886,0.94689,B,0.0,0.036467
8679.348,0.30709,178.896,3.5537,21,0.8449,17.742,1.94784,9.23135,4438.628,4240.72,15773.378,0.022791,0.604659,81.932,102.046,0.5114,1.81735,0.962047,B,0.0,-0.009308
7793.251,0.4098,211.15,3.2772,18,0.7987,14.376,1.90001,7.07021,3361.676,4431.575,11016.876,0.074695,0.663997,83.706,103.834,0.43136,1.41364,0.921375,B,0.0,0.021366
8801.234,0.6647,217.295,3.8942,22,0.6675,14.685,1.89185,7.44955,2393.41,6407.823,9320.525,0.173738,0.848088,85.204,105.293,0.27194,1.059,0.928921,B,0.001,-0.043819
11351.33,0.24923,208.069,2.1861,15,0.7833,11.75,1.9042,5.1925,6606.701,4744.629,14442.972,0.072384,0.495478,83.579,102.597,0.58202,1.27236,0.830963,B,0.0,0.013243
10531.088,0.55081,145.336,4.6551,22,0.7061,15.534,2.0095,8.92394,3337.543,7193.545,15536.567,0.077705,0.770312,81.311,101.414,0.31692,1.4753,0.955291,B,0.0,0.010766
11430.261,0.79881,150.269,3.4036,28,0.8676,24.293,1.99946,13.00959,1812.611,9617.65,6169.399,0.055328,0.938931,81.23,102.802,0.15858,0.53974,0.989016,B,0.0,0.008916
10745.223,0.68608,144.842,2.9438,17,0.6079,10.334,2.01053,5.38731,1976.357,8768.866,5818.095,0.578683,0.710289,87.902,100.99,0.18393,0.54146,0.844863,B,0.0,-0.030664
10527.018,0.31926,153.688,4.7879,15,0.8199,12.298,1.99273,7.01453,5249.156,5277.862,25132.424,0.055839,0.58124,81.382,100.627,0.49864,2.38742,0.912787,B,0.0,0.043636
10313.896,0.78069,170.545,4.3581,22,0.7498,16.496,1.96186,9.04171,1375.604,8938.292,5994.981,0.249525,0.862441,84.613,103.347,0.13337,0.58125,0.957371,B,0.0,-0.041611
11643.545,0.31426,135.374,3.2086,15,0.7525,11.288,2.03102,6.09754,6155.204,5488.341,19749.362,0.073823,0.583915,80.805,99.601,0.52864,1.69616,0.875818,B,0.0,-0.019808
11100.027,0.25237,180.714,4.0408,18,0.6202,11.164,1.94489,5.95332,6361.962,4738.066,25707.185,0.056617,0.51521,82.444,101.54,0.57315,2.31596,0.871419,B,-0.001,0.019628
11012.018,0.20668,160.77,2.6356,20,0.7752,15.503,1.97931,7.67321,6719.256,4292.761,17709.051,0.023795,0.492936,81.25,100.418,0.61017,1.60816,0.929751,B,0.001,0.022747
9058.774,0.76713,183.937,1.9934,21,0.7835,16.454,1.93974,7.25968,1879.897,7178.877,3747.326,0.283055,0.893891,85.549,104.187,0.20752,0.41367,0.923428,B,-0.0,0.009513
8290.443,0.65889,200.566,3.2546,26,0.7684,19.978,1.91472,9.92716,2151.372,6139.07,7001.763,0.07462,0.863646,83.366,104.717,0.2595,0.84456,0.970612,B,0.001,-0.02864
11665.373,0.51787,191.479,4.0408,17,0.7619,12.952,1.92808,6.81665,4588.278,7077.095,18540.32,0.1272,0.771148,83.755,103.715,0.39332,1.58935,0.90339,B,0.0,0.030099
10806.961,0.40111,169.53,1.5551,21,0.7405,15.552,1.96362,6.38691,5050.059,5756.902,7853.359,0.094022,0.670495,82.521,102.031,0.4673,0.72669,0.890464,B,0.0,-0.010527
11567.368,0.25685,176.53,1.9246,15,0.6843,10.265,1.95174,4.51716,6744.763,4822.605,12981.305,0.094904,0.48335,82.797,101.134,0.58309,1.12223,0.784557,B,0.0,-0.032644
8904.355,0.2728,201.263,3.7164,25,0.896,22.401,1.91372,11.45678,4558.474,4345.882,16941.323,0.009347,0.549145,82.527,102.67,0.51194,1.90259,0.98246,B,-0.001,-0.019383
7104.012,0.28721,177.787,2.7658,27,0.7387,19.945,1.94966,9.7803,3881.189,3222.824,10734.475,0.015654,0.614236,81.797,102.057,0.54634,1.51104,0.970222,B,-0.001,0.012631
11687.06,0.34394,219.076,1.442,23,0.8032,18.475,1.88953,6.94189,5614.327,6072.733,8095.803,0.066244,0.600674,83.839,103.729,0.48039,0.69272,0.907476,B,-0.0,-0.000883
8021.063,0.56853,154.806,1.7648,20,0.762,15.239,1.99056,6.6965,2547.696,5473.366,4496.052,0.161574,0.757962,82.824,101.853,0.31763,0.56053,0.909732,B,0.001,-0.029926
11510.606,0.48902,213.609,1.8565,15,0.7612,11.417,1.89671,4.75,4549.763,6960.843,8446.754,0.245283,0.648328,86.035,103.829,0.39527,0.73382,0.801741,B,0.0,0.027608
7321.153,0.79748,189.358,1.3916,29,0.6746,19.564,1.93131,7.49257,966.619,6354.534,1345.128,0.403428,0.857424,87.328,104.191,0.13203,0.18373,0.933209,B,0.0,-0.018036
7575.745,0.77462,141.349,4.7089,24,0.746,17.904,2.0179,10.36804,1176.271,6399.474,5538.963,0.122812,0.894426,81.728,102.004,0.15527,0.73114,0.975383,B,0.0,0.007466
7702.738,0.25405,143.91,3.3338,26,0.7357,19.128,2.01247,10.29082,4362.149,3340.589,14542.435,0.011392,0.570916,80.372,100.017,0.56631,1.88796,0.974605,B,0.0,-0.008722
7858.273,0.59646,171.15,1.534,24,0.7969,19.126,1.96082,7.79649,2090.055,5768.218,3206.205,0.137032,0.762933,83.151,102.72,0.26597,0.408,0.938896,B,0.0,-0.022767
11872.655,0.74176,197.809,3.0584,27,0.6686,18.052,1.9187,8.86481,2090.584,9782.071,6393.78,0.199897,0.85757,84.928,104.56,0.17608,0.53853,0.952547,B,0.0,-0.051525
7146.979,0.69555,213.472,4.0195,24,0.6646,15.95,1.89689,8.17723,2141.674,5005.305,8608.396,0.121304,0.941262,84.394,105.757,0.29966,1.20448,0.947739,B,0.0,-0.015774
8835.821,0.29064,181.083,2.5135,14,0.7128,9.979,1.94429,4.74637,4707.912,4127.908,11833.347,0.099972,0.508107,83.03,101.51,0.53282,1.33925,0.816727,B,0.001,-0.035313
10292.021,0.24338,196.994,4.5427,27,0.7387,19.944,1.91989,10.6617,5805.693,4486.328,26373.557,0.010426,0.544846,82.4,102.461,0.5641,2.56252,0.975836,B,0.0,-0.01595
10213.039,0.20676,139.216,2.83,22,0.6165,13.563,2.02251,7.05856,5705.726,4507.313,16147.327,0.031488,0.428625,80.425,98.805,0.55867,1.58105,0.914917,B,0.0,0.039009
11072.059,0.7552,196.095,1.4819,27,0.8425,22.747,1.92121,8.86843,1706.513,9365.546,2528.844,0.226934,0.851455,85.228,104.446,0.15413,0.2284,0.953685,B,-0.0,0.012166
10223.909,0.77522,167.589,4.5502,25,0.8433,21.081,1.96701,11.69226,1969.635,8254.274,8962.288,0.067655,0.944054,82.099,103.74,0.19265,0.8766,0.983187,B,0.0,0.042692
7815.92,0.71008,173.399,4.47,20,0.8176,16.353,1.95698,8.97218,1798.473,6017.447,8039.208,0.124782,0.885011,83.074,103.635,0.2301,1.02857,0.959564,B,0.0,0.004629
7471.773,0.77949,150.109,3.7624,14,0.7738,10.833,1.99978,5.93141,1033.84,6437.933,3889.748,0.653027,0.799795,89.113,101.875,0.13837,0.52059,0.884082,B,0.0,0.020278
11664.064,0.41198,193.558,4.0722,14,0.6212,8.697,1.92496,4.57273,5028.585,6635.479,20477.452,0.202475,0.570755,84.819,102.483,0.43112,1.7556,0.788121,B,0.0,-0.034478
8714.529,0.39218,179.512,2.3582,23,0.8355,19.216,1.94684,8.98983,3776.358,4938.171,8905.224,0.03742,0.663481,82.147,102.463,0.43334,1.02188,0.958653,B,0.0,-0.029966
7898.261,0.2862,173.251,2.8282,16,0.629,10.064,1.95723,4.993,4217.326,3680.935,11927.395,0.087483,0.513865,82.576,101.178,0.53396,1.51013,0.836783,B,0.0,0.034304
8727.456,0.45031,219.024,3.975,29,0.7881,22.855,1.8896,11.62078,3935.021,4792.435,15641.777,0.016449,0.806543,83.18,105.086,0.45088,1.79225,0.98353,B,0.0,0.028649
7749.049,0.71757,175.955,2.0277,24,0.8158,19.578,1.95269,8.77449,1618.691,6130.358,3282.153,0.148536,0.867816,83.483,103.644,0.20889,0.42356,0.95676,B,0.0,0.028446
11587.636,0.79475,183.225,2.0257,28,0.8159,22.845,1.94087,10.14258,2646.535,8941.101,5361.157,0.104726,0.999,83.169,104.849,0.22839,0.46266,0.969904,B,0.0,-0.047212
8275.01,0.73577,175.028,4.7229,14,0.8176,11.446,1.95424,6.32903,2173.459,6101.551,10264.988,0.289901,0.894594,85.315,103.776,0.26265,1.24048,0.896512,B,0.0,0.005255
10503.339,0.28584,203.028,2.1639,23,0.6192,14.242,1.91122,6.3094,5336.895,5166.444,11548.716,0.06275,0.516282,83.29,102.527,0.50811,1.09953,0.888452,B,0.0,0.042217
9477.55,0.7864,154.18,1.8894,18,0.6193,11.148,1.99177,5.02283,1319.038,8158.512,2492.198,0.95,0.759954,93.206,101.833,0.13917,0.26296,0.831872,B,0.0,-0.034608
10467.562,0.28972,188.198,4.2747,25,0.8973,22.433,1.93309,11.98269,5371.186,5096.376,22960.424,0.008638,0.585968,82.077,102.348,0.51313,2.19348,0.984702,B,0.0,-0.047494
12569.964,0.62396,166.569,1.9588,27,0.6794,18.343,1.96881,8.22642,3915.055,8654.908,7668.707,0.121218,0.851375,82.766,103.078,0.31146,0.61008,0.939492,B,0.001,0.007302
9926.346,0.27381,214.326,2.0472,20,0.8973,17.947,1.89576,7.71199,5264.809,4661.538,10778.201,0.034645,0.54392,83.277,103.169,0.53039,1.08582,0.932889,B,-0.001,0.029741
7813.794,0.36376,218.248,1.2143,14,0.8372,11.721,1.89061,4.09376,3802.379,4011.415,4617.24,0.166684,0.550562,85.14,103.367,0.48662,0.59091,0.777015,B,0.0,0.017299
11134.656,0.35203,151.173,1.9389,19,0.7281,13.833,1.99766,6.3153,5323.883,5810.772,10322.464,0.083486,0.598063,81.641,100.602,0.47814,0.92706,0.886605,B,0.001,0.055521
8839.371,0.37261,145.956,2.7087,18,0.8788,15.819,2.00822,8.05571,4102.259,4737.113,11111.617,0.046214,0.655271,80.923,100.69,0.46409,1.25706,0.942441,B,-0.001,-0.036542
8577.387,0.24317,209.422,3.1936,18,0.7367,13.261,1.90235,6.49459,4317.312,4260.075,13787.858,0.047634,0.44134,83.295,102.295,0.50334,1.60747,0.901404,B,0.0,-0.029144
11924.307,0.78622,152.096,3.085,21,0.8443,17.729,1.99584,9.25284,1375.887,10548.42,4244.624,0.282688,0.851893,84.309,102.327,0.11539,0.35596,0.958513,B,0.0,0.056746
8397.307,0.3815,139.408,2.7408,18,0.8508,15.314,2.02209,7.90062,3443.521,4953.785,9437.839,0.055759,0.607931,80.754,100.0,0.41007,1.12391,0.940065,B,0.001,0.005864
8765.244,0.22587,188.586,3.7208,25,0.7568,18.92,1.93249,9.82403,5076.261,3688.983,18887.536,0.012062,0.520093,82.135,101.93,0.57914,2.15482,0.969074,B,0.0,-0.038433
9616.816,0.25129,187.047,1.198,18,0.667,12.006,1.93487,4.31928,5590.006,4026.81,6697.054,0.094237,0.469301,83.166,101.526,0.58127,0.69639,0.782011,B,0.0,0.038337
11649.711,0.54873,164.582,1.1548,14,0.6508,9.111,1.97236,3.31663,4066.057,7583.655,4695.655,0.516827,0.565843,87.91,101.094,0.34903,0.40307,0.671269,B,-0.001,-0.06022
11638.082,0.68455,163.288,1.99,15,0.8781,13.172,1.9747,5.96485,2570.07,9068.012,5114.371,0.40318,0.764294,86.359,102.338,0.22083,0.43945,0.869936,B,0.0,0.021047
9348.521,0.54236,203.213,3.8709,21,0.6201,13.021,1.91096,6.70133,3323.621,6024.901,12865.434,0.143294,0.76251,84.359,104.16,0.35552,1.3762,0.90607,B,-0.001,-0.03836
7048.365,0.37289,139.825,1.9614,14,0.725,10.15,2.02118,4.73059,3392.119,3656.247,6653.456,0.134855,0.593726,81.817,99.931,0.48126,0.94397,0.825952,B,-0.001,0.011711
7026.976,0.23159,151.551,2.535,17,0.6945,11.807,1.99692,5.85592,4035.582,2991.394,10230.348,0.047304,0.480208,81.179,99.845,0.5743,1.45587,0.882697,B,0.0,-0.013129
7684.737,0.28214,164.392,2.8726,17,0.8978,15.263,1.9727,7.69198,3928.323,3756.414,11284.388,0.034787,0.540807,81.54,100.919,0.51119,1.46842,0.936972,B,0.0,0.022139
12977.186,0.38136,177.704,3.093,20,0.8992,17.984,1.9498,9.07435,5857.217,7119.969,18116.444,0.038428,0.66347,82.094,102.378,0.45135,1.39602,0.95452,B,0.0,0.012686
9643.831,0.57006,209.851,1.6946,29,0.6355,18.429,1.90177,7.44967,3099.88,6543.951,5252.958,0.129357,0.778827,84.387,104.54,0.32144,0.5447,0.927061,B,0.0,-0.034603
9989.719,0.21142,142.711,3.4045,27,0.7468,20.165,2.015,10.92015,5435.392,4554.328,18505.032,0.0085,0.453592,80.28,99.174,0.5441,1.85241,0.978124,B,-0.001,0.018813
11194.677,0.32992,205.151,3.6389,15,0.7389,11.083,1.90824,5.61786,5328.088,5866.589,19388.572,0.100509,0.538265,83.857,102.76,0.47595,1.73195,0.855002,B,0.0,0.047511
9950.384,0.34823,176.198,4.5088,14,0.861,12.053,1.95229,6.59994,4651.091,5299.293,20970.687,0.07384,0.589056,82.506,101.815,0.46743,2.10753,0.900884,B,0.0,0.005323
7972.599,0.20016,181.14,0.9975,18,0.6202,11.163,1.9442,3.70617,4471.042,3501.557,4459.708,0.091616,0.338761,82.922,100.395,0.5608,0.55938,0.743316,B,0.0,-0.014519
11267.719,0.24761,146.514,3.5759,19,0.7588,14.418,2.00707,7.84943,6245.099,5022.621,22331.784,0.029726,0.51852,80.729,99.819,0.55425,1.98193,0.933462,B,-0.001,0.028648
8077.088,0.6724,160.775,4.1897,26,0.83,21.58,1.9793,11.89436,1974.731,6102.357,8273.602,0.040326,0.876937,81.469,102.952,0.24449,1.02433,0.985337,B,0.0,0.018328
9042.253,0.44908,213.232,2.0415,20,0.7348,14.696,1.89721,6.31689,3906.74,5135.513,7975.804,0.110646,0.706532,84.246,104.198,0.43205,0.88206,0.893548,B,0.0,0.025552
7141.92,0.48134,187.328,4.4014,19,0.6888,13.088,1.93443,7.03688,2519.273,4622.647,11088.322,0.106275,0.68574,83.335,102.967,0.35274,1.55257,0.922117,B,0.0,0.022081
10823.307,0.39456,154.596,1.6513,22,0.6297,13.852,1.99097,5.94121,4541.408,6281.899,7499.356,0.120446,0.59272,82.273,100.752,0.4196,0.69289,0.87191,B,0.0,0.042407
11832.002,0.74852,152.858,3.7359,16,0.8785,14.056,1.99435,7.65398,1634.641,10197.361,6106.778,0.392324,0.805614,85.789,102.063,0.13815,0.51612,0.927588,B,0.0,0.044457
9003.782,0.28987,151.401,2.4081,14,0.8697,12.176,1.99721,5.9514,5003.196,4000.586,12048.25,0.063034,0.573558,81.38,100.452,0.55568,1.33813,0.879165,B,0.0,-0.013273
7320.123,0.40085,197.237,3.7801,27,0.6561,17.715,1.91953,9.1348,3266.406,4053.716,12347.312,0.033769,0.696635,82.716,103.473,0.44622,1.68676,0.962409,B,0.001,0.007595
9090.991,0.44234,190.567,2.0288,17,0.6147,10.449,1.92946,4.60033,3655.773,5435.218,7416.977,0.213855,0.596025,84.867,102.519,0.40213,0.81586,0.805586,B,0.0,-0.022184
7993.024,0.69871,174.892,4.5393,14,0.7984,11.177,1.95447,6.13777,2033.234,5959.79,9229.506,0.301223,0.83431,85.459,103.372,0.25438,1.1547,0.890334,B,0.0,0.036559
8276.075,0.65178,205.526,2.6372,15,0.6093,9.14,1.90772,4.28058,2209.134,6066.941,5826.034,0.517583,0.700645,89.374,103.847,0.26693,0.70396,0.788029,B,0.0,-0.001917
10975.011,0.37369,199.087,1.4026,21,0.741,15.562,1.91685,5.91132,5422.439,5552.572,7605.605,0.098333,0.642586,83.63,103.195,0.49407,0.69299,0.869989,B,0.0,0.042135
10732.798,0.33095,188.955,1.9445,28,0.7887,22.084,1.93192,9.60395,5268.443,5464.355,10244.653,0.023901,0.626996,82.304,102.652,0.49087,0.95452,0.96455,B,0.0,-0.030286
10638.558,0.3351,153.743,1.4916,14,0.8407,11.77,1.99262,4.8581,5484.191,5154.367,8180.407,0.120988,0.562919,82.244,100.509,0.5155,0.76894,0.813879,B,0.0,-0.031632
9532.303,0.77698,138.736,0.9358,27,0.8865,23.935,2.02356,8.15572,1516.7,8015.602,1419.328,0.277253,0.871537,83.647,101.7,0.15911,0.1489,0.943223,B,0.001,0.00544
10582.837,0.51759,149.486,3.7312,21,0.6534,13.721,2.00103,7.50583,3700.813,6882.024,13808.471,0.108871,0.737383,81.903,101.429,0.3497,1.3048,0.926444,B,0.0,-0.028112
9772.155,0.73696,196.012,2.4322,28,0.862,24.137,1.92133,11.16963,1838.11,7934.045,4470.61,0.078031,0.889617,83.26,104.694,0.1881,0.45748,0.980084,B,0.0,-0.003523
9282.89,0.29468,142.786,4.7411,18,0.7321,13.178,2.01484,7.62381,4745.661,4537.23,22499.608,0.039125,0.561977,80.688,99.893,0.51123,2.42377,0.932125,B,-0.001,-0.010865
7499.887,0.24802,167.103,1.8669,18,0.7974,14.352,1.96787,6.32694,3997.759,3502.128,7463.444,0.047005,0.47748,81.807,100.637,0.53304,0.99514,0.898976,B,-0.0,0.011235
12221.285,0.2155,199.533,4.0188,15,0.7995,11.993,1.9162,6.24527,7151.261,5070.024,28739.361,0.044146,0.457191,82.93,101.99,0.58515,2.35158,0.880128,B,0.0,0.018007
9240.235,0.72705,194.34,0.9655,25,0.7242,18.104,1.9238,5.81865,1912.945,7327.29,1846.899,0.447795,0.799958,88.084,104.03,0.20702,0.19988,0.872493,B,0.0,-0.018603
12049.434,0.65839,160.202,3.9344,20,0.811,16.219,1.98036,8.83646,2557.513,9491.921,10062.346,0.149409,0.795534,82.885,102.385,0.21225,0.83509,0.951834,B,-0.0,-0.034489
12318.704,0.55258,198.252,1.5307,17,0.8467,14.393,1.91805,5.67018,3781.833,8536.871,5788.827,0.264592,0.680155,85.797,103.408,0.307,0.46992,0.852999,B,0.0,0.031204
9406.137,0.59893,188.513,1.0434,22,0.7963,17.518,1.9326,5.89372,2822.871,6583.266,2945.457,0.249128,0.748918,85.262,103.437,0.30011,0.31314,0.875167,B,0.0,0.035021
10935.941,0.56565,157.576,1.3397,29,0.6551,18.997,1.98527,7.45919,3722.656,7213.285,4987.088,0.125532,0.792781,82.463,102.23,0.34041,0.45603,0.924455,B,0.0,0.047278
10127.714,0.58256,179.057,1.2868,23,0.8216,18.898,1.94758,7.08855,3618.139,6509.575,4655.964,0.136945,0.830242,83.444,103.542,0.35725,0.45973,0.916019,B,0.0,-0.007545
11827.329,0.35874,178.697,1.0177,22,0.633,13.927,1.94817,4.68466,5912.529,5914.8,6017.336,0.146889,0.570512,83.562,101.811,0.4999,0.50877,0.795311,B,-0.0,-0.013844
12923.415,0.50814,191.455,1.6336,18,0.6066,10.918,1.92812,4.44646,5486.266,7437.148,8962.337,0.274611,0.68041,85.7,103.115,0.42452,0.6935,0.770578,B,0.001,0.005235
7016.647,0.7101,175.853,3.0389,26,0.7639,19.861,1.95286,10.00164,1674.672,5341.975,5089.14,0.081756,0.907086,82.598,103.898,0.23867,0.7253,0.972521,B,-0.0,-0.024184
12200.515,0.26252,163.349,3.0617,19,0.7027,13.351,1.97459,6.84734,6629.282,5571.233,20297.174,0.046883,0.519101,81.658,100.722,0.54336,1.66363,0.902961,B,0.0,0.045948
8406.808,0.60948,164.355,1.4547,17,0.6613,11.242,1.97277,4.52642,2532.153,5874.655,3683.509,0.395187,0.701849,86.296,101.98,0.3012,0.43816,0.804701,B,0.0,-0.013345
8258.59,0.57435,162.516,1.715,14,0.7386,10.34,1.9761,4.44877,2798.116,5460.475,4798.894,0.3386,0.695152,85.476,101.842,0.33881,0.58108,0.800257,B,-0.001,0.018972
11228.497,0.57295,147.403,1.1255,27,0.6402,17.285,2.00525,6.3684,3434.902,7793.595,3866.058,0.209038,0.733341,83.135,101.286,0.30591,0.34431,0.888391,B,0.0,-0.020439
8433.61,0.20624,154.663,1.2272,19,0.7605,14.449,1.99084,5.48185,4764.136,3669.473,5846.733,0.051078,0.407681,81.36,99.534,0.5649,0.69327,0.860093,B,0.001,0.030766
9976.966,0.35065,152.979,4.422,25,0.7405,18.512,1.99411,10.42039,4779.788,5197.178,21136.462,0.019065,0.655614,80.867,101.08,0.47908,2.11853,0.973952,B,0.0,-0.046188
7794.331,0.54276,194.516,4.5783,29,0.8072,23.408,1.92354,12.56754,2316.119,5478.213,10603.971,0.020969,0.763364,82.456,103.796,0.29715,1.36047,0.988519,B,-0.001,0.013806
7081.604,0.29559,205.345,2.8052,19,0.8431,16.019,1.90797,7.62937,3932.078,3149.526,11030.235,0.033629,0.622638,82.98,103.325,0.55525,1.55759,0.936829,B,0.0,0.004906
9890.223,0.22492,140.996,2.5229,29,0.6814,19.762,2.01866,9.94092,6173.748,3716.475,15575.882,0.011071,0.58016,80.237,99.91,0.62423,1.57488,0.969273,B,0.0,0.009257
7946.791,0.48635,208.051,2.0682,17,0.6128,10.418,1.90422,4.52285,2750.137,5196.653,5687.841,0.270826,0.600411,86.198,103.289,0.34607,0.71574,0.807291,B,0.001,-0.014425
12455.335,0.36301,210.566,4.6412,27,0.6102,16.475,1.9008,8.70556,6069.099,6386.235,28167.819,0.037996,0.671874,83.204,103.863,0.48727,2.26151,0.948997,B,0.001,0.064418
7166.216,0.425,165.263,3.888,26,0.6281,16.33,1.97114,8.81484,2949.673,4216.543,11468.353,0.043195,0.69209,81.685,101.961,0.41161,1.60034,0.958166,B,0.0,0.00343
7692.25,0.23499,167.64,2.0986,28,0.6145,17.207,1.96692,7.8835,4713.02,2979.229,9890.794,0.022611,0.570959,81.506,101.28,0.6127,1.28581,0.941044,B,0.001,0.018122
12599.299,0.51031,191.721,2.654,24,0.6042,14.502,1.92772,6.91311,4847.935,7751.365,12866.382,0.127181,0.749937,83.763,103.586,0.38478,1.0212,0.904105,B,-0.001,-0.052363
8516.198,0.47782,200.899,0.9474,28,0.8911,24.951,1.91424,7.88182,3523.523,4992.675,3338.24,0.069936,0.765682,83.315,104.084,0.41374,0.39199,0.939443,B,0.0,-0.012756
10707.348,0.21479,210.0,1.7694,29,0.8463,24.543,1.90156,10.07764,5913.858,4793.49,10463.935,0.011671,0.465379,82.838,102.477,0.55232,0.97727,0.969989,B,0.0,0.021057
7216.877,0.66256,175.77,1.1628,29,0.7659,22.212,1.953,7.99373,1916.348,5300.53,2228.414,0.139369,0.851719,83.355,103.529,0.26554,0.30878,0.944145,B,-0.001,-0.02759
11160.755,0.3699,158.661,2.7861,16,0.8432,13.491,1.98323,6.79779,4844.603,6316.152,13497.453,0.081676,0.590967,81.929,100.955,0.43407,1.20937,0.904153,B,-0.0,0.038081
10089.473,0.67442,171.802,3.5147,22,0.6006,13.213,1.9597,6.9207,2075.823,8013.649,7295.896,0.291611,0.77358,85.216,102.822,0.20574,0.72312,0.91104,B,0.001,0.010966
11908.182,0.28834,180.239,2.5138,22,0.8904,19.588,1.94566,9.32729,6283.647,5624.536,15795.521,0.022077,0.585813,81.971,101.984,0.52767,1.32644,0.959598,B,-0.001,-0.045185
11185.097,0.62204,161.702,1.7378,22,0.7921,17.426,1.97759,7.54238,3429.862,7755.235,5960.484,0.149931,0.830841,82.953,102.696,0.30665,0.5329,0.926089,B,0.0,-0.032104
10982.728,0.69955,185.871,2.6957,27,0.7265,19.616,1.9367,9.45756,1823.495,9159.233,4915.667,0.158367,0.807293,83.971,103.704,0.16603,0.44758,0.962413,B,0.0,0.001253
9878.436,0.74836,191.025,1.0804,23,0.7058,16.233,1.92877,5.53758,1849.829,8028.607,1998.594,0.573256,0.788701,89.627,103.811,0.18726,0.20232,0.856556,B,0.0,0.030422
10426.301,0.5196,187.671,2.9705,24,0.734,17.617,1.9339,8.69265,3472.81,6953.491,10315.99,0.075392,0.741446,82.939,103.35,0.33308,0.98942,0.951671,B,0.0,0.04582
11624.264,0.37886,200.979,2.1168,24,0.6989,16.775,1.91413,7.39689,5372.801,6251.463,11373.332,0.064559,0.648984,83.247,103.317,0.46221,0.97841,0.921239,B,0.0,0.006536
9198.237,0.72153,191.994,3.0265,18,0.7394,13.308,1.92731,6.56338,1605.92,7592.317,4860.365,0.405514,0.78837,87.446,103.851,0.17459,0.5284,0.901877,B,-0.0,0.025946
11007.46,0.39915,167.484,3.6946,15,0.8245,12.368,1.9672,6.58552,4591.368,6416.091,16963.068,0.098354,0.614399,82.5,101.559,0.41711,1.54105,0.897219,B,0.001,0.008356
7785.172,0.39525,207.113,2.3184,25,0.6058,15.144,1.90552,6.8217,3532.524,4252.648,8189.932,0.074692,0.661519,83.579,103.654,0.45375,1.05199,0.914253,B,-0.0,0.030498
12187.371,0.23715,174.567,1.7374,24,0.8301,19.921,1.95501,8.47641,6836.608,5350.763,11877.722,0.023187,0.510521,81.777,101.219,0.56096,0.97459,0.945152,B,0.0,0.037725
10668.152,0.39373,131.08,2.6236,26,0.7945,20.656,2.04086,10.669,4405.275,6262.877,11557.65,0.023239,0.654338,79.932,99.802,0.41294,1.08338,0.975628,B,0.0,-0.041109
7909.069,0.46932,159.092,2.2795,27,0.868,23.435,1.98242,11.14685,3149.038,4760.031,7178.257,0.022332,0.765024,81.163,102.126,0.39816,0.9076,0.981054,B,0.0,0.021991
8356.015,0.52328,178.467,4.1855,16,0.7133,11.413,1.94854,6.14504,2532.941,5823.074,10601.698,0.191019,0.667806,84.137,102.442,0.30313,1.26875,0.889345,B,0.0,0.011917
9000.118,0.26274,207.852,1.4478,24,0.8347,20.032,1.9045,7.63279,4975.063,4025.055,7202.715,0.031881,0.548081,83.037,102.936,0.55278,0.80029,0.932924,B,0.0,0.02485
7444.238,0.5054,203.23,4.0043,19,0.7941,15.089,1.91093,7.81879,2556.099,4888.14,10235.409,0.088055,0.723634,83.63,103.904,0.34337,1.37494,0.940176,B,-0.001,0.016287
9916.488,0.26275,141.024,3.9733,28,0.8096,22.67,2.0186,12.72165,5484.896,4431.591,21793.284,0.00552,0.581127,80.165,99.918,0.55311,2.19768,0.988381,B,0.001,-0.036587
10130.829,0.61413,158.176,2.9344,17,0.8727,14.837,1.98414,7.58207,2824.565,7306.264,8288.536,0.155653,0.791375,82.885,102.252,0.27881,0.81815,0.929335,B,0.0,-0.000675
10316.521,0.25447,198.146,3.6713,21,0.7363,15.463,1.91821,7.91602,5234.232,5082.289,19216.346,0.031708,0.483896,82.719,102.108,0.50736,1.86268,0.936781,B,0.0,-0.021247
9426.052,0.6454,192.269,2.6048,29,0.8415,24.404,1.92689,11.56641,2265.133,7160.919,5900.127,0.046067,0.834975,82.711,104.171,0.24031,0.62594,0.982848,B,0.0,0.037737
8181.053,0.76384,181.994,2.6978,14,0.7528,10.539,1.94283,5.10636,1737.874,6443.18,4688.365,0.569168,0.816345,89.256,103.587,0.21243,0.57308,0.841712,B,-0.001,0.015478
11442.419,0.24215,145.989,2.7515,17,0.828,14.077,2.00815,7.19833,6990.82,4451.599,19234.922,0.03329,0.570154,80.753,100.13,0.61096,1.68102,0.91601,B,0.0,-0.039613
9636.707,0.73097,214.412,1.9476,19,0.6918,13.144,1.89564,5.55441,1679.603,7957.104,3271.169,0.593713,0.759945,90.659,104.598,0.17429,0.33945,0.858436,B,0.0,-0.019819
7038.47,0.59886,145.415,3.2252,20,0.7158,14.316,2.00934,7.62544,1578.219,5460.251,5090.02,0.16871,0.723193,82.516,101.107,0.22423,0.72317,0.936831,B,0.0,-0.018485
11502.129,0.37202,130.425,2.5473,24,0.7648,18.356,2.04239,9.41302,4997.909,6504.22,12731.047,0.033181,0.632381,80.031,99.616,0.43452,1.10684,0.961244,B,0.0,0.041264
7243.933,0.24364,175.271,4.4597,28,0.8319,23.292,1.95383,12.74361,4256.596,2987.337,18983.033,0.004397,0.584533,81.555,101.742,0.58761,2.62054,0.989396,B,0.0,-0.001475
10670.305,0.6723,176.573,4.7297,28,0.8987,25.164,1.95166,13.88994,2847.024,7823.281,13465.528,0.019892,0.909723,81.808,103.95,0.26682,1.26196,0.992105,B,0.0,-0.005611
10249.634,0.5481,192.632,3.4172,24,0.7958,19.099,1.92635,9.68724,3247.393,7002.241,11097.027,0.05872,0.775056,82.89,103.791,0.31683,1.08268,0.966057,B,0.0,0.008578
12497.534,0.62874,137.792,1.2882,24,0.6374,15.298,2.02563,6.07904,3160.156,9337.378,4070.767,0.318368,0.733776,84.146,100.735,0.25286,0.32573,0.87196,B,0.0,0.063102
12443.772,0.2245,218.745,3.768,24,0.6022,14.453,1.88996,7.27084,7233.94,5209.832,27257.58,0.032533,0.491046,83.384,102.993,0.58133,2.19046,0.915756,B,0.0,0.01788
9123.42,0.27509,189.225,4.5604,25,0.6269,15.672,1.93151,8.46171,4651.235,4472.185,21211.719,0.027182,0.532924,82.357,102.043,0.50981,2.32497,0.949624,B,0.0,-0.002981
10458.956,0.68904,165.871,2.0927,17,0.7504,12.756,1.97005,5.85271,2086.007,8372.949,4365.312,0.451574,0.748206,87.099,102.362,0.19945,0.41738,0.86929,B,0.0,-0.038162
7758.493,0.6206,207.756,1.7726,17,0.6811,11.579,1.90463,4.76932,2212.226,5546.267,3921.31,0.38245,0.715589,87.662,104.037,0.28514,0.50542,0.824282,B,0.0,0.007266
10181.637,0.30028,177.596,1.3485,16,0.7001,11.202,1.94997,4.29567,5577.823,4603.814,7521.92,0.122543,0.515628,83.201,101.397,0.54783,0.73877,0.776435,B,0.0,-0.036611
8794.629,0.59885,200.127,4.4126,20,0.6581,13.162,1.91535,6.97337,2588.749,6205.88,11423.199,0.170795,0.777406,84.621,104.129,0.29436,1.29888,0.916048,B,0.0,0.029844
9486.316,0.75163,137.955,3.9404,16,0.649,10.383,2.02527,5.84438,1967.127,7519.189,7751.225,0.46149,0.82754,86.043,101.363,0.20736,0.8171,0.872682,B,0.0,-0.039409
9267.677,0.20376,217.788,2.7631,26,0.8005,20.813,1.89121,9.73807,5675.047,3592.63,15680.815,0.010771,0.508606,83.068,103.072,0.61235,1.69199,0.967631,B,0.0,0.022761
12464.362,0.70971,163.826,4.4691,23,0.8881,20.427,1.97372,11.34912,2515.101,9949.262,11240.263,0.071133,0.871143,81.997,103.07,0.20178,0.90179,0.979776,B,-0.001,-0.054271
10431.591,0.48713,194.356,3.3743,27,0.6381,17.228,1.92377,8.69497,3524.178,6907.413,11891.808,0.06964,0.700127,83.093,103.372,0.33784,1.13998,0.951703,B,0.0,0.050826
12047.65,0.6171,189.904,1.8056,17,0.6593,11.209,1.93047,4.74477,3328.422,8719.228,6009.708,0.450495,0.680695,87.968,103.049,0.27627,0.49883,0.798316,B,0.0,0.032443
9630.257,0.40102,142.806,3.0995,28,0.6597,18.47,2.0148,9.78264,4388.137,5242.12,13601.223,0.028359,0.712969,80.547,100.891,0.45566,1.41234,0.967777,B,0.0,0.013431
9045.653,0.7688,132.213,1.6126,29,0.7531,21.84,2.03823,9.59903,1435.806,7609.847,2315.332,0.163478,0.883009,81.838,101.381,0.15873,0.25596,0.966248,B,0.0,0.011944
12731.007,0.58833,175.043,1.5091,16,0.691,11.056,1.95421,4.45506,4420.866,8310.141,6671.398,0.385475,0.696252,86.577,102.468,0.34725,0.52403,0.772481,B,0.0,-0.052265
8913.966,0.40531,142.719,1.683,28,0.7858,22.001,2.01498,9.66894,3998.25,4915.715,6728.909,0.029641,0.710868,80.56,100.872,0.44854,0.75487,0.967198,B,0.001,-0.017059
7289.733,0.70008,203.359,4.4251,20,0.8616,17.232,1.91075,9.10089,2060.237,5229.496,9116.838,0.094135,0.938805,83.715,105.33,0.28262,1.25064,0.961998,B,0.0,-0.021124
8331.359,0.44841,169.062,3.2392,22,0.8472,18.639,1.96443,9.61648,3540.109,4791.25,11467.161,0.034621,0.754153,81.719,102.56,0.42491,1.37639,0.967193,B,0.0,-0.032986
11428.402,0.22829,151.941,4.6402,26,0.7299,18.978,1.99615,10.79222,6174.01,5254.392,28648.835,0.010085,0.484688,80.704,99.895,0.54023,2.50681,0.976134,B,0.0,-0.015748
9609.085,0.41723,132.182,2.8464,27,0.8067,21.781,2.0383,11.47832,4396.727,5212.358,12514.815,0.01622,0.755486,79.892,100.538,0.45756,1.30239,0.982212,B,0.0,0.020127
11675.503,0.4651,145.892,2.2581,18,0.6495,11.69,2.00835,5.64988,4733.056,6942.448,10687.89,0.166795,0.668474,82.511,100.773,0.40538,0.91541,0.854622,B,-0.001,-0.019615
11117.669,0.78887,206.396,2.8333,26,0.8882,23.093,1.90651,11.01385,1543.561,9574.108,4373.345,0.124359,0.896003,84.211,105.173,0.13884,0.39337,0.978113,B,0.0,0.010351
12408.007,0.7548,172.369,4.6404,14,0.6604,9.246,1.95873,5.11398,1985.605,10422.402,9213.953,0.844488,0.737715,92.536,102.613,0.16003,0.74258,0.820959,B,0.0,-0.018203
7940.442,0.26037,153.494,3.7817,22,0.833,18.326,1.9931,9.99585,4381.573,3558.868,16569.808,0.013388,0.564445,80.814,100.506,0.5518,2.08676,0.971627,B,0.001,0.007136
12295.525,0.53977,214.791,4.1849,22,0.8048,17.705,1.89514,9.13585,4549.899,7745.626,19040.899,0.063708,0.819408,83.675,105.005,0.37005,1.5486,0.956324,B,-0.0,0.062654
8138.502,0.43376,151.903,2.4708,14,0.8305,11.627,1.99622,5.72149,2981.259,5157.243,7366.047,0.150924,0.597266,82.562,100.636,0.36632,0.90509,0.872544,B,0.0,-0.032803
9594.741,0.7617,154.311,2.9184,29,0.8854,25.675,1.99152,13.17366,1831.642,7763.099,5345.417,0.039195,0.932172,81.188,102.977,0.1909,0.55712,0.990177,B,0.0,-0.02051
12619.0,0.52745,164.079,4.6764,19,0.8792,16.705,1.97327,9.35371,4869.762,7749.238,22772.722,0.055815,0.823835,81.805,102.771,0.38591,1.80464,0.959163,B,0.0,-0.007704
8984.448,0.29633,187.298,1.9497,24,0.6328,15.187,1.93448,6.62366,5417.818,3566.63,10563.007,0.046901,0.675214,82.55,102.896,0.60302,1.1757,0.904556,B,0.0,0.021885
10461.719,0.68549,146.496,2.0717,17,0.7296,12.403,2.0071,5.8282,2690.436,7771.283,5573.815,0.351439,0.801134,84.975,101.683,0.25717,0.53278,0.868153,B,-0.0,0.040585
9147.275,0.7066,136.015,1.2921,25,0.7475,18.688,2.02958,7.45666,1956.149,7191.126,2527.522,0.236797,0.834402,82.986,101.292,0.21385,0.27631,0.928335,B,0.0,-0.035616
7667.996,0.39105,174.457,4.3796,17,0.7762,13.196,1.9552,7.20297,3814.117,3853.879,16704.118,0.05877,0.719909,82.243,102.596,0.49741,2.17842,0.925247,B,0.0,-0.027997
10066.149,0.45763,184.604,4.6563,19,0.6463,12.279,1.93869,6.69172,4367.512,5698.637,20336.238,0.101587,0.730498,83.177,103.139,0.43388,2.02026,0.903684,B,0.0,0.046394
7365.835,0.46396,194.79,3.4743,23,0.6692,15.391,1.92313,7.8154,2744.366,4621.469,9534.743,0.074395,0.695293,83.171,103.359,0.37258,1.29446,0.940258,B,0.0,0.010653
7289.625,0.50229,153.236,4.2417,21,0.6458,13.561,1.99361,7.57138,2414.214,4875.411,10240.443,0.098443,0.702274,81.925,101.402,0.33118,1.4048,0.935092,B,0.0,-0.031112
9654.015,0.74859,159.225,4.5753,24,0.7311,17.547,1.98217,9.85205,1809.702,7844.313,8279.882,0.125682,0.892297,82.533,102.973,0.18746,0.85766,0.968528,B,0.0,-0.004835
8966.096,0.74892,171.661,1.6757,20,0.8828,17.656,1.95994,7.44073,1674.525,7291.571,2806.017,0.287375,0.854914,85.155,103.352,0.18676,0.31296,0.928336,B,0.0,0.005865
11938.323,0.57764,146.946,3.3209,24,0.6844,16.426,2.00618,8.78942,3361.26,8577.063,11162.443,0.100144,0.764761,81.678,101.468,0.28155,0.93501,0.951188,B,0.0,0.039599
9860.632,0.68615,211.127,4.5634,28,0.651,18.227,1.90004,9.5967,2505.769,7354.863,11434.894,0.093506,0.888067,83.954,105.312,0.25412,1.15965,0.96537,B,0.0,-0.042909
9039.131,0.74132,169.902,3.8463,15,0.85,12.75,1.96297,6.82505,1509.003,7530.128,5804.109,0.395649,0.810591,86.517,102.974,0.16694,0.64211,0.910902,B,0.0,-0.000921
8537.908,0.75427,163.93,3.5585,20,0.7529,15.059,1.97354,7.99161,1242.443,7295.465,4421.197,0.302255,0.831253,85.052,102.812,0.14552,0.51783,0.941686,B,0.0,-0.023909
12339.029,0.30012,192.497,1.1574,23,0.6855,15.766,1.92655,5.54634,6068.232,6270.797,7023.147,0.093735,0.499832,83.348,101.969,0.49179,0.56918,0.846399,B,0.0,0.038651
11735.411,0.21169,155.368,3.5649,22,0.8338,18.343,1.98948,9.85352,7105.08,4630.331,25328.734,0.011693,0.518585,80.869,100.304,0.60544,2.15832,0.966559,B,0.0,-0.030747
10405.541,0.54171,134.169,1.4898,22,0.8201,18.042,2.03374,7.66378,3336.308,7069.233,4970.593,0.116977,0.742161,81.317,100.572,0.32063,0.47769,0.930764,B,-0.0,0.005282
7780.176,0.50391,146.929,4.5489,23,0.7211,16.585,2.00622,9.46628,2785.2,4994.976,12669.671,0.047825,0.75822,80.987,101.424,0.35799,1.62846,0.966024,B,0.0,0.015595
10255.071,0.79646,180.259,1.6305,14,0.8599,12.038,1.94562,4.9666,1006.662,9248.41,1641.41,0.95,0.779747,94.22,103.265,0.09816,0.16006,0.882914,B,-0.001,0.004996
7360.772,0.60334,202.671,1.7097,15,0.7546,11.32,1.91172,4.62823,2142.365,5218.407,3662.907,0.377803,0.695936,87.437,103.698,0.29105,0.49763,0.817748,B,0.0,-0.02104
7732.637,0.2024,174.051,1.5631,28,0.6186,17.32,1.95588,7.08589,4754.409,2978.229,7431.612,0.025691,0.484505,81.791,101.023,0.61485,0.96107,0.921958,B,-0.001,-0.026634
9268.608,0.2387,203.48,3.3298,14,0.7784,10.898,1.91058,5.42582,5613.137,3655.471,18690.36,0.057714,0.516607,83.238,102.548,0.60561,2.01652,0.853572,B,0.0,0.018234
7384.109,0.72945,135.563,1.3128,17,0.8027,13.647,2.03059,5.48682,1860.681,5523.428,2442.71,0.390946,0.843486,85.0,101.325,0.25198,0.33081,0.86495,B,0.0,-0.021674
7380.79,0.47855,167.811,3.5626,23,0.8337,19.175,1.96662,10.1262,2798.988,4581.802,9971.733,0.033595,0.750364,81.658,102.473,0.37923,1.35104,0.973378,B,0.0,0.025777
10252.925,0.66059,183.254,3.9774,20,0.8091,16.183,1.94082,8.57497,2455.526,7797.398,9766.584,0.138197,0.825106,83.612,103.702,0.2395,0.95257,0.949897,B,0.001,-0.046475
11789.476,0.51475,184.1,2.792,25,0.6873,17.182,1.93948,8.38041,3915.259,7874.217,10931.459,0.086935,0.727474,82.966,103.097,0.3321,0.92722,0.943913,B,0.0,-0.028408
8417.777,0.41041,207.261,2.256,24,0.7513,18.031,1.90531,8.05385,3789.384,4628.393,8548.825,0.051822,0.703994,83.282,103.941,0.45016,1.01557,0.943158,B,0.0,0.005499
12018.661,0.55172,181.166,4.2989,20,0.7718,15.437,1.94416,8.32619,4706.615,7312.046,20233.489,0.081057,0.85467,82.783,103.801,0.39161,1.68351,0.942465,B,0.0,0.0452
7861.157,0.68985,162.712,1.1138,29,0.7008,20.322,1.97574,7.29145,2149.194,5711.963,2393.671,0.18401,0.880176,83.443,103.073,0.27339,0.30449,0.927075,B,0.0,0.013223
9549.092,0.64475,143.257,1.4895,19,0.8079,15.349,2.01385,6.42903,2752.879,6796.213,4100.509,0.232498,0.81174,83.262,101.569,0.28829,0.42941,0.896043,B,0.0,-0.019735
9172.853,0.44521,150.48,1.066,25,0.6237,15.591,1.99904,5.5724,3545.302,5627.551,3779.347,0.159765,0.625038,82.618,100.742,0.3865,0.41201,0.861304,B,-0.0,-0.002512
11644.349,0.41582,202.162,2.1859,25,0.6599,16.497,1.91244,7.33883,4737.911,6906.438,10356.71,0.082191,0.6447,83.518,103.339,0.40688,0.88942,0.919576,B,0.0,-0.04102
10320.807,0.29278,135.69,1.7151,19,0.8089,15.369,2.03031,6.87559,5771.475,4549.332,9898.798,0.047644,0.603763,80.474,99.751,0.55921,0.95911,0.908998,B,0.0,0.031382
10372.526,0.5844,166.635,1.7357,29,0.894,25.927,1.9687,11.14264,3274.405,7098.121,5683.408,0.037894,0.836507,81.669,102.983,0.31568,0.54793,0.97953,B,0.0,-0.004012
7469.057,0.25873,136.77,2.2068,29,0.7756,22.492,2.02789,10.94275,4405.98,3063.077,9722.994,0.008799,0.61823,80.012,99.911,0.5899,1.30177,0.979938,B,0.0,0.014806
8074.511,0.75917,188.815,4.1957,28,0.8684,24.315,1.93214,12.93236,1628.288,6446.222,6831.781,0.038382,0.941244,82.491,104.72,0.20166,0.84609,0.989805,B,0.001,-0.038214
8556.337,0.28338,215.445,2.087,25,0.8547,21.368,1.89428,9.22855,4681.446,3874.892,9770.258,0.019601,0.602055,83.113,103.596,0.54713,1.14187,0.962155,B,-0.001,0.035653
11172.501,0.42587,157.217,1.8984,21,0.7601,15.963,1.98595,7.17344,5131.462,6041.038,9741.37,0.07795,0.721406,81.82,101.74,0.45929,0.87191,0.915932,B,0.001,-0.005521
12162.0,0.35788,136.952,4.1803,24,0.6541,15.698,2.02749,8.95332,5876.92,6285.079,24567.53,0.034352,0.660402,80.358,100.2,0.48322,2.02002,0.953617,B,0.001,-0.026138
12511.447,0.70297,131.952,1.4598,29,0.6543,18.974,2.03883,8.02171,3304.178,9207.268,4823.536,0.172745,0.893255,81.947,101.433,0.26409,0.38553,0.935103,B,0.001,-0.046508
12051.273,0.4254,197.288,3.1752,27,0.7064,19.073,1.91946,9.45754,4471.316,7579.957,14197.294,0.044438,0.650122,82.859,103.168,0.37102,1.17807,0.961242,B,-0.0,0.018389
11915.056,0.21958,219.912,3.1779,16,0.6602,10.563,1.88845,5.10828,6740.636,5174.42,21420.938,0.068671,0.416164,83.896,102.544,0.56572,1.7978,0.823076,B,0.0,0.014457
12001.444,0.46142,193.044,1.7639,17,0.8041,13.67,1.92573,5.71674,4932.152,7069.291,8699.8,0.160935,0.671056,84.254,103.123,0.41096,0.7249,0.856662,B,0.001,0.060267
10864.015,0.69583,144.493,2.4571,24,0.8035,19.285,2.01125,9.57762,2055.579,8808.435,5050.708,0.132082,0.827387,81.991,101.743,0.18921,0.4649,0.964084,B,0.001,0.017963
7314.517,0.6777,152.788,0.9237,27,0.8817,23.805,1.99448,7.89114,1752.693,5561.824,1618.878,0.164272,0.8395,82.775,102.283,0.23962,0.22132,0.941918,B,0.0,-0.021462
7652.83,0.66872,145.37,2.5769,23,0.748,17.204,2.00943,8.64915,1997.018,5655.811,5146.106,0.115418,0.864081,81.81,102.035,0.26095,0.67244,0.954961,B,0.001,0.029829
7371.696,0.74989,149.959,3.6958,22,0.6204,13.649,2.00008,7.44641,1551.251,5820.446,5733.181,0.242291,0.885173,83.685,102.43,0.21043,0.77773,0.932009,B,-0.001,0.00531
11214.188,0.59939,133.431,2.3142,24,0.6278,15.067,2.03542,7.47704,3190.721,8023.467,7384.036,0.159439,0.774351,81.843,100.739,0.28453,0.65845,0.924316,B,0.0,-0.032915
11129.575,0.25697,211.044,4.0992,25,0.6176,15.44,1.90015,7.96768,6893.048,4236.527,28256.171,0.026382,0.632154,83.065,103.62,0.61935,2.53884,0.936414,B,0.0,-0.022994
7913.987,0.3431,158.786,2.5795,20,0.6209,12.418,1.983,6.1265,3618.867,4295.12,9334.821,0.082401,0.562755,81.943,100.775,0.45727,1.17953,0.890179,B,0.0,-0.009576
8629.254,0.75135,158.228,3.8316,28,0.7047,19.731,1.98404,10.72061,1624.093,7005.161,6222.909,0.089826,0.904719,82.019,103.003,0.18821,0.72114,0.977499,B,0.0,0.00196
7845.708,0.33783,196.449,2.0017,20,0.8352,16.704,1.92069,7.27028,3526.946,4318.762,7059.786,0.055183,0.568649,82.973,102.594,0.44954,0.89983,0.926569,B,0.0,0.02838
12052.359,0.68295,165.688,3.0244,22,0.8975,19.745,1.97038,10.06418,2900.926,9151.433,8773.565,0.088938,0.871247,82.305,103.165,0.24069,0.72795,0.968655,B,0.0,-0.002524
11643.729,0.24218,211.569,3.6279,14,0.7651,10.712,1.89944,5.38717,6358.461,5285.268,23067.888,0.070618,0.448578,83.666,102.429,0.54608,1.98114,0.840765,B,0.0,0.001541
11127.919,0.47807,134.866,2.8281,27,0.7542,20.362,2.03216,10.66706,4993.278,6134.641,14121.697,0.026336,0.845762,80.154,101.298,0.44872,1.26903,0.975281,B,0.0,-0.024975
10618.369,0.34758,142.882,3.8203,17,0.8161,13.873,2.01464,7.7015,5533.432,5084.936,21139.569,0.045861,0.675902,80.781,100.651,0.52112,1.99085,0.931241,B,0.001,0.04556
9965.48,0.42555,183.022,1.5761,17,0.7011,11.918,1.94119,4.83655,4179.473,5786.008,6587.229,0.186513,0.598217,84.242,102.194,0.4194,0.661,0.816185,B,-0.001,-0.004381
9662.463,0.67499,213.191,3.555,16,0.8897,14.234,1.89727,7.1146,1912.927,7749.537,6800.409,0.279786,0.772547,86.477,104.632,0.19798,0.7038,0.917939,B,-0.001,-0.025854
7796.664,0.70469,131.849,2.1227,27,0.6086,16.431,2.03907,7.95798,1905.248,5891.417,4044.281,0.166196,0.87884,81.856,101.331,0.24437,0.51872,0.942368,B,-0.001,-0.026359
10024.242,0.27928,155.749,4.356,27,0.6292,16.989,1.98875,9.49922,5524.321,4499.921,24063.987,0.018248,0.599727,80.972,100.859,0.5511,2.40058,0.963992,B,0.0,0.038375
10427.229,0.62941,135.782,2.1355,20,0.8327,16.654,2.0301,8.03123,3305.372,7121.857,7058.519,0.12096,0.865389,81.446,101.483,0.31699,0.67693,0.93908,B,0.0,0.0077
10831.461,0.25528,180.218,4.166,24,0.7421,17.811,1.94569,9.56036,5767.912,5063.549,24028.926,0.017305,0.526354,81.907,101.59,0.53251,2.21844,0.963901,B,0.0,0.022377
7492.776,0.49911,156.713,2.5293,27,0.6513,17.586,1.98691,8.65288,2667.495,4825.282,6746.915,0.062735,0.740348,81.599,101.839,0.35601,0.90046,0.955252,B,-0.001,-0.013748
12497.793,0.32715,168.709,1.8526,24,0.6961,16.707,1.96505,7.32974,5989.597,6508.197,11096.593,0.056419,0.576313,81.994,101.369,0.47925,0.88788,0.917351,B,-0.001,-0.032631
11133.328,0.65928,160.048,4.1678,14,0.7419,10.386,1.98064,5.72446,2901.86,8231.468,12094.245,0.352699,0.767361,85.563,102.191,0.26065,1.08631,0.860561,B,-0.0,-0.010152
10967.113,0.48297,194.335,2.7531,23,0.7365,16.939,1.9238,8.13022,4840.968,6126.145,13327.537,0.065416,0.812934,83.037,104.116,0.44141,1.21523,0.940214,B,-0.0,-0.041757
8487.78,0.72282,171.84,4.524,25,0.7005,17.512,1.95963,9.64852,1631.071,6856.709,7378.993,0.122627,0.865596,82.987,103.431,0.19217,0.86937,0.967399,B,0.0,-0.016087
9973.488,0.33999,197.906,3.6871,17,0.6168,10.486,1.91856,5.37468,4491.348,5482.14,16560.058,0.114979,0.524327,83.811,102.364,0.45033,1.66041,0.847705,B,-0.0,0.041464
10746.787,0.74804,143.549,1.9824,29,0.8893,25.79,2.01323,11.99522,2147.789,8598.998,4257.669,0.057481,0.920523,80.965,102.303,0.19985,0.39618,0.984643,B,0.0,-0.005948
8182.012,0.77326,213.026,2.8113,23,0.676,15.547,1.89749,7.3456,1222.084,6959.928,3435.646,0.374259,0.843316,87.719,105.093,0.14936,0.4199,0.927708,B,0.0,0.028022
10953.873,0.56718,184.657,3.03,29,0.7936,23.014,1.9386,11.45424,3912.399,7041.474,11854.391,0.029649,0.865839,82.229,104.035,0.35717,1.08221,0.981329,B,0.0,0.036164
10516.614,0.5779,179.677,1.1796,19,0.6839,12.994,1.94657,4.68392,3824.468,6692.146,4511.374,0.313232,0.729153,85.794,102.904,0.36366,0.42898,0.80289,B,0.0,0.007138
11647.989,0.70534,186.023,1.5216,18,0.8788,15.819,1.93646,6.30823,2571.441,9076.548,3912.611,0.368605,0.800742,86.752,103.667,0.22076,0.3359,0.884632,B,-0.0,-0.026647
10230.163,0.51846,147.483,3.8,21,0.8047,16.899,2.00508,9.30703,3713.988,6516.175,14113.151,0.055341,0.782416,81.11,101.615,0.36304,1.37956,0.961248,B,0.0,0.03492
11098.578,0.49921,157.787,4.3837,14,0.8661,12.125,1.98488,6.76821,4191.279,6907.3,18373.158,0.127789,0.724578,82.502,101.791,0.37764,1.65545,0.90333,B,-0.001,0.044152
12684.738,0.25355,175.127,4.5639,22,0.7219,15.882,1.95407,8.7274,6182.68,6502.057,28217.275,0.026498,0.469448,81.842,100.975,0.48741,2.22451,0.949061,B,0.001,0.009011
10898.509,0.57582,188.692,1.2439,18,0.8083,14.549,1.93233,5.31279,3155.621,7742.888,3925.132,0.318097,0.680853,86.179,102.996,0.28955,0.36015,0.840047,B,0.0,0.017356
7023.068,0.52166,176.484,2.8176,21,0.6124,12.86,1.95181,6.34729,2712.16,4310.908,7641.802,0.133402,0.765929,83.303,102.996,0.38618,1.0881,0.901244,B,0.0,-0.003369
7388.245,0.75188,189.934,2.6909,26,0.6877,17.881,1.93043,8.57454,1157.379,6230.866,3114.376,0.220001,0.85068,84.927,104.172,0.15665,0.42153,0.954164,B,0.0,-0.023976
9341.645,0.24777,130.072,3.9487,22,0.7196,15.831,2.04322,9.02602,5404.14,3937.505,21339.434,0.017828,0.563352,79.811,99.138,0.5785,2.28433,0.958375,B,0.0,0.033057
9626.286,0.27882,132.537,4.4599,29,0.6793,19.701,2.03748,11.45315,5191.442,4434.844,23153.426,0.009283,0.594342,79.818,99.496,0.5393,2.40523,0.982045,B,0.0,-0.005146
10653.409,0.32955,213.98,3.8476,29,0.8201,23.783,1.89622,12.07866,4902.678,5750.731,18863.32,0.010652,0.601427,82.949,103.534,0.4602,1.77064,0.985126,B,0.0,-0.037283
9496.402,0.64989,158.304,3.7554,28,0.6656,18.637,1.9839,10.08262,2224.411,7271.991,8353.606,0.080165,0.824166,81.894,102.476,0.23424,0.87966,0.971107,B,0.0,-0.030947
9520.031,0.60329,180.156,4.4571,28,0.7069,19.792,1.94579,10.7607,2645.906,6874.125,11793.152,0.049503,0.816447,82.33,103.502,0.27793,1.23877,0.977194,B,0.0,0.000483
7386.207,0.21003,136.059,3.7289,20,0.6305,12.61,2.02948,7.03752,4188.022,3198.185,15616.798,0.029074,0.446986,80.246,98.738,0.56701,2.11432,0.921511,B,0.0,0.018584
11960.917,0.34631,147.723,2.0826,23,0.6775,15.582,2.00459,7.32119,6160.555,5800.362,12829.745,0.054902,0.655814,81.115,100.792,0.51506,1.07264,0.918345,B,-0.0,-0.000229
10010.616,0.24082,174.504,2.5497,19,0.6908,13.125,1.95512,6.3208,5390.224,4620.392,13743.201,0.048967,0.464636,82.115,100.914,0.53845,1.37286,0.890514,B,0.0,0.012989
12605.155,0.6661,149.723,2.0373,23,0.7621,17.529,2.00056,8.15311,2770.235,9834.919,5643.89,0.188344,0.800668,82.963,101.859,0.21977,0.44774,0.937858,B,0.001,0.031679
12439.416,0.21803,185.978,4.1549,17,0.6214,10.563,1.93653,5.62678,7530.357,4909.059,31287.737,0.053938,0.469751,82.597,101.481,0.60536,2.51521,0.850243,B,-0.0,-0.0419
12762.831,0.53453,132.491,2.4196,25,0.8239,20.597,2.03759,10.37326,4787.211,7975.62,11583.185,0.040893,0.830826,80.233,101.054,0.37509,0.90757,0.971304,B,0.0,0.000173
10883.429,0.3426,162.264,2.9695,25,0.7919,19.799,1.97656,10.09148,5175.649,5707.78,15368.931,0.021628,0.633647,81.281,101.423,0.47555,1.41214,0.969979,B,0.0,0.006165
7340.809,0.3294,134.353,4.2882,29,0.7458,21.628,2.03332,12.44614,3838.084,3502.725,16458.469,0.007437,0.682193,79.88,100.187,0.52284,2.24205,0.988196,B,0.0,-0.015822
9429.401,0.49941,206.445,3.7433,24,0.6429,15.429,1.90644,7.85674,3816.458,5612.944,14286.247,0.077542,0.786256,83.595,104.45,0.40474,1.51507,0.937158,B,-0.001,-0.00953
10025.814,0.2756,154.651,2.5017,17,0.7672,13.042,1.99086,6.41576,5137.672,4888.142,12852.913,0.056984,0.505372,81.437,100.178,0.51244,1.28198,0.894045,B,0.0,0.019138
8429.553,0.73166,144.005,2.5013,19,0.6671,12.676,2.01227,6.33212,1614.902,6814.651,4039.301,0.396743,0.811031,85.463,101.607,0.19158,0.47918,0.896118,B,0.0,-0.027531
7215.874,0.3529,172.474,4.0445,20,0.8318,16.636,1.95855,8.96581,3254.756,3961.118,13163.861,0.031096,0.617314,81.803,101.823,0.45105,1.82429,0.960254,B,0.0,0.018445
11411.296,0.3703,145.286,2.9798,15,0.8303,12.454,2.0096,6.50814,5040.544,6370.752,15019.718,0.089569,0.59241,81.465,100.237,0.44172,1.31621,0.893156,B,0.0,0.029231
11660.348,0.46192,185.79,2.0472,14,0.7137,9.992,1.93682,4.43769,4469.244,7191.104,9149.387,0.267678,0.582642,85.411,102.217,0.38329,0.78466,0.77789,B,0.0,-0.009564
8082.442,0.7147,219.014,1.9809,14,0.7989,11.185,1.88961,4.72983,1683.676,6398.766,3335.216,0.617633,0.740246,91.116,104.648,0.20831,0.41265,0.81998,B,0.0,-0.033498
7063.176,0.20673,134.892,0.9089,15,0.7202,10.804,2.0321,3.64745,4130.382,2932.794,3754.002,0.089938,0.371222,80.995,98.168,0.58478,0.53149,0.745598,B,0.0,-0.025576
11335.397,0.51846,180.939,2.3176,22,0.6978,15.352,1.94453,7.1322,4646.579,6688.819,10768.694,0.108382,0.803324,83.136,103.452,0.40992,0.95001,0.914307,B,-0.001,0.055569
11046.666,0.50556,209.348,1.6594,22,0.7096,15.612,1.90245,6.26524,4042.323,7004.343,6708.008,0.159023,0.705544,84.763,104.036,0.36593,0.60724,0.884896,B,0.0,0.057955
7819.988,0.58202,213.438,3.3556,17,0.6276,10.669,1.89694,5.26267,2278.703,5541.285,7646.331,0.295896,0.699678,86.698,104.161,0.29139,0.97779,0.851856,B,0.0,0.015107
8068.359,0.26592,139.241,4.0038,25,0.6316,15.789,2.02245,8.89816,4398.575,3669.784,17611.022,0.020406,0.560197,80.28,99.675,0.54516,2.18273,0.958166,B,0.0,-0.021284
8375.884,0.74526,167.023,1.2152,26,0.6681,17.371,1.96801,6.45136,1504.083,6871.801,1827.719,0.412809,0.818031,86.633,102.88,0.17957,0.21821,0.900533,B,0.0,-0.033933
10884.393,0.5961,174.047,1.3567,24,0.826,19.824,1.95589,7.65576,3139.426,7744.967,4259.401,0.145528,0.778739,83.372,102.965,0.28843,0.39133,0.929584,B,0.0,0.004424
12163.083,0.25531,214.441,3.7573,27,0.8419,22.73,1.8956,11.48113,7073.979,5089.104,26578.966,0.008406,0.598502,82.934,103.533,0.58159,2.18522,0.980851,B,0.0,0.053931
11943.448,0.75701,169.936,2.1161,15,0.6505,9.757,1.96291,4.46873,1276.713,10666.736,2701.669,0.95,0.733907,93.836,102.469,0.1069,0.22621,0.865851,B,-0.001,0.040003
8084.995,0.68616,208.467,2.3174,26,0.667,17.341,1.90365,7.79851,2005.046,6079.949,4646.402,0.170172,0.856324,84.882,104.995,0.248,0.57469,0.938495,B,0.0,-0.008766
8953.666,0.67422,201.677,1.0477,22,0.8398,18.476,1.91313,6.13276,1740.855,7212.811,1823.903,0.392634,0.742179,87.6,103.962,0.19443,0.2037,0.886773,B,0.0,0.024973
10180.315,0.56606,201.16,2.2251,24,0.6053,14.528,1.91387,6.50621,3435.275,6745.04,7643.839,0.172997,0.766243,84.684,104.099,0.33744,0.75085,0.896872,B,0.0,0.037155
10743.596,0.51586,187.621,3.0729,19,0.694,13.187,1.93398,6.56224,3949.905,6793.691,12137.719,0.144277,0.731905,83.847,103.285,0.36765,1.12976,0.897174,B,0.0,-0.025422
8407.397,0.47695,167.671,3.3471,23,0.6479,14.901,1.96687,7.7608,3565.524,4841.873,11934.205,0.070809,0.776036,82.143,102.636,0.42409,1.41949,0.937039,B,0.0,-0.030945
9094.774,0.34317,131.433,2.8347,24,0.8956,21.494,2.04004,11.32815,4282.126,4812.648,12138.491,0.013452,0.636549,79.82,99.706,0.47083,1.33467,0.981544,B,-0.0,-0.035837
10603.362,0.7948,173.407,3.5998,20,0.8207,16.414,1.95697,8.62464,1603.109,9000.253,5770.798,0.261552,0.889782,84.88,103.667,0.15119,0.54424,0.950247,B,-0.0,-0.007362
10823.814,0.21162,183.544,1.4588,28,0.7642,21.399,1.94036,8.41587,6379.343,4444.471,9306.448,0.019343,0.487595,82.054,101.488,0.58938,0.85981,0.946128,B,0.0,0.03805
11479.508,0.78546,134.252,1.203,21,0.6209,13.038,2.03355,5.05357,1886.227,9593.281,2269.143,0.851442,0.772486,91.016,100.777,0.16431,0.19767,0.821884,B,-0.0,0.006198
10261.913,0.63949,139.592,2.9414,26,0.6872,17.868,2.02169,9.38671,2283.911,7978.002,6717.827,0.108385,0.791527,81.457,101.222,0.22256,0.65464,0.962278,B,0.0,0.045062
7147.63,0.54815,197.701,3.8736,17,0.6078,10.333,1.91886,5.35265,2283.526,4864.104,8845.483,0.240983,0.692354,85.467,103.465,0.31948,1.23754,0.859547,B,0.0,0.000578
8363.706,0.2528,187.151,4.2698,28,0.7406,20.736,1.93471,11.08773,4913.718,3449.988,20980.654,0.008444,0.600833,82.037,102.399,0.5875,2.50854,0.980377,B,0.0,-0.013198
10284.176,0.71085,165.261,2.3816,24,0.6762,16.229,1.97114,7.75645,1751.896,8532.281,4172.319,0.27869,0.799583,84.793,102.67,0.17035,0.4057,0.933214,B,-0.001,0.003775
8812.868,0.23249,215.428,1.3741,26,0.726,18.877,1.8943,6.97989,5054.533,3758.335,6945.249,0.033972,0.499468,83.302,102.919,0.57354,0.78808,0.916192,B,0.0,0.02302
12898.61,0.35622,171.591,3.1941,26,0.8429,21.915,1.96006,11.23174,6308.882,6589.729,20151.251,0.015533,0.682389,81.564,102.21,0.48911,1.56228,0.978672,B,-0.001,-0.011592
8507.934,0.34829,150.46,3.0428,26,0.7625,19.826,1.99908,10.33645,4509.591,3998.344,13721.982,0.016849,0.722115,80.73,101.381,0.53005,1.61285,0.974359,B,-0.001,-0.017943
12195.262,0.66792,187.177,3.7519,15,0.6126,9.189,1.93467,4.78821,2811.739,9383.523,10549.378,0.57785,0.694907,89.554,103.021,0.23056,0.86504,0.800531,B,0.0,0.020197
8227.501,0.61639,131.865,1.7964,17,0.8395,14.272,2.03903,6.53218,2343.488,5884.013,4209.738,0.208265,0.778932,82.412,100.673,0.28484,0.51167,0.903759,B,0.0,0.036799
11612.276,0.63193,140.092,4.5086,29,0.6398,18.555,2.02061,10.68205,3436.733,8175.543,15494.738,0.053241,0.875188,80.752,101.804,0.29596,1.33434,0.975065,B,0.0,0.033344
11190.927,0.51099,184.98,3.3965,29,0.7041,20.419,1.93809,10.43793,4647.967,6542.96,15786.91,0.033011,0.850537,82.285,103.949,0.41533,1.41069,0.973168,B,0.0,-0.01182
12965.616,0.66643,165.102,3.1053,16,0.795,12.721,1.97143,6.53107,3354.89,9610.726,10417.964,0.285193,0.799506,84.873,102.662,0.25875,0.80351,0.889268,B,0.0,0.051226
11003.1,0.68795,178.766,4.7096,25,0.8542,21.356,1.94805,11.74667,2649.675,8353.425,12479.011,0.04822,0.890872,82.263,103.928,0.24081,1.13414,0.983121,B,0.0,-0.01712
12556.93,0.32821,171.983,2.2336,16,0.8838,14.141,1.95939,6.57023,6825.07,5731.861,15244.355,0.065212,0.641364,82.235,101.958,0.54353,1.21402,0.892005,B,-0.001,0.024232
12272.138,0.33888,204.34,2.0741,24,0.8767,21.041,1.90937,9.18199,6543.808,5728.33,13572.566,0.027295,0.69482,82.864,103.76,0.53322,1.10597,0.957052,B,0.0,0.010635
9166.326,0.702,168.068,3.0059,15,0.8398,12.598,1.96617,6.39098,2057.37,7108.956,6184.199,0.325666,0.810916,85.523,102.885,0.22445,0.67466,0.895876,B,-0.0,-0.02077
10289.217,0.47689,198.362,4.4336,14,0.6108,8.552,1.9179,4.54414,3799.986,6489.231,16847.506,0.265488,0.60068,85.813,102.888,0.36932,1.63739,0.794398,B,0.0,0.022735
7607.505,0.44186,214.332,2.7605,25,0.8327,20.818,1.89575,9.77458,3123.995,4483.51,8623.778,0.032636,0.726994,83.25,104.377,0.41065,1.13359,0.969669,B,0.0,0.01259
8252.901,0.28161,199.449,2.2336,22,0.7788,17.134,1.91632,7.69777,4868.34,3384.561,10873.92,0.030578,0.642691,82.748,103.211,0.58989,1.31759,0.935948,B,0.0,0.008456
12292.753,0.41193,145.069,1.6203,29,0.8168,23.687,2.01005,10.22629,6047.252,6245.502,9798.533,0.024968,0.786611,80.603,101.506,0.49194,0.7971,0.970183,B,-0.001,-0.014618
8221.879,0.67004,201.245,2.9281,20,0.8254,16.507,1.91375,7.98678,2322.238,5899.641,6799.77,0.137197,0.879784,84.214,104.852,0.28245,0.82703,0.942167,B,0.0,-0.026039
8966.44,0.46975,136.976,4.6859,28,0.655,18.34,2.02744,10.68262,3536.561,5429.879,16572.038,0.027443,0.757826,80.268,100.845,0.39442,1.84823,0.976957,B,0.0,0.027863
8145.166,0.47459,156.703,4.4855,22,0.8358,18.387,1.98693,10.32299,3085.302,5059.864,13839.145,0.03191,0.744511,81.192,101.866,0.37879,1.69906,0.974531,B,0.0,0.037939
11884.487,0.53748,168.038,2.6984,23,0.6018,13.842,1.96622,6.82848,3484.686,8399.8,9403.062,0.177464,0.686829,83.565,102.065,0.29321,0.7912,0.903187,B,0.001,0.041522
7920.651,0.2954,142.311,1.6446,24,0.6845,16.427,2.01585,7.1615,3982.61,3938.041,6549.953,0.044922,0.548712,80.743,99.778,0.50281,0.82695,0.923536,B,0.0,0.003146
10596.32,0.47622,179.421,2.3566,29,0.7568,21.947,1.94699,10.26629,4008.058,6588.262,9445.469,0.035255,0.744489,82.115,102.993,0.37825,0.89139,0.971998,B,0.0,-0.013163
7987.078,0.352,196.52,4.4575,25,0.6291,15.728,1.92058,8.38397,4223.772,3763.306,18827.467,0.033249,0.709742,82.686,103.529,0.52883,2.35724,0.950047,B,0.0,0.038934
12068.193,0.63162,149.986,2.4738,29,0.8763,25.411,2.00003,12.5436,3319.046,8749.147,8210.726,0.030239,0.85976,80.887,102.264,0.27502,0.68036,0.986833,B,-0.0,-0.019194
7889.145,0.59122,169.81,2.3273,22,0.6579,14.475,1.96313,6.82941,2288.031,5601.114,5324.952,0.174909,0.761276,83.6,102.644,0.29002,0.67497,0.914198,B,0.0,0.029431
10647.755,0.74493,217.8,2.4068,28,0.8722,24.421,1.89119,10.99342,1570.136,9077.619,3778.985,0.109841,0.854783,84.376,105.357,0.14746,0.35491,0.978257,B,-0.0,-0.027578
12746.18,0.29277,207.708,2.4001,22,0.8137,17.902,1.9047,8.1422,6827.485,5918.695,16386.841,0.034229,0.591015,83.064,103.213,0.53565,1.28563,0.937376,B,0.0,-0.036391
11052.996,0.29182,213.171,2.9086,19,0.7097,13.484,1.89729,6.4261,6352.044,4700.952,18475.275,0.055258,0.611459,83.513,103.568,0.57469,1.67152,0.891177,B,0.0,0.044636
10403.794,0.28163,131.982,3.5139,16,0.8443,13.509,2.03876,7.49141,5051.213,5352.581,17749.649,0.042657,0.507157,80.232,98.886,0.48552,1.70607,0.926462,B,0.0,-0.048011
11439.425,0.37853,164.233,4.014,25,0.8353,20.882,1.97299,11.36007,5509.671,5929.754,22115.917,0.015381,0.715962,81.277,102.067,0.48164,1.93331,0.98043,B,0.0,-0.057238
9517.066,0.22201,196.557,2.668,17,0.7401,12.582,1.92053,5.97239,5390.763,4126.303,14382.296,0.04776,0.449654,82.878,101.814,0.56643,1.51121,0.878146,B,0.0,0.012333
7649.596,0.51924,187.125,1.6131,21,0.6304,13.239,1.93475,5.39371,2970.822,4678.774,4792.301,0.188155,0.72947,84.409,103.247,0.38836,0.62648,0.859271,B,-0.0,-0.024056
11317.114,0.79766,182.246,4.7665,29,0.6229,18.064,1.94243,9.9133,1353.742,9963.373,6452.677,0.215772,0.87672,84.6,103.997,0.11962,0.57017,0.967642,B,-0.001,0.021158
12255.978,0.76527,168.341,1.5863,25,0.6946,17.365,1.96569,7.1983,2035.863,10220.115,3229.394,0.395998,0.838831,86.462,103.083,0.16611,0.2635,0.914044,B,0.0,-0.014678
8499.227,0.54934,136.328,3.8928,20,0.7681,15.362,2.02888,8.64687,2573.642,5925.585,10018.673,0.084007,0.75145,80.984,100.764,0.30281,1.17877,0.953693,B,0.0,-0.019432
9779.889,0.61965,199.827,4.2425,26,0.6862,17.842,1.91578,9.38671,2940.478,6839.41,12475.08,0.076626,0.853115,83.368,104.616,0.30067,1.27559,0.96282,B,0.001,-0.012111
11999.696,0.47789,137.304,1.7987,28,0.6576,18.413,2.02671,8.35964,4965.617,7034.079,8931.535,0.065635,0.768915,80.787,100.938,0.41381,0.74431,0.943166,B,0.0,0.007595
8609.465,0.59523,181.876,2.7947,14,0.828,11.592,1.94302,5.67098,2526.016,6083.449,7059.352,0.267124,0.731469,85.265,103.021,0.2934,0.81995,0.86833,B,0.0,-0.002003
8933.299,0.68506,131.288,1.2694,27,0.865,23.355,2.04037,9.31603,2194.743,6738.557,2785.962,0.103554,0.874454,81.002,101.268,0.24568,0.31186,0.962863,B,-0.001,0.013273
9009.031,0.58607,168.65,3.7626,27,0.7517,20.295,1.96515,10.83186,2755.206,6253.825,10366.717,0.041966,0.825789,81.8,103.012,0.30583,1.1507,0.978101,B,0.0,-0.04207
7881.215,0.75876,199.598,1.3443,14,0.897,12.558,1.91611,4.68295,1380.263,6500.952,1855.536,0.787751,0.7526,92.747,103.943,0.17513,0.23544,0.818174,B,0.0,0.03066
12419.884,0.41059,208.887,3.0002,15,0.8368,12.552,1.90308,6.05766,5215.126,7204.757,15646.229,0.125869,0.616691,84.311,103.431,0.4199,1.25977,0.871278,B,0.001,-0.051322
10869.624,0.42588,148.582,1.385,14,0.631,8.834,2.00285,3.56321,4479.846,6389.778,6204.468,0.304653,0.510872,84.449,99.884,0.41214,0.57081,0.705173,B,0.0,-0.001721
11007.775,0.54776,168.578,4.5845,26,0.6414,16.677,1.96528,9.24974,3625.078,7382.698,16619.037,0.067286,0.783691,82.132,102.731,0.32932,1.50975,0.959547,B,-0.001,-0.052143
11585.174,0.43527,145.0,1.8195,17,0.695,11.815,2.0102,5.3236,5155.832,6429.342,9381.053,0.158979,0.65684,82.369,100.646,0.44504,0.80975,0.837455,B,0.0,-0.039328
12183.021,0.62371,152.09,4.4376,14,0.7284,10.198,1.99585,5.75126,4389.861,7793.16,19480.611,0.246392,0.836251,83.83,102.224,0.36033,1.599,0.857656,B,0.0,0.007553
10112.927,0.25166,173.948,2.789,22,0.6251,13.752,1.95605,6.79152,5325.962,4786.964,14854.128,0.044508,0.482141,82.035,101.002,0.52665,1.46883,0.90686,B,0.001,-0.020318
12804.5,0.41687,186.183,4.4319,20,0.6667,13.334,1.93621,7.18851,5665.199,7139.301,25107.852,0.08252,0.682192,82.981,102.892,0.44244,1.96086,0.912419,B,0.0,-0.054334
7029.882,0.39271,193.642,1.0538,21,0.6641,13.947,1.92484,4.68592,2772.094,4257.788,2921.142,0.175955,0.533824,84.472,102.243,0.39433,0.41553,0.823317,B,0.0,0.031739
8441.963,0.38653,219.875,2.142,25,0.7878,19.694,1.8885,8.53622,4359.989,4081.974,9339.025,0.03596,0.76098,83.464,104.818,0.51647,1.10626,0.951952,B,0.0,-0.013821
8075.265,0.26955,152.489,4.1039,20,0.8711,17.422,1.99507,9.67519,4727.336,3347.929,19400.583,0.014679,0.629426,80.788,100.88,0.58541,2.40247,0.96812,B,0.0,0.021557
10561.307,0.57576,139.163,1.3126,15,0.7361,11.041,2.02262,4.41431,3340.754,7220.553,4384.968,0.394803,0.659489,85.218,100.326,0.31632,0.41519,0.783098,B,0.0,-0.036861
11496.483,0.29182,138.496,2.0921,27,0.6205,16.754,2.02408,7.99312,6119.847,5376.636,12803.077,0.034917,0.584239,80.437,99.79,0.53232,1.11365,0.936307,B,0.0,-0.023469
12021.26,0.7853,194.363,2.0044,24,0.6001,14.403,1.92376,6.28679,1525.329,10495.931,3057.306,0.72707,0.793758,91.771,103.99,0.12689,0.25432,0.882522,B,0.0,0.045323
12900.696,0.55187,139.355,4.6896,19,0.7127,13.542,2.02221,7.85993,4487.326,8413.37,21043.886,0.110146,0.78747,81.47,101.182,0.34784,1.63122,0.930577,B,0.0,-0.030382
12563.184,0.66554,141.492,2.855,16,0.8671,13.874,2.0176,7.21221,3055.097,9508.087,8722.396,0.236127,0.803522,83.23,101.413,0.24318,0.69428,0.913723,B,0.0,-0.046492
9811.803,0.43049,208.78,2.7977,26,0.8531,22.179,1.90323,10.51511,4011.759,5800.045,11223.709,0.026399,0.709993,82.994,104.042,0.40887,1.1439,0.974927,B,-0.001,-0.014702
9994.97,0.44267,146.683,1.3269,22,0.7987,17.572,2.00672,6.97924,3958.071,6036.899,5251.906,0.09715,0.669203,81.627,100.823,0.39601,0.52545,0.91309,B,-0.0,0.035851
10149.38,0.70797,208.212,4.5571,23,0.8632,19.853,1.904,10.48372,2531.241,7618.139,11535.241,0.072695,0.919043,83.587,105.399,0.2494,1.13655,0.974391,B,-0.0,0.050673
7007.518,0.66124,186.593,4.2765,29,0.7848,22.758,1.93557,12.18114,1766.001,5241.518,7552.357,0.033613,0.872697,82.35,104.168,0.25202,1.07775,0.987189,B,-0.001,0.033577
9808.242,0.37512,219.079,4.7394,25,0.6978,17.445,1.88953,9.16644,4665.428,5142.813,22111.533,0.031699,0.686671,83.383,104.297,0.47566,2.25438,0.959805,B,0.001,-0.042209
11253.025,0.25074,202.992,2.5944,26,0.8177,21.259,1.91127,9.93985,6280.117,4972.908,16292.97,0.014377,0.549242,82.65,102.743,0.55808,1.44787,0.968001,B,-0.0,-0.035689
7350.314,0.47501,218.202,2.4525,15,0.7922,11.883,1.89067,5.37657,2452.674,4897.64,6015.221,0.199593,0.612941,85.573,103.776,0.33368,0.81836,0.859792,B,0.0,-0.028268
8715.905,0.30105,209.388,4.2845,27,0.8662,23.389,1.9024,12.19523,3979.232,4736.673,17048.987,0.008879,0.546496,82.782,102.988,0.45655,1.95608,0.986534,B,0.0,0.018752
7856.572,0.33256,151.045,1.467,21,0.8489,17.826,1.99792,7.33667,3754.351,4102.221,5507.62,0.049947,0.591204,81.192,100.549,0.47786,0.70102,0.928231,B,0.0,0.013551
7587.627,0.65733,177.876,3.4018,23,0.897,20.631,1.94951,10.64382,1803.152,5784.475,6133.898,0.06185,0.842954,82.41,103.57,0.23764,0.80841,0.97764,B,0.0,0.003566
8973.64,0.7684,165.844,3.4957,22,0.8542,18.792,1.9701,9.90818,1231.92,7741.72,4306.452,0.169167,0.863751,83.371,103.123,0.13728,0.4799,0.969777,B,0.0,0.026374
9656.646,0.68625,195.75,3.6016,23,0.6275,14.432,1.92171,7.37868,1805.734,7850.913,6503.558,0.274523,0.780952,85.845,103.966,0.18699,0.67348,0.925197,B,-0.001,-0.028407
7711.634,0.44402,215.89,2.1217,23,0.6667,15.334,1.89369,6.65468,3267.4,4444.234,6932.4,0.095044,0.700579,84.122,104.264,0.4237,0.89895,0.909306,B,0.0,0.035952
10904.909,0.40214,181.434,3.5759,27,0.7912,21.361,1.94373,11.09432,5042.63,5862.279,18031.783,0.018391,0.732229,81.966,103.006,0.46242,1.65355,0.978852,B,0.0,0.030407
10950.053,0.737,190.874,4.0457,14,0.8634,12.087,1.929,6.36754,2089.529,8860.524,8453.518,0.427714,0.809935,87.701,103.944,0.19082,0.77201,0.889256,B,0.0,0.019748
12974.014,0.29652,167.906,2.6177,22,0.6476,14.246,1.96645,6.97091,6688.287,6285.727,17508.054,0.054618,0.55392,81.939,101.181,0.51551,1.34947,0.905045,B,0.0,-0.036128
11268.34,0.5365,136.196,1.5428,19,0.8066,15.325,2.02917,6.5795,3582.274,7686.067,5526.735,0.175139,0.704917,82.181,100.449,0.31791,0.49047,0.89622,B,-0.001,0.029232
7120.233,0.52497,159.457,1.2207,23,0.605,13.915,1.98174,5.23163,2812.054,4308.179,3432.777,0.1946,0.740615,83.452,101.984,0.39494,0.48212,0.853602,B,0.0,-0.01898
7788.893,0.22872,150.499,2.5919,25,0.6777,16.944,1.999,8.46867,4424.017,3364.876,11466.447,0.019404,0.503917,80.766,99.943,0.56799,1.47215,0.951813,B,0.0,0.013762
12515.761,0.78813,154.604,1.5742,17,0.6576,11.18,1.99095,4.70791,1944.547,10571.213,3061.041,0.95,0.758358,93.223,101.845,0.15537,0.24457,0.812722,B,0.001,-0.036881
7924.601,0.61508,197.923,3.98,17,0.8992,15.286,1.91853,7.95972,2595.121,5329.479,10328.61,0.108625,0.861693,83.727,104.592,0.32748,1.30336,0.942166,B,0.001,-0.006183
8257.262,0.48559,164.412,3.7317,22,0.6509,14.319,1.97267,7.67219,3286.813,4970.449,12265.244,0.078853,0.75456,82.122,102.33,0.39805,1.48539,0.935363,B,0.0,-0.033208
9773.543,0.43781,209.962,2.8151,28,0.6827,19.115,1.90162,9.06514,4168.861,5604.682,11735.761,0.0427,0.731693,83.247,104.233,0.42655,1.20077,0.958398,B,0.0,0.03791
11803.617,0.41662,217.411,3.3388,21,0.8398,17.635,1.8917,8.651,4898.845,6904.772,16356.181,0.051236,0.675863,83.59,104.161,0.41503,1.38569,0.94896,B,0.0,-0.054226
9817.229,0.41209,147.919,1.8316,23,0.6504,14.959,2.0042,6.72726,4495.608,5321.621,8234.289,0.084965,0.688434,81.52,101.019,0.45793,0.83876,0.905583,B,0.0,0.027733
7133.746,0.23734,219.913,3.3883,28,0.6397,17.911,1.88845,8.79241,4480.991,2652.755,15182.839,0.015914,0.611368,83.2,103.832,0.62814,2.12831,0.957881,B,0.0,0.003266
9185.816,0.62333,145.45,2.8435,18,0.8922,16.06,2.00926,8.29079,2732.892,6452.923,7771.002,0.112267,0.839777,81.772,101.879,0.29751,0.84598,0.946416,B,0.001,-0.035217
12751.247,0.35517,141.889,3.6018,24,0.8924,21.418,2.01675,11.75961,6464.248,6286.999,23283.006,0.012371,0.707631,80.294,100.803,0.50695,1.82594,0.982342,B,0.0,0.015796
8365.488,0.31597,197.68,4.1054,21,0.8466,17.779,1.91889,9.31783,3862.497,4502.991,15857.28,0.024952,0.5656,82.615,102.627,0.46172,1.89556,0.963539,B,0.0,-0.025491
11119.772,0.49696,208.855,4.6827,27,0.7273,19.636,1.90312,10.41215,4410.901,6708.871,20655.036,0.03385,0.801445,83.095,104.649,0.39667,1.85751,0.972981,B,0.0,-0.018224
8798.531,0.27947,170.295,1.6806,21,0.7781,16.34,1.96229,6.90575,5244.224,3554.308,8813.375,0.040311,0.63234,81.842,101.817,0.59603,1.00169,0.914027,B,-0.001,-0.005576
7308.97,0.36304,191.689,3.0244,27,0.6337,17.109,1.92777,8.43949,3702.689,3606.281,11198.308,0.034349,0.700525,82.536,103.258,0.5066,1.53213,0.952069,B,0.0,-0.025193
9106.449,0.63002,148.225,3.9705,20,0.8579,17.158,2.00358,9.52478,2804.181,6302.267,11134.012,0.071007,0.878757,81.349,102.292,0.30793,1.22265,0.965294,B,0.001,-0.032723
9897.815,0.26123,169.164,2.5192,19,0.822,15.619,1.96425,7.54815,5506.775,4391.04,13872.579,0.033342,0.547018,81.706,101.198,0.55636,1.40158,0.928989,B,0.0,0.021402
12174.273,0.61029,215.729,3.2658,23,0.7096,16.32,1.8939,7.97937,2747.219,9427.054,8971.948,0.176458,0.736721,85.192,104.496,0.22566,0.73696,0.934754,B,-0.0,-0.040351
8087.011,0.77487,177.484,2.1564,20,0.8893,17.786,1.95016,8.1161,1193.857,6893.154,2574.474,0.288884,0.859036,85.392,103.658,0.14763,0.31835,0.944962,B,0.0,0.028588
12264.121,0.4129,183.816,1.9457,22,0.7138,15.703,1.93993,6.87328,5589.836,6674.285,10876.175,0.087269,0.685618,82.96,102.807,0.45579,0.88683,0.903666,B,0.0,0.02623
7804.857,0.3057,140.819,2.1115,17,0.6136,10.432,2.01904,4.974,4074.608,3730.249,8603.506,0.095924,0.534843,81.349,99.6,0.52206,1.10233,0.836186,B,0.0,-0.005479
8918.399,0.21398,214.834,1.9258,26,0.7687,19.985,1.89508,8.40904,5177.64,3740.759,9970.868,0.018794,0.484147,83.083,102.794,0.58056,1.11801,0.949011,B,-0.0,-0.026796
9582.06,0.22529,169.526,3.9043,15,0.8151,12.226,1.96362,6.56805,5528.711,4053.35,21585.553,0.038702,0.479793,81.791,100.772,0.57699,2.2527,0.900881,B,-0.001,0.001168
12755.62,0.76238,199.977,1.8459,16,0.6945,11.111,1.91556,4.68464,1964.754,10790.866,3626.652,0.95,0.728217,94.902,103.798,0.15403,0.28432,0.808063,B,0.0,0.02121
9249.977,0.61432,133.359,1.2522,14,0.6328,8.86,2.03559,3.50126,2492.385,6757.592,3121.03,0.654391,0.599546,88.373,99.581,0.26945,0.33741,0.712979,B,0.0,-0.035695
9005.373,0.38731,202.422,2.1013,17,0.6081,10.337,1.91208,4.53992,3667.71,5337.663,7707.04,0.188335,0.524039,84.928,102.553,0.40728,0.85583,0.801956,B,0.0,-0.030727
7214.467,0.68402,140.088,3.0851,28,0.7691,21.534,2.02062,11.43929,1616.366,5598.102,4986.727,0.051054,0.866778,80.723,101.748,0.22405,0.69121,0.983278,B,-0.001,0.006112
8415.348,0.49858,163.918,4.1357,23,0.6824,15.696,1.97356,8.5931,2901.458,5513.89,11999.511,0.068056,0.725131,81.96,102.111,0.34478,1.42591,0.952938,B,0.0,-0.029989
10829.399,0.42945,143.352,4.7189,21,0.7733,16.239,2.01365,9.37917,4434.923,6394.476,20928.113,0.040331,0.699321,80.729,100.832,0.40953,1.93253,0.96154,B,0.0,0.02917
11336.755,0.43971,150.036,1.8178,29,0.834,24.186,1.99993,10.81426,4085.593,7251.162,7426.795,0.028819,0.671228,80.87,101.022,0.36038,0.65511,0.97638,B,-0.0,-0.041131
9567.95,0.30767,219.981,3.5161,21,0.7472,15.692,1.88837,7.76655,5003.086,4564.864,17591.51,0.038323,0.602869,83.498,103.779,0.5229,1.83859,0.934868,B,0.0,0.022917
12606.988,0.29909,171.211,4.42,17,0.8019,13.633,1.96071,7.48539,6476.653,6130.336,28626.567,0.045705,0.566792,81.948,101.429,0.51374,2.27069,0.921494,B,-0.001,-0.016787
7202.54,0.3014,170.623,2.5963,27,0.6522,17.61,1.96172,8.56667,3864.625,3337.915,10033.788,0.025662,0.620656,81.661,101.755,0.53656,1.39309,0.954315,B,0.0,-0.025423
10834.87,0.6835,175.401,3.2025,15,0.7545,11.318,1.95361,5.77565,2281.498,8553.373,7306.517,0.440724,0.748251,87.32,102.828,0.21057,0.67435,0.864223,B,-0.001,0.05282
9282.122,0.34017,189.47,1.9392,28,0.7334,20.534,1.93114,8.91576,4101.167,5180.956,7952.825,0.033247,0.583122,82.446,102.385,0.44184,0.85679,0.956816,B,-0.001,0.018517
10062.686,0.77531,187.391,1.9871,27,0.7459,20.138,1.93433,8.83848,1559.31,8503.375,3098.458,0.2273,0.875807,84.935,104.224,0.15496,0.30792,0.95457,B,0.001,-0.045429
8954.735,0.45791,144.664,2.6865,14,0.8798,12.317,2.0109,6.27029,3786.856,5167.879,10173.529,0.116846,0.707832,81.798,100.963,0.42289,1.13611,0.89209,B,0.0,-0.006401
7813.674,0.43461,184.76,1.5224,16,0.7117,11.388,1.93844,4.54927,3368.207,4445.467,5127.806,0.191684,0.61866,84.372,102.408,0.43107,0.65626,0.809877,B,0.0,0.036852
7903.899,0.23447,196.767,1.3215,20,0.6944,13.887,1.92022,5.15778,4668.797,3235.102,6169.901,0.061168,0.484577,83.062,102.053,0.5907,0.78061,0.845902,B,0.0,-0.009798
7568.051,0.56288,214.666,0.946,15,0.8479,12.718,1.89531,3.95292,2474.636,5093.415,2340.955,0.400065,0.641982,88.111,103.829,0.32698,0.30932,0.767596,B,0.0,0.008547
10403.901,0.49968,143.206,4.5674,16,0.8654,13.846,2.01395,7.95269,3987.55,6416.351,18212.813,0.081579,0.759517,81.267,101.221,0.38327,1.75058,0.937426,B,0.0,-0.006752
12901.753,0.28132,218.847,1.9486,23,0.7133,16.407,1.88983,6.90108,6657.697,6244.056,12973.305,0.05294,0.524822,83.657,103.22,0.51603,1.00555,0.90289,B,0.0,0.044717
7798.506,0.2876,213.69,4.0854,20,0.8922,17.844,1.8966,9.17525,4345.816,3452.69,17754.517,0.019426,0.625141,83.056,103.679,0.55726,2.27666,0.962359,B,0.0,0.010425
12256.822,0.6398,177.028,1.9248,17,0.8337,14.173,1.95091,6.23352,3320.053,8936.769,6390.604,0.284585,0.771762,85.319,103.061,0.27087,0.52139,0.879514,B,0.0,0.018716
10995.39,0.46323,174.02,3.2427,18,0.8642,15.555,1.95593,7.97566,4563.019,6432.371,14796.721,0.070503,0.741822,82.381,102.72,0.41499,1.34572,0.936838,B,0.0,0.013661
8703.274,0.30321,134.297,1.5265,25,0.7808,19.519,2.03345,8.37022,4628.193,4075.081,7065.073,0.029274,0.614334,80.166,99.736,0.53178,0.81177,0.948659,B,-0.0,-0.026823
7896.248,0.52552,210.705,1.8766,29,0.6495,18.835,1.90061,7.8905,2622.502,5273.746,4921.494,0.093671,0.740273,83.943,104.32,0.33212,0.62327,0.940802,B,0.0,-0.027909
8120.678,0.27902,210.404,4.4095,27,0.8734,23.581,1.90102,12.34811,4510.93,3609.747,19891.016,0.006292,0.619828,82.78,103.513,0.55549,2.44943,0.987473,B,0.001,0.02654
12830.262,0.71183,206.737,4.0551,21,0.7161,15.038,1.90604,7.78092,2637.479,10192.783,10695.368,0.246655,0.832197,85.837,104.765,0.20557,0.8336,0.928769,B,0.0,0.014582
10494.507,0.65135,166.643,1.5591,17,0.7655,13.014,1.96868,5.37057,2419.331,8075.176,3772.051,0.43766,0.715377,86.946,102.184,0.23053,0.35943,0.8451,B,-0.0,-0.042452
12941.758,0.23014,199.186,1.4733,20,0.8326,16.651,1.9167,6.45323,7517.009,5424.749,11074.918,0.045057,0.48661,82.93,102.17,0.58083,0.85575,0.886285,B,0.0,-0.014799
8550.601,0.55176,187.343,4.0042,21,0.6727,14.128,1.93441,7.45874,2780.711,5769.89,11134.648,0.119271,0.760197,83.507,103.459,0.32521,1.30221,0.929702,B,0.0,-0.031642
7799.99,0.72122,176.301,2.9579,18,0.6798,12.236,1.95212,6.11684,1922.902,5877.088,5687.736,0.3212,0.852106,85.775,103.556,0.24653,0.7292,0.890209,B,0.0,-0.029282
10285.623,0.39285,172.706,2.086,25,0.6005,15.014,1.95816,6.81978,5062.844,5222.779,10560.915,0.073984,0.701949,82.378,102.393,0.49223,1.02676,0.9073,B,0.0,0.013049
7518.768,0.7747,212.396,4.6872,16,0.8874,14.198,1.89833,7.50057,822.604,6696.164,3855.724,0.474662,0.811555,89.025,104.858,0.10941,0.51281,0.932966,B,0.0,0.025335
9814.032,0.54741,210.0,2.3694,23,0.8221,18.907,1.90156,8.5449,3716.144,6097.888,8804.92,0.072241,0.836978,83.638,104.93,0.37866,0.89718,0.950029,B,0.0,0.043196
10096.283,0.49442,162.955,1.5573,14,0.6097,8.536,1.9753,3.53828,4680.018,5416.265,7288.152,0.310052,0.653728,85.116,101.591,0.46354,0.72186,0.709314,B,0.0,-0.008786
12706.417,0.46961,166.162,3.3623,17,0.6849,11.643,1.96954,6.08235,5473.36,7233.057,18402.892,0.140241,0.718852,83.001,102.183,0.43076,1.44831,0.871363,B,0.0,-0.026483
11218.916,0.39265,187.509,3.1108,20,0.6792,13.583,1.93415,6.78079,4752.581,6466.335,14784.141,0.089521,0.615445,83.12,102.511,0.42362,1.31779,0.903418,B,-0.0,-0.02198
7042.486,0.79088,132.91,1.6032,19,0.6174,11.73,2.03662,5.13854,1444.627,5597.858,2316.008,0.581643,0.844879,87.391,101.173,0.20513,0.32886,0.84914,B,0.001,-0.008524
7229.53,0.6457,208.342,1.3902,23,0.6365,14.639,1.90382,5.48212,1795.332,5434.199,2495.786,0.349956,0.743411,87.251,104.245,0.24833,0.34522,0.865409,B,-0.001,-0.022997
7037.987,0.25321,138.413,3.5795,25,0.8854,22.135,2.02426,12.2014,4402.712,2635.275,15759.653,0.005154,0.667623,80.04,100.335,0.62556,2.23923,0.987267,B,-0.0,0.026909
10285.004,0.57533,197.299,3.9441,15,0.7404,11.106,1.91944,5.77678,3127.112,7157.892,12333.725,0.25269,0.716284,85.608,103.605,0.30405,1.19919,0.86646,B,0.0,-0.002093
10449.925,0.69884,153.461,4.7365,14,0.7725,10.816,1.99317,6.15941,2110.104,8339.821,9994.537,0.406218,0.772875,85.997,101.88,0.20193,0.95642,0.882626,B,0.0,0.024205
10365.906,0.38855,155.792,4.7244,16,0.7817,12.507,1.98867,7.09624,4843.425,5522.481,22882.192,0.070144,0.6678,81.659,101.311,0.46725,2.20745,0.915649,B,0.0,0.022761
12285.921,0.71879,190.959,1.1098,25,0.7795,19.488,1.92887,6.73424,2767.85,9518.071,3071.793,0.322883,0.833913,86.32,104.106,0.22529,0.25003,0.8988,B,0.0,0.062302
8254.292,0.27837,176.536,1.9399,18,0.7633,13.739,1.95173,6.06219,4593.944,3660.348,8911.759,0.056792,0.556466,82.294,101.616,0.55655,1.07965,0.886455,B,-0.0,-0.011214
10185.049,0.30486,211.039,0.9579,23,0.8879,20.422,1.90016,6.41393,5517.63,4667.418,5285.424,0.059948,0.594376,83.508,103.37,0.54174,0.51894,0.893471,B,0.001,0.041914
12194.865,0.66989,153.352,2.212,14,0.7101,9.942,1.99338,4.72304,2894.259,9300.606,6402.097,0.576002,0.699113,88.234,101.387,0.23733,0.52498,0.795931,B,0.0,-0.05542
11196.2,0.44897,131.338,3.561,22,0.6192,13.623,2.04026,7.58435,4580.54,6615.66,16311.391,0.079953,0.704463,80.693,100.149,0.40912,1.45687,0.927144,B,0.0,0.042309
9208.389,0.37881,162.622,3.1528,26,0.8435,21.93,1.97591,11.33853,3901.655,5306.735,12301.053,0.016498,0.645184,81.228,101.518,0.42371,1.33585,0.981547,B,-0.001,0.039819
7382.366,0.51197,146.205,3.0884,14,0.8245,11.542,2.0077,6.07717,2414.73,4967.636,7457.685,0.171913,0.677276,82.593,100.849,0.32709,1.0102,0.890167,B,0.0,-0.034197
7497.965,0.26475,140.283,3.9782,20,0.6355,12.709,2.02019,7.1418,4319.249,3178.716,17182.966,0.034907,0.577069,80.519,99.847,0.57606,2.29168,0.924048,B,0.0,-0.024254
12769.73,0.50366,201.185,1.9299,29,0.7606,22.057,1.91383,9.43058,4330.617,8439.113,8357.544,0.059286,0.731691,83.184,103.872,0.33913,0.65448,0.96008,B,0.0,0.034222
7806.274,0.40368,158.804,4.2546,19,0.8685,16.501,1.98296,9.1466,3836.837,3969.437,16324.189,0.031234,0.763684,81.269,102.102,0.49151,2.09116,0.96197,B,0.0,0.001396
7227.836,0.29669,194.292,1.4122,22,0.6217,13.677,1.92387,5.23946,3733.616,3494.22,5272.528,0.084151,0.523791,83.282,102.205,0.51656,0.72948,0.853487,B,0.0,-0.001845
11729.58,0.75993,211.572,2.2023,26,0.7236,18.814,1.89944,8.30086,2444.04,9285.539,5382.455,0.209971,0.90468,85.505,105.44,0.20837,0.45888,0.942428,B,0.001,0.040784
10344.752,0.73367,134.322,3.1383,28,0.7269,20.353,2.03339,10.95419,2332.487,8012.265,7320.131,0.071089,0.926561,80.719,101.798,0.22548,0.70762,0.978153,B,0.0,-0.032239
9694.555,0.69278,217.257,4.0904,24,0.6251,15.003,1.8919,7.6867,2346.298,7348.257,9597.352,0.192461,0.852534,85.45,105.321,0.24202,0.98997,0.932764,B,0.0,-0.01598
10925.447,0.707,140.331,1.2621,29,0.8149,23.632,2.02009,9.27095,2851.817,8073.63,3599.342,0.108497,0.918406,81.493,102.103,0.26103,0.32945,0.959943,B,0.0,0.007206
8438.196,0.73646,144.082,2.3383,29,0.6947,20.146,2.01211,9.86626,1509.206,6928.99,3529.047,0.124197,0.869823,81.869,101.999,0.17885,0.41822,0.969838,B,0.0,-0.0399
9252.655,0.54232,188.345,2.39,24,0.6689,16.054,1.93286,7.45872,2910.297,6342.358,6955.483,0.123877,0.734334,83.603,103.333,0.31454,0.75173,0.928154,B,0.0,-0.028121
8669.578,0.20335,160.196,1.1222,24,0.6321,15.17,1.98037,5.48106,4908.341,3761.237,5508.228,0.050639,0.402641,81.581,99.792,0.56616,0.63535,0.859015,B,-0.0,-0.023021
7948.292,0.73323,197.265,2.9091,18,0.6932,12.477,1.91949,6.05449,1594.371,6353.922,4638.141,0.412129,0.813802,87.712,104.247,0.20059,0.58354,0.887252,B,-0.001,0.005186
11113.901,0.41708,186.574,1.1467,27,0.8996,24.29,1.9356,8.56885,5621.137,5492.764,6445.746,0.042467,0.800455,82.466,103.69,0.50578,0.57997,0.948503,B,0.0,-0.037404
9279.762,0.37745,208.857,1.036,15,0.6591,9.886,1.90312,3.2369,4511.232,4768.529,4673.466,0.244681,0.503064,85.878,102.68,0.48614,0.50362,0.684867,B,0.001,-0.041863
9343.956,0.61621,144.954,3.9534,26,0.8419,21.89,2.01029,12.19966,3061.235,6282.721,12102.195,0.025784,0.903892,80.609,102.274,0.32762,1.29519,0.986292,B,0.0,0.006993
10467.056,0.62214,177.982,3.161,22,0.7474,16.442,1.94934,8.33718,3277.652,7189.404,10360.696,0.108872,0.856144,83.034,103.663,0.31314,0.98984,0.945202,B,0.0,-0.035407
10906.365,0.56454,176.95,3.5069,26,0.7773,20.209,1.95104,10.50975,4029.681,6876.684,14131.708,0.03965,0.872116,82.083,103.719,0.36948,1.29573,0.97405,B,0.0,0.036302
11670.258,0.56051,205.375,3.1773,18,0.8304,14.948,1.90793,7.34486,3873.34,7796.918,12306.817,0.135635,0.771578,84.328,104.309,0.3319,1.05455,0.919686,B,0.0,0.005444
11147.441,0.59246,207.788,2.102,16,0.6549,10.479,1.90459,4.57471,3765.241,7382.201,7914.698,0.365907,0.708014,87.444,103.989,0.33777,0.71,0.791393,B,-0.001,-0.016803
8737.238,0.25396,136.799,3.8256,27,0.7312,19.741,2.02783,11.06414,5088.631,3648.607,19467.122,0.008729,0.595977,80.013,99.766,0.58241,2.22806,0.979981,B,-0.0,0.004448
7469.803,0.70464,151.41,2.397,22,0.6754,14.859,1.9972,7.25265,1489.284,5980.519,3569.808,0.257982,0.815866,83.954,102.052,0.19937,0.4779,0.927005,B,0.0,0.011407
10629.586,0.33074,149.697,0.9368,16,0.8985,14.376,2.00061,4.82211,5649.151,4980.435,5292.273,0.117265,0.572876,82.023,100.355,0.53146,0.49788,0.811569,B,0.0,0.009901
8188.44,0.21766,158.499,3.9699,19,0.7571,14.386,1.98353,7.86998,4902.783,3285.656,19463.569,0.021878,0.509799,81.133,100.411,0.59874,2.37696,0.939817,B,0.001,0.008621
9393.488,0.53753,206.329,1.9591,14,0.7008,9.811,1.9066,4.19153,3179.976,6213.512,6229.897,0.359506,0.62864,87.313,103.405,0.33853,0.66321,0.773588,B,0.0,-0.001031
12245.979,0.30579,197.672,3.5158,21,0.8372,17.582,1.9189,8.92164,6201.211,6044.768,21802.081,0.028388,0.590365,82.66,102.79,0.50639,1.78035,0.952989,B,0.0,0.03848
7333.962,0.56343,134.872,2.0388,23,0.8366,19.241,2.03215,9.15362,2481.177,4852.785,5058.522,0.062221,0.81969,80.628,101.126,0.33831,0.68974,0.962639,B,0.0,0.013559
9198.127,0.26829,163.682,1.2344,15,0.8501,12.751,1.97398,4.7905,5280.682,3917.444,6518.288,0.085283,0.514974,82.178,100.712,0.5741,0.70865,0.817504,B,0.001,0.031283
8267.967,0.72527,147.359,2.3418,16,0.7933,12.692,2.00534,6.1887,1672.071,6595.895,3915.592,0.389733,0.810329,85.519,101.792,0.20223,0.47359,0.891326,B,0.001,0.00218
9960.135,0.57952,135.463,3.7364,17,0.6322,10.748,2.03082,6.00665,3438.981,6521.153,12849.476,0.204811,0.777123,82.538,100.881,0.34527,1.29009,0.877975,B,0.001,0.018315
10140.736,0.63968,217.931,3.0271,18,0.845,15.211,1.89102,7.28458,3302.426,6838.31,9996.925,0.154081,0.874186,84.964,105.49,0.32566,0.98582,0.921558,B,0.0,0.030038
8523.896,0.62384,151.238,0.9999,27,0.7905,21.343,1.99753,7.38352,2402.584,6121.311,2402.402,0.159605,0.806056,82.648,101.978,0.28186,0.28184,0.927887,B,0.001,-0.036598
12634.832,0.38545,167.001,4.7865,28,0.8716,24.404,1.96805,13.6671,6432.875,6201.957,30790.988,0.006835,0.778166,81.273,102.616,0.50914,2.43699,0.990972,B,0.0,-0.024777
10390.895,0.32085,133.18,3.6362,17,0.6045,10.277,2.036,5.73092,5668.142,4722.753,20610.78,0.080069,0.609835,80.783,99.638,0.54549,1.98354,0.863873,B,0.0,-0.023877
7773.468,0.3643,187.416,3.558,20,0.8918,17.837,1.9343,9.18593,3876.32,3897.148,13792.112,0.027374,0.699431,82.297,103.061,0.49866,1.77425,0.96253,B,-0.0,-0.022114
11731.938,0.46724,203.325,1.4277,29,0.7243,21.004,1.9108,7.99834,4233.972,7497.966,6044.805,0.082869,0.684294,83.565,103.648,0.36089,0.51524,0.935993,B,0.0,-0.047461
11000.608,0.69578,178.866,4.2175,29,0.8659,25.111,1.94789,13.53394,2282.333,8718.275,9625.821,0.03028,0.869999,82.029,103.795,0.20747,0.87503,0.990971,B,0.0,0.003459
9312.562,0.5227,214.568,4.0396,23,0.8244,18.961,1.89544,9.71878,3374.902,5937.66,13633.24,0.047068,0.793037,83.448,104.822,0.3624,1.46396,0.967366,B,0.0,0.042197
11605.7,0.39499,205.435,3.5395,23,0.8694,19.996,1.90784,10.07128,5181.919,6423.781,18341.595,0.027311,0.691591,82.9,103.784,0.4465,1.5804,0.969128,B,0.0,-0.017072
11550.611,0.28554,160.166,3.3143,24,0.723,17.353,1.98042,9.10918,6772.862,4777.748,22447.397,0.02102,0.66052,81.189,101.492,0.58636,1.94339,0.956836,B,0.001,-0.002203
9036.514,0.36994,137.201,1.3625,22,0.623,13.705,2.02694,5.58428,4350.053,4686.461,5926.824,0.1057,0.615215,81.311,99.917,0.48139,0.65588,0.862458,B,0.0,-0.013717
12452.494,0.26786,138.236,3.522,27,0.7821,21.116,2.02465,11.60099,6326.975,6125.52,22283.575,0.009759,0.53444,80.093,99.445,0.50809,1.78949,0.981488,B,-0.001,0.057185
10884.595,0.58753,139.021,4.0512,23,0.7275,16.733,2.02293,9.45549,2775.159,8109.436,11242.783,0.08643,0.759012,81.141,100.974,0.25496,1.03291,0.962493,B,0.0,0.009871
7343.477,0.54462,130.871,3.7451,24,0.7439,17.853,2.04135,10.05521,2455.971,4887.506,9197.746,0.044389,0.795981,80.201,100.724,0.33444,1.25251,0.972741,B,-0.0,0.024434
8104.257,0.76367,152.61,2.8861,22,0.855,18.811,1.99483,9.64734,1361.934,6742.323,3930.619,0.146422,0.888352,82.532,102.596,0.16805,0.48501,0.967779,B,-0.0,0.004721
7111.32,0.30631,216.932,2.9943,17,0.6612,11.241,1.89232,5.37446,3927.322,3183.998,11759.54,0.077217,0.588887,83.919,103.568,0.55226,1.65364,0.860781,B,0.0,-0.002624
10832.841,0.75522,176.397,1.1843,14,0.718,10.052,1.95196,3.64498,2635.032,8197.809,3120.544,0.888582,0.71235,93.268,102.639,0.24324,0.28806,0.7138,B,0.0,0.026934
7686.067,0.41285,142.283,1.7131,14,0.6922,9.691,2.01591,4.2898,3493.697,4192.37,5984.989,0.188322,0.599957,82.635,100.115,0.45455,0.77868,0.792656,B,0.0,0.011026
9773.367,0.55088,172.01,1.4717,22,0.861,18.942,1.95934,7.58583,3272.186,6501.18,4815.598,0.114875,0.770324,82.891,102.811,0.33481,0.49273,0.930182,B,0.001,0.045064
9960.486,0.38519,168.589,2.7873,28,0.6058,16.963,1.96526,8.43441,4588.868,5371.618,12790.572,0.04362,0.676991,81.82,102.027,0.46071,1.28413,0.947829,B,0.0,-0.023861
7346.183,0.48752,204.99,2.0898,28,0.7494,20.984,1.90846,9.17285,2900.721,4445.462,6061.963,0.045837,0.775727,83.13,104.321,0.39486,0.82519,0.962875,B,-0.0,-0.014113
12952.826,0.58462,151.575,2.355,17,0.629,10.692,1.99687,5.19059,3652.925,9299.901,8602.521,0.366836,0.670159,85.398,101.1,0.28202,0.66414,0.823039,B,-0.0,0.044387
12635.82,0.5196,207.853,3.3075,18,0.7706,13.871,1.9045,6.86166,4277.933,8357.887,14149.422,0.150002,0.708776,84.596,103.996,0.33856,1.11979,0.902263,B,0.0,0.00385
12955.48,0.73753,162.48,3.5849,15,0.8422,12.634,1.97617,6.72855,2936.41,10019.07,10526.736,0.336165,0.855167,85.442,102.896,0.22665,0.81253,0.896692,B,0.0,-0.041138
9104.036,0.46857,182.141,4.1456,28,0.7204,20.17,1.9426,10.79073,3273.613,5830.423,13570.968,0.029035,0.715353,82.131,102.927,0.35958,1.49065,0.977719,B,0.0,0.018211
8716.951,0.75071,201.725,1.9346,26,0.8194,21.304,1.91306,9.11061,1461.616,7255.334,2827.601,0.177465,0.866188,84.761,104.782,0.16768,0.32438,0.960362,B,0.001,0.033355
7832.891,0.76766,136.276,2.7405,19,0.8569,16.28,2.029,8.43943,1569.588,6263.303,4301.489,0.186764,0.913235,82.338,101.828,0.20038,0.54916,0.951249,B,0.0,-0.012943
12987.74,0.45476,193.336,0.9047,23,0.6657,15.312,1.92529,4.76413,4703.882,8283.858,4255.468,0.25821,0.566362,85.548,102.445,0.36218,0.32765,0.794355,B,0.0,0.052887
11648.354,0.77187,173.896,4.1353,25,0.893,22.326,1.95614,12.06285,2346.744,9301.609,9704.472,0.058982,0.951731,82.224,104.099,0.20147,0.83312,0.984605,B,0.001,-0.030288
7795.111,0.57226,175.158,2.4102,15,0.7082,10.623,1.95402,5.02934,2197.649,5597.462,5296.821,0.326031,0.668929,85.797,102.293,0.28193,0.67951,0.839379,B,-0.0,0.023862
7027.782,0.47964,165.283,3.3493,18,0.7421,13.357,1.9711,6.98001,2550.802,4476.98,8543.494,0.104595,0.69332,82.496,101.97,0.36296,1.21567,0.920849,B,0.0,0.02445
11949.213,0.53587,194.443,2.3762,20,0.883,17.66,1.92364,8.13148,4593.943,7355.271,10915.923,0.085682,0.817054,83.308,104.147,0.38446,0.91353,0.938529,B,-0.001,-0.047045
8612.387,0.63167,210.977,1.1983,21,0.8758,18.393,1.90024,6.43659,2011.419,6600.968,2410.369,0.272437,0.741139,86.311,104.336,0.23355,0.27987,0.899272,B,0.0,-0.033284
9199.404,0.55396,170.485,3.5342,15,0.6403,9.605,1.96196,5.04541,3200.605,5998.8,11311.46,0.265786,0.707715,84.825,102.323,0.34791,1.22959,0.833074,B,-0.001,-0.014903
11668.916,0.76199,188.435,2.6353,17,0.6967,11.844,1.93272,5.65766,2023.653,9645.263,5332.929,0.636909,0.788229,90.378,103.693,0.17342,0.45702,0.855044,B,-0.0,0.038485
11803.633,0.73355,144.128,2.9137,17,0.8682,14.759,2.01202,7.6819,2183.44,9620.193,6361.801,0.284129,0.835549,83.982,101.776,0.18498,0.53897,0.92835,B,0.0,0.033722
10189.225,0.73106,156.518,4.3327,21,0.8494,17.838,1.98728,9.95311,2345.706,7843.519,10163.209,0.098034,0.920377,82.057,103.016,0.23021,0.99745,0.969129,B,0.0,-0.0186
12160.529,0.79509,156.003,1.9739,23,0.8574,19.72,1.98826,8.99561,1961.557,10198.972,3871.822,0.225258,0.904683,83.715,102.886,0.16131,0.31839,0.9543,B,0.0,0.02201
9792.752,0.74527,162.881,2.6438,18,0.7702,13.864,1.97544,6.84829,1929.35,7863.402,5100.79,0.342087,0.844192,85.536,102.844,0.19702,0.52087,0.909566,B,0.0,0.017668
9549.561,0.56989,156.455,2.501,25,0.6903,17.257,1.9874,8.4671,2949.082,6600.478,7375.685,0.094005,0.782508,82.001,102.103,0.30882,0.77236,0.949059,B,0.001,0.044026
10704.414,0.20855,184.606,2.5388,15,0.7981,11.971,1.93868,5.68559,5888.265,4816.148,14949.28,0.052923,0.398828,82.535,100.95,0.55008,1.39655,0.86041,B,0.001,-0.033783
10148.153,0.79557,213.354,2.9371,23,0.8901,20.473,1.89705,9.77925,1017.371,9130.782,2988.157,0.260037,0.855237,86.222,105.185,0.10025,0.29445,0.967232,B,0.0,0.029374
8600.657,0.46111,166.056,1.5692,20,0.7596,15.192,1.96972,6.28994,3491.588,5109.07,5478.95,0.120391,0.693955,82.735,102.013,0.40597,0.63704,0.894005,B,-0.001,0.028507
11456.902,0.65181,191.192,2.8951,24,0.8202,19.684,1.92852,9.60849,2428.573,9028.329,7030.994,0.111146,0.79724,83.533,103.875,0.21197,0.61369,0.963854,B,0.0,0.052106
11054.13,0.7624,133.849,4.157,27,0.6429,17.359,2.03447,9.93851,1552.28,9501.85,6452.756,0.172812,0.858717,82.039,101.322,0.14043,0.58374,0.96817,B,-0.0,0.015974
7954.811,0.58136,133.507,3.8918,15,0.6523,9.785,2.03525,5.53206,2326.64,5628.171,9054.882,0.269128,0.710438,83.294,100.322,0.29248,1.13829,0.864602,B,0.0,-0.021596
10403.466,0.36782,191.693,3.4107,15,0.7043,10.564,1.92776,5.3617,4650.701,5752.765,15862.355,0.127503,0.562092,83.766,102.345,0.44703,1.52472,0.845036,B,0.0,0.04135
10106.537,0.78641,199.205,4.2478,15,0.7488,11.231,1.91668,5.91467,1472.297,8634.241,6254.067,0.68327,0.803994,91.355,104.265,0.14568,0.61881,0.873428,B,-0.001,0.027432
10316.984,0.29483,138.601,4.7534,26,0.6066,15.772,2.02385,9.18686,5315.96,5001.024,25268.714,0.023186,0.583579,80.287,99.791,0.51526,2.44923,0.959479,B,0.0,0.007959
10345.601,0.57496,197.448,1.1535,25,0.6295,15.736,1.91923,5.49508,3202.743,7142.858,3694.391,0.27421,0.709813,85.897,103.569,0.30958,0.3571,0.852358,B,0.0,-0.010873
11130.028,0.72359,203.554,1.6296,27,0.7138,19.273,1.91048,7.73165,1253.268,9876.76,2042.308,0.443802,0.759092,88.337,104.152,0.1126,0.1835,0.930937,B,0.0,0.004614
9677.086,0.22192,204.846,2.1503,25,0.6635,16.587,1.90866,7.31855,5071.364,4605.721,10905.035,0.032371,0.430641,82.947,102.037,0.52406,1.12689,0.923558,B,0.001,-0.038496
10121.373,0.36786,185.707,1.2149,27,0.8286,22.373,1.93695,8.11306,5046.163,5075.21,6130.599,0.043284,0.690581,82.447,102.926,0.49857,0.60571,0.941336,B,0.0,-0.013445
12374.915,0.25834,188.249,3.4528,26,0.892,23.193,1.93301,11.8532,7265.401,5109.514,25086.222,0.007441,0.615111,82.062,102.542,0.58711,2.02718,0.983089,B,0.0,-0.044574
7331.357,0.556,212.541,1.8283,23,0.6534,15.028,1.89814,6.22573,2158.665,5172.692,3946.69,0.196563,0.705997,85.359,104.167,0.29444,0.53833,0.895905,B,0.0,0.01579
11464.061,0.55836,181.21,4.7032,17,0.6241,10.61,1.94409,5.81663,3542.375,7921.686,16660.395,0.246312,0.697907,84.966,102.769,0.309,1.45327,0.863691,B,0.0,-0.056482
7338.671,0.72259,191.165,2.4229,22,0.8743,19.235,1.92856,8.94202,1508.299,5830.372,3654.391,0.141472,0.872923,83.933,104.373,0.20553,0.49796,0.959761,B,0.0,0.002384
7117.681,0.52868,198.404,3.9055,19,0.7933,15.072,1.91784,7.81396,2297.492,4820.189,8972.742,0.097108,0.734389,83.591,103.772,0.32279,1.26063,0.940711,B,-0.0,-0.023042
12238.393,0.4378,148.204,4.6422,24,0.8101,19.443,2.00362,11.11698,5541.372,6697.02,25724.103,0.021076,0.782613,80.689,101.656,0.45279,2.10192,0.978202,B,0.001,0.003586
7694.3,0.45595,186.779,4.4994,22,0.7914,17.411,1.93528,9.40543,3228.88,4465.42,14527.98,0.037606,0.758455,82.409,103.422,0.41965,1.88815,0.965389,B,0.0,-0.029302
7425.737,0.35639,140.149,1.7725,17,0.7208,12.254,2.02048,5.50996,3383.647,4042.09,5997.565,0.104915,0.566893,81.437,99.772,0.45566,0.80767,0.865858,B,0.0,0.030558
11887.011,0.74768,193.578,2.998,28,0.859,24.052,1.92493,11.81162,2807.543,9079.468,8416.911,0.053577,0.962313,82.855,105.069,0.23619,0.70808,0.983076,B,0.0,-0.029436
8972.384,0.46426,183.671,2.1371,17,0.6681,11.357,1.94016,5.12776,3214.991,5757.393,6870.801,0.208667,0.606984,84.557,102.282,0.35832,0.76577,0.838948,B,0.0,0.011036
9684.732,0.23665,183.754,4.3456,19,0.6209,11.797,1.94003,6.35518,5514.155,4170.577,23962.486,0.044523,0.490671,82.394,101.518,0.56937,2.47425,0.892881,B,0.0,0.003918
10527.264,0.45601,156.983,3.8563,23,0.6401,14.723,1.9864,8.02384,4694.665,5832.599,18103.894,0.062641,0.772641,81.609,102.066,0.44595,1.71971,0.938741,B,0.0,-0.045978
10011.35,0.6566,165.151,1.2984,24,0.8998,21.594,1.97134,8.27954,2016.362,7994.988,2617.97,0.179827,0.776838,83.484,102.515,0.20141,0.2615,0.944839,B,0.0,0.045593
11364.217,0.70718,134.022,3.8374,21,0.6086,12.78,2.03408,7.19841,2183.437,9180.779,8378.715,0.308439,0.802012,83.838,100.958,0.19213,0.73729,0.916201,B,0.001,-0.005074
9583.466,0.67909,203.707,2.1546,23,0.7471,17.183,1.91026,7.59612,2087.496,7495.97,4497.804,0.215641,0.808155,85.33,104.482,0.21782,0.46933,0.930832,B,0.0,-0.019434
11713.984,0.53023,215.471,2.2044,27,0.8313,22.445,1.89424,9.86364,3986.68,7727.304,8788.095,0.051884,0.777017,83.54,104.752,0.34034,0.75022,0.966698,B,0.0,0.014259
8966.079,0.4571,150.752,4.6078,17,0.7549,12.833,1.9985,7.30117,3629.224,5336.855,16722.666,0.08498,0.710156,81.642,101.319,0.40477,1.8651,0.924748,B,0.0,-0.016344
7724.277,0.56551,160.431,3.2123,18,0.6085,10.953,1.97993,5.70557,2779.702,4944.575,8929.272,0.19876,0.771693,83.546,102.24,0.35987,1.156,0.873519,B,0.0,-0.031599
11627.034,0.43688,217.863,4.4406,15,0.6805,10.208,1.89111,5.30845,5118.29,6508.745,22728.133,0.162371,0.652755,85.071,104.026,0.44021,1.95477,0.836395,B,-0.001,-0.059094
12674.28,0.60748,181.903,2.5311,22,0.6596,14.511,1.94298,6.9089,3198.145,9476.135,8094.93,0.231687,0.734314,84.798,103.041,0.25233,0.63869,0.903763,B,0.0,-0.055603
12071.204,0.62202,175.293,1.4758,16,0.8606,13.77,1.9538,5.49756,3187.38,8883.824,4703.78,0.365302,0.714121,86.32,102.598,0.26405,0.38967,0.844928,B,-0.0,0.048745
7470.978,0.78647,177.887,3.7686,24,0.755,18.121,1.94949,9.56028,1100.548,6370.43,4147.566,0.173777,0.892318,83.888,103.897,0.14731,0.55516,0.967451,B,0.0,0.000781
9794.982,0.39219,195.049,1.3101,19,0.6063,11.52,1.92275,4.2711,4532.49,5262.491,5938.127,0.188914,0.567271,84.691,102.525,0.46274,0.60624,0.777105,B,0.001,-0.015357
10858.49,0.68458,197.742,2.1878,26,0.8029,20.876,1.9188,9.33691,2754.156,8104.333,6025.575,0.105441,0.881389,83.679,104.714,0.25364,0.55492,0.960933,B,0.001,0.034163
10497.681,0.6222,133.694,3.4283,29,0.6273,18.191,2.03483,10.0046,2308.649,8189.032,7914.804,0.086571,0.773202,80.893,100.748,0.21992,0.75396,0.969401,B,0.0,0.019145
11937.107,0.36261,145.938,0.969,14,0.6505,9.106,2.00825,3.12483,5826.845,6110.262,5646.232,0.263301,0.457311,83.787,99.382,0.48813,0.473,0.645555,B,0.0,0.010228
12933.748,0.53,186.468,2.4294,14,0.6473,9.062,1.93577,4.23997,4200.911,8732.837,10205.699,0.402533,0.591316,87.215,102.305,0.3248,0.78908,0.753313,B,0.0,0.014889
10782.201,0.76713,133.815,2.6104,29,0.75,21.749,2.03455,11.16897,1916.264,8865.937,5002.183,0.088609,0.913785,80.926,101.683,0.17772,0.46393,0.979472,B,0.0,-0.008625
12281.92,0.21562,215.077,3.9481,29,0.7802,22.627,1.89476,11.53802,7624.205,4657.714,30100.879,0.006542,0.557872,82.929,103.29,0.62077,2.45083,0.981166,B,0.001,-0.058183
9146.057,0.7958,133.524,0.9452,26,0.6228,16.192,2.03521,5.59089,1167.553,7978.504,1103.605,0.858335,0.786648,91.073,100.826,0.12766,0.12066,0.862312,B,0.0,0.006342
10152.747,0.31105,176.435,1.6895,28,0.6792,19.017,1.95189,7.98965,5144.796,5007.951,8692.152,0.037634,0.591931,82.037,101.846,0.50674,0.85614,0.938689,B,0.0,0.031258
12363.764,0.25673,205.194,2.1596,26,0.7371,19.165,1.90818,8.46401,6760.398,5603.366,14599.718,0.025992,0.535102,82.874,102.741,0.54679,1.18085,0.94464,B,0.0,0.060514
8300.217,0.60866,204.464,0.9124,15,0.6139,9.208,1.9092,2.8409,2133.268,6166.949,1946.31,0.831499,0.531573,93.484,102.688,0.25701,0.23449,0.648889,B,0.0,0.01629
10418.123,0.32663,211.674,3.1082,23,0.6152,14.15,1.8993,6.86737,5468.674,4949.448,16997.639,0.056953,0.624595,83.489,103.595,0.52492,1.63155,0.908472,B,0.001,0.013652
10745.579,0.33843,219.074,3.1079,18,0.7859,14.146,1.88954,6.81041,5060.41,5685.168,15727.017,0.067752,0.579366,83.859,103.589,0.47093,1.46358,0.905723,B,0.001,-0.019641
8803.383,0.58376,145.919,2.413,26,0.7236,18.813,2.00829,9.27463,3017.953,5785.43,7282.445,0.063903,0.854945,81.154,102.005,0.34282,0.82723,0.962472,B,0.0,-0.017842
11469.518,0.29703,213.768,4.5926,23,0.8168,18.787,1.8965,9.87413,6278.793,5190.726,28836.171,0.017878,0.634704,83.038,103.746,0.54743,2.51416,0.967051,B,-0.001,-0.035885
11517.15,0.72071,196.098,3.4337,29,0.8043,23.324,1.9212,11.79429,1953.527,9563.623,6707.877,0.071589,0.853299,83.178,104.458,0.16962,0.58243,0.983151,B,0.0,0.04419
10619.13,0.72152,176.006,2.7103,16,0.734,11.745,1.95261,5.74085,2508.509,8110.621,6798.786,0.417145,0.815658,87.031,103.302,0.23623,0.64024,0.863427,B,-0.0,0.009787
8262.294,0.56485,180.104,1.1499,28,0.762,21.336,1.94588,7.59688,2372.945,5889.349,2728.704,0.13054,0.739838,83.398,102.994,0.2872,0.33026,0.933626,B,0.0,0.02834
8496.549,0.25843,180.33,4.7077,22,0.6605,14.532,1.94551,7.97676,4762.321,3734.228,22419.725,0.026992,0.553592,82.039,101.775,0.5605,2.63869,0.941458,B,0.0,-0.020157
10295.824,0.59948,176.917,1.5745,23,0.885,20.354,1.95109,8.32017,3025.496,7270.328,4763.734,0.111889,0.80239,83.035,103.258,0.29386,0.46269,0.945154,B,0.0,-0.017634
8361.129,0.57445,186.19,1.3131,25,0.77,19.251,1.9362,7.22075,2759.452,5601.678,3623.49,0.132198,0.792313,83.637,103.619,0.33003,0.43337,0.92405,B,-0.001,-0.025783
11261.363,0.64454,178.781,1.2896,20,0.893,17.861,1.94803,6.70803,2617.066,8644.298,3374.9,0.275116,0.756381,85.258,103.042,0.23239,0.29969,0.900805,B,-0.001,0.019413
11411.923,0.34226,211.411,3.4749,27,0.6939,18.734,1.89965,9.33491,5291.094,6120.828,18386.173,0.029326,0.61277,83.116,103.507,0.46365,1.61114,0.960273,B,0.001,0.01837
7534.858,0.73358,137.429,3.8761,28,0.8756,24.518,2.02643,13.7651,1730.88,5803.978,6709.123,0.023908,0.945221,80.242,102.109,0.22972,0.89041,0.992513,B,0.0,-0.002637
10772.341,0.58416,187.913,4.1346,27,0.891,24.058,1.93353,12.77298,2986.767,7785.574,12349.157,0.024664,0.798805,82.278,103.739,0.27726,1.14638,0.988294,B,0.0,-0.050342
11123.657,0.68999,191.321,1.4431,23,0.891,20.494,1.92832,7.94904,2525.169,8598.488,3644.012,0.1945,0.8355,84.638,104.133,0.22701,0.32759,0.936009,B,0.0,0.029999
10963.92,0.69635,165.722,3.5021,25,0.7707,19.267,1.97032,10.16439,2473.232,8490.688,8661.46,0.090551,0.872816,82.328,103.177,0.22558,0.79,0.970667,B,0.0,-0.036276
11763.89,0.67795,189.705,1.6681,21,0.7372,15.481,1.93078,6.36805,2599.576,9164.313,4336.445,0.347755,0.771608,86.605,103.64,0.22098,0.36862,0.886648,B,0.001,0.056448
11101.299,0.29401,209.357,1.0513,17,0.8271,14.061,1.90244,4.63465,5858.283,5243.017,6158.838,0.113659,0.495528,84.164,102.65,0.52771,0.55479,0.795997,B,-0.001,-0.015396
7957.912,0.36409,145.298,4.1793,22,0.6195,13.629,2.00958,7.67564,3911.716,4046.197,16348.329,0.047365,0.670283,80.909,100.751,0.49155,2.05435,0.936053,B,-0.001,0.020688
8661.247,0.35892,179.043,2.1594,25,0.7814,19.534,1.9476,8.89984,4118.987,4542.26,8894.638,0.03215,0.655231,82.061,102.386,0.47557,1.02695,0.957401,B,0.0,0.039779
11066.301,0.63517,133.313,4.352,18,0.8081,14.547,2.0357,8.40828,2991.925,8074.376,13020.842,0.127801,0.823177,81.42,101.054,0.27036,1.17662,0.945601,B,0.0,-0.029213
11754.813,0.30857,180.165,3.1745,27,0.8056,21.752,1.94578,11.01113,7064.992,4689.822,22427.572,0.011455,0.756147,81.828,103.105,0.60103,1.90795,0.977687,B,-0.001,0.058328
8340.739,0.74513,200.369,1.8062,23,0.7331,16.861,1.915,7.05123,1345.778,6994.961,2430.716,0.371948,0.816931,87.284,104.4,0.16135,0.29143,0.919459,B,0.0,-0.025069
9660.421,0.22909,167.755,2.4632,26,0.8819,22.928,1.96672,11.03002,5761.574,3898.847,14191.851,0.008006,0.555803,81.318,101.186,0.59641,1.46907,0.979157,B,0.0,-0.012174
7716.343,0.25376,186.309,1.6208,24,0.7053,16.926,1.93602,6.91532,4313.164,3403.18,6990.886,0.03759,0.527738,82.393,101.878,0.55896,0.90598,0.9172,B,-0.001,-0.020042
11293.037,0.79433,171.25,3.9629,27,0.7279,19.654,1.96065,10.56641,1792.836,9500.202,7104.758,0.128727,0.919937,83.045,103.761,0.15876,0.62913,0.974272,B,-0.001,0.024353
11910.981,0.68629,160.406,4.5318,28,0.8336,23.342,1.97998,13.06219,2993.507,8917.474,13565.888,0.029853,0.906646,81.315,103.129,0.25132,1.13894,0.989068,B,0.0,0.029854
7259.942,0.28926,155.407,2.5949,14,0.7712,10.796,1.9894,5.36027,4029.672,3230.27,10456.621,0.07327,0.558708,81.684,100.57,0.55506,1.44032,0.859405,B,0.0,-0.020936
11960.282,0.4597,133.841,3.6562,23,0.6693,15.395,2.03449,8.58568,5170.147,6790.135,18903.036,0.05578,0.767247,80.494,100.717,0.43228,1.58048,0.947547,B,0.0,0.040127
8733.484,0.35863,149.085,3.8391,15,0.7278,10.917,2.00184,6.01156,3866.72,4866.764,14844.878,0.095038,0.568063,81.703,100.289,0.44275,1.69977,0.882672,B,0.0,-0.024527
9165.691,0.71704,135.312,4.1072,27,0.8696,23.48,2.03115,13.38029,1773.668,7392.023,7284.869,0.033418,0.881068,80.269,101.558,0.19351,0.7948,0.990981,B,0.0,0.019717
9446.236,0.22051,171.174,4.1482,14,0.7551,10.571,1.96078,5.73522,5797.246,3648.99,24048.182,0.047471,0.495434,81.97,100.956,0.61371,2.5458,0.867885,B,0.0,-0.045276
12387.323,0.49933,143.567,0.9427,24,0.8062,19.348,2.01319,6.56939,3908.433,8478.889,3684.421,0.170152,0.651072,82.453,100.526,0.31552,0.29743,0.892484,B,0.001,-0.032917
9175.673,0.35787,194.128,1.4784,22,0.6188,13.613,1.92411,5.31469,3604.869,5570.804,5329.5,0.138276,0.499965,83.991,102.041,0.39287,0.58083,0.848199,B,0.0,0.024209
11805.982,0.23011,150.578,2.2358,21,0.8832,18.548,1.99885,8.8759,6327.045,5478.937,14146.139,0.020257,0.47244,80.781,99.74,0.53592,1.19822,0.952821,B,0.0,0.038571
12971.788,0.77825,197.033,1.8301,16,0.7952,12.723,1.91983,5.36625,1875.465,11096.323,3432.314,0.896219,0.758314,94.094,103.871,0.14458,0.2646,0.833504,B,0.0,-0.030435
11151.017,0.69382,154.428,0.9129,17,0.667,11.339,1.99129,3.72726,2321.029,8829.989,2118.811,0.935555,0.630279,93.025,100.991,0.20815,0.19001,0.719335,B,-0.001,-0.008308
11053.029,0.77928,212.041,4.0787,18,0.6641,11.954,1.89881,6.156,1512.81,9540.219,6170.32,0.681035,0.794863,91.738,104.734,0.13687,0.55825,0.880387,B,0.0,-0.039214
11065.625,0.70555,211.433,1.6908,18,0.865,15.57,1.89962,6.2777,2273.458,8792.167,3843.984,0.393777,0.786162,87.927,104.652,0.20545,0.34738,0.885333,B,0.0,0.048655
10356.632,0.74969,138.596,2.2894,14,0.8157,11.42,2.02386,5.60343,2099.475,8257.157,4806.633,0.525862,0.806597,86.922,101.263,0.20272,0.46411,0.857805,B,0.0,0.031257
7124.16,0.62756,148.968,4.6315,19,0.624,11.855,2.00207,6.76833,1945.67,5178.49,9011.405,0.196485,0.789527,83.038,101.744,0.27311,1.26491,0.914492,B,0.0,-0.014795
9314.931,0.50777,165.418,2.4179,25,0.7157,17.893,1.97086,8.58784,3630.741,5684.19,8778.633,0.063161,0.791755,81.955,102.627,0.38978,0.94243,0.951515,B,0.0,0.035428
9097.261,0.28519,169.202,2.0518,14,0.7585,10.62,1.96419,4.82,4858.789,4238.472,9969.498,0.096148,0.501903,82.537,100.902,0.53409,1.09588,0.819938,B,0.0,-0.016792
8068.685,0.71305,200.473,2.4876,23,0.739,16.997,1.91485,7.87592,1986.241,6082.443,4941.038,0.173304,0.889311,84.665,104.882,0.24617,0.61237,0.940171,B,0.001,-0.031138
11226.601,0.73058,215.056,3.255,27,0.6496,17.539,1.89479,8.57511,2444.5,8782.101,7956.881,0.172973,0.885794,85.125,105.454,0.21774,0.70875,0.948447,B,0.0,-0.034713
8082.058,0.24995,190.894,4.7327,21,0.8246,17.317,1.92897,9.39269,4513.627,3568.431,21361.514,0.015754,0.546178,82.264,102.204,0.55847,2.64308,0.9648,B,-0.0,0.004211
8133.587,0.73074,166.883,2.2258,20,0.8507,17.014,1.96826,7.94947,1456.425,6677.163,3241.665,0.238444,0.838115,84.326,103.006,0.17906,0.39855,0.941571,B,-0.001,0.031094
7551.109,0.387,162.765,1.146,22,0.7008,15.418,1.97565,5.606,3922.299,3628.809,4494.813,0.097031,0.700416,82.297,101.889,0.51943,0.59525,0.869764,B,0.001,0.018704
9044.557,0.64717,203.605,4.6393,17,0.7111,12.089,1.9104,6.43764,1969.686,7074.871,9137.873,0.303274,0.742908,86.483,104.047,0.21778,1.01032,0.897946,B,0.0,0.033137
9575.549,0.36441,198.16,2.8005,21,0.6839,14.362,1.91819,6.89376,4464.261,5111.288,12502.188,0.069115,0.622332,83.214,103.022,0.46621,1.30564,0.911578,B,0.0,-0.039672
12583.438,0.51268,130.872,3.5586,18,0.8433,15.179,2.04135,8.45594,4494.69,8088.748,15995.013,0.080175,0.753014,80.673,100.44,0.35719,1.27112,0.944141,B,0.0,-0.025263
7541.442,0.45165,172.682,4.5919,19,0.7375,14.013,1.9582,7.7328,3114.001,4427.441,14299.279,0.067649,0.721742,82.293,102.523,0.41292,1.89609,0.938153,B,0.0,-0.036897
11481.45,0.37815,154.662,1.7408,20,0.6052,12.104,1.99084,5.29326,5277.097,6204.353,9186.229,0.134758,0.585159,82.464,100.705,0.45962,0.80009,0.836208,B,0.0,0.046283
8392.192,0.23282,219.161,3.8287,22,0.8044,17.697,1.88942,8.92838,4544.494,3847.698,17399.384,0.01798,0.486557,83.205,102.98,0.54151,2.07328,0.95818,B,0.0,0.035744
12010.245,0.78155,153.181,4.4752,23,0.7589,17.455,1.99371,9.84429,2108.698,9901.548,9436.898,0.150509,0.915939,82.61,102.809,0.17557,0.78574,0.966188,B,-0.001,0.014979
9335.264,0.23099,146.49,3.8603,19,0.8902,16.913,2.00712,9.35892,5402.483,3932.78,20854.958,0.014784,0.527986,80.531,99.88,0.57872,2.234,0.96296,B,0.001,0.029542
10757.123,0.51057,152.264,3.7617,25,0.7748,19.369,1.99551,10.57159,3781.322,6975.802,14224.28,0.036724,0.767431,81.07,101.779,0.35152,1.32231,0.974716,B,-0.001,-0.047684
10860.303,0.47949,215.863,3.24,18,0.645,11.611,1.89373,5.66542,4583.762,6276.541,14851.279,0.160437,0.712494,84.984,104.342,0.42207,1.36748,0.858777,B,0.0,0.003858
11702.297,0.74767,180.407,2.5235,26,0.7091,18.435,1.94539,8.78626,2385.3,9316.998,6019.381,0.178045,0.8935,84.036,104.022,0.20383,0.51438,0.951461,B,-0.001,0.027946
12187.757,0.51707,203.85,4.5621,17,0.6684,11.362,1.91006,6.03094,4728.794,7458.963,21573.125,0.172031,0.73581,84.759,104.01,0.388,1.77007,0.870912,B,0.0,0.044786
10336.587,0.25541,209.283,2.797,17,0.6653,11.309,1.90254,5.35838,6108.263,4228.325,17084.867,0.066921,0.527694,83.545,102.859,0.59094,1.65285,0.845164,B,-0.001,0.034885
10190.84,0.55333,156.64,4.6638,19,0.8558,16.259,1.98705,9.19335,3157.621,7033.219,14726.445,0.071928,0.769459,81.717,102.027,0.30985,1.44507,0.959723,B,0.0,0.002475
9174.581,0.66503,173.415,2.0784,21,0.6332,13.297,1.95695,6.02761,2215.572,6959.009,4604.948,0.325713,0.773056,85.727,102.897,0.24149,0.50192,0.881724,B,0.0,0.027338
9501.702,0.22472,173.876,2.6318,23,0.7164,16.478,1.95617,8.01227,5817.088,3684.614,15309.237,0.021893,0.544933,81.734,101.413,0.61222,1.61121,0.940356,B,0.0,0.001205
12391.638,0.49922,184.746,3.1178,26,0.7861,20.438,1.93846,10.24271,4339.186,8052.452,13528.893,0.042382,0.745391,82.401,103.244,0.35017,1.09178,0.970272,B,0.0,0.024893
8674.854,0.7158,169.307,3.3343,21,0.6321,13.274,1.964,6.89258,1952.305,6722.549,6509.508,0.27365,0.844205,84.884,103.166,0.22505,0.75039,0.913962,B,0.0,0.002751
10654.976,0.55047,199.589,3.3535,22,0.6879,15.134,1.91612,7.58087,3401.0,7253.976,11405.362,0.123826,0.750494,83.983,103.929,0.31919,1.07043,0.928198,B,0.0,0.046949
9092.735,0.50675,174.939,1.4533,21,0.8044,16.892,1.95439,6.70504,3482.871,5609.864,5061.567,0.123135,0.74492,83.11,102.784,0.38304,0.55666,0.906926,B,0.0,-0.01975
11906.88,0.28806,196.0,0.9962,23,0.8783,20.202,1.92135,6.58346,5823.954,6082.926,5801.675,0.06216,0.504333,83.05,102.151,0.48913,0.48725,0.894451,B,-0.0,0.058554
9115.311,0.39923,215.892,3.2289,22,0.6657,14.645,1.89369,7.14002,4221.17,4894.141,13629.701,0.068956,0.684084,83.778,104.155,0.46309,1.49525,0.920014,B,0.0,0.02706
8211.786,0.74838,215.772,1.1826,21,0.7903,16.597,1.89384,5.74271,1203.948,7007.838,1423.744,0.64729,0.765752,91.408,104.69,0.14661,0.17338,0.873193,B,0.0,-0.033058
9528.462,0.23496,189.002,4.5175,20,0.7497,14.994,1.93185,8.08362,5249.565,4278.896,23714.857,0.024829,0.492753,82.318,101.768,0.55094,2.48884,0.941779,B,0.001,0.027141
10249.217,0.34543,171.581,2.8598,20,0.8882,17.763,1.96008,8.85736,4872.25,5376.967,13933.753,0.032977,0.628559,81.794,101.854,0.47538,1.35949,0.954617,B,0.0,-0.02616
8067.573,0.46027,219.349,1.3106,15,0.7265,10.898,1.88918,3.93223,3483.536,4584.037,4565.656,0.253567,0.617358,86.32,103.85,0.43179,0.56593,0.762123,B,0.0,-0.039862
7416.297,0.76031,155.69,2.6577,22,0.7648,16.827,1.98886,8.40639,1277.213,6139.084,3394.461,0.214823,0.8738,83.564,102.665,0.17222,0.4577,0.951341,B,0.0,-0.021555
8835.069,0.60863,145.136,1.5698,17,0.7007,11.912,2.00991,5.07972,2787.347,6047.722,4375.704,0.314623,0.744136,84.429,101.23,0.31549,0.49527,0.836914,B,0.0,-0.003088
7408.272,0.26781,151.835,3.9804,29,0.7324,21.239,1.99636,11.73491,4148.178,3260.094,16511.233,0.007258,0.599335,80.663,100.646,0.55994,2.22876,0.984826,B,0.0,0.013411
11724.677,0.60783,215.063,4.053,27,0.7644,20.64,1.89478,10.58034,4224.637,7500.04,17122.3,0.043728,0.925584,83.419,105.717,0.36032,1.46036,0.974078,B,0.0,-0.041529
9035.568,0.48157,204.247,4.127,25,0.7364,18.41,1.9095,9.58548,3494.966,5540.602,14423.724,0.042209,0.758719,83.058,104.178,0.3868,1.59633,0.966098,B,0.0,-0.020547
11064.122,0.52546,191.838,1.1549,18,0.7394,13.309,1.92754,4.6808,3721.681,7342.441,4298.055,0.313237,0.633036,86.223,102.819,0.33637,0.38847,0.799482,B,0.0,-0.044126
12211.282,0.71897,216.238,2.1453,17,0.6421,10.916,1.89323,4.75214,2409.429,9801.853,5168.854,0.736396,0.714683,92.599,104.371,0.19731,0.42329,0.797905,B,0.0,0.033834
10262.321,0.50399,141.515,3.2531,15,0.8478,12.717,2.01755,6.82715,3789.862,6472.459,12328.821,0.126095,0.725256,81.779,100.897,0.3693,1.20137,0.907603,B,0.0,0.034787
12313.749,0.23202,209.989,3.2152,17,0.7363,12.518,1.90158,6.13628,7029.764,5283.985,22602.119,0.050744,0.473183,83.354,102.528,0.57089,1.83552,0.875143,B,0.0,0.025824
10073.207,0.7332,198.659,3.2173,27,0.8526,23.02,1.91746,11.43263,2033.116,8040.092,6541.195,0.066586,0.901764,83.197,104.887,0.20183,0.64937,0.98167,B,-0.001,0.032788
7382.906,0.4559,152.014,2.6693,25,0.657,16.425,1.996,8.2583,2786.04,4596.866,7436.645,0.061846,0.694728,81.391,101.286,0.37736,1.00728,0.948808,B,0.0,-0.010107
10042.699,0.20951,169.522,4.6294,21,0.6553,13.761,1.96363,7.63616,5670.266,4372.433,26249.763,0.025662,0.447924,81.619,100.561,0.56462,2.61382,0.930843,B,0.0,0.017822
9281.614,0.46029,176.184,4.7737,28,0.6332,17.729,1.95231,9.80684,3899.971,5381.643,18617.416,0.034631,0.76876,81.988,103.001,0.42018,2.00584,0.968387,B,0.0,-0.01766
9140.846,0.40018,158.735,1.336,15,0.7969,11.953,1.98309,4.68055,4475.305,4665.541,5979.051,0.154748,0.63561,82.896,101.254,0.48959,0.6541,0.810678,B,-0.0,-0.025261
9815.562,0.50005,175.288,2.927,15,0.6438,9.658,1.9538,4.82123,3775.329,6040.233,11050.451,0.23918,0.663107,84.655,102.261,0.38463,1.12581,0.816029,B,0.0,-0.032196
12188.754,0.23835,173.387,4.0503,26,0.8967,23.315,1.957,12.55452,6778.559,5410.196,27454.949,0.005641,0.529911,81.501,101.291,0.55613,2.25248,0.986839,B,-0.001,0.029292
11651.814,0.67579,154.805,3.1962,26,0.6892,17.919,1.99056,9.3962,3416.955,8234.859,10921.366,0.090223,0.918763,81.883,102.915,0.29326,0.93731,0.960848,B,0.0,0.007693
11581.007,0.64738,135.386,1.8949,25,0.6751,16.877,2.03099,7.82716,3336.925,8244.082,6323.233,0.15203,0.847877,81.838,101.343,0.28814,0.546,0.932334,B,-0.0,0.03209
8097.251,0.77298,144.067,1.3002,23,0.8523,19.603,2.01214,7.7477,1435.409,6661.842,1866.287,0.273104,0.880684,83.834,102.07,0.17727,0.23048,0.937368,B,0.0,0.019479
11409.701,0.36089,150.043,4.5819,24,0.8032,19.276,1.99991,10.96685,5671.729,5737.972,25987.536,0.01629,0.701515,80.705,101.223,0.4971,2.27767,0.977561,B,-0.0,-0.018899
11540.971,0.26771,175.622,1.5384,16,0.7199,11.519,1.95325,4.67381,6700.545,4840.426,10307.893,0.093971,0.508219,82.751,101.255,0.58059,0.89316,0.796205,B,-0.0,-0.020029
8318.806,0.60866,160.704,4.748,25,0.7137,17.842,1.97943,10.0631,2157.629,6161.176,10244.422,0.06582,0.798757,81.802,102.433,0.25937,1.23148,0.971952,B,0.001,0.026861
12686.069,0.72015,147.659,3.7717,25,0.7309,18.274,2.00472,10.04591,3343.654,9342.415,12611.31,0.087735,0.946488,81.545,102.707,0.26357,0.99411,0.967889,B,-0.0,0.033418
9310.311,0.30014,194.958,4.2642,26,0.7505,19.514,1.92288,10.33483,4967.439,4342.872,21181.955,0.014796,0.626527,82.39,102.912,0.53354,2.27511,0.973698,B,-0.0,-0.028049
12146.367,0.47444,177.758,0.9428,27,0.6344,17.13,1.94971,5.55007,5079.679,7066.688,4788.979,0.173086,0.691053,83.874,102.562,0.41821,0.39427,0.847429,B,0.0,0.045098
9933.954,0.43386,149.306,4.2867,21,0.6178,12.973,2.00139,7.29848,4262.896,5671.058,18273.669,0.078435,0.701025,81.494,101.179,0.42912,1.83952,0.92242,B,0.0,0.0316
9812.016,0.67108,137.594,2.3122,16,0.8858,14.173,2.02607,6.98605,2337.78,7474.236,5405.307,0.24287,0.805021,83.14,101.193,0.23826,0.55089,0.913773,B,0.0,-0.04587
11000.47,0.75067,185.651,1.3581,25,0.6727,16.817,1.93704,6.40338,2484.746,8515.724,3374.41,0.363989,0.863495,86.678,104.065,0.22588,0.30675,0.890476,B,-0.0,0.017508
11579.709,0.79616,205.148,1.313,23,0.803,18.469,1.90824,6.77482,1532.577,10047.132,2012.301,0.588287,0.827866,90.295,104.671,0.13235,0.17378,0.902205,B,0.0,0.027012
8596.564,0.38077,192.125,3.457,25,0.8193,20.482,1.92711,10.42201,4572.015,4024.549,15805.229,0.017866,0.793048,82.334,103.888,0.53184,1.83855,0.975046,B,0.0,-0.030481
11168.161,0.25275,158.007,1.2469,22,0.8448,18.585,1.98446,7.06846,6216.128,4952.033,7751.138,0.039599,0.52031,81.347,100.454,0.55659,0.69404,0.912797,B,0.0,0.00795
7747.983,0.58419,201.309,1.2397,17,0.7809,13.275,1.91366,4.7689,2410.331,5337.653,2988.118,0.329915,0.699019,86.76,103.661,0.31109,0.38566,0.824316,B,-0.001,-0.031026
8346.564,0.7438,176.731,1.2649,20,0.6598,13.197,1.9514,4.92722,1456.389,6890.175,1842.157,0.722167,0.74837,91.084,102.892,0.17449,0.22071,0.830585,B,0.0,0.017963
9218.925,0.34931,173.0,3.9559,17,0.6149,10.454,1.95766,5.60547,4825.125,4393.801,19087.676,0.091631,0.632295,82.622,101.948,0.52339,2.07049,0.862706,B,-0.001,-0.04674
7057.575,0.73964,202.954,1.0977,19,0.8396,15.952,1.91132,5.40757,1607.033,5450.542,1764.096,0.446218,0.826147,88.349,104.569,0.2277,0.24996,0.862628,B,-0.0,0.0288
12007.881,0.5482,154.462,4.2227,28,0.6969,19.514,1.99122,10.86686,4077.039,7930.842,17216.031,0.038165,0.810402,81.181,102.181,0.33953,1.43373,0.976362,B,0.0,-0.050048
9992.016,0.30634,146.642,4.3585,16,0.714,11.424,2.0068,6.47205,5275.106,4716.91,22991.446,0.06022,0.581577,81.138,100.242,0.52793,2.30098,0.896217,B,0.0,0.040931
8121.478,0.41125,208.39,2.9686,24,0.7626,18.302,1.90376,8.81442,3784.095,4337.383,11233.576,0.038086,0.73681,83.136,104.203,0.46594,1.38319,0.956849,B,0.0,0.009617
10740.959,0.6865,140.747,2.5971,20,0.8073,16.146,2.01919,8.19135,2329.758,8411.201,6050.559,0.183998,0.82569,82.508,101.515,0.2169,0.56332,0.941865,B,0.0,-0.047013
8685.449,0.61215,216.641,3.4801,20,0.7591,15.182,1.8927,7.52407,2507.27,6178.179,8725.494,0.146317,0.801196,84.822,104.958,0.28867,1.00461,0.931001,B,0.0,0.009079
8025.012,0.52005,149.272,2.4149,22,0.6516,14.335,2.00146,7.03421,2759.048,5265.963,6662.869,0.121335,0.728957,82.059,101.361,0.34381,0.83026,0.919786,B,0.001,-0.022189
9133.952,0.33402,133.859,3.3212,29,0.8254,23.936,2.03445,13.06613,5118.398,4015.555,16999.279,0.005995,0.752133,79.838,100.619,0.56037,1.86111,0.989943,B,-0.001,0.006422
8396.418,0.49695,198.068,2.1178,15,0.7024,10.535,1.91832,4.66199,3668.105,4728.313,7768.261,0.211795,0.718166,85.094,103.651,0.43687,0.92519,0.813812,B,0.0,-7e-06
8402.938,0.45341,168.4,1.3706,21,0.6419,13.479,1.96559,5.26661,3210.872,5192.065,4400.725,0.178829,0.623221,83.597,101.663,0.38211,0.52371,0.849292,B,0.001,-0.024852
12531.205,0.48204,198.071,4.449,25,0.6278,15.694,1.91832,8.34754,4946.104,7585.101,22005.352,0.070754,0.750239,83.232,103.862,0.3947,1.75604,0.942066,B,0.0,-0.053173
7407.458,0.36973,195.81,3.147,22,0.8406,18.494,1.92162,9.16679,3222.397,4185.062,10140.992,0.031683,0.630017,82.641,102.972,0.43502,1.36902,0.962722,B,-0.001,0.004036
10101.589,0.46931,145.681,4.304,15,0.8762,13.144,2.00878,7.43955,3723.25,6378.339,16025.051,0.094497,0.688107,81.548,100.891,0.36858,1.58639,0.925786,B,0.0,-0.038936
10240.969,0.50026,159.519,2.5034,19,0.8979,17.059,1.98163,8.33698,4184.932,6056.037,10476.418,0.066639,0.799908,81.765,102.379,0.40865,1.02299,0.945565,B,-0.0,-0.004976
10136.673,0.20578,191.051,1.5204,15,0.608,9.121,1.92873,3.614,5774.726,4361.948,8779.842,0.102379,0.342677,83.413,100.868,0.56969,0.86615,0.716575,B,-0.001,-0.025358
12801.2,0.23706,155.995,3.4739,18,0.7941,14.294,1.98828,7.62798,6891.124,5910.076,23939.015,0.033067,0.474921,81.178,100.049,0.53832,1.87006,0.924913,B,0.0,-0.035529
7147.442,0.58872,137.641,1.6465,14,0.812,11.368,2.02596,4.99365,2343.86,4803.582,3859.255,0.285907,0.736476,83.711,100.744,0.32793,0.53995,0.840744,B,-0.0,-0.006784
11751.268,0.76879,197.007,2.3615,16,0.6158,9.852,1.91987,4.51448,1767.878,9983.39,4174.886,0.95,0.736695,94.803,103.728,0.15044,0.35527,0.814097,B,0.0,0.05973
7380.633,0.74857,171.546,2.0301,23,0.7788,17.913,1.96014,8.07712,1182.757,6197.876,2401.074,0.254766,0.842805,84.72,103.267,0.16025,0.32532,0.945461,B,0.0,-0.006707
7508.497,0.74527,174.134,2.8229,23,0.7509,17.27,1.95574,8.55408,1477.925,6030.571,4172.022,0.175481,0.88491,83.771,103.67,0.19683,0.55564,0.953654,B,0.001,-0.002781
9475.369,0.77885,173.7,1.4404,14,0.7934,11.107,1.95647,4.39983,1997.307,7478.062,2876.946,0.779702,0.778626,91.731,102.947,0.21079,0.30362,0.788981,B,0.0,-0.02662
10248.824,0.6037,151.573,3.3345,17,0.8658,14.718,1.99687,7.83042,3026.913,7221.911,10093.348,0.132885,0.801032,82.31,101.963,0.29534,0.98483,0.93499,B,0.0,0.001903
10274.464,0.35947,186.849,2.553,28,0.789,22.092,1.93517,10.47987,4881.964,5392.5,12463.456,0.019472,0.667272,82.172,102.824,0.47516,1.21305,0.974261,B,0.0,0.035711
8813.311,0.29446,143.808,3.5152,20,0.759,15.179,2.01269,8.26592,4667.321,4145.991,16406.665,0.029711,0.592504,80.61,100.153,0.52958,1.86158,0.946567,B,-0.001,-0.019469
12883.284,0.44854,198.481,2.0507,23,0.6105,14.041,1.91772,6.1459,5027.678,7855.606,10310.303,0.145311,0.642618,84.23,103.17,0.39025,0.80029,0.873575,B,0.0,-0.062529
12113.979,0.39666,162.796,2.3256,21,0.8737,18.347,1.97559,8.73558,5544.88,6569.099,12895.077,0.04332,0.694917,81.589,101.855,0.45773,1.06448,0.950012,B,0.0,-0.051861
10462.149,0.74033,219.031,3.7233,28,0.8067,22.588,1.88959,11.33072,1966.889,8495.261,7323.389,0.075673,0.894213,83.962,105.665,0.188,0.69999,0.980783,B,-0.001,0.029553
12698.667,0.3762,159.523,3.1892,18,0.8633,15.54,1.98162,8.09103,5676.807,7021.86,18104.287,0.053583,0.637026,81.593,101.304,0.44704,1.42568,0.936328,B,0.0,-0.049212
8741.553,0.42048,191.2,0.9458,23,0.6728,15.473,1.9285,4.93946,3610.887,5130.666,3415.165,0.173856,0.594043,84.361,102.534,0.41307,0.39068,0.829205,B,0.0,0.037613
12334.518,0.47386,219.337,2.7955,15,0.7085,10.627,1.8892,4.97911,5248.615,7085.904,14672.613,0.208588,0.670358,85.726,104.2,0.42552,1.18956,0.812691,B,-0.001,-0.05584
9537.112,0.57671,211.097,3.8796,19,0.8837,16.789,1.90008,8.56849,2891.775,6645.337,11218.959,0.093476,0.786997,83.953,104.644,0.30321,1.17635,0.950854,B,-0.0,-0.023981
7062.574,0.53912,215.863,3.6138,28,0.6125,17.151,1.89373,8.57785,2131.256,4931.318,7702.031,0.080926,0.73714,83.935,104.505,0.30177,1.09054,0.954702,B,-0.0,0.029121
12552.184,0.58005,185.767,2.8705,17,0.6107,10.382,1.93686,5.09005,4679.06,7873.123,13431.191,0.282074,0.757138,85.601,103.368,0.37277,1.07003,0.818725,B,0.001,0.012557
8409.488,0.64208,202.415,3.985,15,0.8518,12.778,1.91209,6.62096,2473.961,5935.527,9858.696,0.204798,0.82434,85.145,104.535,0.29419,1.17233,0.906166,B,0.0,0.009463
7696.695,0.23922,185.418,4.7201,16,0.6023,9.636,1.93741,5.2588,3869.675,3827.02,18265.351,0.070303,0.410015,82.793,101.061,0.50277,2.37314,0.852242,B,0.0,0.018011
8250.529,0.23978,162.773,1.7307,17,0.8063,13.708,1.97563,5.91542,4497.294,3753.234,7783.393,0.052575,0.464107,81.71,100.33,0.54509,0.94338,0.880484,B,0.001,-0.03556
11346.04,0.44577,152.385,4.2224,20,0.6216,12.432,1.99527,6.94349,4749.554,6596.486,20054.374,0.097513,0.696518,81.877,101.318,0.41861,1.76752,0.908428,B,0.0,0.009756
11292.191,0.79303,132.741,3.6215,22,0.8622,18.969,2.03701,10.57598,1975.107,9317.084,7152.937,0.116255,0.936495,81.24,101.767,0.17491,0.63344,0.974359,B,0.0,0.027584
12180.006,0.40481,166.088,2.332,18,0.6368,11.462,1.96967,5.43772,5046.265,7133.741,11768.017,0.155201,0.581383,83.196,101.272,0.41431,0.96617,0.841159,B,-0.0,-0.032889
8397.433,0.43489,193.296,1.5764,23,0.7287,16.761,1.92535,6.71827,3213.349,5184.084,5065.491,0.103033,0.640596,83.498,102.933,0.38266,0.60322,0.909343,B,0.0,-0.024824
8259.854,0.68172,137.9,0.909,15,0.61,9.15,2.02539,3.07486,1790.62,6469.233,1627.617,0.95,0.607461,92.489,99.907,0.21679,0.19705,0.697901,B,0.001,0.011921
12631.058,0.28647,187.559,4.2153,18,0.7466,13.439,1.93407,7.16484,7162.967,5468.091,30193.757,0.044396,0.603575,82.526,102.435,0.56709,2.39044,0.912115,B,0.0,0.009077
8420.282,0.7779,177.288,3.2718,23,0.7371,16.954,1.95048,8.67492,1998.575,6421.707,6538.871,0.14991,0.973344,83.551,104.403,0.23735,0.77656,0.95426,B,-0.0,0.001011
7588.074,0.69095,142.361,3.525,15,0.6551,9.827,2.01574,5.36631,1624.457,5963.618,5726.274,0.457671,0.754489,86.194,101.139,0.21408,0.75464,0.858197,B,-0.001,0.028689
11752.884,0.43675,175.737,1.3225,23,0.6068,13.957,1.95305,5.31995,5325.919,6426.965,7043.592,0.157613,0.668065,83.595,102.315,0.45316,0.59931,0.836466,B,0.0,0.007643
8100.017,0.4373,139.892,3.2903,15,0.8305,12.457,2.02104,6.72208,3388.243,4711.774,11148.497,0.093763,0.684345,81.278,100.533,0.4183,1.37635,0.910312,B,0.0,-0.033372
10781.532,0.39639,210.613,4.014,29,0.8518,24.703,1.90073,12.70131,5197.752,5583.78,20863.935,0.009872,0.756183,82.834,104.421,0.4821,1.93515,0.987993,B,0.0,0.01975
8700.437,0.38294,218.652,2.3986,28,0.8299,23.238,1.89008,10.44075,3822.089,4878.348,9167.694,0.021681,0.665982,83.238,104.144,0.4393,1.05371,0.975128,B,0.0,-0.013325
11047.766,0.61347,161.737,1.5242,28,0.8154,22.832,1.97753,9.4006,3094.316,7953.45,4716.387,0.084144,0.819404,82.086,102.622,0.28009,0.42691,0.961583,B,0.0,0.016139
9378.69,0.65752,184.603,3.8384,26,0.7698,20.016,1.93869,10.51213,2208.218,7170.471,8475.926,0.069177,0.838706,82.749,103.854,0.23545,0.90374,0.975229,B,0.001,0.001302
11936.665,0.70516,170.607,1.1149,17,0.7136,12.131,1.96175,4.30926,2784.63,9152.035,3104.578,0.707797,0.704356,90.664,102.307,0.23328,0.26009,0.765843,B,0.0,0.015167
8477.967,0.54202,139.419,3.0883,26,0.8372,21.767,2.02207,11.5778,2814.935,5663.031,8693.4,0.027082,0.797988,80.376,101.255,0.33203,1.02541,0.98341,B,0.001,-0.037178
7163.625,0.31354,163.461,4.5861,24,0.8834,21.202,1.97438,11.84069,3660.178,3503.447,16785.955,0.008902,0.6318,81.161,101.472,0.51094,2.34322,0.985494,B,0.0,0.022263
9104.343,0.23324,198.007,1.4877,19,0.7571,14.384,1.91841,5.6044,4852.993,4251.35,7220.006,0.059887,0.43113,83.087,101.754,0.53304,0.79303,0.863137,B,0.0,-0.018756
7291.167,0.33148,179.944,3.0944,22,0.7622,16.767,1.94614,8.43771,3706.443,3584.724,11469.306,0.031255,0.641892,82.081,102.34,0.50835,1.57304,0.952067,B,0.0,0.025503
8334.233,0.6168,148.215,3.533,29,0.7511,21.782,2.00359,11.79787,1970.057,6364.176,6960.3,0.039898,0.795379,80.938,101.741,0.23638,0.83515,0.984709,B,0.0,0.021638
8398.982,0.37763,196.534,1.0487,28,0.6005,16.814,1.92056,5.61716,4365.005,4033.977,4577.668,0.096852,0.681454,83.526,103.343,0.51971,0.54503,0.86671,B,0.0,-0.021654
8426.891,0.73586,199.535,1.4982,20,0.7249,14.498,1.9162,5.65459,1436.341,6990.55,2151.885,0.568457,0.770262,89.851,104.057,0.17045,0.25536,0.868329,B,0.0,-0.041109
8181.585,0.608,185.278,4.4119,18,0.7935,14.283,1.93763,7.70197,2732.416,5449.169,12055.244,0.116174,0.85462,83.394,103.989,0.33397,1.47346,0.936186,B,0.0,-0.000827
8873.62,0.2545,145.936,2.3911,19,0.6707,12.743,2.00826,6.26494,4933.039,3940.581,11795.599,0.049369,0.511292,80.963,99.738,0.55592,1.32929,0.89216,B,0.0,0.009547
11057.807,0.20306,177.953,3.7957,26,0.672,17.472,1.94939,9.23083,7063.858,3993.949,26812.169,0.012963,0.539268,81.767,101.57,0.63881,2.42473,0.959219,B,0.0,0.020609
7413.734,0.47978,197.383,4.0065,25,0.7318,18.295,1.91932,9.54543,2550.224,4863.51,10217.381,0.04555,0.707465,82.877,103.551,0.34399,1.37817,0.967342,B,0.0,0.035493
11875.018,0.77677,210.78,4.6524,25,0.772,19.3,1.90051,10.20049,1587.45,10287.569,7385.451,0.172777,0.869967,84.99,105.179,0.13368,0.62193,0.970265,B,-0.001,0.037343
7774.572,0.41558,186.157,2.4091,17,0.6013,10.223,1.93625,4.7734,3774.799,3999.773,9093.975,0.150264,0.665971,83.875,102.784,0.48553,1.16971,0.824442,B,0.0,0.00741
11654.772,0.49371,181.52,4.2461,16,0.8494,13.59,1.94359,7.30954,4600.632,7054.14,19534.868,0.101655,0.749408,83.068,103.123,0.39474,1.67613,0.918723,B,0.0,-0.028711
11259.897,0.67045,212.636,3.6957,29,0.6284,18.224,1.89801,9.19129,2759.947,8499.95,10199.972,0.113765,0.851205,84.269,105.129,0.24511,0.90587,0.958408,B,0.0,0.012633
9997.187,0.66462,218.397,2.034,25,0.6463,16.159,1.89041,6.89832,2512.197,7484.99,5109.829,0.236481,0.80832,86.066,105.074,0.25129,0.51113,0.910588,B,0.0,-0.023552
9645.68,0.76696,162.206,3.8956,25,0.8997,22.492,1.97667,12.19566,1324.898,8320.782,5161.221,0.077357,0.876761,82.015,103.025,0.13736,0.53508,0.986146,B,0.0,0.023451
7367.184,0.27318,199.166,4.0436,27,0.7016,18.942,1.91673,9.88065,4165.061,3202.123,16841.851,0.014012,0.610294,82.52,102.985,0.56535,2.28606,0.971001,B,0.0,-0.029964
12639.122,0.74543,131.586,3.8634,22,0.7855,17.28,2.03968,9.78457,1629.629,11009.494,6295.874,0.203162,0.825695,82.331,100.964,0.12894,0.49813,0.96486,B,-0.001,0.017877
10834.274,0.56528,145.56,3.3064,14,0.7494,10.492,2.00903,5.61985,3626.277,7207.997,11989.93,0.242162,0.72784,83.492,101.146,0.3347,1.10667,0.856616,B,-0.0,-0.016621
8417.12,0.77473,155.026,2.1354,18,0.8601,15.482,1.99014,7.2564,1798.326,6618.794,3840.224,0.272472,0.911194,84.297,102.877,0.21365,0.45624,0.924859,B,0.0,-0.003484
8015.24,0.54349,154.411,2.6408,17,0.7524,12.791,1.99132,6.39054,2451.159,5564.081,6473.01,0.178522,0.704266,83.032,101.478,0.30581,0.80759,0.899548,B,0.0,0.023911
12577.865,0.31541,206.317,4.598,29,0.6192,17.957,1.90662,9.51816,6600.778,5977.087,30350.435,0.023144,0.638168,82.873,103.468,0.52479,2.413,0.961491,B,-0.0,0.030337
10660.167,0.27889,161.228,1.6075,14,0.6704,9.386,1.97846,3.94826,5297.065,5363.102,8515.208,0.143723,0.412386,82.852,99.91,0.4969,0.79879,0.743924,B,0.0,0.03572
11932.889,0.41557,204.028,2.5673,15,0.7008,10.513,1.90981,4.89507,5542.904,6389.985,14230.289,0.170635,0.628039,84.746,103.306,0.46451,1.19253,0.809272,B,0.0,-0.022532
11725.724,0.70498,196.646,4.5444,20,0.6499,12.998,1.9204,6.95196,2312.501,9413.222,10508.838,0.329941,0.797115,86.606,104.111,0.19722,0.89622,0.9077,B,0.001,-0.008441
7235.457,0.66028,177.265,2.5729,16,0.6419,10.271,1.95052,4.94152,1596.109,5639.348,4106.651,0.486858,0.70936,87.998,102.66,0.2206,0.56757,0.837343,B,0.0,0.021215
12256.054,0.76997,182.5,4.6841,16,0.8237,13.179,1.94202,7.20822,1495.36,10760.693,7004.426,0.540565,0.801848,88.897,103.514,0.12201,0.57151,0.914342,B,0.001,0.014459
10993.352,0.72318,190.706,2.1257,23,0.7782,17.899,1.92925,7.9988,2007.639,8985.714,4267.602,0.248087,0.829333,85.324,104.065,0.18262,0.3882,0.937351,B,-0.001,-0.045986
9924.38,0.28328,205.151,1.1978,16,0.8181,13.089,1.90824,4.60967,4947.718,4976.662,5926.571,0.112941,0.452638,84.021,102.195,0.49854,0.59717,0.80124,B,-0.0,-0.048187
10093.432,0.39924,204.967,4.7061,23,0.6997,16.092,1.9085,8.57804,3991.842,6101.59,18785.892,0.050283,0.627531,83.188,103.342,0.39549,1.8612,0.950189,B,0.0,0.043126
10074.374,0.31755,135.529,3.1388,18,0.665,11.97,2.03067,6.43052,5361.081,4713.293,16827.581,0.062993,0.6071,80.669,99.763,0.53215,1.67034,0.894437,B,0.0,-0.033292
12184.431,0.48014,165.8,4.6311,18,0.6759,12.167,1.97018,6.78528,4653.114,7531.317,21548.817,0.124627,0.699785,82.781,102.039,0.38189,1.76855,0.900875,B,0.0,0.026395
8671.411,0.29303,177.363,1.853,19,0.7411,14.08,1.95036,6.10887,4798.873,3872.538,8892.351,0.059928,0.581889,82.366,101.823,0.55341,1.02548,0.88682,B,0.0,0.00944
7421.846,0.30231,213.312,4.5911,15,0.6691,10.036,1.89711,5.27714,4059.447,3362.399,18637.419,0.080427,0.570199,83.85,103.302,0.54696,2.51116,0.854488,B,0.0,-0.027427
8061.69,0.51231,163.736,2.1692,24,0.7226,17.342,1.97389,8.07165,2917.535,5144.155,6328.817,0.07907,0.758025,82.098,102.319,0.3619,0.78505,0.944144,B,0.0,-0.003182
11243.357,0.6028,174.522,3.8395,20,0.6143,12.287,1.95509,6.53535,3748.072,7495.285,14390.777,0.190445,0.808997,83.983,103.187,0.33336,1.27994,0.89468,B,0.0,0.030948
9381.031,0.44955,178.002,2.1679,28,0.8189,22.929,1.94931,10.47331,3894.925,5486.106,8443.966,0.02719,0.749415,81.957,102.959,0.41519,0.90011,0.974888,B,0.0,-0.030653
9408.11,0.59481,161.331,2.6146,18,0.8616,15.509,1.97827,7.65363,3046.203,6361.906,7964.754,0.12387,0.820302,82.594,102.607,0.32378,0.84658,0.932571,B,0.001,0.020528
12595.126,0.25372,207.849,3.7393,15,0.8527,12.791,1.9045,6.50129,7097.928,5497.198,26541.297,0.049862,0.516942,83.274,102.73,0.56355,2.10727,0.88925,B,0.0,-0.014046
10099.226,0.52074,132.5,3.1774,19,0.6237,11.85,2.03756,6.41537,3280.007,6819.22,10421.8,0.170282,0.68931,81.941,100.121,0.32478,1.03194,0.893798,B,-0.001,-0.011743
7421.048,0.31457,201.885,2.3649,28,0.6356,17.796,1.91284,8.11187,4341.086,3079.963,10266.077,0.029012,0.717051,82.807,103.804,0.58497,1.38337,0.946049,B,-0.001,0.004933
9144.162,0.50219,136.737,1.7994,16,0.7365,11.784,2.02797,5.35532,3647.299,5496.862,6562.842,0.188242,0.710498,82.379,100.518,0.39887,0.71771,0.850487,B,0.001,0.022399
9660.428,0.24856,157.448,1.1878,29,0.646,18.733,1.98551,6.97561,5431.802,4228.627,6451.918,0.038082,0.518923,81.304,100.416,0.56227,0.66787,0.913853,B,-0.001,0.010291
12877.924,0.56005,211.294,2.8226,15,0.7806,11.71,1.89981,5.54883,4453.828,8424.096,12571.442,0.252271,0.722777,86.055,104.228,0.34585,0.9762,0.844215,B,0.0,-0.033142
7755.009,0.29221,171.3,3.1606,28,0.7996,22.389,1.96056,11.44999,4114.949,3640.06,13005.907,0.009337,0.611988,81.471,101.731,0.53062,1.6771,0.983046,B,0.0,-0.003138
11319.257,0.44928,186.601,4.6806,15,0.6729,10.094,1.93556,5.49234,4443.073,6876.184,20796.297,0.174043,0.627125,84.204,102.548,0.39252,1.83725,0.847944,B,-0.0,0.00314
11652.441,0.40829,161.894,4.1712,20,0.7577,15.154,1.97724,8.33296,5234.372,6418.069,21833.461,0.051629,0.699164,81.663,101.837,0.44921,1.87372,0.943196,B,0.0,0.04695
7803.668,0.63932,178.406,3.5105,22,0.8327,18.318,1.94864,9.51143,2067.975,5735.693,7259.664,0.080742,0.840708,82.679,103.581,0.265,0.93029,0.966532,B,0.0,0.025598
12713.24,0.6118,178.379,2.5422,15,0.7966,11.95,1.94869,5.72164,4094.007,8619.233,10407.874,0.277329,0.770668,85.273,103.117,0.32203,0.81866,0.854025,B,0.0,0.006307
8639.17,0.50209,150.216,2.9451,19,0.8067,15.326,1.99957,7.92816,3158.371,5480.799,9301.613,0.082146,0.744088,81.582,101.513,0.36559,1.07668,0.940187,B,0.0,-0.003445
7431.659,0.43851,139.444,3.3834,29,0.8958,25.979,2.02201,14.11853,3119.579,4312.08,10554.717,0.006888,0.750765,80.111,100.945,0.41977,1.42024,0.993406,B,0.0,0.010387
12608.942,0.53791,207.074,3.2359,25,0.8035,20.087,1.90557,9.89433,5325.72,7283.222,17233.447,0.04303,0.899789,83.16,105.225,0.42238,1.36676,0.966212,B,0.0,-0.052781
12824.729,0.44865,155.031,2.9474,19,0.882,16.759,1.99013,8.61154,5677.656,7147.073,16734.201,0.053968,0.76219,81.413,101.893,0.44271,1.30484,0.946747,B,0.0,-0.024643
10079.613,0.68788,140.812,4.7437,14,0.8281,11.594,2.01905,6.72775,1987.917,8091.697,9429.987,0.331859,0.77534,84.463,101.187,0.19722,0.93555,0.904852,B,-0.001,0.039691
8405.305,0.48373,138.23,3.8785,16,0.8979,14.367,2.02467,8.05696,3268.409,5136.896,12676.662,0.070607,0.746582,80.896,100.845,0.38885,1.50817,0.943242,B,0.0,0.011544
7273.775,0.71695,139.496,1.5165,19,0.8315,15.798,2.0219,6.70275,1245.034,6028.741,1888.14,0.368277,0.788963,84.884,101.2,0.17117,0.25958,0.912077,B,0.0,-0.037986
12639.197,0.22503,186.181,1.8864,17,0.6188,10.52,1.93621,4.54283,6715.282,5923.915,12667.774,0.093211,0.374464,83.122,100.861,0.53131,1.00226,0.779926,B,0.0,-0.032556
9946.166,0.50817,162.205,1.9335,14,0.6233,8.727,1.97667,3.91937,3092.627,6853.539,5979.735,0.413887,0.55072,86.457,100.873,0.31094,0.60121,0.746755,B,0.0,-0.035933
12864.784,0.73153,194.003,1.9588,20,0.6709,13.417,1.9243,5.81428,2305.841,10558.943,4516.689,0.579194,0.764796,89.807,103.783,0.17924,0.35109,0.858088,B,0.0,0.008797
10593.836,0.45078,135.222,3.5347,20,0.6066,12.132,2.03136,6.70174,4425.501,6168.335,15642.944,0.105205,0.698708,81.212,100.349,0.41774,1.47661,0.902505,B,0.0,0.039548
11628.867,0.25275,170.113,2.6507,14,0.7503,10.504,1.96261,5.14234,5656.033,5972.834,14992.435,0.090114,0.406766,82.492,100.319,0.48638,1.28924,0.826592,B,0.0,-0.037418
9636.221,0.21981,202.116,1.2404,15,0.6824,10.236,1.91251,3.67478,6497.102,3139.12,8058.889,0.089104,0.490345,83.608,102.318,0.67424,0.83631,0.726689,B,-0.001,-0.031835
9367.262,0.58489,201.722,1.0103,27,0.8987,24.266,1.91307,7.91098,2452.567,6914.695,2477.815,0.137484,0.743585,84.234,103.973,0.26182,0.26452,0.938456,B,0.0,-0.034332
10536.595,0.25031,201.534,2.6502,29,0.6048,17.538,1.91334,8.26196,5626.194,4910.4,14910.304,0.026427,0.506822,82.761,102.402,0.53397,1.4151,0.943624,B,0.001,0.032917
7204.158,0.5165,193.815,2.4816,17,0.7023,11.939,1.92458,5.57128,2711.57,4492.588,6729.144,0.178868,0.720277,84.517,103.481,0.37639,0.93406,0.869652,B,0.0,0.026697
9416.606,0.47567,210.71,4.2697,25,0.8732,21.829,1.9006,11.35793,3364.213,6052.393,14364.036,0.024559,0.726416,83.031,104.229,0.35726,1.52539,0.981554,B,0.0,0.020155
10899.574,0.53483,217.083,1.4909,28,0.7623,21.344,1.89212,8.14682,3478.774,7420.799,5186.467,0.099408,0.73895,84.216,104.564,0.31917,0.47584,0.940677,B,0.001,0.001776
8290.714,0.31851,185.624,4.1876,14,0.7676,10.747,1.93708,5.73585,4170.931,4119.783,17466.328,0.080678,0.559296,82.937,102.056,0.50308,2.10673,0.87257,B,0.0,-0.005208
8028.244,0.26698,190.559,4.4319,20,0.8545,17.09,1.92948,9.16447,4523.653,3504.59,20048.349,0.018035,0.58832,82.282,102.468,0.56347,2.49723,0.961938,B,0.001,-0.023888
9023.533,0.42895,198.697,4.2812,20,0.7186,14.372,1.91741,7.58441,3838.727,5184.806,16434.523,0.068838,0.695564,83.228,103.528,0.42541,1.8213,0.931729,B,0.0,0.029791
8735.311,0.25709,166.496,1.4974,26,0.8034,20.888,1.96894,8.48493,4857.867,3877.443,7274.06,0.022823,0.550582,81.464,101.089,0.55612,0.83272,0.95063,B,0.001,0.039685
11496.834,0.66217,132.363,3.2467,14,0.6832,9.565,2.03788,5.20581,2736.02,8760.813,8883.112,0.470116,0.722148,85.892,100.329,0.23798,0.77266,0.831043,B,0.001,0.008205
7678.257,0.43137,207.117,1.6512,29,0.6757,19.597,1.90551,7.86923,3308.11,4370.147,5462.373,0.059297,0.713022,83.376,103.994,0.43084,0.71141,0.940776,B,0.0,-0.002231
12115.694,0.55743,137.264,4.6544,22,0.7278,16.011,2.0268,9.31089,3927.314,8188.381,18279.432,0.070289,0.791078,80.847,101.081,0.32415,1.50874,0.959126,B,-0.001,-0.043732
7829.676,0.65637,135.601,1.8649,17,0.9,15.3,2.03051,7.05402,1811.338,6018.338,3377.986,0.224607,0.786323,82.806,100.95,0.23134,0.43143,0.920836,B,0.0,-0.032349
8311.313,0.56024,168.172,2.0224,22,0.7126,15.678,1.96599,7.09144,2324.483,5986.83,4700.99,0.158934,0.71605,83.326,102.264,0.27968,0.56561,0.920658,B,0.0,0.020992
10020.978,0.73849,198.989,0.9611,15,0.8323,12.484,1.91699,3.98146,1448.323,8572.656,1391.958,0.95,0.702761,94.869,103.588,0.14453,0.1389,0.814078,B,-0.001,-0.04311
8941.438,0.62589,219.415,2.0088,22,0.8408,18.497,1.8891,7.8553,2697.367,6244.07,5418.47,0.128504,0.84075,84.671,105.327,0.30167,0.606,0.938062,B,0.001,0.032328
8784.169,0.69573,138.342,3.7164,20,0.8022,16.045,2.02442,8.9169,2088.146,6696.022,7760.471,0.124409,0.873901,81.611,101.692,0.23772,0.88346,0.957492,B,0.001,-0.034579
7292.447,0.54671,193.481,3.4339,26,0.7267,18.895,1.92508,9.58426,2705.773,4586.673,9291.312,0.047284,0.841334,82.768,104.266,0.37104,1.2741,0.96791,B,0.001,-0.010013
7433.436,0.41697,200.816,1.9752,27,0.6108,16.492,1.91436,7.10982,3084.465,4348.97,6092.484,0.07702,0.658075,83.406,103.37,0.41494,0.81961,0.923354,B,0.001,0.005882
12008.866,0.62874,180.489,1.0415,18,0.7459,13.426,1.94525,4.55762,3214.47,8794.395,3347.805,0.505247,0.673875,88.358,102.577,0.26767,0.27878,0.784899,B,0.001,0.030154
12940.484,0.53603,184.977,2.9834,26,0.8467,22.014,1.9381,10.91018,4316.542,8623.942,12878.123,0.0384,0.785103,82.356,103.517,0.33357,0.99518,0.976104,B,0.0,0.04969
12659.591,0.38334,191.095,3.155,25,0.8489,21.222,1.92866,10.58448,5611.04,7048.551,17702.803,0.022984,0.670197,82.366,103.032,0.44322,1.39837,0.973425,B,0.0,0.045736
10112.562,0.39143,162.301,4.6455,23,0.7078,16.28,1.97649,9.12724,4989.089,5123.473,23176.625,0.032628,0.740829,81.428,102.132,0.49336,2.29186,0.958876,B,0.0,-0.041231
8134.114,0.6871,154.198,1.9748,15,0.7293,10.939,1.99174,5.00364,2121.129,6012.984,4188.873,0.431694,0.777192,86.365,101.948,0.26077,0.51498,0.836162,B,0.001,0.028006
9735.918,0.76844,183.732,2.9378,28,0.7685,21.518,1.94006,10.63906,1465.659,8270.259,4305.795,0.122274,0.882959,83.419,104.106,0.15054,0.44226,0.976046,B,0.0,-0.042777
10757.587,0.5459,179.639,3.5044,22,0.8391,18.46,1.94663,9.56656,3425.118,7332.469,12002.947,0.061626,0.772106,82.471,103.185,0.31839,1.11577,0.964057,B,0.0,0.047112
9745.845,0.38363,188.54,1.6187,25,0.8455,21.137,1.93256,8.608,4813.128,4932.717,7791.011,0.037891,0.720984,82.475,103.254,0.49386,0.79942,0.951221,B,0.0,0.014251
10927.113,0.26115,155.883,2.0205,17,0.6668,11.336,1.98849,5.2122,6099.6,4827.513,12324.477,0.077577,0.493087,81.76,100.163,0.55821,1.12788,0.834177,B,-0.0,0.042988
9713.337,0.76803,210.935,3.0665,14,0.8393,11.75,1.9003,5.6883,1977.033,7736.304,6062.473,0.510905,0.833734,89.458,104.946,0.20354,0.62414,0.864603,B,0.0,0.038492
11570.02,0.70684,153.441,1.7491,24,0.6906,16.574,1.99321,7.27357,2081.772,9488.248,3641.303,0.322556,0.791152,84.892,101.999,0.17993,0.31472,0.917892,B,0.0,0.018506
12169.882,0.52571,170.71,3.4175,19,0.7506,14.262,1.96158,7.43376,3815.254,8354.628,13038.564,0.132417,0.705313,83.073,102.318,0.3135,1.07138,0.921035,B,-0.0,-0.003561
11453.379,0.49334,182.48,1.4192,26,0.605,15.731,1.94205,6.12529,4275.094,7178.286,6067.124,0.161663,0.690881,83.894,102.781,0.37326,0.52972,0.877687,B,-0.001,-0.055935
10948.394,0.47806,199.173,3.9408,24,0.7753,18.607,1.91672,9.6556,4525.755,6422.638,17834.955,0.040517,0.78637,82.87,104.148,0.41337,1.629,0.964965,B,0.001,0.049376
12732.199,0.56666,213.132,3.5938,20,0.6747,13.495,1.89735,6.76135,4206.356,8525.844,15116.977,0.174096,0.76034,85.08,104.549,0.33037,1.1873,0.8985,B,-0.001,-0.022096
10980.168,0.77231,142.781,2.1977,25,0.8379,20.947,2.01485,10.08542,1067.482,9912.686,2345.963,0.239668,0.829668,83.335,101.66,0.09722,0.21365,0.96983,B,0.0,0.013904
7400.512,0.77656,161.59,1.8802,24,0.6052,14.525,1.9778,6.4666,1224.4,6176.113,2302.11,0.450097,0.841275,86.91,102.759,0.16545,0.31107,0.904105,B,-0.001,0.033368
12946.793,0.21603,182.44,1.9874,15,0.8268,12.402,1.94212,5.47646,7292.684,5654.109,14493.536,0.061396,0.415476,82.569,100.961,0.56328,1.11947,0.839915,B,-0.0,0.007474
12568.372,0.76183,187.606,2.9168,18,0.8395,15.112,1.934,7.42275,2572.119,9996.254,7502.249,0.298403,0.881075,85.881,104.269,0.20465,0.59691,0.91984,B,-0.001,-0.014678
8063.045,0.59768,187.34,2.6228,27,0.7564,20.423,1.93441,9.75546,2320.054,5742.991,6085.043,0.06436,0.813136,82.782,103.808,0.28774,0.75468,0.969016,B,0.0,-0.03067
8183.628,0.42328,158.587,1.6083,24,0.8858,21.258,1.98337,8.97621,3859.699,4323.929,6207.388,0.036667,0.768381,81.332,102.122,0.47164,0.75851,0.959144,B,-0.0,0.017588
12695.383,0.48999,206.943,0.9364,24,0.7569,18.165,1.90575,5.66453,5146.198,7549.186,4818.75,0.179925,0.701361,84.962,103.91,0.40536,0.37957,0.851152,B,-0.001,-0.023601
9943.561,0.51669,215.69,2.0526,27,0.6997,18.893,1.89395,8.11353,3070.882,6872.679,6303.346,0.097609,0.703939,84.15,104.279,0.30883,0.63391,0.941658,B,0.0,0.046029
11902.01,0.43669,158.164,2.8858,14,0.8255,11.557,1.98416,5.88098,4857.781,7044.229,14018.692,0.144387,0.638266,82.736,101.241,0.40815,1.17784,0.86505,B,0.0,-0.003545
11663.475,0.3394,190.03,3.0356,20,0.7037,14.074,1.93028,6.96249,6539.539,5123.935,19851.227,0.055567,0.70164,82.76,103.192,0.56069,1.702,0.908203,B,0.001,0.043098
12135.524,0.54985,167.321,1.2355,18,0.6719,12.095,1.96748,4.52366,4755.964,7379.56,5875.761,0.306497,0.706693,85.241,102.16,0.3919,0.48418,0.781547,B,-0.0,-0.054222
9359.573,0.73032,184.28,0.9868,19,0.8773,16.669,1.9392,5.48318,1687.902,7671.671,1665.635,0.582825,0.762774,89.518,103.338,0.18034,0.17796,0.856082,B,0.0,-0.019305
12035.968,0.61675,165.227,3.5955,28,0.8958,25.082,1.9712,13.31756,3341.051,8694.917,12012.834,0.022292,0.845167,81.408,102.97,0.27759,0.99808,0.989967,B,0.0,0.047639
10335.615,0.48299,193.246,4.0692,19,0.6312,11.992,1.92543,6.30694,3227.393,7108.222,13132.959,0.17183,0.624267,84.404,102.823,0.31226,1.27065,0.88891,B,0.0,0.007326
9227.049,0.39702,212.903,4.5094,24,0.7033,16.879,1.89765,8.85023,4196.232,5030.817,18922.67,0.038509,0.696059,83.284,104.116,0.45478,2.05078,0.955889,B,0.0,-0.015154
9569.117,0.37859,193.445,4.1778,29,0.7285,21.128,1.92513,11.16579,4331.125,5237.991,18094.638,0.016579,0.677924,82.362,103.186,0.45261,1.89094,0.980179,B,0.001,0.006473
12532.634,0.6524,160.738,2.0566,20,0.7085,14.17,1.97937,6.50984,2790.406,9742.227,5738.819,0.32298,0.746751,85.198,102.091,0.22265,0.45791,0.889773,B,0.001,0.027337
9031.234,0.30125,191.683,2.3265,17,0.6607,11.232,1.92777,5.1562,4941.62,4089.614,11496.88,0.087951,0.558992,83.244,102.324,0.54717,1.27301,0.840253,B,0.0,-0.022687
12381.692,0.75575,158.55,1.0224,14,0.7149,10.009,1.98344,3.4652,2546.654,9835.038,2603.718,0.95,0.705449,93.386,101.705,0.20568,0.21029,0.741455,B,-0.0,0.024707
11246.633,0.55893,185.734,4.0125,22,0.6062,13.336,1.93691,7.05756,3570.643,7675.99,14327.361,0.154456,0.747074,83.915,103.3,0.31749,1.27392,0.912265,B,0.0,0.040794
9007.412,0.38402,183.757,2.5143,26,0.8163,21.223,1.94002,10.06262,4019.436,4987.976,10106.12,0.024667,0.673596,82.132,102.725,0.44624,1.12198,0.971337,B,0.0,-0.001753
7547.21,0.4703,152.96,3.3379,21,0.7825,16.433,1.99415,8.72762,2655.281,4891.929,8863.193,0.058376,0.693889,81.385,101.331,0.35182,1.17437,0.95633,B,0.0,-0.007543
12082.325,0.58959,175.937,2.9582,21,0.7086,14.881,1.95272,7.44264,3703.495,8378.83,10955.689,0.151042,0.783426,83.516,103.086,0.30652,0.90675,0.921474,B,0.0,0.041433
7519.181,0.46193,134.886,3.7408,23,0.7837,18.026,2.03212,10.08547,3549.667,3969.514,13278.659,0.026543,0.851274,80.158,101.336,0.47208,1.76597,0.972874,B,-0.0,-0.027593
12677.917,0.23318,157.822,1.998,25,0.6092,15.231,1.98481,6.95825,7605.944,5071.973,15196.721,0.036768,0.527726,81.302,100.494,0.59994,1.19868,0.905402,B,-0.0,-0.030686
8776.209,0.4035,169.565,4.2407,24,0.7258,17.418,1.96356,9.51029,4200.969,4575.241,17815.031,0.029105,0.74727,81.666,102.539,0.47868,2.02992,0.965473,B,-0.001,-0.009213
12688.407,0.30584,219.481,1.8733,29,0.7113,20.627,1.88901,8.55382,6913.083,5775.324,12950.469,0.030389,0.635559,83.378,103.975,0.54483,1.02065,0.945865,B,0.0,-0.018429
7113.807,0.31312,191.967,4.4517,18,0.694,12.492,1.92735,6.69293,3547.435,3566.372,15792.067,0.055108,0.569756,82.82,102.407,0.49867,2.21992,0.912235,B,0.0,0.021355
7348.706,0.44546,211.519,2.8689,17,0.6924,11.771,1.89951,5.60026,2728.666,4620.04,7828.327,0.155531,0.616694,84.785,103.537,0.37131,1.06527,0.870357,B,0.0,0.011475
12307.04,0.41715,164.116,2.8073,27,0.8661,23.386,1.9732,11.71954,5299.601,7007.439,14877.819,0.017134,0.719683,81.296,102.085,0.43062,1.20889,0.982313,B,0.0,-0.056349
8168.436,0.3204,194.517,2.1187,25,0.6844,17.109,1.92354,7.60345,4023.812,4144.624,8525.295,0.042944,0.589775,82.746,102.651,0.4926,1.04369,0.933975,B,0.0,-0.027308
8194.103,0.23163,160.392,2.3847,26,0.7362,19.142,1.98001,9.21245,4931.85,3262.253,11761.077,0.014481,0.559926,81.112,100.84,0.60188,1.43531,0.962374,B,-0.0,-0.038315
9966.134,0.36438,141.42,4.4996,28,0.8909,24.946,2.01775,14.32754,4195.346,5770.787,18877.303,0.005742,0.625108,80.186,100.231,0.42096,1.89415,0.993367,B,0.001,0.00511
10144.813,0.40886,150.775,4.1448,26,0.6668,17.337,1.99845,9.67039,3882.866,6261.947,16093.889,0.03636,0.639839,81.002,100.856,0.38274,1.58642,0.965963,B,0.0,-0.010671
8148.557,0.49519,168.326,2.1144,21,0.6641,13.946,1.96572,6.39891,3010.097,5138.461,6364.429,0.134834,0.706283,83.014,102.208,0.3694,0.78105,0.899416,B,-0.001,0.012871
12304.498,0.75725,160.649,1.3863,26,0.7175,18.654,1.97953,7.40013,2210.016,10094.482,3063.803,0.33814,0.849003,85.395,102.761,0.17961,0.249,0.919797,B,0.0,0.040799
7560.262,0.23159,171.907,4.543,14,0.8914,12.479,1.95952,6.88036,4472.419,3087.842,20318.204,0.032648,0.519725,81.802,101.152,0.59157,2.6875,0.916602,B,0.001,0.036858
7811.193,0.60026,170.902,4.6472,25,0.7088,17.721,1.96124,9.82266,2374.743,5436.45,11036.019,0.059274,0.836566,82.115,103.194,0.30402,1.41285,0.969979,B,0.0,0.036963
12869.276,0.37978,212.209,0.9815,28,0.8063,22.577,1.89858,7.16962,6064.736,6804.54,5952.451,0.071175,0.654831,83.693,103.816,0.47126,0.46253,0.911681,B,0.0,0.012322
9770.15,0.60389,176.602,2.9359,28,0.6124,17.146,1.95162,8.55203,2622.704,7147.446,7700.116,0.111989,0.784396,83.025,103.124,0.26844,0.78813,0.950219,B,0.0,-0.046167
7455.736,0.20776,194.778,2.1095,24,0.8499,20.399,1.92315,9.04998,4473.091,2982.644,9436.119,0.013469,0.499133,82.366,102.064,0.59995,1.26562,0.961105,B,0.001,0.019601
7583.875,0.45734,169.928,1.3779,16,0.7494,11.991,1.96293,4.68621,3449.099,4134.776,4752.425,0.180895,0.68794,83.683,102.166,0.45479,0.62665,0.820112,B,0.0,0.006827
8918.826,0.27211,146.687,1.8677,26,0.7743,20.132,2.00671,9.13217,4286.258,4632.568,8005.641,0.022415,0.503139,80.641,99.727,0.48059,0.89761,0.960412,B,-0.0,-0.000361
9209.009,0.21453,138.857,4.1953,22,0.7694,16.927,2.02329,9.633,5051.043,4157.966,21190.696,0.013112,0.459221,80.166,98.986,0.54849,2.30108,0.966478,B,0.0,-0.04588
12317.287,0.59858,161.127,1.8215,24,0.6598,15.835,1.97865,6.97616,3388.367,8928.92,6171.829,0.202505,0.748878,83.624,102.125,0.27509,0.50107,0.906934,B,0.0,0.048641
9313.003,0.22182,158.694,1.0382,15,0.8688,13.032,1.98317,4.54502,5613.369,3699.633,5827.531,0.073446,0.446951,81.821,100.006,0.60275,0.62574,0.800429,B,0.001,-0.023843
9375.096,0.48385,157.69,2.798,19,0.711,13.509,1.98506,6.82381,3552.928,5822.167,9941.135,0.114985,0.708944,82.329,101.683,0.37898,1.06038,0.909938,B,0.001,0.016412
9737.866,0.38748,138.972,4.0512,15,0.6865,10.298,2.02304,5.81939,4987.526,4750.34,20205.466,0.097912,0.691511,81.291,100.526,0.51218,2.07494,0.870579,B,0.0,-0.022692
8989.452,0.76698,190.37,1.3584,14,0.8535,11.949,1.92976,4.52428,1545.732,7443.721,2099.653,0.887787,0.741892,93.757,103.473,0.17195,0.23357,0.800966,B,-0.001,0.01206
9477.481,0.28,216.148,1.8128,18,0.8347,15.024,1.89335,6.18101,5727.788,3749.693,10383.453,0.052417,0.627642,83.567,103.793,0.60436,1.09559,0.886863,B,0.0,-0.003598
12396.573,0.7082,180.495,1.6942,28,0.729,20.412,1.94524,8.54066,3074.525,9322.048,5208.979,0.154037,0.890966,83.722,104.01,0.24801,0.4202,0.946056,B,0.0,0.034573
12272.509,0.24946,141.9,1.856,21,0.7018,14.737,2.01672,6.71795,6966.878,5305.632,12930.753,0.044709,0.518328,80.722,99.554,0.56768,1.05364,0.89826,B,-0.001,-0.039677
10352.709,0.78976,188.732,4.6145,24,0.8439,20.253,1.93227,10.96437,2032.096,8320.613,9377.126,0.087611,0.961246,83.138,104.848,0.19629,0.90577,0.978225,B,0.0,-0.034467
7602.936,0.49612,156.402,2.3977,25,0.6593,16.482,1.9875,7.98936,2825.807,4777.129,6775.529,0.075615,0.744857,81.756,101.852,0.37167,0.89117,0.943352,B,0.0,0.017236
11447.394,0.3663,198.891,1.8968,28,0.8029,22.48,1.91713,9.58,5384.686,6062.709,10213.676,0.028422,0.66639,82.701,103.344,0.47039,0.89223,0.963502,B,-0.001,0.008226
9057.741,0.33444,189.567,3.2682,19,0.6961,13.225,1.93099,6.66374,4580.644,4477.097,14970.682,0.062381,0.612799,82.833,102.586,0.50572,1.65281,0.905673,B,0.0,-0.034818
12165.67,0.32455,211.484,1.3416,28,0.8075,22.611,1.89956,8.31217,6041.932,6123.738,8105.878,0.037941,0.607331,83.232,103.474,0.49664,0.66629,0.941942,B,0.0,-0.004667
11184.804,0.4763,158.428,3.7279,23,0.8633,19.857,1.98367,10.72429,4398.047,6786.757,16395.579,0.029396,0.765912,81.229,102.097,0.39322,1.46588,0.975731,B,0.0,-0.021472
10313.154,0.62644,148.394,1.0771,16,0.8449,13.518,2.00323,4.87034,3014.181,7298.973,3246.691,0.393423,0.722673,85.612,101.271,0.29227,0.31481,0.81645,B,0.0,-0.046655
8725.846,0.49493,158.272,4.3371,23,0.7167,16.484,1.98396,9.17705,3504.129,5221.717,15197.753,0.047743,0.795025,81.465,102.281,0.40158,1.74169,0.961262,B,0.0,-0.010228
10454.341,0.48946,142.672,3.5676,25,0.8623,21.557,2.01508,11.7972,3856.668,6597.673,13758.9,0.021651,0.762912,80.452,101.213,0.36891,1.31609,0.983682,B,0.0,0.037123
12701.57,0.38645,191.672,2.526,23,0.7538,17.338,1.92779,8.15252,5871.95,6829.619,14832.751,0.052096,0.673921,82.77,103.082,0.4623,1.16779,0.937679,B,0.001,-0.007047
11352.324,0.58518,153.284,2.216,29,0.8852,25.67,1.99351,12.20311,3405.086,7947.238,7545.637,0.028353,0.823758,81.002,102.206,0.29995,0.66468,0.985467,B,0.0,0.007675
9228.512,0.26525,190.543,3.0801,19,0.7597,14.435,1.9295,7.1623,5052.242,4176.27,15561.439,0.038587,0.539448,82.553,102.145,0.54746,1.68623,0.920359,B,0.0,0.031447
10942.011,0.43826,137.639,1.0761,21,0.7009,14.719,2.02597,5.38653,5052.822,5889.189,5437.208,0.148126,0.687198,81.892,100.418,0.46178,0.49691,0.843925,B,0.0,-0.047473
8735.255,0.4195,198.148,2.0171,27,0.7664,20.692,1.91821,9.01134,4301.037,4434.218,8675.717,0.034985,0.79246,82.763,104.144,0.49238,0.99318,0.958937,B,-0.0,0.027297
8687.626,0.24683,215.5,2.9825,27,0.7135,19.265,1.8942,9.2164,4832.286,3855.34,14412.213,0.016935,0.534973,83.079,103.156,0.55623,1.65894,0.961838,B,0.0,0.029156
11082.361,0.35147,138.868,2.2852,27,0.8713,23.525,2.02327,11.53213,5951.443,5130.918,13600.069,0.011936,0.745312,80.151,100.875,0.53702,1.22718,0.981763,B,0.0,-0.053759
12243.729,0.27848,210.014,3.9022,22,0.8564,18.841,1.90154,9.63851,6569.316,5674.413,25634.673,0.018984,0.578902,82.935,103.227,0.53655,2.0937,0.963423,B,0.0,-0.007278
11292.698,0.3793,211.799,1.3713,28,0.8874,24.846,1.89913,9.21564,5162.153,6130.545,7078.805,0.034251,0.66985,83.193,103.899,0.45712,0.62685,0.958722,B,0.0,-0.034119
8852.416,0.2398,197.758,1.963,26,0.6386,16.604,1.91877,7.16863,5771.683,3080.734,11329.869,0.02889,0.634947,82.669,103.088,0.65199,1.27986,0.921453,B,-0.001,-0.037376
8287.379,0.27615,213.513,3.4124,14,0.6044,8.461,1.89684,4.18913,4670.514,3616.865,15937.705,0.107283,0.494214,84.21,102.808,0.56357,1.92313,0.781057,B,0.0,-0.012362
11756.537,0.75733,194.951,3.0864,28,0.834,23.353,1.92289,11.53232,2816.165,8940.372,8691.69,0.058784,0.977369,82.97,105.227,0.23954,0.73931,0.981407,B,0.0,-0.009718
8477.832,0.48701,178.557,2.2016,29,0.8969,26.009,1.94839,11.92954,2974.394,5503.439,6548.406,0.020361,0.739209,81.887,102.918,0.35084,0.77242,0.985332,B,-0.001,0.035686
11406.42,0.66558,168.729,2.9278,14,0.762,10.668,1.96501,5.37138,2228.641,9177.779,6525.013,0.541744,0.695657,88.401,102.157,0.19538,0.57205,0.840969,B,0.0,-0.054072
11570.86,0.5958,187.102,1.7435,14,0.7257,10.16,1.93478,4.26142,3040.807,8530.052,5301.704,0.534227,0.617748,88.976,102.508,0.2628,0.45819,0.764359,B,0.001,0.014624
7018.595,0.40904,215.818,1.5071,19,0.8402,15.964,1.89378,6.12804,2997.306,4021.288,4517.244,0.10212,0.637806,84.213,103.847,0.42705,0.64361,0.893383,B,0.001,-0.000404
12994.378,0.22025,176.039,1.6861,16,0.7962,12.739,1.95255,5.35092,7392.071,5602.307,12463.842,0.064851,0.425305,82.382,100.727,0.56887,0.95917,0.832504,B,0.0,-0.060621
12994.519,0.77557,136.874,3.3179,20,0.6829,13.659,2.02766,7.41893,1915.18,11079.339,6354.354,0.427396,0.83575,85.542,101.353,0.14738,0.489,0.91878,B,0.0,0.06126
8209.333,0.32212,164.067,0.9439,24,0.8128,19.507,1.97329,6.43803,3910.161,4299.173,3690.766,0.067228,0.55395,81.955,100.989,0.47631,0.44958,0.900593,B,-0.001,-0.008841
9115.696,0.67821,212.449,1.3825,21,0.8559,17.974,1.89826,6.68477,2054.917,7060.78,2840.958,0.282212,0.793454,86.486,104.741,0.22543,0.31166,0.906197,B,-0.001,0.029814
12601.557,0.38664,167.316,1.2842,18,0.885,15.93,1.96749,6.06089,6244.754,6356.804,8019.29,0.100827,0.667409,82.526,101.901,0.49555,0.63637,0.87077,B,-0.001,0.037986
8608.801,0.54468,160.329,2.1252,20,0.8327,16.654,1.98012,7.73671,3219.812,5388.989,6842.59,0.093055,0.814523,82.147,102.517,0.37401,0.79484,0.936103,B,0.0,-0.033364
9453.583,0.30583,180.377,1.4941,27,0.716,19.333,1.94543,7.70727,5435.295,4018.287,8121.134,0.035249,0.67183,82.15,102.558,0.57495,0.85905,0.933734,B,0.001,-0.00518
7714.222,0.26073,171.913,4.7114,26,0.8512,22.13,1.95951,12.28029,4153.854,3560.368,19570.537,0.006131,0.557777,81.452,101.403,0.53847,2.53694,0.987338,B,0.0,-0.029559
12126.217,0.42912,211.272,1.774,26,0.6267,16.293,1.89984,6.68701,4560.912,7565.306,8090.87,0.116858,0.617373,84.267,103.531,0.37612,0.66722,0.897575,B,-0.001,0.007523
9416.708,0.55199,151.649,2.8592,17,0.6676,11.349,1.99672,5.81451,3082.945,6333.762,8814.653,0.216458,0.715309,83.416,101.402,0.32739,0.93607,0.871616,B,0.001,0.003578
12584.029,0.40809,146.495,2.9248,27,0.7559,20.409,2.0071,10.59577,5270.575,7313.454,15415.346,0.025736,0.683633,80.676,100.907,0.41883,1.22499,0.973586,B,0.0,0.054378
12924.097,0.3508,170.807,2.1164,27,0.7109,19.194,1.96141,8.78132,6268.841,6655.255,13267.375,0.036391,0.646944,81.81,101.938,0.48505,1.02656,0.949681,B,0.001,0.066544
10239.972,0.47973,162.848,3.2062,14,0.6359,8.902,1.9755,4.61989,4330.21,5909.762,13883.333,0.226812,0.665053,84.013,101.66,0.42287,1.3558,0.80007,B,0.0,-0.02677
9083.086,0.46297,201.283,2.7239,28,0.8025,22.469,1.91369,10.66714,3689.564,5393.523,10049.904,0.026501,0.761541,82.754,104.073,0.4062,1.10644,0.976749,B,-0.001,0.030291
7461.53,0.68706,200.539,3.0935,21,0.8864,18.614,1.91476,9.13756,1330.007,6131.524,4114.376,0.145422,0.80455,84.3,104.325,0.17825,0.55141,0.962272,B,-0.001,-0.01111
11752.026,0.73108,176.974,4.2898,17,0.8267,14.053,1.951,7.61674,2063.062,9688.965,8850.067,0.30482,0.821842,85.584,103.389,0.17555,0.75307,0.926805,B,-0.001,0.010236
12859.243,0.58907,218.52,3.3245,14,0.6509,9.113,1.89025,4.46065,3499.345,9359.898,11633.63,0.493293,0.624882,89.459,103.868,0.27213,0.90469,0.772119,B,0.0,-0.039901
7293.735,0.61707,211.328,2.509,15,0.7605,11.407,1.89977,5.23402,2060.966,5232.769,5170.991,0.321255,0.733572,86.967,104.301,0.28257,0.70896,0.852891,B,-0.0,0.036603
11903.548,0.34665,148.056,2.1699,19,0.7702,14.634,2.00392,6.96306,6202.304,5701.244,13458.437,0.06148,0.656893,81.216,100.818,0.52105,1.13062,0.907592,B,0.0,-0.060011
8378.031,0.38185,217.193,1.776,28,0.7049,19.738,1.89198,8.05175,3930.848,4447.183,6981.31,0.046238,0.678501,83.518,104.17,0.46919,0.83329,0.943187,B,0.0,-0.021525
9717.286,0.60018,183.555,2.9173,20,0.8444,16.889,1.94034,8.33709,2977.909,6739.377,8687.51,0.104944,0.819013,83.184,103.676,0.30645,0.89403,0.946416,B,0.0,-0.030346
9158.12,0.72061,163.731,3.7303,29,0.819,23.75,1.97389,12.73588,2234.173,6923.947,8334.241,0.033372,0.942361,81.495,103.535,0.24396,0.91004,0.988702,B,0.0,0.016413
10361.561,0.24812,179.584,3.1898,25,0.67,16.749,1.94672,8.49434,5580.645,4780.917,17800.873,0.023819,0.509949,81.97,101.453,0.53859,1.71797,0.948297,B,-0.001,-0.038711
9035.059,0.40698,207.167,3.0477,24,0.7437,17.849,1.90544,8.66457,4153.746,4881.312,12659.559,0.041426,0.718054,83.141,104.03,0.45974,1.40116,0.953205,B,0.001,-0.030377
12426.523,0.62247,138.963,3.0634,25,0.6069,15.173,2.02306,8.05985,3594.55,8831.973,11011.488,0.137473,0.819859,81.812,101.372,0.28926,0.88613,0.936115,B,-0.0,0.011648
7221.238,0.48068,208.42,2.0992,20,0.8102,16.204,1.90372,7.06617,2804.292,4416.946,5886.843,0.095667,0.725124,83.897,104.127,0.38834,0.81521,0.922711,B,0.0,-0.007072
10636.615,0.38139,210.379,2.4795,20,0.6868,13.737,1.90105,6.28844,4868.779,5767.837,12072.357,0.093995,0.623987,83.937,103.539,0.45774,1.13498,0.887188,B,-0.001,0.002407
11018.303,0.46776,134.172,2.3313,14,0.6745,9.444,2.03374,4.69141,4457.867,6560.436,10392.802,0.23066,0.628875,82.818,99.824,0.40459,0.94323,0.800492,B,0.0,-0.02438
12750.12,0.25057,145.912,2.1291,25,0.6282,15.704,2.00831,7.45082,7121.248,5628.872,15161.823,0.035791,0.522303,80.783,99.81,0.55852,1.18915,0.920222,B,0.0,-0.055751
10532.265,0.66222,182.526,3.0893,21,0.7587,15.934,1.94198,7.98916,2144.33,8387.935,6624.493,0.201713,0.779943,84.425,103.371,0.2036,0.62897,0.937984,B,0.0,0.026103
9591.893,0.66276,205.095,2.2054,18,0.8564,15.416,1.90832,6.8542,2885.868,6706.025,6364.524,0.197595,0.862942,85.136,104.901,0.30087,0.66353,0.9103,B,0.0,-0.020708
8137.28,0.55355,143.723,2.806,16,0.6812,10.899,2.01286,5.62123,2812.668,5324.611,7892.259,0.211398,0.734291,83.004,101.084,0.34565,0.96989,0.867997,B,0.001,-0.014982
8842.91,0.38935,202.31,1.1687,24,0.8245,19.787,1.91223,6.91258,3956.888,4886.021,4624.401,0.074732,0.644142,83.424,103.341,0.44746,0.52295,0.914114,B,0.001,-0.010484
11849.746,0.69171,170.95,1.4325,16,0.7761,12.418,1.96116,4.92559,3233.98,8615.767,4632.822,0.477142,0.772251,87.633,102.772,0.27292,0.39096,0.811743,B,-0.001,-0.014561
7069.985,0.75577,163.387,1.0043,19,0.6881,13.074,1.97452,4.45685,1540.66,5529.325,1547.254,0.6648,0.781122,89.816,102.454,0.21792,0.21885,0.808315,B,0.0,-0.025607
12241.975,0.59815,208.969,4.4695,18,0.7783,14.01,1.90297,7.36601,3364.301,8877.674,15036.649,0.176352,0.757996,84.98,104.367,0.27482,1.22829,0.918976,B,0.0,-0.005245
12055.673,0.40932,218.223,2.5751,15,0.6793,10.19,1.89064,4.67479,6013.755,6041.918,15485.827,0.169636,0.64789,85.178,104.008,0.49883,1.28453,0.793268,B,0.0,-0.019524
9812.693,0.2455,201.419,2.0616,22,0.718,15.797,1.9135,6.90277,5735.673,4077.02,11824.395,0.037288,0.538429,82.901,102.606,0.58452,1.20501,0.911221,B,0.0,-0.041445
11937.348,0.44379,171.767,2.2268,16,0.7963,12.741,1.95976,5.91567,4928.052,7009.296,10973.646,0.143464,0.654938,83.259,102.038,0.41283,0.91927,0.866545,B,0.0,0.023313
8533.407,0.68047,134.693,2.6103,29,0.8522,24.714,2.03255,12.67409,2074.515,6458.892,5415.041,0.031694,0.888852,80.217,101.572,0.24311,0.63457,0.988677,B,0.0,-0.021289
8080.102,0.68419,139.799,1.7486,15,0.7945,11.917,2.02124,5.33512,2015.741,6064.361,3524.629,0.399432,0.778844,85.309,101.151,0.24947,0.43621,0.854359,B,0.0,-0.01765
11523.596,0.23967,155.556,4.1903,14,0.7796,10.914,1.98912,6.05933,6701.216,4822.38,28080.244,0.051691,0.500881,81.405,100.197,0.58152,2.43676,0.874578,B,-0.0,0.02918
11289.422,0.20189,217.618,1.195,29,0.6987,20.263,1.89143,7.03053,6630.176,4659.246,7922.89,0.030484,0.445795,83.323,102.65,0.58729,0.7018,0.911321,B,0.0,0.038552
9060.853,0.26225,157.832,3.1321,24,0.609,14.616,1.98479,7.59486,5179.957,3880.895,16224.255,0.031239,0.570576,81.229,100.777,0.57169,1.79059,0.9319,B,0.001,0.046477
11239.858,0.21623,177.718,2.9738,14,0.6745,9.442,1.94977,4.71821,6894.55,4345.308,20502.741,0.070122,0.448063,82.513,100.957,0.6134,1.82411,0.80108,B,0.0,-0.036878
7764.064,0.5711,150.394,2.551,26,0.7879,20.486,1.99921,10.19525,2788.078,4975.986,7112.428,0.041844,0.867652,81.058,102.338,0.3591,0.91607,0.973689,B,0.0,-0.03159
7260.391,0.49188,149.313,1.6225,21,0.6737,14.147,2.00138,6.07261,2460.006,4800.386,3991.242,0.159068,0.662434,82.559,100.924,0.33883,0.54973,0.890428,B,-0.001,-0.006009
11964.49,0.57435,137.529,2.8505,25,0.8484,21.211,2.02621,11.0883,3485.559,8478.931,9935.689,0.043074,0.792753,80.5,101.108,0.29133,0.83043,0.978152,B,-0.0,-0.030124
9875.142,0.68799,177.402,3.2345,22,0.7595,16.709,1.95029,8.52567,2282.695,7592.447,7383.361,0.150009,0.849733,83.556,103.593,0.23116,0.74767,0.949599,B,0.0,0.021384
11536.883,0.69523,163.276,3.0649,21,0.6365,13.367,1.97472,6.85771,3132.103,8404.78,9599.554,0.242976,0.863768,84.244,102.994,0.27149,0.83208,0.905118,B,-0.0,-0.018701
10196.966,0.59264,212.075,2.4608,17,0.6111,10.388,1.89876,4.73623,2811.86,7385.106,6919.416,0.41201,0.661417,88.188,103.854,0.27575,0.67858,0.808293,B,0.0,-0.019164
9814.151,0.4227,155.966,3.2363,18,0.8783,15.81,1.98833,8.30113,4417.244,5396.907,14295.605,0.051111,0.726845,81.415,101.71,0.45009,1.45663,0.945578,B,0.0,-0.042999
12503.816,0.34263,212.638,2.3883,15,0.622,9.33,1.89801,4.21403,6182.818,6320.998,14766.626,0.170445,0.511042,85.017,102.884,0.49447,1.18097,0.754015,B,0.0,0.056602
12646.009,0.2969,135.299,3.8667,14,0.6694,9.371,2.03119,5.27608,6479.017,6166.993,25052.524,0.098685,0.505149,81.13,99.076,0.51234,1.98106,0.829708,B,-0.001,-0.032068
9867.9,0.35449,192.772,1.2371,29,0.7391,21.433,1.92614,7.7695,4819.098,5048.802,5961.737,0.04766,0.64736,82.749,102.955,0.48836,0.60415,0.934342,B,0.0,0.001198
9031.733,0.32298,189.536,2.8135,28,0.635,17.781,1.93103,8.63252,4800.426,4231.307,13506.02,0.028753,0.65677,82.388,102.874,0.53151,1.4954,0.952682,B,0.0,0.046977
9029.403,0.76978,172.213,3.0179,17,0.7975,13.558,1.959,6.84797,1315.979,7713.424,3971.551,0.466694,0.821493,87.543,103.158,0.14574,0.43985,0.91164,B,0.0,-0.029484
11836.903,0.74478,182.824,0.9736,25,0.8148,20.371,1.94151,6.66751,2474.062,9362.841,2408.867,0.364475,0.845267,86.584,103.816,0.20901,0.2035,0.897714,B,0.0,0.054345
8904.694,0.58399,205.552,4.1692,22,0.8794,19.348,1.90768,10.07886,2754.477,6150.216,11483.944,0.053636,0.821519,83.251,104.646,0.30933,1.28965,0.97159,B,0.001,-0.006177
9776.072,0.53668,201.1,1.7905,14,0.7613,10.658,1.91396,4.43958,3610.97,6165.101,6465.617,0.305142,0.672302,86.426,103.476,0.36937,0.66137,0.789989,B,0.001,-0.046019
7239.71,0.50256,138.734,4.5418,19,0.8619,16.376,2.02356,9.46004,2488.089,4751.621,11300.287,0.048927,0.740094,80.633,100.832,0.34367,1.56088,0.966542,B,0.0,0.007735
8449.694,0.69964,181.134,2.7182,18,0.6846,12.324,1.94421,5.98983,1563.504,6886.19,4249.953,0.443056,0.757894,87.56,103.161,0.18504,0.50297,0.882823,B,0.0,0.021998
12149.333,0.73717,194.488,1.5355,27,0.8777,23.697,1.92358,9.38847,2711.562,9437.771,4163.731,0.131511,0.911181,83.914,104.771,0.22319,0.34271,0.960184,B,0.0,0.00596
12557.62,0.39636,210.811,3.0612,15,0.8667,13.0,1.90046,6.29214,6026.757,6530.863,18449.253,0.09831,0.671412,84.008,103.87,0.47993,1.46917,0.880963,B,0.0,-0.052006
12962.203,0.36291,182.033,0.906,16,0.8155,13.049,1.94277,4.1193,6511.379,6450.824,5899.488,0.186051,0.541427,84.2,101.774,0.50234,0.45513,0.74247,B,0.0,0.014231
8490.792,0.76731,210.985,2.8299,25,0.8998,22.496,1.90023,10.67117,1362.872,7127.92,3856.854,0.108966,0.89319,84.154,105.34,0.16051,0.45424,0.977206,B,0.0,-0.023966
10501.204,0.5577,201.387,1.5617,16,0.7862,12.578,1.91355,4.97637,3493.267,7007.936,5455.428,0.298173,0.687073,86.344,103.586,0.33265,0.51951,0.822148,B,0.001,-0.040042
10372.409,0.77673,215.169,2.274,26,0.6365,16.548,1.89464,7.34467,1378.419,8993.99,3134.497,0.452047,0.826495,88.812,105.067,0.13289,0.3022,0.922658,B,0.0,-0.036696
12213.117,0.22395,162.127,3.2166,27,0.8119,21.922,1.97681,11.39637,7020.591,5192.526,22582.658,0.007696,0.516349,81.092,100.642,0.57484,1.84905,0.980247,B,0.0,-0.058524
9440.979,0.24788,141.074,2.8528,26,0.6427,16.71,2.01849,8.6903,5144.042,4296.937,14674.871,0.021362,0.519046,80.376,99.511,0.54486,1.55438,0.953043,B,0.0,0.034887
12379.324,0.67781,153.615,1.8836,26,0.8515,22.139,1.99287,9.9724,2879.465,9499.859,5423.859,0.095192,0.8544,81.898,102.426,0.2326,0.43814,0.967333,B,0.0,0.048039
8647.669,0.35637,172.599,3.8986,27,0.824,22.248,1.95834,11.90056,3928.625,4719.044,15316.065,0.011686,0.643325,81.551,102.001,0.4543,1.77112,0.985103,B,0.0,-0.019092
9425.914,0.44824,165.041,0.9574,29,0.6684,19.382,1.97154,6.43515,3504.803,5921.111,3355.334,0.124583,0.639812,82.751,101.605,0.37183,0.35597,0.896654,B,0.0,0.034948
8232.686,0.32441,173.325,2.0906,23,0.7557,17.382,1.95711,7.89502,4504.163,3728.523,9416.422,0.035424,0.673522,81.892,102.236,0.54711,1.14378,0.940259,B,0.0,-0.032073
7757.525,0.39136,217.525,1.9296,28,0.7449,20.858,1.89155,8.75657,3497.479,4260.046,6748.891,0.037781,0.681651,83.416,104.203,0.45085,0.86998,0.956476,B,0.0,-0.017886
11073.851,0.27633,176.778,3.6947,19,0.8039,15.274,1.95132,8.03583,6128.991,4944.86,22644.523,0.030948,0.580467,81.962,101.786,0.55347,2.04486,0.938013,B,0.0,0.029184
11650.23,0.20268,191.551,2.2437,14,0.7182,10.054,1.92797,4.56552,6866.266,4783.964,15405.708,0.073018,0.388773,83.042,101.195,0.58937,1.32235,0.78767,B,0.0,0.031569
9677.38,0.62476,173.223,1.629,17,0.7372,12.533,1.95728,5.21523,2779.655,6897.725,4528.098,0.347157,0.736629,86.003,102.647,0.28723,0.46791,0.840395,B,-0.0,-0.001031
11716.439,0.24323,196.276,3.6415,16,0.6296,10.074,1.92094,5.1596,6485.097,5231.342,23615.411,0.075933,0.450625,83.241,101.808,0.5535,2.01558,0.827205,B,0.0,-0.016901
10493.622,0.62196,193.655,2.7652,23,0.7134,16.408,1.92482,7.89069,3214.67,7278.952,8889.051,0.130175,0.839157,83.868,104.259,0.30635,0.84709,0.935883,B,0.0,-0.040052
11872.393,0.62466,131.597,1.0609,16,0.652,10.431,2.03966,3.82747,3554.115,8318.278,3770.588,0.577297,0.6449,87.27,99.772,0.29936,0.31759,0.723339,B,0.0,-0.028398
9585.073,0.24927,135.129,1.8849,17,0.7978,13.563,2.03157,6.28098,5580.698,4004.375,10518.913,0.046925,0.531259,80.438,99.238,0.58223,1.09743,0.890395,B,0.0,0.036635
8807.249,0.73164,181.949,3.4031,18,0.8355,15.04,1.9429,7.7204,1348.453,7458.796,4588.951,0.308997,0.808053,85.82,103.53,0.15311,0.52104,0.935338,B,0.0,-0.034757
11210.297,0.53253,201.788,2.1161,29,0.8802,25.526,1.91298,11.24411,3764.0,7446.297,7964.998,0.032111,0.785482,82.845,104.252,0.33576,0.71051,0.979754,B,0.0,0.021397
8309.64,0.25294,141.193,3.638,27,0.749,20.224,2.01824,11.13971,4399.498,3910.142,16005.228,0.00919,0.527199,80.221,99.571,0.52945,1.9261,0.980763,B,0.0,-0.013997
11584.64,0.52277,133.718,4.5416,19,0.7238,13.752,2.03477,8.00644,4205.079,7379.561,19097.66,0.091534,0.768493,80.96,100.718,0.36299,1.64853,0.936443,B,0.0,0.05358
11812.097,0.49069,195.468,2.998,21,0.8198,17.216,1.92213,8.43565,4219.735,7592.363,12650.836,0.075613,0.721388,83.209,103.56,0.35724,1.07101,0.944952,B,-0.001,-0.028505
8363.014,0.69115,206.141,3.579,26,0.646,16.797,1.90686,8.47391,2179.724,6183.29,7801.187,0.129899,0.889006,84.276,105.116,0.26064,0.93282,0.951014,B,0.0,-0.028752
11058.007,0.48317,178.725,2.7586,16,0.6521,10.434,1.94812,5.10671,4242.834,6815.173,11704.071,0.217496,0.648561,84.495,102.327,0.38369,1.05843,0.827283,B,0.0,0.042402
10099.337,0.3019,180.438,3.0875,15,0.852,12.78,1.94534,6.42362,5035.91,5063.427,15548.479,0.064115,0.53839,82.533,101.68,0.49864,1.53955,0.894103,B,0.0,0.014008
12204.695,0.77156,172.911,4.5066,20,0.6434,12.869,1.95781,7.07552,2616.433,9588.261,11791.191,0.322479,0.894103,85.666,103.671,0.21438,0.96612,0.910399,B,0.001,0.016852
7422.709,0.45841,141.804,4.4339,23,0.8594,19.767,2.01693,11.31605,2469.789,4952.919,10950.698,0.024218,0.674919,80.447,100.582,0.33273,1.4753,0.982422,B,0.001,0.011544
8104.677,0.41777,161.993,1.3636,20,0.8557,17.114,1.97706,6.72947,3474.025,4630.652,4737.011,0.0872,0.665773,82.136,101.621,0.42864,0.58448,0.91053,B,0.0,-0.007144
8749.441,0.57436,144.572,0.9635,20,0.8248,16.495,2.01109,5.65543,2726.081,6023.36,2626.666,0.245119,0.72337,83.487,101.061,0.31157,0.30021,0.867031,B,0.0,-0.003239
11949.88,0.27464,143.315,3.1333,26,0.7906,20.556,2.01372,10.9078,6362.203,5587.678,19934.472,0.012,0.573688,80.354,100.001,0.53241,1.66817,0.976737,B,-0.001,-0.015209
8376.828,0.2308,133.144,3.6035,28,0.6595,18.466,2.03608,10.27761,5328.637,3048.191,19201.691,0.009458,0.617743,79.849,99.688,0.63612,2.29224,0.973933,B,0.0,-0.024999
8936.605,0.77073,187.14,4.4345,28,0.6182,17.311,1.93472,9.32222,1475.914,7460.691,6544.877,0.172952,0.888984,84.208,104.3,0.16515,0.73237,0.962939,B,0.0,0.012366
10079.393,0.38426,170.837,1.8517,28,0.7833,21.934,1.96136,9.59403,4320.212,5759.181,7999.652,0.03128,0.649053,81.743,101.953,0.42862,0.79366,0.965109,B,0.0,-0.042383
11889.191,0.62857,136.418,2.8466,15,0.8765,13.147,2.02868,6.88231,3306.769,8582.421,9412.981,0.214739,0.788018,82.714,101.011,0.27813,0.79173,0.904981,B,0.001,-0.005713
11592.645,0.46295,166.588,1.5332,17,0.6904,11.738,1.96878,4.81242,4811.709,6780.936,7377.435,0.216862,0.637571,84.029,101.668,0.41507,0.63639,0.805568,B,0.0,0.010019
7425.3,0.58716,186.193,3.0451,17,0.8076,13.729,1.9362,6.82868,2156.263,5269.037,6565.951,0.170952,0.757479,84.149,103.389,0.29039,0.88427,0.915451,B,0.0,0.036798
9425.597,0.38423,166.26,0.9072,29,0.7117,20.64,1.96936,6.65347,4362.766,5062.831,3957.799,0.079477,0.646843,82.203,101.713,0.46286,0.4199,0.904258,B,0.0,0.000789
12494.232,0.70753,205.603,1.2704,24,0.8267,19.842,1.90761,7.17043,2560.899,9933.333,3253.28,0.301628,0.812172,86.526,104.587,0.20497,0.26038,0.91262,B,0.0,0.030194
9476.32,0.66504,139.58,2.2376,16,0.6738,10.78,2.02172,5.24489,2541.552,6934.768,5687.08,0.38929,0.766103,85.165,101.054,0.2682,0.60014,0.843006,B,0.0,-0.015494
8190.543,0.4138,163.798,4.6674,29,0.8669,25.14,1.97377,14.07795,3514.385,4676.158,16403.06,0.006609,0.719828,81.144,102.07,0.42908,2.00268,0.993147,B,-0.0,-0.009338
7790.197,0.71803,135.338,1.5019,19,0.685,13.014,2.0311,5.53589,1743.862,6046.335,2619.192,0.431436,0.800689,85.524,101.029,0.22385,0.33622,0.865495,B,0.0,-0.003619
9489.228,0.25168,176.888,0.9387,27,0.6606,17.836,1.95114,5.77247,5586.527,3902.701,5244.131,0.055822,0.532051,82.294,101.472,0.58872,0.55264,0.869425,B,0.0,-0.038177
10828.755,0.26982,199.758,2.9573,23,0.6538,15.038,1.91588,7.30668,5432.272,5396.483,16064.993,0.042727,0.498419,82.918,102.272,0.50165,1.48355,0.920562,B,-0.0,0.000328
12786.15,0.65911,139.13,1.529,23,0.8227,18.921,2.0227,8.0585,3577.242,9208.908,5469.779,0.152088,0.856065,82.013,101.621,0.27977,0.42779,0.935443,B,0.0,-8.2e-05
12295.33,0.44209,190.956,3.8023,24,0.6888,16.532,1.92887,8.59896,4996.874,7298.456,18999.825,0.057334,0.70552,82.815,103.259,0.4064,1.54529,0.947295,B,0.0,-0.055011
12470.536,0.63055,136.194,3.4818,18,0.7185,12.933,2.02918,7.10998,3720.003,8750.534,12952.136,0.188527,0.818462,82.358,101.198,0.2983,1.03862,0.910811,B,-0.001,-0.004089
7984.989,0.38172,155.777,3.9123,20,0.8539,17.079,1.98869,9.35104,3510.053,4474.936,13732.4,0.03092,0.656885,81.14,101.238,0.43958,1.71978,0.964393,B,0.0,-0.019172
7776.054,0.72225,198.629,3.844,16,0.7936,12.697,1.91751,6.55964,1664.834,6111.219,6399.628,0.316961,0.832666,86.501,104.43,0.2141,0.82299,0.906043,B,0.001,-0.036728
8964.925,0.24389,218.228,2.0309,16,0.7107,11.372,1.89063,4.85307,4942.036,4022.889,10036.724,0.078425,0.447161,83.974,102.683,0.55126,1.11955,0.822737,B,0.0,-0.002683
11166.216,0.4322,205.582,0.9007,16,0.8565,13.704,1.90764,4.19429,5264.586,5901.63,4741.629,0.218584,0.62276,85.429,103.336,0.47147,0.42464,0.761554,B,0.0,-0.01481
9764.596,0.73838,151.281,1.8741,23,0.8482,19.508,1.99745,8.80083,1750.123,8014.473,3279.893,0.187947,0.858582,83.024,102.327,0.17923,0.3359,0.954379,B,0.0,-0.03023
12175.548,0.62383,167.9,4.1191,21,0.8229,17.28,1.96646,9.40263,3458.975,8716.573,14247.909,0.087064,0.83684,82.367,103.048,0.28409,1.17021,0.960351,B,0.0,-0.05704
10343.425,0.40614,163.296,4.6666,28,0.7385,20.677,1.97468,11.58622,4200.185,6143.24,19600.637,0.017514,0.671844,81.268,101.728,0.40607,1.89499,0.982489,B,0.0,0.017655
12917.299,0.54855,179.149,4.7106,16,0.6235,9.976,1.94743,5.48466,3597.662,9319.637,16947.236,0.314136,0.63904,85.787,102.284,0.27852,1.31198,0.840504,B,0.0,0.008388
10862.222,0.68144,213.945,4.7278,27,0.6329,17.09,1.89626,9.02614,3063.148,7799.074,14481.846,0.105261,0.907741,84.197,105.555,0.282,1.33323,0.95644,B,0.0,-0.016694
9396.103,0.6156,161.006,1.8788,23,0.7468,17.176,1.97887,7.65076,2521.766,6874.337,4737.903,0.154761,0.784651,82.988,102.355,0.26838,0.50424,0.932528,B,-0.0,0.014577
9679.139,0.26874,135.165,1.1173,19,0.6847,13.009,2.03149,4.86547,5388.444,4290.695,6020.623,0.087083,0.496868,80.97,99.013,0.55671,0.62202,0.819601,B,0.0,0.020903
11812.07,0.61066,160.923,3.1282,20,0.6221,12.441,1.97902,6.43515,3631.153,8180.917,11358.862,0.220246,0.783948,83.85,102.346,0.30741,0.96163,0.889126,B,0.0,-0.001778
9785.089,0.37617,186.61,2.3511,20,0.6754,13.509,1.93555,6.25883,4823.187,4961.902,11339.862,0.08481,0.659387,83.026,102.761,0.49291,1.15889,0.88887,B,0.0,-0.011234
9633.95,0.60978,178.614,4.3599,15,0.8359,12.538,1.9483,6.80231,2952.696,6681.254,12873.425,0.181965,0.798841,84.022,103.314,0.30649,1.33626,0.90854,B,0.0,0.043077
7974.026,0.4653,134.749,4.0672,23,0.7421,17.068,2.03243,9.71645,2740.216,5233.81,11144.943,0.04241,0.686713,80.361,100.241,0.34364,1.39766,0.968679,B,0.0,-0.023629
11649.905,0.72473,210.451,2.3359,15,0.6489,9.734,1.90095,4.37816,2533.27,9116.635,5917.569,0.755626,0.716149,92.673,104.15,0.21745,0.50795,0.773281,B,0.0,-0.038065
9813.222,0.77507,138.209,3.2107,21,0.6081,12.771,2.02471,6.86928,1558.798,8254.424,5004.897,0.438298,0.838663,85.748,101.452,0.15885,0.51002,0.910173,B,-0.0,0.035935
7806.354,0.67468,205.275,4.4153,22,0.6923,15.231,1.90807,8.02362,2292.374,5513.98,10121.533,0.129444,0.901359,84.243,105.162,0.29365,1.29658,0.943659,B,0.0,-0.018642
9787.926,0.33203,150.699,1.5829,17,0.7432,12.635,1.99861,5.36183,5045.143,4742.783,7985.853,0.097997,0.58099,81.812,100.463,0.51545,0.81589,0.84787,B,0.0,-0.033304
11045.663,0.72665,139.603,2.6682,14,0.7895,11.053,2.02167,5.65934,2484.005,8561.659,6627.73,0.459773,0.804083,86.096,101.306,0.22489,0.60003,0.857709,B,-0.001,-0.031866
11868.07,0.24359,165.015,2.6751,19,0.635,12.064,1.97158,5.96116,6981.05,4887.02,18674.733,0.054286,0.514007,81.822,100.773,0.58822,1.57353,0.868911,B,0.0,0.007402
12723.388,0.79553,149.946,4.5533,27,0.8637,23.32,2.00011,13.25435,2136.068,10587.32,9726.101,0.049551,0.946034,81.14,102.831,0.16789,0.76443,0.989543,B,0.0,0.027861
8210.285,0.32618,205.018,3.3079,15,0.8748,13.122,1.90842,6.51169,3874.455,4335.83,12816.469,0.066964,0.55781,83.41,102.884,0.4719,1.56103,0.90312,B,0.0,0.012424
10284.079,0.41872,160.448,4.5298,17,0.6947,11.81,1.9799,6.60779,4173.555,6110.524,18905.34,0.103007,0.634363,82.283,101.334,0.40583,1.83831,0.900165,B,-0.0,-0.046157
8688.411,0.67896,156.74,4.1124,16,0.8721,13.954,1.98686,7.70611,2669.826,6018.585,10979.509,0.143058,0.916677,82.66,103.004,0.30729,1.2637,0.935254,B,0.0,0.045123
9216.543,0.51933,197.666,3.8337,20,0.8222,16.443,1.91891,8.49981,3345.668,5870.874,12826.14,0.071319,0.774644,83.226,104.006,0.36301,1.39164,0.950149,B,0.001,-0.019739
10474.284,0.68055,135.893,3.6024,21,0.6459,13.563,2.02985,7.51601,2146.648,8327.636,7733.187,0.242608,0.793443,83.057,101.015,0.20494,0.7383,0.92694,B,0.0,-0.024493
11102.063,0.69534,215.406,3.5994,23,0.8054,18.523,1.89433,9.26086,1561.704,9540.359,5621.163,0.199732,0.776463,85.489,104.746,0.14067,0.50632,0.959594,B,0.0,0.050453
7146.623,0.68926,174.229,3.8262,28,0.7222,20.222,1.95558,10.75239,1688.064,5458.559,6458.862,0.061921,0.883272,82.276,103.663,0.2362,0.90376,0.97878,B,-0.0,-0.037567
7593.975,0.60025,136.968,4.5133,26,0.6169,16.04,2.02745,9.28047,2042.917,5551.059,9220.347,0.080418,0.791559,80.967,101.067,0.26902,1.21417,0.963958,B,-0.001,0.005483
11867.485,0.38174,190.995,1.3489,14,0.7656,10.719,1.92881,4.04363,5908.003,5959.482,7969.239,0.19666,0.565224,84.655,102.335,0.49783,0.67152,0.743534,B,0.0,-0.0164
9284.879,0.56823,140.753,1.2559,17,0.8088,13.75,2.01918,5.37892,3288.174,5996.705,4129.766,0.238955,0.748785,83.234,101.008,0.35414,0.44478,0.851075,B,0.0,-0.021577
7202.04,0.6547,207.496,1.5951,17,0.6731,11.443,1.90499,4.53301,1794.956,5407.084,2863.122,0.492422,0.708571,89.105,103.98,0.24923,0.39754,0.812547,B,0.0,-0.003152
10138.39,0.61202,218.201,1.9481,25,0.8314,20.786,1.89067,8.74847,3631.577,6506.813,7074.495,0.080286,0.908785,83.998,105.729,0.3582,0.69779,0.95301,B,0.0,0.038605
9618.328,0.22629,200.523,4.7323,16,0.753,12.049,1.91478,6.46147,5364.734,4253.594,25387.319,0.041787,0.458981,82.931,102.044,0.55776,2.63947,0.897,B,-0.0,0.036476
8864.157,0.58797,176.42,4.5697,14,0.8315,11.642,1.95192,6.38807,2849.993,6014.164,13023.594,0.188837,0.777113,84.032,103.067,0.32152,1.46924,0.896739,B,0.0,-0.010765
12534.991,0.2443,163.468,2.4293,24,0.7251,17.402,1.97437,8.38581,7164.264,5370.727,17404.041,0.024437,0.537594,81.366,100.851,0.57154,1.38844,0.942831,B,0.0,-0.045429
11846.05,0.59611,189.989,3.1986,17,0.7676,13.05,1.93034,6.53853,2837.94,9008.111,9077.552,0.266338,0.700009,85.54,103.18,0.23957,0.76629,0.892963,B,-0.001,-0.061171
9920.87,0.46731,153.806,2.3546,25,0.6308,15.769,1.9925,7.63045,3855.689,6065.181,9078.624,0.083017,0.711607,81.746,101.494,0.38864,0.9151,0.930958,B,0.0,0.00877
11877.164,0.39262,150.752,3.23,15,0.7005,10.507,1.9985,5.55505,5553.987,6323.177,17939.386,0.126909,0.626014,82.196,100.763,0.46762,1.51041,0.84885,B,0.0,-0.036133
12387.256,0.47668,206.277,3.6248,20,0.6265,12.53,1.90667,6.33783,4912.08,7475.176,17805.386,0.140155,0.697822,84.416,103.86,0.39654,1.4374,0.883408,B,-0.0,-0.037649
8645.632,0.75029,172.955,1.8251,19,0.6589,12.518,1.95773,5.43284,1540.49,7105.142,2811.499,0.603313,0.782154,89.374,102.935,0.17818,0.32519,0.856723,B,0.0,0.018354
7897.833,0.28675,196.938,2.4566,28,0.64,17.92,1.91997,8.30743,4222.502,3675.331,10372.925,0.027441,0.584667,82.623,102.721,0.53464,1.31339,0.948837,B,-0.0,-0.010814
9221.09,0.34071,212.464,1.6772,22,0.8384,18.445,1.89824,7.4063,4229.886,4991.204,7094.322,0.054298,0.583426,83.478,103.355,0.45872,0.76936,0.926894,B,0.0,0.045039
10613.309,0.4367,173.756,1.3981,20,0.8966,17.932,1.95638,7.01571,4585.132,6028.177,6410.251,0.088347,0.701667,82.607,102.442,0.43202,0.60398,0.912601,B,0.0,-0.023488
12508.934,0.24405,166.744,4.6407,16,0.6821,10.914,1.9685,6.08143,6731.153,5777.78,31236.962,0.05804,0.460751,81.939,100.509,0.53811,2.49717,0.872026,B,0.001,0.01131
11522.822,0.41409,219.582,2.2713,24,0.7866,18.879,1.88888,8.33647,5188.44,6334.382,11784.328,0.051981,0.710683,83.666,104.475,0.45028,1.02269,0.943476,B,0.0,0.047459
11149.953,0.52322,216.302,4.2013,19,0.7235,13.746,1.89315,7.08633,3967.82,7182.133,16669.95,0.127348,0.741924,84.561,104.553,0.35586,1.49507,0.913386,B,0.0,-0.012377
9713.215,0.33498,155.7,2.437,25,0.8455,21.138,1.98884,10.30488,5251.626,4461.59,12798.113,0.016671,0.709655,80.949,101.582,0.54067,1.3176,0.973092,B,-0.001,-0.006748
11105.19,0.39172,172.846,0.9812,28,0.8306,23.256,1.95792,7.73878,4728.34,6376.85,4639.627,0.063335,0.635218,82.242,101.96,0.42578,0.41779,0.931159,B,0.0,-0.03429
9054.586,0.29836,179.85,3.6379,28,0.6158,17.243,1.94629,9.00687,4624.06,4430.526,16821.761,0.024267,0.584433,81.986,101.957,0.51069,1.85782,0.958463,B,0.0,-0.031387
7070.581,0.72907,152.777,2.793,26,0.8775,22.815,1.9945,11.59872,1490.039,5580.541,4161.64,0.054455,0.909195,81.325,102.742,0.21074,0.58859,0.98426,B,0.001,0.008441
7970.595,0.62173,158.309,3.7083,29,0.8787,25.481,1.98389,13.74873,2512.268,5458.327,9316.267,0.015062,0.900954,81.035,102.983,0.31519,1.16883,0.992364,B,0.0,0.016705
9764.285,0.20813,172.636,1.5737,20,0.826,16.521,1.95828,6.78897,5811.4,3952.885,9145.32,0.03226,0.46669,81.824,100.837,0.59517,0.93661,0.907749,B,0.0,-0.007028
9238.839,0.60281,182.628,1.0878,28,0.8299,23.237,1.94182,8.03447,2519.859,6718.98,2741.151,0.129755,0.780219,83.478,103.377,0.27275,0.2967,0.941291,B,0.0,0.024376
12346.373,0.4291,191.558,3.9077,23,0.7173,16.498,1.92796,8.62333,5047.084,7299.289,19722.271,0.054932,0.687813,82.804,103.169,0.40879,1.59741,0.947668,B,0.0,0.036371
11485.289,0.29451,179.632,4.1467,17,0.8901,15.131,1.94664,8.12069,6052.377,5432.912,25097.441,0.034032,0.584697,82.107,101.948,0.52697,2.18518,0.939108,B,0.0,-0.049378
11583.596,0.62438,130.184,4.11,29,0.8623,25.007,2.04296,14.36879,3702.725,7880.87,15218.198,0.013391,0.911443,79.758,101.443,0.31965,1.31377,0.993144,B,0.001,0.018685
8523.738,0.50208,207.589,0.9947,24,0.8323,19.976,1.90486,6.41937,3115.191,5408.547,3098.74,0.138829,0.711302,84.441,104.002,0.36547,0.36354,0.898944,B,0.0,0.009226
11178.018,0.40526,160.672,4.695,16,0.6713,10.74,1.97949,6.04594,5354.835,5823.183,25141.094,0.105544,0.680871,82.325,101.653,0.47905,2.24915,0.875238,B,0.0,-0.003563
8240.673,0.35287,197.263,3.9075,22,0.7413,16.309,1.91949,8.46724,3859.308,4381.365,15080.159,0.036853,0.63123,82.758,103.042,0.46832,1.82997,0.951089,B,0.0,0.010175
11348.591,0.49252,151.983,3.1236,22,0.734,16.147,1.99606,8.45401,4656.285,6692.306,14544.483,0.064791,0.79012,81.428,101.913,0.4103,1.28161,0.946025,B,0.0,-0.002139
7747.319,0.37615,184.794,3.0336,16,0.6561,10.497,1.93839,5.22505,3702.077,4045.242,11230.462,0.117884,0.612508,83.399,102.369,0.47785,1.44959,0.850243,B,0.0,-0.00469
8075.766,0.60532,146.746,3.0828,28,0.7935,22.218,2.00659,11.68353,2087.772,5987.993,6436.184,0.03696,0.803481,80.835,101.712,0.25852,0.79698,0.984215,B,0.001,0.020018
7467.617,0.36072,201.322,2.737,25,0.6617,16.542,1.91364,7.86316,3376.777,4090.84,9242.13,0.047023,0.619654,83.026,103.138,0.45219,1.23763,0.941053,B,0.0,0.02725
9977.86,0.4143,144.632,4.0856,22,0.6818,14.999,2.01096,8.41822,4653.428,5324.432,19012.122,0.046633,0.735637,80.87,101.145,0.46638,1.90543,0.947505,B,0.0,-0.025093
10384.044,0.76448,178.672,4.0896,18,0.8461,15.23,1.94821,8.16148,1873.835,8510.209,7663.208,0.246268,0.878586,84.873,103.843,0.18045,0.73798,0.941869,B,-0.0,-0.022125
12362.859,0.36571,175.494,4.4346,23,0.7633,17.556,1.95346,9.5926,5776.994,6585.865,25618.54,0.029187,0.660893,81.891,102.256,0.46729,2.07222,0.962706,B,0.0,0.055964
8858.948,0.31079,134.735,1.3194,26,0.6282,16.334,2.03246,6.59008,4651.063,4207.885,6136.583,0.056945,0.591361,80.552,99.611,0.52501,0.6927,0.903803,B,0.0,0.038585
8891.144,0.46169,177.822,1.1666,21,0.6126,12.864,1.9496,4.62434,3680.709,5210.436,4293.988,0.213686,0.636891,84.412,102.208,0.41397,0.48295,0.808401,B,-0.001,-0.043504
8480.844,0.53487,195.114,3.5189,24,0.7237,17.368,1.92265,8.84128,2897.588,5583.257,10196.438,0.067684,0.777327,83.093,103.914,0.34166,1.20229,0.956765,B,-0.001,0.01227
11394.717,0.23058,160.051,3.4168,19,0.8891,16.892,1.98064,8.93074,5468.367,5926.351,18684.042,0.021977,0.423063,81.197,99.919,0.4799,1.63971,0.954259,B,-0.001,-0.004289
8715.542,0.27162,192.867,4.2098,29,0.7069,20.501,1.92599,10.85816,4969.525,3746.017,20920.948,0.010242,0.618357,82.259,102.767,0.57019,2.40042,0.978499,B,0.0,0.041809
11182.542,0.79894,172.217,2.2708,20,0.7438,14.876,1.95899,6.94479,2112.81,9069.732,4797.674,0.385216,0.895315,86.468,103.646,0.18894,0.42903,0.908902,B,0.0,0.024783
10542.454,0.68857,183.621,1.8915,14,0.8017,11.224,1.94024,4.86656,2252.377,8290.077,4260.464,0.596388,0.713619,89.674,102.983,0.21365,0.40412,0.814955,B,0.0,-0.029522
9478.003,0.30954,200.799,1.2438,26,0.8793,22.861,1.91439,8.22964,4851.473,4626.53,6034.375,0.033402,0.599097,82.829,102.98,0.51187,0.63667,0.944765,B,0.0,0.031904
9022.214,0.50736,191.638,1.8202,28,0.7457,20.879,1.92784,8.84526,3888.365,5133.848,7077.549,0.051692,0.852482,82.764,104.259,0.43098,0.78446,0.95609,B,0.001,0.000121
11872.031,0.72514,134.082,2.6054,27,0.8639,23.325,2.03394,11.9671,2096.478,9775.552,5462.17,0.065788,0.86654,80.638,101.387,0.17659,0.46009,0.983979,B,0.001,0.054635
12543.52,0.42467,217.058,1.5667,24,0.8698,20.875,1.89216,8.12577,5183.004,7360.516,8120.366,0.06437,0.678381,83.753,104.164,0.4132,0.64738,0.937368,B,0.0,-0.007534
8915.067,0.64492,174.53,2.777,18,0.6404,11.527,1.95507,5.68175,2117.071,6797.996,5879.129,0.359651,0.733762,86.217,102.691,0.23747,0.65946,0.86757,B,0.0,-0.012834
10563.156,0.42112,176.958,3.3028,29,0.8497,24.642,1.95103,12.64185,4925.268,5637.887,16267.063,0.011001,0.779392,81.705,103.108,0.46627,1.53998,0.987819,B,0.001,0.049357
12416.061,0.32538,202.047,2.8336,21,0.6911,14.513,1.91261,6.95607,6017.535,6398.526,17051.485,0.063096,0.572045,83.262,102.854,0.48466,1.37334,0.906018,B,0.0,0.010734
8345.759,0.4606,149.38,1.85,26,0.8085,21.022,2.00124,9.46704,3690.631,4655.128,6827.613,0.036022,0.797208,80.937,101.818,0.44222,0.81809,0.965416,B,0.0,0.007403
7574.238,0.52824,150.454,4.7726,28,0.8874,24.848,1.99909,14.23017,2869.66,4704.578,13695.788,0.008882,0.845027,80.625,102.192,0.37887,1.80821,0.99363,B,0.0,0.031727
11830.084,0.75333,213.301,3.5841,20,0.851,17.021,1.89712,8.52153,1936.199,9893.885,6939.543,0.246002,0.852616,86.035,105.165,0.16367,0.5866,0.946554,B,0.0,-0.0363
9409.269,0.6476,180.453,1.2233,14,0.6504,9.105,1.94531,3.33378,2833.38,6575.889,3466.153,0.657731,0.643238,90.369,102.373,0.30113,0.36838,0.694164,B,0.0,-0.020945
11181.561,0.49799,211.362,3.2063,23,0.6924,15.925,1.89972,7.7896,4013.046,7168.515,12867.017,0.094045,0.724131,83.969,104.24,0.3589,1.15074,0.932223,B,0.0,-0.045284
12784.516,0.71767,187.122,1.1444,24,0.7266,17.438,1.93475,6.14187,2967.288,9817.229,3395.665,0.3904,0.816589,87.078,103.821,0.2321,0.26561,0.873742,B,-0.001,-0.006849
9020.415,0.62343,144.854,3.9033,15,0.8422,12.633,2.0105,7.02338,2344.353,6676.063,9150.711,0.199278,0.772369,82.894,101.4,0.25989,1.01444,0.916925,B,-0.001,0.035243
10795.564,0.23587,198.297,3.8108,19,0.6626,12.59,1.91799,6.49503,6088.363,4707.201,23201.678,0.044095,0.483912,82.888,102.114,0.56397,2.14919,0.894567,B,0.0,0.012264
9449.418,0.45263,185.161,3.1158,21,0.6014,12.629,1.93781,6.32469,4064.471,5384.946,12664.199,0.11312,0.708885,83.349,103.022,0.43013,1.34021,0.892503,B,0.001,0.009665
12687.738,0.70947,184.325,1.9173,27,0.7734,20.883,1.93913,9.0888,3327.518,9360.22,6379.729,0.121437,0.918516,83.429,104.368,0.26226,0.50283,0.95511,B,0.0,-0.026158
9385.159,0.5868,162.628,3.1276,22,0.6719,14.781,1.9759,7.62751,3128.909,6256.25,9786.012,0.119688,0.820419,82.59,102.674,0.33339,1.04271,0.932,B,0.0,-0.027928
9726.597,0.32514,170.401,3.0087,19,0.6858,13.031,1.96211,6.59191,4796.221,4930.376,14430.167,0.065098,0.578108,82.173,101.464,0.4931,1.48358,0.901274,B,0.0,-0.008455
11429.441,0.46901,205.326,3.602,15,0.8851,13.277,1.90799,6.71374,5426.479,6002.961,19546.036,0.098269,0.804152,83.833,104.522,0.47478,1.71015,0.900522,B,0.001,-0.025636
8568.481,0.65183,156.066,2.5471,17,0.6057,10.297,1.98814,5.08118,2260.472,6308.009,5757.688,0.399414,0.742289,86.016,101.817,0.26381,0.67196,0.838348,B,0.0,-0.036886
12130.6,0.21391,179.975,3.7068,26,0.7877,20.479,1.94609,10.73862,6925.911,5204.689,25672.789,0.009295,0.4862,81.793,101.314,0.57095,2.11637,0.975191,B,0.0,-0.039489
8580.318,0.21227,159.462,2.087,18,0.6522,11.74,1.98173,5.42878,4949.14,3631.178,10328.922,0.052695,0.429766,81.579,99.933,0.5768,1.20379,0.856812,B,0.0,-0.007675
11330.488,0.61787,181.506,1.4301,23,0.8223,18.912,1.94361,7.39616,3321.886,8008.602,4750.732,0.164634,0.805867,83.899,103.495,0.29318,0.41929,0.921881,B,0.0,0.005173
12061.054,0.36186,171.778,2.8309,25,0.6266,15.665,1.95974,7.7882,5736.982,6324.072,16240.845,0.052902,0.64214,82.064,101.954,0.47566,1.34655,0.930461,B,0.0,-0.024415
7144.319,0.21848,218.292,2.9976,26,0.6384,16.598,1.89055,7.92656,3969.241,3175.079,11898.015,0.022434,0.463554,83.237,102.794,0.55558,1.66538,0.942952,B,-0.001,0.024292
9692.394,0.70069,207.9,2.1853,29,0.7278,21.106,1.90443,9.32759,2131.921,7560.472,4658.989,0.120597,0.864267,84.21,105.025,0.21996,0.48069,0.962143,B,0.001,-0.006179
10066.39,0.36396,169.654,4.624,29,0.882,25.579,1.9634,14.18916,4974.408,5091.981,23001.905,0.005143,0.714497,81.353,102.327,0.49416,2.28502,0.993017,B,0.001,-0.025225
12138.532,0.28793,191.767,2.3349,16,0.8822,14.116,1.92765,6.48615,6369.204,5769.329,14871.469,0.060319,0.539204,82.882,102.197,0.52471,1.22515,0.890077,B,-0.001,0.018229
9848.577,0.73594,180.502,4.3897,23,0.8059,18.537,1.94523,10.04549,2290.558,7558.019,10054.754,0.093617,0.930608,82.925,104.272,0.23258,1.02093,0.970415,B,-0.0,-0.026356
11480.939,0.38152,160.732,2.391,23,0.6107,14.046,1.97938,6.76239,5198.999,6281.94,12430.941,0.082518,0.628973,82.024,101.314,0.45284,1.08275,0.902057,B,0.0,0.0262
8357.361,0.29189,198.322,3.5436,28,0.7205,20.175,1.91795,10.24724,4682.443,3674.918,16592.575,0.013717,0.646319,82.488,103.187,0.56028,1.98538,0.973671,B,0.0,0.031705
9785.877,0.41774,203.128,3.9802,23,0.8015,18.434,1.91108,9.5416,4316.325,5469.552,17179.771,0.033361,0.72108,82.905,103.883,0.44108,1.75557,0.964775,B,0.0,-0.029217
11239.285,0.25477,200.577,3.2067,27,0.8726,23.561,1.9147,11.66612,5882.048,5357.237,18861.997,0.00851,0.525159,82.494,102.483,0.52335,1.67822,0.982519,B,0.0,-0.024815
7900.145,0.43625,166.844,2.222,16,0.6366,10.186,1.96833,4.75698,3168.526,4731.619,7040.596,0.192833,0.599256,83.722,101.428,0.40107,0.8912,0.822717,B,0.0,-0.009193
7891.288,0.68088,135.65,1.1524,24,0.8432,20.236,2.0304,7.67306,1841.031,6050.257,2121.547,0.1864,0.831342,82.304,101.25,0.2333,0.26885,0.936131,B,0.0,0.01924
7489.603,0.7289,187.959,3.3277,21,0.6965,14.627,1.93346,7.41555,1472.842,6016.761,4901.128,0.255728,0.844727,85.33,104.045,0.19665,0.65439,0.931006,B,-0.0,0.004218
8241.341,0.34535,189.469,3.0831,21,0.6519,13.689,1.93114,6.80248,4363.452,3877.888,13452.798,0.057133,0.669646,82.761,102.956,0.52946,1.63236,0.912408,B,0.001,0.037824
8467.898,0.66577,132.689,4.5061,18,0.6242,11.235,2.03713,6.54226,1400.565,7067.333,6311.051,0.38897,0.72062,84.837,100.339,0.1654,0.74529,0.903368,B,0.0,0.033177
9024.696,0.30312,198.406,4.0487,15,0.7482,11.223,1.91783,5.86085,4496.584,4528.113,18205.31,0.075927,0.528724,83.312,102.415,0.49825,2.01728,0.875194,B,-0.001,0.0317
10206.662,0.73489,213.328,3.2541,28,0.7381,20.667,1.89708,10.1229,2207.415,7999.247,7183.135,0.098899,0.910392,84.094,105.548,0.21627,0.70377,0.970895,B,0.0,0.012226
7635.297,0.20907,132.177,4.6754,16,0.6765,10.825,2.03831,6.35031,4529.951,3105.346,21179.412,0.035465,0.462315,80.146,98.603,0.59329,2.77388,0.899359,B,-0.0,0.008796
8974.667,0.27961,194.332,2.3805,27,0.6388,17.249,1.92381,7.94741,4870.567,4104.101,11594.453,0.030931,0.574732,82.581,102.543,0.5427,1.29191,0.939965,B,-0.001,-0.003044
8471.2,0.76016,167.582,4.408,21,0.862,18.101,1.96702,9.98152,1606.424,6864.775,7081.128,0.116246,0.910838,82.74,103.521,0.18963,0.83591,0.971001,B,0.001,0.029096
10801.305,0.48129,175.731,4.5358,23,0.8643,19.879,1.95306,10.9033,4290.013,6511.292,19458.572,0.027315,0.780393,81.875,103.056,0.39718,1.8015,0.977459,B,0.0,0.011681
10616.674,0.36322,194.958,3.3436,17,0.6591,11.205,1.92288,5.63956,5526.758,5089.916,18479.527,0.098723,0.650414,83.497,103.07,0.52057,1.74061,0.858508,B,0.0,0.017575
11749.501,0.46756,211.528,3.9794,20,0.8356,16.712,1.8995,8.56903,4849.004,6900.498,19295.925,0.059416,0.754367,83.517,104.446,0.4127,1.64228,0.947556,B,-0.001,-0.019709
11637.695,0.58301,219.568,3.7484,23,0.6337,14.576,1.8889,7.31782,3965.34,7672.354,14863.603,0.138599,0.812692,84.809,105.148,0.34073,1.27719,0.918997,B,0.001,0.039686
8773.007,0.49424,212.749,1.0347,15,0.6605,9.907,1.89786,3.22814,3576.658,5196.349,3700.895,0.377256,0.574764,87.75,103.309,0.40769,0.42185,0.68881,B,0.0,-0.019047
11126.188,0.44154,213.047,4.1101,16,0.7763,12.42,1.89746,6.39855,4746.315,6379.873,19508.043,0.113971,0.685242,84.284,104.05,0.42659,1.75334,0.889889,B,0.0,-0.042152
9186.444,0.46164,136.46,2.0663,15,0.7078,10.617,2.02858,5.06049,3884.22,5302.224,8025.867,0.18122,0.667067,82.274,100.215,0.42282,0.87366,0.834019,B,0.0,-0.006997
9706.513,0.65014,190.481,2.3499,29,0.896,25.984,1.92959,11.98118,2442.185,7264.328,5739.008,0.038661,0.855709,82.552,104.229,0.2516,0.59125,0.985038,B,0.0,0.024199
11031.641,0.64005,132.771,4.4132,16,0.698,11.167,2.03694,6.47725,2858.957,8172.684,12617.265,0.263827,0.771656,83.189,100.681,0.25916,1.14373,0.893174,B,0.0,0.031129
9491.312,0.47001,218.104,2.4079,23,0.639,14.696,1.89079,6.61451,3926.998,5564.314,9455.889,0.110476,0.723751,84.394,104.504,0.41375,0.99627,0.902749,B,0.0,-0.0053
12115.615,0.24739,143.972,2.9938,19,0.653,12.406,2.01234,6.50334,6460.358,5655.258,19340.847,0.05066,0.472125,80.893,99.368,0.53323,1.59636,0.890806,B,-0.001,0.011575
7382.732,0.52981,155.518,4.5205,21,0.605,12.704,1.98919,7.15437,2503.558,4879.174,11317.437,0.117701,0.741268,82.275,101.781,0.33911,1.53296,0.924664,B,0.0,-0.001592
12566.245,0.39217,215.05,2.5332,24,0.8618,20.683,1.8948,9.47769,5540.722,7025.523,14035.979,0.034729,0.674075,83.3,104.056,0.44092,1.11696,0.960954,B,0.0,-0.048849
9923.697,0.71981,202.708,4.7622,27,0.6985,18.858,1.91167,10.09905,2301.113,7622.584,10958.393,0.090338,0.909834,83.643,105.111,0.23188,1.10427,0.970898,B,0.0,0.0123
10808.262,0.56803,147.782,4.7525,27,0.8863,23.93,2.00447,13.74766,3359.819,7448.444,15967.551,0.015224,0.817386,80.593,101.862,0.31086,1.47735,0.991669,B,-0.001,0.013332
7514.368,0.47328,188.689,1.469,29,0.8931,25.899,1.93233,10.15046,2657.464,4856.904,3903.906,0.03548,0.712828,82.448,103.207,0.35365,0.51953,0.973488,B,0.0,-0.0239
9242.562,0.23814,209.399,3.1809,28,0.6842,19.159,1.90238,9.37415,5035.012,4207.55,16015.944,0.01606,0.503898,82.877,102.707,0.54476,1.73285,0.963262,B,0.0,-0.014608
7381.61,0.2394,211.388,1.973,21,0.6712,14.094,1.89969,6.00209,4303.836,3077.774,8491.341,0.046297,0.509423,83.339,102.824,0.58305,1.15034,0.887245,B,-0.0,0.013874
12278.25,0.70422,136.145,2.8963,16,0.7089,11.342,2.02929,5.96647,2721.615,9556.635,7882.744,0.420541,0.785007,85.418,100.974,0.22166,0.64201,0.86763,B,0.0,0.01315
8997.355,0.2248,163.242,2.8383,19,0.6886,13.084,1.97478,6.58342,4823.828,4173.527,13691.661,0.040603,0.437699,81.571,100.18,0.53614,1.52174,0.903164,B,0.0,-0.005079
12841.443,0.34105,137.888,4.6906,24,0.7334,17.602,2.02542,10.24007,5770.669,7070.774,27067.899,0.022867,0.600735,80.25,99.862,0.44938,2.10786,0.96987,B,0.0,-0.045172
12062.484,0.45686,160.437,2.4845,21,0.6248,13.121,1.97992,6.39052,5067.201,6995.283,12589.46,0.123351,0.698441,82.551,101.757,0.42008,1.04369,0.886579,B,0.0,0.029676
8369.62,0.7218,210.09,4.5141,18,0.6918,12.452,1.90144,6.55091,1316.61,7053.009,5943.345,0.440682,0.774273,88.504,104.519,0.15731,0.71011,0.903958,B,0.001,0.030951
7022.666,0.6016,151.746,4.3616,19,0.897,17.043,1.99653,9.58593,2094.55,4928.115,9135.498,0.06412,0.830034,81.409,102.164,0.29826,1.30086,0.968211,B,0.001,0.030314
8091.659,0.53118,178.299,2.4886,14,0.7277,10.188,1.94882,4.84901,3428.922,4662.737,8533.29,0.216497,0.762591,84.467,103.06,0.42376,1.05458,0.827284,B,0.0,0.01483
7413.936,0.40631,137.765,1.4515,19,0.7685,14.601,2.02569,6.10284,2815.69,4598.246,4087.02,0.116572,0.58372,81.481,99.743,0.37978,0.55126,0.891038,B,0.0,0.037566
12565.603,0.57908,195.179,4.3105,24,0.7009,16.821,1.92256,8.92482,3832.512,8733.091,16520.136,0.089958,0.793725,83.389,104.025,0.305,1.31471,0.952619,B,-0.0,0.051617
8108.955,0.43119,183.618,1.379,14,0.8959,12.542,1.94024,4.81877,2788.024,5320.93,3844.713,0.219033,0.542361,84.692,101.853,0.34382,0.47413,0.82535,B,0.001,-0.03387
12045.49,0.75186,174.687,3.9914,26,0.6825,17.746,1.95481,9.512,1991.679,10053.811,7949.641,0.172884,0.866557,83.757,103.575,0.16535,0.65997,0.96198,B,0.0,-0.00762
7599.502,0.79947,189.207,1.5547,22,0.6564,14.441,1.93154,5.78557,1222.609,6376.893,1900.786,0.608718,0.83604,90.033,104.043,0.16088,0.25012,0.877505,B,0.0,0.012135
10029.368,0.62284,168.843,1.2416,20,0.6952,13.904,1.96481,5.2017,3074.434,6954.933,3817.37,0.329301,0.752599,85.601,102.539,0.30654,0.38062,0.837928,B,0.001,0.001754
7348.713,0.74504,204.4,3.5564,23,0.6083,13.991,1.90929,7.06274,1248.338,6100.375,4439.571,0.340806,0.827762,87.004,104.64,0.16987,0.60413,0.922295,B,0.0,-0.014558
8554.321,0.7391,158.481,1.7039,21,0.8476,17.799,1.98357,7.68196,988.809,7565.512,1684.877,0.415758,0.781364,86.331,102.202,0.11559,0.19696,0.934978,B,0.0,-0.025319
8468.978,0.2624,178.375,2.5336,24,0.8706,20.893,1.94869,9.99444,4534.235,3934.743,11488.027,0.014147,0.548466,81.798,101.65,0.53539,1.35648,0.971134,B,0.0,0.04125
9437.988,0.76655,153.157,1.8013,19,0.8166,15.515,1.99376,6.88391,1695.019,7742.969,3053.209,0.377126,0.851802,85.601,102.384,0.1796,0.3235,0.911643,B,0.0,-0.022514
11190.858,0.72371,145.008,1.1348,23,0.6308,14.508,2.01018,5.38479,2306.426,8884.432,2617.389,0.552365,0.768186,87.562,101.381,0.2061,0.23389,0.842696,B,0.0,0.050565
12772.541,0.20734,184.207,3.448,15,0.7866,11.799,1.93931,6.05794,7709.572,5062.969,26582.355,0.044648,0.455078,82.411,101.304,0.60361,2.08121,0.870021,B,-0.0,-0.004126
12350.574,0.63317,219.711,1.0441,20,0.8547,17.095,1.88871,5.55262,4310.093,8040.482,4500.329,0.278165,0.823477,86.656,105.225,0.34898,0.36438,0.846687,B,-0.001,-0.056076
9197.121,0.56583,177.02,4.4672,16,0.7156,11.449,1.95092,6.25195,3047.192,6149.929,13612.524,0.186867,0.753597,84.029,102.94,0.33132,1.48009,0.89058,B,0.0,0.019303
11276.665,0.34045,148.291,3.9953,14,0.6424,8.993,2.00344,4.99809,5045.544,6231.121,20158.669,0.137381,0.504885,82.228,99.828,0.44743,1.78764,0.81945,B,0.0,-0.020807
11124.056,0.49608,131.748,3.9186,22,0.755,16.61,2.03931,9.42997,3820.785,7303.271,14972.229,0.055041,0.726817,80.384,100.322,0.34347,1.34593,0.961892,B,0.0,-0.019645
12807.836,0.6222,166.728,3.801,19,0.8956,17.016,1.96853,9.12421,3818.363,8989.473,14513.47,0.092842,0.847051,82.398,103.057,0.29813,1.13317,0.955515,B,0.0,-0.010993
9124.072,0.73012,209.63,1.3378,16,0.6781,10.849,1.90207,3.99156,1878.384,7245.688,2512.905,0.854085,0.697978,93.947,103.997,0.20587,0.27541,0.759173,B,0.0,0.037031
11111.319,0.45284,199.465,1.6632,22,0.6182,13.601,1.9163,5.52441,4328.166,6783.153,7198.669,0.173749,0.630923,84.638,103.134,0.38953,0.64787,0.850543,B,0.0,-0.012059
9567.922,0.22083,150.087,3.0164,29,0.8867,25.715,1.99983,13.38445,5882.235,3685.687,17742.9,0.003275,0.568052,80.535,100.344,0.61479,1.85442,0.990883,B,0.0,-0.041976
12956.011,0.31533,151.741,1.0457,28,0.7785,21.797,1.99654,7.70348,7166.072,5789.939,7493.282,0.041869,0.653776,81.115,101.0,0.55311,0.57836,0.926557,B,0.0,0.05952
9900.26,0.73785,143.15,2.2657,20,0.7447,14.894,2.01407,7.23501,1606.661,8293.599,3640.28,0.360283,0.810989,84.944,101.558,0.16228,0.3677,0.920758,B,0.0,0.036637
11476.075,0.63274,179.694,2.9942,16,0.6112,9.779,1.94654,4.88239,2839.561,8636.514,8502.152,0.483559,0.681791,88.043,102.592,0.24743,0.74086,0.810905,B,0.0,-0.021099
7721.724,0.60265,208.365,0.9597,28,0.8046,22.529,1.90379,7.10345,2498.325,5223.4,2397.615,0.144424,0.821817,84.539,104.763,0.32354,0.3105,0.922463,B,-0.001,-3.9e-05
12399.619,0.36909,162.471,1.1415,15,0.739,11.085,1.97618,4.02483,5678.919,6720.7,6482.76,0.211195,0.502518,83.792,100.568,0.45799,0.52282,0.737938,B,0.0,-0.056644
11307.137,0.77849,207.474,1.3108,26,0.8664,22.526,1.90502,8.2353,2286.112,9021.024,2996.646,0.224089,0.918982,85.562,105.368,0.20218,0.26502,0.941801,B,0.001,0.041854
7944.399,0.2933,147.776,3.5041,19,0.7259,13.793,2.00449,7.46194,4201.806,3742.594,14723.57,0.0382,0.579708,80.896,100.293,0.5289,1.85333,0.931116,B,-0.001,-0.028445
11587.301,0.78318,217.986,1.0155,14,0.6559,9.183,1.89095,2.94775,1985.915,9601.385,2016.728,0.95,0.748674,95.472,104.664,0.17139,0.17405,0.792106,B,0.001,0.015834
7921.767,0.20584,145.409,3.8834,20,0.7808,15.616,2.00935,8.6657,4955.45,2966.318,19243.928,0.014863,0.52489,80.485,99.798,0.62555,2.42925,0.954832,B,-0.001,-0.026989
10927.1,0.50233,205.085,3.3552,28,0.6634,18.576,1.90833,9.24802,4403.827,6523.273,14775.649,0.050333,0.807468,83.192,104.534,0.40302,1.3522,0.959618,B,0.0,0.018116
12696.091,0.70391,207.997,2.3276,27,0.7832,21.145,1.9043,9.52686,3028.079,9668.012,7048.078,0.11368,0.888773,84.122,105.19,0.2385,0.55514,0.961482,B,0.0,0.005366
9831.723,0.28126,152.061,1.8431,28,0.8845,24.767,1.99591,11.09617,5152.241,4679.482,9496.18,0.010987,0.578845,80.721,100.523,0.52404,0.96587,0.979528,B,0.0,-0.032019
10433.798,0.48873,163.713,2.1609,17,0.6236,10.601,1.97393,4.92816,3976.797,6457.001,8593.599,0.231471,0.647171,84.109,101.586,0.38115,0.82363,0.819482,B,0.0,0.013124
11711.174,0.36819,186.366,3.5639,21,0.6827,14.337,1.93593,7.39593,5419.9,6291.274,19316.116,0.062837,0.631244,82.728,102.564,0.4628,1.64937,0.921016,B,0.0,0.037934
7662.78,0.2467,150.6,2.2277,25,0.8268,20.671,1.9988,9.8805,4178.302,3484.477,9307.977,0.013247,0.526646,80.689,100.099,0.54527,1.2147,0.970721,B,0.001,-0.028015
7616.535,0.37213,217.023,3.0009,20,0.7781,15.562,1.8922,7.44406,3689.136,3927.399,11070.762,0.052697,0.672178,83.598,104.121,0.48436,1.45352,0.93141,B,0.0,0.023565
7964.338,0.47597,194.584,3.3459,28,0.6989,19.568,1.92344,9.85448,2813.233,5151.105,9412.797,0.040202,0.71396,82.712,103.473,0.35323,1.18187,0.970165,B,0.0,0.005439
12997.59,0.78908,165.698,1.719,21,0.8273,17.374,1.97036,7.44974,1959.913,11037.677,3369.088,0.420495,0.854526,86.682,103.055,0.15079,0.25921,0.919645,B,0.0,0.022724
12151.635,0.56108,214.086,2.1211,17,0.7012,11.921,1.89607,5.18319,3999.603,8152.032,8483.664,0.295765,0.691251,86.716,104.131,0.32914,0.69815,0.826498,B,0.0,-0.003488
11977.695,0.24644,205.896,2.5515,28,0.7255,20.315,1.9072,9.42291,6711.524,5266.171,17124.655,0.017218,0.538575,82.781,102.793,0.56034,1.42971,0.960851,B,0.0,-0.003911
10516.168,0.34659,135.798,1.0283,19,0.7906,15.021,2.03006,5.39205,5431.655,5084.513,5585.222,0.103231,0.606568,81.213,99.776,0.51651,0.53111,0.846161,B,0.0,-0.019392
11436.774,0.2382,208.76,2.7538,26,0.7093,18.443,1.90325,8.70724,6948.61,4488.164,19135.214,0.019416,0.576935,82.901,103.163,0.60757,1.67313,0.950478,B,0.0,-0.053542
10142.188,0.64505,200.744,1.125,29,0.7644,22.169,1.91447,7.62213,2777.118,7365.071,3124.354,0.164206,0.826353,84.554,104.478,0.27382,0.30806,0.930295,B,-0.001,0.050415
12305.685,0.36827,212.747,4.0043,28,0.6059,16.966,1.89786,8.69854,6178.75,6126.935,24741.464,0.037344,0.702,83.263,104.149,0.50211,2.01057,0.949085,B,-0.0,-0.032995
12073.75,0.49237,154.085,3.0615,17,0.7927,13.476,1.99196,7.0003,4501.642,7572.108,13781.71,0.121035,0.713137,82.259,101.519,0.37285,1.14146,0.908347,B,0.0,-0.054335
8083.714,0.53532,206.442,1.6118,18,0.8448,15.207,1.90644,6.0553,2392.333,5691.381,3855.913,0.20477,0.674264,85.274,103.711,0.29594,0.477,0.886796,B,0.0,0.002431
9583.363,0.37184,203.764,4.1481,20,0.6281,12.562,1.91018,6.55072,4477.638,5105.725,18573.566,0.079365,0.628327,83.533,103.297,0.46723,1.93811,0.900274,B,-0.0,0.045086
10725.771,0.26307,165.129,3.6033,22,0.8986,19.769,1.97138,10.50325,5383.016,5342.755,19396.4,0.013561,0.514454,81.288,100.782,0.50188,1.80839,0.974128,B,0.0,0.027816
12180.639,0.29636,217.239,3.0473,24,0.7799,18.716,1.89192,8.98496,6370.152,5810.487,19411.543,0.026009,0.592746,83.252,103.605,0.52297,1.59364,0.954103,B,0.0,0.029963
8401.725,0.3178,176.175,1.3152,14,0.7658,10.721,1.95232,4.07468,4328.504,4073.221,5692.806,0.141086,0.505591,83.393,101.263,0.51519,0.67758,0.771284,B,0.0,-0.006989
12446.212,0.32096,154.746,3.7748,22,0.6747,14.843,1.99068,8.07872,6115.137,6331.076,23083.137,0.041481,0.590905,81.237,100.748,0.49133,1.85463,0.936501,B,-0.001,0.009742
12139.139,0.44382,161.989,1.989,24,0.8099,19.438,1.97707,8.81643,5165.787,6973.352,10274.869,0.050717,0.735033,81.654,102.078,0.42555,0.84642,0.951372,B,0.0,-0.044389
8339.279,0.50044,205.281,1.5057,24,0.7243,17.384,1.90806,6.74911,3199.816,5139.463,4817.806,0.116755,0.739321,84.075,104.093,0.3837,0.57772,0.91048,B,0.0,0.001341
11348.537,0.32888,136.238,1.7305,22,0.8768,19.29,2.02908,8.65049,6360.281,4988.257,11006.39,0.029568,0.710516,80.261,100.488,0.56045,0.96985,0.949612,B,-0.001,0.009649
12666.636,0.6028,159.171,2.4979,21,0.7786,16.351,1.98228,7.98939,4093.345,8573.291,10224.75,0.12296,0.831895,82.494,102.572,0.32316,0.80722,0.934081,B,0.0,0.052563
12627.235,0.21833,168.12,1.8678,19,0.7223,13.725,1.96608,6.04305,7275.11,5352.125,13588.81,0.049314,0.448076,81.877,100.493,0.57614,1.07615,0.869867,B,0.0,-0.019318
12261.832,0.49125,212.417,2.5771,19,0.6562,12.468,1.8983,5.75732,4859.847,7401.986,12524.348,0.17645,0.69794,85.089,104.109,0.39634,1.02141,0.857642,B,-0.001,-0.037142
7805.538,0.44236,144.425,3.4848,16,0.8302,13.283,2.01139,7.21261,3044.6,4760.938,10609.691,0.084866,0.670978,81.365,100.706,0.39006,1.35925,0.925168,B,-0.0,-0.009891
12646.262,0.23961,153.673,1.9422,21,0.6068,12.743,1.99276,5.80031,6290.812,6355.45,12218.005,0.068277,0.409203,81.546,99.491,0.49744,0.96614,0.858254,B,0.0,-0.016139
9464.981,0.7817,147.428,4.5819,29,0.7573,21.96,2.0052,12.54151,1350.336,8114.645,6187.059,0.066887,0.900653,81.26,102.392,0.14267,0.65368,0.987793,B,0.0,-0.02364
7796.839,0.76933,134.482,3.6237,20,0.6536,13.072,2.03303,7.26909,1599.48,6197.36,5796.025,0.275063,0.896896,83.419,101.612,0.20514,0.74338,0.926654,B,-0.001,-0.003014
7359.363,0.21551,147.578,3.8841,26,0.6325,16.445,2.00489,9.09669,4295.089,3064.273,16682.685,0.014085,0.497831,80.57,99.742,0.58362,2.26687,0.961856,B,0.001,0.0299
11244.516,0.22198,133.869,1.4024,29,0.6419,18.614,2.03442,7.71687,5935.273,5309.243,8323.333,0.029292,0.437395,80.146,98.542,0.52784,0.74021,0.930348,B,0.0,-0.034697
10170.377,0.22923,183.958,1.1854,16,0.7191,11.506,1.93971,4.13496,6274.351,3896.026,7437.784,0.087848,0.456926,82.973,101.304,0.61692,0.73132,0.763579,B,0.0,-0.029243
10196.442,0.69531,146.358,1.1419,29,0.6372,18.479,2.00739,6.86504,2281.685,7914.758,2605.564,0.282759,0.814244,84.063,101.762,0.22377,0.25554,0.908999,B,-0.001,-0.023095
8456.547,0.41812,154.982,1.046,23,0.6862,15.782,1.99022,5.55301,3312.48,5144.066,3464.828,0.145773,0.593498,82.623,100.777,0.39171,0.40972,0.863436,B,0.001,-0.011598
10886.838,0.31711,194.663,3.6734,28,0.6372,17.842,1.92332,9.17241,5713.06,5173.778,20986.184,0.025027,0.639644,82.515,102.986,0.52477,1.92767,0.958584,B,0.0,-0.031609
11501.035,0.33622,197.297,1.1936,15,0.8294,12.442,1.91944,4.41423,5820.027,5681.008,6946.874,0.14811,0.528927,84.228,102.369,0.50604,0.60402,0.777078,B,0.0,0.03527
9901.953,0.75003,166.416,3.1124,14,0.6379,8.93,1.96909,4.57939,2126.794,7775.159,6619.485,0.700995,0.763445,90.413,102.49,0.21479,0.6685,0.799257,B,0.0,-0.016414
7752.611,0.38519,207.704,3.9927,29,0.6371,18.475,1.9047,9.51978,3953.253,3799.358,15784.302,0.025166,0.759799,82.944,104.327,0.50993,2.036,0.966684,B,-0.0,-0.007743
7448.232,0.73241,153.019,3.1007,14,0.8618,12.066,1.99403,6.29656,1626.736,5821.496,5044.0,0.341827,0.841555,85.129,102.309,0.21841,0.67721,0.898067,B,0.0,-0.011754
10630.702,0.53636,179.754,0.989,25,0.7172,17.93,1.94644,5.93768,3803.513,6827.19,3761.731,0.191172,0.728661,84.186,102.904,0.35779,0.35386,0.872475,B,-0.001,0.051045
8176.168,0.46336,207.106,1.6303,17,0.7855,13.354,1.90553,5.33679,3067.005,5109.163,5000.185,0.180346,0.633248,84.973,103.467,0.37512,0.61156,0.853999,B,0.0,0.019869
7242.56,0.64577,133.722,4.7136,28,0.7171,20.078,2.03476,11.76693,2030.361,5212.199,9570.362,0.034379,0.883937,80.206,101.48,0.28034,1.32141,0.985076,B,0.0,-0.029357
11969.022,0.60729,180.086,1.4757,29,0.863,25.026,1.94591,9.93068,3381.065,8587.957,4989.391,0.070442,0.818646,82.604,103.513,0.28248,0.41686,0.967233,B,0.0,0.001743
7160.428,0.73854,179.916,1.5103,22,0.6498,14.296,1.94618,5.72705,1401.073,5759.355,2116.03,0.465215,0.805029,87.809,103.416,0.19567,0.29552,0.876745,B,0.0,0.014523
9582.911,0.74512,175.493,1.2553,16,0.811,12.976,1.95346,4.83636,1992.62,7590.292,2501.435,0.651163,0.769787,90.101,102.975,0.20793,0.26103,0.818285,B,-0.001,-0.009881
11424.109,0.62172,192.041,4.4688,16,0.6095,9.751,1.92723,5.22782,2794.359,8629.75,12487.388,0.425264,0.685331,87.709,103.173,0.2446,1.09307,0.832689,B,0.0,0.021564
8160.418,0.48551,155.394,2.1231,16,0.6501,10.402,1.98943,4.86387,2985.65,5174.768,6338.694,0.228505,0.633794,83.732,101.065,0.36587,0.77676,0.827804,B,0.0,-0.00832
7948.75,0.78657,161.858,4.1284,16,0.7308,11.692,1.9773,6.41667,1475.804,6472.945,6092.66,0.420793,0.869961,86.534,102.962,0.18566,0.76649,0.900674,B,0.001,0.03059
9004.076,0.31803,204.134,2.8353,19,0.8469,16.09,1.90966,7.69509,4456.812,4547.264,12636.176,0.042173,0.588402,83.054,103.049,0.49498,1.40338,0.934363,B,-0.0,-0.010074
8975.195,0.57191,168.443,3.258,17,0.6905,11.738,1.96551,6.06925,2533.628,6441.567,8254.686,0.234703,0.704536,84.337,102.202,0.28229,0.91972,0.884151,B,0.0,0.037832
7529.098,0.59612,167.667,3.0778,23,0.6951,15.988,1.96687,8.163,2448.655,5080.443,7536.494,0.097476,0.836452,82.495,103.034,0.32523,1.00098,0.94682,B,0.0,0.014097
10351.645,0.30115,187.304,3.3134,21,0.6552,13.759,1.93447,6.97391,5488.338,4863.307,18185.179,0.049986,0.584584,82.591,102.298,0.53019,1.75674,0.911996,B,0.0,0.046369
12962.005,0.47143,176.765,4.0791,17,0.7532,12.805,1.95135,6.87489,5146.671,7815.333,20993.948,0.116554,0.705124,83.091,102.608,0.39706,1.61965,0.901833,B,0.001,0.034059
12488.959,0.4251,177.326,4.3982,29,0.6679,19.368,1.95042,10.54208,6200.592,6288.367,27271.706,0.022984,0.821608,81.877,103.404,0.49649,2.18367,0.973156,B,0.0,-0.03057
11362.085,0.73647,177.488,3.4258,25,0.8442,21.104,1.95015,10.91085,2364.155,8997.93,8099.007,0.080881,0.908717,82.647,103.986,0.20807,0.71281,0.977149,B,-0.0,0.047564
8748.378,0.78744,147.441,2.1044,15,0.8334,12.5,2.00517,5.89541,1140.73,7607.648,2400.529,0.73828,0.794813,90.123,101.694,0.13039,0.2744,0.877747,B,0.0,-0.012902
12323.76,0.56765,138.814,4.7082,20,0.7714,15.427,2.02339,8.9679,4039.455,8284.305,19018.513,0.080282,0.805292,81.051,101.267,0.32778,1.54324,0.953643,B,0.0,0.002296
7220.479,0.5132,177.242,3.0213,17,0.7312,12.431,1.95056,6.23995,2585.638,4634.841,7812.111,0.147905,0.71699,83.522,102.709,0.3581,1.08194,0.896796,B,0.0,-0.013614
10148.091,0.60106,177.83,0.9031,28,0.7246,20.289,1.94959,6.42795,3251.978,6896.113,2937.006,0.198615,0.790841,84.213,103.224,0.32045,0.28941,0.89411,B,0.0,-0.008935
11129.324,0.54615,141.312,4.2137,23,0.6532,15.023,2.01798,8.52432,4160.553,6968.771,17531.495,0.076449,0.82657,81.114,101.554,0.37384,1.57525,0.94767,B,0.0,0.033141
11830.531,0.63956,152.104,4.6604,25,0.8233,20.582,1.99583,11.71081,3284.55,8545.981,15307.385,0.040322,0.869865,81.11,102.446,0.27763,1.29389,0.982496,B,0.0,0.045019
12682.568,0.56473,177.557,1.3958,14,0.631,8.834,1.95004,3.43722,4337.904,8344.663,6055.006,0.535695,0.579828,88.653,101.819,0.34204,0.47743,0.67555,B,0.001,-0.036115
10792.91,0.35843,131.291,1.212,17,0.656,11.152,2.04037,4.35734,5228.911,5563.998,6337.273,0.16482,0.540377,81.811,99.063,0.48448,0.58717,0.777218,B,0.001,0.017073
10569.898,0.64665,179.907,1.1821,28,0.7851,21.983,1.9462,7.92963,2809.294,7760.604,3320.76,0.154234,0.824907,83.703,103.546,0.26578,0.31417,0.936608,B,-0.0,-0.040673
11659.698,0.36483,212.071,3.0224,14,0.7051,9.871,1.89877,4.75582,5348.104,6311.594,16163.884,0.158047,0.540055,84.836,103.053,0.45868,1.3863,0.801298,B,0.0,-0.052069
12453.545,0.7748,164.3,1.0693,17,0.6782,11.529,1.97287,4.04829,1891.997,10561.548,2023.196,0.95,0.743414,93.617,102.251,0.15192,0.16246,0.813722,B,0.0,0.006871
7955.167,0.66383,198.701,3.7216,22,0.8013,17.629,1.9174,9.04562,1891.052,6064.115,7037.831,0.110547,0.836365,83.779,104.458,0.23771,0.88469,0.960414,B,0.0,0.014842
11887.601,0.49977,183.402,1.0331,14,0.6685,9.359,1.94059,3.15316,4458.063,7429.537,4605.808,0.467037,0.519414,87.958,101.691,0.37502,0.38745,0.649546,B,0.001,-0.019549
11884.51,0.2235,149.375,3.4244,16,0.6045,9.671,2.00125,5.19317,6754.054,5130.455,23128.738,0.067485,0.428898,81.352,99.386,0.56831,1.94612,0.828404,B,0.001,-0.051238
9934.529,0.79674,137.547,3.0849,27,0.6854,18.505,2.02617,9.8683,1786.821,8147.708,5512.076,0.139804,0.940812,81.778,102.087,0.17986,0.55484,0.96844,B,0.0,-0.029547
12261.057,0.59681,145.163,1.955,22,0.7524,16.554,2.00986,7.64512,3375.157,8885.9,6598.43,0.1594,0.762947,82.382,101.355,0.27527,0.53816,0.926477,B,0.0,0.050655
12158.86,0.20724,172.44,2.4436,22,0.8258,18.167,1.95861,8.66628,7256.157,4902.703,17731.284,0.017808,0.487609,81.626,100.966,0.59678,1.4583,0.948719,B,0.0,-0.017605
7709.423,0.2901,182.871,4.2009,16,0.6303,10.085,1.94143,5.40405,3684.322,4025.101,15477.501,0.085283,0.477579,82.9,101.391,0.4779,2.00761,0.859509,B,-0.0,-0.010131
12778.083,0.28617,157.492,1.3049,26,0.8906,23.155,1.98543,8.99087,7239.861,5538.222,9447.438,0.023522,0.629507,81.113,101.148,0.56658,0.73935,0.953428,B,0.0,0.058485
9868.701,0.32121,214.522,3.7788,27,0.8509,22.973,1.8955,11.6166,4956.231,4912.471,18728.53,0.010925,0.634258,82.97,103.773,0.50222,1.89777,0.982918,B,-0.001,0.004593
7697.476,0.47462,207.566,2.7764,27,0.6795,18.346,1.90489,8.69213,2766.334,4931.141,7680.329,0.058677,0.707956,83.382,103.979,0.35938,0.99777,0.955569,B,0.001,0.025021
9247.604,0.71219,214.871,3.5338,29,0.8584,24.895,1.89503,12.40375,1820.518,7427.086,6433.42,0.046037,0.875481,83.444,105.378,0.19686,0.69569,0.987274,B,0.0,-0.032773
12966.429,0.6065,216.863,2.0564,19,0.6084,11.56,1.89241,4.96105,3950.386,9016.042,8123.668,0.381895,0.704914,87.938,104.331,0.30466,0.62652,0.808164,B,0.001,-0.027703
9128.412,0.50138,191.322,2.885,20,0.8152,16.305,1.92832,7.9505,3188.41,5940.002,9198.415,0.086493,0.724078,83.212,103.397,0.34928,1.00767,0.939745,B,0.0,0.003294
12773.25,0.6915,193.966,2.6298,24,0.6467,15.522,1.92435,7.36123,2741.935,10031.314,7210.704,0.265349,0.807989,85.663,104.067,0.21466,0.56452,0.917628,B,0.001,-0.058703
10146.971,0.48578,190.281,1.682,21,0.6344,13.323,1.9299,5.49334,4017.414,6129.557,6757.22,0.180191,0.686063,84.413,103.101,0.39592,0.66593,0.853139,B,0.0,0.031462
8895.061,0.4918,135.486,3.1252,26,0.6184,16.079,2.03076,8.62926,3618.795,5276.266,11309.414,0.057025,0.790004,80.588,100.968,0.40683,1.27143,0.952828,B,0.0,-0.04203
12076.255,0.56297,212.456,2.9579,24,0.6826,16.383,1.89825,7.84758,3852.898,8223.358,11396.533,0.120231,0.77041,84.348,104.589,0.31905,0.94371,0.931862,B,-0.001,-0.025739
8618.553,0.5313,192.062,3.272,20,0.6741,13.481,1.9272,6.77438,3219.335,5399.218,10533.619,0.127321,0.772176,83.776,103.747,0.37354,1.2222,0.910486,B,0.0,0.001699
11222.188,0.39261,178.803,2.185,29,0.8255,23.94,1.94799,10.95135,6052.886,5169.302,13225.395,0.016334,0.833209,81.843,103.55,0.53937,1.1785,0.977561,B,0.0,-0.033559
7432.42,0.5438,181.854,4.7867,18,0.8378,15.08,1.94306,8.28588,2806.87,4625.55,13435.697,0.073124,0.829419,82.703,103.666,0.37765,1.80771,0.949218,B,0.0,-0.018621
8254.392,0.52112,213.345,3.1161,24,0.818,19.632,1.89706,9.51633,2763.815,5490.577,8612.438,0.052752,0.756883,83.485,104.535,0.33483,1.04338,0.966106,B,0.0,0.007599
10332.896,0.71717,167.781,3.3353,18,0.768,13.823,1.96667,7.19278,2419.245,7913.651,8069.003,0.249547,0.860121,84.507,103.196,0.23413,0.7809,0.918531,B,0.0,0.030281
8909.708,0.7379,183.788,0.9799,24,0.7577,18.185,1.93998,5.96403,1454.413,7455.295,1425.139,0.542228,0.776076,88.965,103.403,0.16324,0.15995,0.880048,B,0.0,-0.025441
7088.348,0.61509,152.027,4.5068,18,0.6677,12.019,1.99598,6.79849,2055.704,5032.644,9264.635,0.179241,0.793126,82.941,101.936,0.29001,1.30702,0.915489,B,0.0,-0.015274
9302.795,0.54812,208.843,3.5252,18,0.6877,12.379,1.90314,6.20546,3149.044,6153.751,11101.077,0.180667,0.736152,85.033,104.217,0.33851,1.19331,0.888424,B,0.0,0.023557
10952.58,0.75742,202.984,3.6072,15,0.6232,9.348,1.91128,4.74124,1837.148,9115.432,6627.0,0.883617,0.731989,94.124,103.949,0.16774,0.60506,0.804317,B,0.0,-0.028015
11505.928,0.28787,207.197,2.2124,27,0.7528,20.326,1.9054,9.02481,5958.492,5547.436,13182.617,0.024682,0.570569,82.921,103.057,0.51786,1.14572,0.955599,B,0.0,-0.051017
12170.012,0.67056,167.121,1.0327,18,0.7132,12.838,1.96784,4.41531,3518.923,8651.089,3634.023,0.526707,0.729074,88.14,102.298,0.28915,0.2986,0.772883,B,0.0,-0.002191
7549.434,0.63014,212.731,2.8136,26,0.6761,17.58,1.89788,8.31035,2209.215,5340.219,6215.811,0.10883,0.845796,84.206,105.097,0.29263,0.82335,0.94946,B,0.0,0.035603
11734.986,0.30637,205.216,2.3368,15,0.8671,13.006,1.90815,5.88533,6751.215,4983.771,15775.989,0.071416,0.624647,83.475,103.333,0.57531,1.34436,0.865894,B,0.0,0.005287
9902.567,0.38454,154.544,2.7794,20,0.8788,17.575,1.99107,8.90107,4505.36,5397.207,12522.009,0.037385,0.674328,81.174,101.287,0.45497,1.26452,0.955768,B,0.0,0.012429
11421.656,0.46366,135.931,4.7152,28,0.6783,18.991,2.02977,11.09181,4273.445,7148.211,20150.045,0.026625,0.724928,80.208,100.565,0.37415,1.7642,0.978514,B,0.0,0.046244
9171.873,0.60108,173.308,3.0316,17,0.7287,12.388,1.95713,6.25479,2783.27,6388.602,8437.686,0.216352,0.768688,84.28,102.863,0.30346,0.91995,0.890774,B,0.001,0.021698
9352.121,0.60637,218.678,1.5821,21,0.6605,13.87,1.89005,5.41001,3057.824,6294.298,4837.82,0.27376,0.767949,86.566,104.818,0.32697,0.5173,0.852383,B,-0.001,0.035858
12374.411,0.50656,201.844,1.3544,16,0.8675,13.88,1.9129,5.17888,4593.917,7780.494,6222.182,0.238588,0.664777,85.572,103.458,0.37124,0.50283,0.825145,B,0.0,0.034707
10845.051,0.69478,206.431,1.0928,21,0.8926,18.744,1.90646,6.31558,2660.461,8184.59,2907.37,0.318427,0.817122,86.774,104.653,0.24532,0.26808,0.887569,B,0.0,-0.046631
10526.595,0.65969,143.471,3.7472,15,0.8765,13.148,2.01339,7.26303,3079.496,7447.099,11539.365,0.180283,0.857938,82.582,101.886,0.29254,1.09621,0.920053,B,-0.0,-0.040544
11762.864,0.77384,156.631,4.7316,23,0.6721,15.457,1.98707,8.76209,1788.667,9974.198,8463.194,0.249545,0.867856,84.061,102.676,0.15206,0.71948,0.950964,B,-0.001,0.054192
9109.769,0.70498,185.004,2.4254,18,0.8864,15.955,1.93806,7.47499,2148.946,6960.823,5212.15,0.212561,0.857003,84.656,103.993,0.23589,0.57215,0.928875,B,0.0,-0.023355
12169.431,0.69796,188.878,3.9792,16,0.7074,11.319,1.93204,5.95718,2203.475,9965.956,8767.97,0.510345,0.739436,88.723,103.391,0.18107,0.72049,0.867604,B,0.0,0.056971
11230.667,0.41212,192.439,4.0344,19,0.7952,15.109,1.92664,7.94,4586.395,6644.272,18503.558,0.064983,0.65174,82.966,102.969,0.40838,1.64759,0.935607,B,-0.0,0.006944
11895.671,0.75725,152.339,2.3854,26,0.6509,16.922,1.99536,8.23722,2355.26,9540.411,5618.267,0.226218,0.888343,83.574,102.581,0.19799,0.4723,0.940852,B,0.0,0.037329
12724.991,0.29997,186.723,3.3077,17,0.6793,11.547,1.93537,5.8547,6038.393,6686.598,19972.948,0.088107,0.4913,83.074,101.657,0.47453,1.56958,0.860622,B,0.0,-0.034739
11132.215,0.73188,133.084,3.1168,28,0.8586,24.04,2.03622,12.94214,3048.659,8083.555,9502.129,0.029797,0.996665,80.115,102.185,0.27386,0.85357,0.98885,B,0.001,0.008278
11205.989,0.34554,200.075,1.7448,26,0.7006,18.216,1.91542,7.52593,5215.388,5990.601,9099.769,0.055225,0.598291,83.094,102.945,0.46541,0.81205,0.925617,B,0.0,-0.025026
11871.173,0.23815,187.702,4.127,21,0.8067,16.941,1.93385,8.99356,6421.315,5449.858,26500.961,0.01997,0.495213,82.209,101.726,0.54092,2.23238,0.95464,B,0.0,0.04566
10770.212,0.49883,171.424,2.7704,18,0.8506,15.31,1.96035,7.57221,4113.815,6656.397,11396.712,0.094374,0.748792,82.598,102.64,0.38196,1.05817,0.927736,B,0.0,0.010853
12286.124,0.24224,169.863,4.2047,29,0.7772,22.539,1.96304,12.28153,6855.064,5431.06,28823.654,0.006304,0.540038,81.376,101.186,0.55795,2.34603,0.98548,B,0.0,-0.002426
9688.881,0.79012,188.011,3.356,19,0.8607,16.353,1.93338,8.30575,1575.691,8113.19,5287.977,0.26298,0.892496,85.427,104.362,0.16263,0.54578,0.945871,B,0.0,0.013814
8545.503,0.27265,131.741,1.6319,26,0.8052,20.935,2.03932,9.25028,4554.245,3991.258,7432.224,0.019208,0.561838,79.91,99.232,0.53294,0.86972,0.962455,B,0.0,0.013043
8687.941,0.40339,195.574,3.4967,26,0.833,21.657,1.92197,11.00288,3618.038,5069.903,12651.362,0.019781,0.677145,82.476,103.273,0.41644,1.4562,0.979578,B,0.0,0.000643
12491.443,0.58278,172.471,3.437,16,0.7758,12.413,1.95856,6.46331,4149.501,8341.942,14261.929,0.196328,0.775007,83.984,102.864,0.33219,1.14174,0.888092,B,0.0,0.036476
8808.939,0.48436,140.837,3.5399,23,0.6003,13.807,2.019,7.56395,3605.643,5203.295,12763.747,0.080828,0.763989,81.15,101.114,0.40932,1.44895,0.931695,B,0.001,0.000638
7742.525,0.23525,134.892,1.4978,15,0.8335,12.503,2.0321,5.31603,4549.79,3192.735,6814.604,0.058064,0.487744,80.574,98.937,0.58764,0.88015,0.854959,B,0.0,0.01266
9460.317,0.20034,151.083,1.2477,14,0.8023,11.232,1.99784,4.31498,5400.253,4060.064,6737.742,0.076258,0.365385,81.541,99.061,0.57083,0.71221,0.78272,B,0.0,-0.01907
10581.407,0.58356,159.565,1.8599,20,0.7084,14.169,1.98154,6.3015,3311.889,7269.518,6159.687,0.209032,0.754185,83.647,102.079,0.31299,0.58212,0.887885,B,0.0,0.033655
11511.15,0.61316,204.203,1.9078,29,0.605,17.545,1.90956,7.44645,3178.964,8332.186,6064.676,0.171309,0.781741,84.761,104.328,0.27616,0.52685,0.922844,B,0.0,-0.019826
7612.068,0.46177,216.529,1.6375,18,0.8047,14.484,1.89285,5.7381,3181.654,4430.413,5210.009,0.137652,0.69453,84.704,104.249,0.41798,0.68444,0.875403,B,0.001,0.008863
9786.269,0.66206,155.594,3.6726,17,0.7685,13.064,1.98905,7.06111,2648.64,7137.629,9727.314,0.205298,0.831552,83.434,102.381,0.27065,0.99398,0.916074,B,0.0,0.027089
11717.268,0.55965,178.014,1.1166,26,0.7836,20.374,1.94929,7.17415,3921.155,7796.113,4378.43,0.142776,0.769328,83.483,103.091,0.33465,0.37367,0.914626,B,0.0,-0.045812
9758.874,0.27222,200.861,3.1312,27,0.8238,22.242,1.9143,10.94695,5411.62,4347.255,16944.829,0.010565,0.597944,82.53,102.975,0.55453,1.73635,0.978478,B,-0.001,-0.028129
8563.365,0.50018,183.855,4.5466,22,0.6865,15.102,1.93987,8.20285,3585.016,4978.349,16299.539,0.064757,0.813734,82.664,103.655,0.41865,1.9034,0.945799,B,0.0,0.017179
12484.773,0.75026,205.555,3.2307,26,0.8978,23.343,1.90768,11.51312,2641.847,9842.926,8535.11,0.067746,0.933451,83.437,105.385,0.21161,0.68364,0.980893,B,0.0,-0.037894
9173.015,0.23638,141.858,1.3458,15,0.614,9.21,2.01681,3.70669,5197.222,3975.793,6994.2,0.111175,0.400045,81.597,98.771,0.56658,0.76248,0.733522,B,0.0,0.020019
7806.784,0.43484,199.504,2.4764,16,0.6209,9.934,1.91624,4.60242,3432.691,4374.093,8500.625,0.184512,0.631287,84.781,103.138,0.43971,1.08888,0.813422,B,0.0,0.021225
9920.152,0.78618,167.373,1.2883,24,0.6739,16.173,1.96739,6.16175,1812.499,8107.652,2334.99,0.496726,0.85089,87.754,103.115,0.18271,0.23538,0.884561,B,0.001,-0.010289
10746.258,0.55137,149.409,1.2115,24,0.6924,16.618,2.00118,6.31568,3486.281,7259.977,4223.601,0.190525,0.724654,82.978,101.34,0.32442,0.39303,0.887898,B,0.0,-0.030787
11325.18,0.77348,211.404,2.7426,19,0.6923,13.153,1.89966,6.1851,1930.312,9394.868,5294.063,0.541559,0.821135,89.877,104.882,0.17044,0.46746,0.880662,B,0.0,-0.032545
10996.842,0.27992,207.899,2.3707,24,0.6477,15.545,1.90443,7.04294,5683.838,5313.004,13474.88,0.047415,0.528659,83.244,102.809,0.51686,1.22534,0.912451,B,0.0,-0.030548
11301.529,0.3467,186.559,2.7414,24,0.7696,18.47,1.93562,8.93807,5342.536,5958.993,14646.145,0.033371,0.627618,82.346,102.549,0.47273,1.29594,0.954499,B,0.0,-0.016933
9647.552,0.35663,189.471,2.1105,17,0.8674,14.746,1.93113,6.58431,5037.555,4609.997,10631.548,0.067446,0.672624,82.897,102.976,0.52216,1.10199,0.901247,B,0.0,0.048913
11061.35,0.69095,160.828,2.2969,21,0.8345,17.524,1.9792,8.33495,2720.854,8340.496,6249.412,0.156755,0.86521,83.008,102.878,0.24598,0.56498,0.944195,B,0.0,0.05177
11609.74,0.20363,168.934,1.7644,14,0.7178,10.049,1.96465,4.33145,6831.586,4778.154,12053.837,0.079657,0.380876,82.309,100.09,0.58844,1.03825,0.769809,B,-0.0,0.023527
11839.136,0.6354,153.267,1.8503,27,0.675,18.226,1.99355,8.16278,3632.657,8206.479,6721.573,0.125516,0.861101,82.284,102.452,0.30683,0.56774,0.939388,B,0.0,0.023165
11397.991,0.7926,172.146,1.6454,29,0.8894,25.793,1.95911,10.7887,1848.067,9549.925,3040.813,0.116706,0.923398,82.921,103.828,0.16214,0.26679,0.976126,B,-0.001,-0.014486
8502.905,0.69564,140.998,1.7626,17,0.7632,12.975,2.01865,5.81487,1686.582,6816.323,2972.721,0.437633,0.759481,85.868,101.093,0.19835,0.34961,0.875214,B,0.0,-0.010915
11190.538,0.74574,203.472,4.1579,21,0.783,16.442,1.91059,8.58119,1513.651,9676.887,6293.622,0.283325,0.818067,86.216,104.537,0.13526,0.56241,0.948611,B,0.0,0.034721
11724.212,0.52126,162.287,2.1587,20,0.8957,17.914,1.97652,8.3416,3977.44,7746.772,8586.228,0.087195,0.744127,82.148,102.153,0.33925,0.73235,0.943251,B,0.0,-0.032342
12755.842,0.40612,215.846,2.7767,29,0.6397,18.551,1.89375,8.70944,5389.611,7366.231,14965.467,0.049368,0.667146,83.518,104.042,0.42252,1.17322,0.948639,B,0.0,-0.02331
12257.008,0.33973,189.479,1.3919,26,0.6994,18.186,1.93112,6.96447,5719.716,6537.292,7961.498,0.067916,0.577541,82.903,102.349,0.46665,0.64955,0.90671,B,-0.0,0.058937
7080.419,0.41918,194.562,4.2225,24,0.8513,20.432,1.92347,10.80623,3374.514,3705.905,14248.831,0.018275,0.784233,82.422,103.936,0.4766,2.01243,0.979222,B,0.0,0.007797
12832.661,0.78511,192.449,3.8362,15,0.7646,11.469,1.92662,5.96576,1705.216,11127.445,6541.529,0.794465,0.783674,92.596,103.84,0.13288,0.50976,0.865535,B,0.0,0.026715
9478.135,0.62322,172.142,4.4203,27,0.8227,22.212,1.95912,12.18139,3107.772,6370.363,13737.283,0.02633,0.914405,81.727,103.768,0.32789,1.44937,0.986147,B,0.0,0.043879
10210.11,0.53708,199.175,2.1724,14,0.6153,8.615,1.91672,3.83816,3786.081,6424.029,8224.946,0.380363,0.629447,87.356,103.112,0.37082,0.80557,0.737387,B,0.0,-0.025031
7715.778,0.30216,138.59,2.2291,27,0.7159,19.328,2.02388,9.40672,3842.711,3873.068,8565.913,0.021004,0.581104,80.258,99.774,0.49803,1.11018,0.965381,B,-0.001,0.031872
9216.962,0.50087,153.714,3.0322,28,0.6131,17.167,1.99268,8.90098,3310.175,5906.786,10037.155,0.060418,0.747702,81.444,101.727,0.35914,1.08899,0.956679,B,0.001,-0.010102
7781.11,0.7678,150.861,1.7923,23,0.7769,17.868,1.99828,7.93983,1224.332,6556.779,2194.406,0.282877,0.858353,84.259,102.303,0.15735,0.28202,0.94203,B,-0.001,-0.03003
9236.098,0.43898,179.511,4.1751,18,0.7836,14.105,1.94684,7.58104,3977.358,5258.74,16605.78,0.070133,0.717943,82.579,102.822,0.43063,1.79792,0.9312,B,0.0,0.04268
8522.098,0.60877,218.301,1.4026,19,0.7951,15.106,1.89054,5.6163,2788.728,5733.37,3911.536,0.249001,0.783758,86.228,104.908,0.32723,0.45899,0.866152,B,0.0,0.026934
8190.629,0.27494,180.68,1.9945,23,0.8138,18.717,1.94494,8.29309,4964.184,3226.446,9901.261,0.023545,0.661729,82.006,102.505,0.60608,1.20885,0.948098,B,-0.001,0.01694
9174.76,0.70133,186.23,3.2581,14,0.7034,9.847,1.93614,4.97807,1832.657,7342.104,5971.058,0.599609,0.726724,89.808,103.188,0.19975,0.65081,0.829223,B,-0.001,-0.026388
12174.429,0.25644,144.604,4.4053,16,0.7314,11.702,2.01102,6.66307,6852.44,5321.99,30187.217,0.047122,0.525953,80.875,99.76,0.56286,2.47956,0.896572,B,-0.001,-0.006711
9839.183,0.49504,204.944,4.0735,23,0.614,14.121,1.90853,7.32803,3741.874,6097.309,15242.37,0.099662,0.737683,83.839,104.068,0.3803,1.54915,0.923437,B,0.0,-0.014689
8734.763,0.35034,175.489,1.2401,21,0.7337,15.408,1.95347,5.71174,4406.618,4328.145,5464.831,0.090496,0.614896,82.7,101.952,0.50449,0.62564,0.869685,B,0.0,-0.003481
7401.751,0.24254,158.271,2.0099,16,0.7249,11.599,1.98396,5.30607,4036.729,3365.022,8113.249,0.064019,0.456701,81.68,100.049,0.54537,1.09613,0.856048,B,0.0,-0.015579
8831.176,0.44692,200.131,1.2127,25,0.6154,15.386,1.91534,5.48025,3776.486,5054.691,4579.758,0.148132,0.67016,84.322,103.421,0.42763,0.51859,0.858263,B,-0.001,-0.040967
12737.937,0.3323,160.083,3.909,27,0.6277,16.948,1.98058,9.22269,6628.298,6109.639,25910.24,0.027392,0.663082,81.27,101.505,0.52036,2.0341,0.957105,B,0.0,0.062479
12599.022,0.71973,139.282,4.0279,15,0.8516,12.775,2.02236,7.20739,3132.939,9466.083,12619.302,0.250391,0.875071,83.318,101.756,0.24867,1.00161,0.913491,B,0.0,-0.060342
12141.679,0.60924,210.73,2.5536,21,0.8015,16.832,1.90057,7.76725,3716.048,8425.631,9489.136,0.139761,0.816305,84.552,104.823,0.30606,0.78153,0.92979,B,0.0,-0.046784
11986.278,0.66301,152.258,2.7357,17,0.7701,13.091,1.99552,6.62362,3170.095,8816.183,8672.536,0.261492,0.807387,84.036,102.042,0.26448,0.72354,0.89569,B,0.0,-0.003849
12210.728,0.57272,199.27,1.3894,24,0.6096,14.63,1.91658,5.53429,3924.7,8286.027,5453.031,0.273865,0.714273,85.953,103.676,0.32141,0.44658,0.846305,B,0.001,0.004811
7006.921,0.64424,187.075,3.2603,19,0.6192,11.764,1.93482,5.94195,1502.173,5504.748,4897.583,0.341824,0.726767,86.435,103.226,0.21438,0.69896,0.886251,B,0.0,-0.009188
12418.282,0.54223,159.369,4.3127,16,0.6659,10.655,1.98191,5.91658,4498.488,7919.794,19400.54,0.202424,0.735249,83.551,101.944,0.36225,1.56226,0.864768,B,0.0,-0.057505
12201.262,0.52222,184.45,4.5061,21,0.6339,13.311,1.93893,7.21303,4230.736,7970.527,19063.995,0.128592,0.731163,83.528,103.137,0.34675,1.56246,0.914617,B,-0.001,-0.050195
8119.901,0.29019,192.467,3.9198,18,0.6567,11.82,1.92659,6.17567,4475.359,3644.542,17542.445,0.05721,0.576286,82.865,102.472,0.55116,2.16043,0.891341,B,0.0,-0.019748
12547.004,0.65168,163.681,2.8227,18,0.7334,13.202,1.97398,6.62945,3451.369,9095.636,9742.243,0.250533,0.803898,84.359,102.619,0.27508,0.77646,0.89425,B,-0.001,-0.013852
10945.062,0.54997,170.68,1.1448,27,0.7327,19.782,1.96163,7.11443,3569.441,7375.621,4086.469,0.143774,0.746545,83.222,102.589,0.32612,0.37336,0.914744,B,0.0,0.029958
8325.135,0.67346,195.807,3.6871,23,0.6667,15.334,1.92163,7.87913,2476.219,5848.916,9130.17,0.136418,0.900822,84.023,104.759,0.29744,1.0967,0.93975,B,0.0,0.012365
12194.451,0.53843,190.086,2.0286,23,0.6303,14.497,1.9302,6.38586,4681.153,7513.298,9496.15,0.159939,0.774242,84.139,103.674,0.38388,0.77873,0.88597,B,-0.0,0.048452
7366.6,0.68779,153.57,2.2985,16,0.8744,13.99,1.99296,6.72303,1897.997,5468.602,4362.516,0.233757,0.845374,83.726,102.364,0.25765,0.5922,0.912434,B,0.001,-0.010218
10651.489,0.53525,219.731,1.2202,23,0.7085,16.295,1.88869,5.69461,3774.108,6877.381,4605.222,0.209876,0.713811,85.755,104.502,0.35433,0.43235,0.861066,B,-0.0,-0.035412
9552.213,0.36442,141.531,2.6521,14,0.7449,10.428,2.01751,5.31508,4298.603,5253.61,11400.364,0.124338,0.560869,81.756,99.813,0.45001,1.19348,0.846461,B,0.0,-0.049225
10390.17,0.62861,152.312,4.4278,26,0.7313,19.014,1.99542,10.71593,3397.454,6992.716,15043.138,0.045714,0.911815,81.19,102.735,0.32699,1.44782,0.976221,B,0.0,-0.009788
12353.72,0.32824,159.178,4.4548,28,0.7299,20.438,1.98226,11.42074,5606.018,6747.702,24973.741,0.014223,0.589134,81.059,100.97,0.45379,2.02156,0.980337,B,-0.0,-0.050011
10160.791,0.35171,214.642,1.4101,16,0.7553,12.084,1.89534,4.52079,4538.767,5622.024,6400.319,0.162588,0.504388,84.975,102.92,0.44669,0.6299,0.793502,B,-0.0,0.021312
11614.559,0.44024,202.431,2.8567,23,0.7448,17.131,1.91206,8.22507,4634.26,6980.298,13238.803,0.065016,0.68936,83.3,103.645,0.399,1.13985,0.941074,B,0.001,-0.045823
7795.563,0.76173,163.794,2.0386,24,0.8058,19.339,1.97378,8.82226,1558.928,6236.635,3178.076,0.162218,0.91159,83.198,103.336,0.19998,0.40768,0.957413,B,0.0,-0.026078
12710.609,0.33097,154.74,4.5386,14,0.7322,10.251,1.99069,5.78347,6538.034,6172.575,29673.598,0.091908,0.58418,81.902,100.703,0.51438,2.33455,0.857161,B,0.0,0.037768
9517.238,0.46259,149.124,4.3665,17,0.6011,10.218,2.00176,5.77012,3501.842,6015.396,15290.661,0.164436,0.636155,82.621,100.74,0.36795,1.60663,0.869206,B,0.0,0.025993
7515.666,0.74056,191.449,3.6185,20,0.8531,17.062,1.92813,8.77647,1492.34,6023.326,5400.099,0.159945,0.88441,84.186,104.461,0.19856,0.71851,0.957114,B,0.0,0.019544
8125.832,0.23278,164.213,4.7538,26,0.7383,19.196,1.97302,10.77799,4529.038,3596.793,21529.98,0.009065,0.514481,81.193,100.736,0.55736,2.64957,0.978294,B,0.001,-0.006216
12474.313,0.66823,205.353,2.6015,19,0.6829,12.975,1.90796,6.05464,2528.088,9946.225,6576.831,0.425525,0.729925,88.153,104.033,0.20266,0.52723,0.870946,B,0.0,-0.052753
7032.26,0.53021,212.081,4.6974,18,0.7191,12.944,1.89875,6.84305,2542.482,4489.777,11943.105,0.121794,0.761493,84.357,104.515,0.36155,1.69833,0.91695,B,0.001,-0.018235
12659.845,0.35007,132.713,3.1998,27,0.8228,22.217,2.03707,12.04358,6237.783,6422.062,19959.93,0.01133,0.679085,79.853,100.066,0.49272,1.57663,0.984053,B,-0.0,0.031884
11686.187,0.63956,184.406,1.859,24,0.7982,19.156,1.939,8.24793,2324.026,9362.161,4320.464,0.18838,0.751561,84.316,103.269,0.19887,0.36971,0.941424,B,0.0,-0.017343
8981.71,0.52211,208.762,3.2408,26,0.8914,23.175,1.90325,11.39781,2880.341,6101.369,9334.594,0.029221,0.754792,83.031,104.337,0.32069,1.03929,0.982052,B,0.0,0.009653
12360.893,0.78659,180.71,2.5844,28,0.7025,19.671,1.9449,9.43471,2492.098,9868.795,6440.679,0.153761,0.946388,83.726,104.385,0.20161,0.52105,0.960589,B,0.0,0.058182
7605.777,0.50308,184.335,3.4718,25,0.8577,21.442,1.93911,11.02442,2796.359,4809.418,9708.383,0.026796,0.780012,82.18,103.454,0.36766,1.27645,0.980417,B,0.0,-0.020696
11510.29,0.3786,202.286,3.7527,25,0.6643,16.608,1.91227,8.50141,5607.757,5902.534,21044.173,0.041446,0.698913,82.984,103.702,0.4872,1.82829,0.946666,B,-0.001,0.018952
8675.426,0.79558,169.693,3.63,20,0.7501,15.003,1.96333,7.93553,694.034,7981.392,2519.345,0.593966,0.813116,89.127,102.98,0.08,0.2904,0.940274,B,0.0,-0.034719
11411.674,0.48958,150.435,1.0302,21,0.6723,14.118,1.99913,4.96262,4045.719,7365.955,4167.782,0.253431,0.619286,83.852,100.701,0.35452,0.36522,0.816481,B,0.0,-0.016063
7258.436,0.65371,217.29,1.0165,24,0.7384,17.721,1.89185,5.69522,1892.559,5365.877,1923.707,0.313484,0.773712,87.048,104.802,0.26074,0.26503,0.874964,B,-0.0,-0.018193
11544.696,0.28307,157.983,4.7444,17,0.8338,14.175,1.9845,8.02382,6374.093,5170.604,30241.51,0.032351,0.592149,81.25,100.927,0.55212,2.61952,0.9369,B,-0.001,-0.019174
10440.335,0.79141,149.36,3.4977,14,0.8598,12.037,2.00128,6.49456,1711.797,8728.538,5987.308,0.5037,0.847838,87.11,102.151,0.16396,0.57348,0.895647,B,-0.0,-0.032827
12113.588,0.59601,138.103,4.0069,22,0.8702,19.144,2.02494,10.80942,3340.475,8773.113,13384.904,0.052282,0.803041,80.648,101.21,0.27576,1.10495,0.97581,B,0.0,0.003433
10324.375,0.37143,205.663,3.3386,24,0.7956,19.093,1.90753,9.48851,5176.932,5147.443,17283.953,0.027014,0.71782,82.903,103.966,0.50143,1.67409,0.963531,B,0.0,-0.004569
11853.011,0.77117,146.371,1.2009,20,0.7792,15.584,2.00736,5.92509,2130.002,9723.009,2557.882,0.569456,0.815356,87.848,101.77,0.1797,0.2158,0.867302,B,0.0,0.030348
9204.578,0.76403,154.697,1.1132,19,0.7408,14.076,1.99077,5.10526,1270.41,7934.169,1414.197,0.905035,0.74145,92.634,101.739,0.13802,0.15364,0.836508,B,-0.001,0.01861
12085.978,0.64086,153.593,3.5512,18,0.61,10.98,1.99291,5.90832,3111.041,8974.937,11047.822,0.334514,0.747045,85.057,101.716,0.25741,0.9141,0.865638,B,0.0,0.051281
12484.915,0.27816,201.784,4.2684,23,0.7514,17.282,1.91298,9.08218,7042.923,5441.992,30061.975,0.022062,0.6096,82.712,103.091,0.56411,2.40786,0.955259,B,0.0,-0.015334
7297.796,0.32012,217.633,1.1647,24,0.6116,14.678,1.89141,5.03323,3617.893,3679.903,4213.713,0.10192,0.534634,84.266,103.237,0.49575,0.5774,0.84216,B,0.0,0.03354
11145.06,0.73826,166.29,3.8743,17,0.7318,12.44,1.96931,6.70074,2161.803,8983.256,8375.392,0.377234,0.82514,86.134,102.891,0.19397,0.75149,0.900886,B,0.001,0.002547
8779.785,0.75565,186.027,3.7624,25,0.7846,19.614,1.93645,10.24046,1816.311,6963.474,6833.732,0.097687,0.927266,83.176,104.503,0.20687,0.77835,0.973256,B,0.0,0.021881
12489.849,0.42141,189.951,4.0027,28,0.7922,22.183,1.9304,11.67372,5610.044,6879.804,22455.116,0.016949,0.751224,82.247,103.516,0.44917,1.79787,0.981935,B,0.001,-0.011249
12722.713,0.59017,165.43,3.0852,26,0.7188,18.689,1.97084,9.57618,3920.005,8802.708,12094.167,0.072571,0.820666,82.079,102.818,0.30811,0.9506,0.962113,B,0.0,0.001685
11042.294,0.79944,157.923,2.1612,19,0.8948,17.0,1.98462,7.96633,1904.528,9137.765,4116.023,0.294118,0.904759,84.703,102.987,0.17248,0.37275,0.936545,B,0.001,0.020425
8850.334,0.37688,150.919,2.5305,18,0.7792,14.025,1.99817,6.95859,4425.271,4425.062,11198.19,0.063717,0.69006,81.369,101.195,0.50001,1.26528,0.915466,B,0.001,-0.009398
11710.16,0.43901,197.332,3.5272,19,0.7352,13.969,1.91939,7.09625,5674.516,6035.643,20015.247,0.079466,0.777038,83.323,104.008,0.48458,1.70922,0.912285,B,0.001,0.022288
11275.07,0.68332,201.292,2.4482,27,0.6263,16.909,1.91368,7.79198,2380.362,8894.708,5827.624,0.219783,0.807364,85.306,104.376,0.21112,0.51686,0.932096,B,0.0,0.050701
8047.753,0.67021,170.743,2.2271,16,0.6678,10.684,1.96152,4.96767,2118.137,5929.616,4717.392,0.421324,0.759109,86.888,102.675,0.2632,0.58618,0.834542,B,-0.0,0.037713
9041.342,0.69811,161.679,3.687,21,0.7286,15.301,1.97763,8.2075,1354.453,7686.889,4993.859,0.25595,0.776021,84.351,102.333,0.14981,0.55234,0.945076,B,0.0,-0.00827
7482.393,0.57675,135.429,3.5088,27,0.6243,16.856,2.03089,9.29352,2050.394,5431.999,7194.476,0.075238,0.766053,80.826,100.806,0.27403,0.96152,0.964252,B,0.0,0.003489
9761.245,0.68158,187.27,3.3994,14,0.7452,10.432,1.93452,5.3192,2533.44,7227.806,8612.284,0.405188,0.778461,87.279,103.576,0.25954,0.88229,0.845708,B,-0.001,-0.015206
8449.489,0.21126,212.64,1.874,18,0.6724,12.103,1.898,5.05721,4810.06,3639.429,9013.862,0.060269,0.410812,83.563,102.223,0.56927,1.06679,0.837594,B,-0.0,0.020434
9133.518,0.33261,187.327,1.451,26,0.6785,17.641,1.93443,6.8909,4204.595,4928.923,6100.98,0.063091,0.562514,82.765,102.154,0.46035,0.66798,0.912678,B,0.0,0.039126
9629.108,0.36033,162.986,1.9217,17,0.7695,13.082,1.97525,5.85694,4595.423,5033.685,8831.247,0.096124,0.601539,82.294,101.248,0.47724,0.91714,0.872688,B,0.0,-0.031796
11592.57,0.52827,186.91,1.8717,29,0.8833,25.616,1.93508,11.02197,4100.163,7492.407,7674.453,0.033047,0.799283,82.354,103.698,0.35369,0.66201,0.977874,B,0.0,-0.044677
11898.335,0.58886,201.127,3.2056,16,0.7003,11.205,1.91392,5.544,3772.627,8125.708,12093.642,0.281969,0.73134,86.121,103.867,0.31707,1.01641,0.848173,B,0.0,0.034397
8617.047,0.28363,158.229,4.605,16,0.8409,13.455,1.98404,7.57362,4408.91,4208.137,20302.91,0.037512,0.541497,81.328,100.606,0.51165,2.35613,0.932332,B,0.0,-0.027552
8224.874,0.2731,184.888,3.366,26,0.7985,20.762,1.93824,10.5928,4130.508,4094.367,13903.222,0.012634,0.535862,82.013,101.868,0.5022,1.69039,0.976768,B,-0.001,0.012562
10756.02,0.29962,178.013,3.6309,19,0.8716,16.56,1.94929,8.66661,6077.337,4678.683,22066.234,0.026116,0.654897,81.943,102.336,0.56502,2.05152,0.950752,B,0.0,-0.052481
10850.229,0.27529,216.328,1.8734,17,0.668,11.356,1.89311,4.72516,5715.075,5135.153,10706.779,0.102543,0.467546,84.235,102.743,0.52672,0.98678,0.8038,B,0.001,-0.001639
9646.184,0.31738,159.418,2.004,26,0.7165,18.63,1.98182,8.50095,5144.617,4501.567,10309.607,0.030045,0.645755,81.278,101.356,0.53333,1.06878,0.949511,B,-0.0,0.026462
11871.905,0.50498,205.351,2.0426,24,0.6394,15.346,1.90796,6.65584,3781.992,8089.913,7725.105,0.162965,0.664872,84.688,103.604,0.31857,0.6507,0.897194,B,0.0,-0.014376
8504.499,0.28924,190.354,2.9651,21,0.601,12.622,1.92979,6.20508,4466.817,4037.682,13244.395,0.059949,0.542902,82.829,102.159,0.52523,1.55734,0.891139,B,0.0,-0.005555
12446.959,0.26857,135.567,1.3091,20,0.7372,14.744,2.03058,5.92077,6244.033,6202.926,8174.151,0.07235,0.466084,80.795,98.835,0.50165,0.65672,0.864858,B,0.0,0.039429
10341.619,0.22368,166.116,2.7721,24,0.7456,17.895,1.96962,8.91416,5885.258,4456.36,16314.719,0.017535,0.495922,81.38,100.709,0.56908,1.57758,0.955388,B,0.001,0.008375
11507.831,0.24485,211.774,4.1444,22,0.6329,13.923,1.89916,7.19465,6569.474,4938.358,27226.415,0.036138,0.522494,83.217,102.925,0.57087,2.3659,0.915743,B,-0.001,0.022344
8722.844,0.24644,169.027,4.209,21,0.6317,13.266,1.96449,7.23789,4495.157,4227.686,18919.979,0.036515,0.46964,81.743,100.68,0.51533,2.16902,0.923642,B,0.001,0.026564
7384.475,0.71932,161.52,2.5018,29,0.6611,19.172,1.97792,9.34206,1423.277,5961.198,3560.7,0.13075,0.859844,82.692,102.878,0.19274,0.48219,0.964966,B,0.0,0.006756
11085.207,0.61729,198.214,2.0637,28,0.7487,20.965,1.91811,9.19805,3080.156,8005.051,6356.605,0.091715,0.819517,83.514,104.326,0.27786,0.57343,0.958716,B,0.0,0.015541
9264.683,0.44263,194.143,3.4846,25,0.6631,16.579,1.92409,8.43054,3944.316,5320.367,13744.248,0.05318,0.731356,82.869,103.569,0.42574,1.48351,0.94885,B,0.0,-0.014416
9808.77,0.34515,198.04,2.706,29,0.6967,20.203,1.91836,9.61021,4591.983,5216.786,12425.821,0.025371,0.626626,82.632,103.045,0.46815,1.26681,0.965587,B,0.001,0.020021
11647.707,0.30339,167.848,2.2251,18,0.7299,13.138,1.96656,6.13007,6471.396,5176.311,14399.196,0.067052,0.598865,82.101,101.475,0.55559,1.23623,0.87721,B,0.0,-0.033705
9634.838,0.35612,140.821,2.1122,27,0.7052,19.041,2.01903,9.07979,4432.128,5202.71,9361.541,0.031907,0.632315,80.504,100.244,0.46001,0.97163,0.958785,B,0.0,-0.008973
11746.734,0.68072,166.605,3.0051,28,0.7896,22.108,1.96875,11.2369,2897.136,8849.598,8706.238,0.056893,0.884949,81.918,103.301,0.24663,0.74116,0.979387,B,0.0,-0.03289
8690.548,0.41581,150.467,1.5381,25,0.7037,17.591,1.99907,7.38442,4194.985,4495.563,6452.512,0.062424,0.745562,81.332,101.537,0.48271,0.74247,0.927533,B,0.0,0.028079
10025.027,0.54306,217.84,1.0799,16,0.7277,11.643,1.89114,3.85167,3300.938,6724.089,3564.524,0.428699,0.599194,88.586,103.672,0.32927,0.35556,0.740068,B,0.0,0.048559
9275.532,0.65131,206.752,1.6433,17,0.6586,11.196,1.90601,4.48968,2506.157,6769.376,4118.397,0.489925,0.711058,89.048,103.966,0.27019,0.44401,0.796759,B,-0.001,-0.001181
8151.089,0.36823,189.709,1.4281,19,0.8157,15.498,1.93077,5.99688,3866.315,4284.774,5521.388,0.089889,0.619383,83.201,102.635,0.47433,0.67738,0.884209,B,0.0,0.020139
10372.97,0.28041,197.93,2.0017,25,0.8007,20.017,1.91852,8.6973,5486.617,4886.353,10982.464,0.02554,0.566596,82.631,102.644,0.52893,1.05876,0.951826,B,-0.0,-0.031745
9981.208,0.61535,141.922,4.5079,25,0.7362,18.405,2.01668,10.56639,3016.937,6964.271,13600.079,0.050393,0.860096,80.798,101.811,0.30226,1.36257,0.975247,B,0.0,-0.037793
10797.241,0.76189,135.321,3.3307,17,0.8705,14.799,2.03113,8.06479,2359.705,8437.536,7859.408,0.212197,0.915621,82.629,101.787,0.21855,0.72791,0.939132,B,0.0,0.002474
10341.761,0.43096,149.59,2.8308,20,0.6332,12.665,2.00082,6.49074,4353.119,5988.642,12322.936,0.106672,0.666689,81.879,100.968,0.42093,1.19157,0.895812,B,0.0,-0.032336
8809.304,0.75739,146.713,0.9057,20,0.6502,13.004,2.00666,4.30435,1288.876,7520.428,1167.36,0.95,0.724384,92.886,101.188,0.14631,0.13251,0.816485,B,0.0,-0.03116
8359.926,0.32483,218.853,4.462,29,0.8497,24.642,1.88982,12.81245,4227.688,4132.238,18863.976,0.006891,0.650112,83.049,104.047,0.50571,2.25648,0.989271,B,0.0,0.004254
10239.311,0.50158,210.922,2.3442,15,0.758,11.37,1.90031,5.11714,3928.773,6310.538,9209.844,0.219605,0.677134,85.612,103.912,0.3837,0.89946,0.832009,B,0.0,-0.024421
10074.941,0.53541,132.137,1.2085,19,0.6821,12.96,2.0384,5.05054,3225.714,6849.227,3898.393,0.28614,0.652801,83.453,99.857,0.32017,0.38694,0.828889,B,0.0,0.036122
8370.373,0.46224,171.01,2.1324,14,0.7101,9.942,1.96106,4.558,3060.389,5309.984,6526.005,0.243915,0.588074,84.557,101.559,0.36562,0.77966,0.80707,B,0.0,-0.017098
9466.193,0.51137,172.979,3.9625,14,0.6404,8.965,1.95769,4.80903,3351.926,6114.267,13281.873,0.264006,0.646973,84.896,102.044,0.35409,1.40308,0.81719,B,0.0,0.032875
7196.372,0.79994,171.393,2.3609,16,0.8119,12.99,1.9604,6.1423,1049.803,6146.569,2478.452,0.585139,0.836629,89.075,103.218,0.14588,0.3444,0.893293,B,0.0,-0.012736
7509.866,0.26998,154.999,2.0727,14,0.6404,8.966,1.99019,4.16254,4401.924,3107.941,9124.055,0.099287,0.511752,82.01,100.239,0.58615,1.21494,0.784443,B,0.001,-0.035228
7606.531,0.70588,195.653,1.2389,26,0.6687,17.385,1.92186,6.28473,1658.24,5948.292,2054.371,0.33313,0.809799,86.615,104.152,0.218,0.27008,0.897118,B,-0.001,-0.032302
8209.13,0.52052,155.738,4.1516,14,0.7419,10.387,1.98877,5.75499,3287.474,4921.656,13648.236,0.1641,0.758588,82.897,101.907,0.40047,1.66257,0.873747,B,-0.0,0.032682
10907.61,0.43673,173.155,2.3335,20,0.8726,17.452,1.95739,8.20468,4288.206,6619.403,10006.391,0.064595,0.677809,82.271,102.256,0.39314,0.91738,0.941853,B,0.001,-0.007079
11198.542,0.25127,153.071,3.6592,23,0.862,19.826,1.99393,10.74546,5687.818,5510.724,20813.12,0.011922,0.498308,80.776,100.046,0.50791,1.85856,0.975901,B,-0.0,0.009627
11726.161,0.42172,133.118,4.1371,19,0.6183,11.748,2.03614,6.72726,4506.252,7219.909,18642.737,0.10958,0.616544,81.17,99.678,0.38429,1.58984,0.900147,B,0.0,-0.030052
9827.479,0.37431,132.833,3.0645,26,0.7743,20.132,2.0368,10.79789,5156.828,4670.652,15802.853,0.016208,0.769684,79.924,100.672,0.52474,1.60803,0.977279,B,-0.001,0.015682
11029.418,0.51795,207.267,4.2893,19,0.798,15.162,1.9053,7.92626,3944.402,7085.016,16918.868,0.093166,0.754443,83.828,104.274,0.35763,1.53398,0.935673,B,0.0,-0.03783
10631.77,0.39356,135.302,1.814,15,0.8497,12.746,2.03118,5.82209,4649.215,5982.555,8433.5,0.119513,0.606529,81.405,99.746,0.43729,0.79324,0.867206,B,0.0,0.004667
7923.886,0.36445,164.938,3.0747,14,0.8757,12.26,1.97172,6.28086,3879.482,4044.404,11928.302,0.077475,0.63972,82.125,101.599,0.48959,1.50536,0.895921,B,0.0,0.011258
8735.631,0.73848,180.764,4.3667,16,0.6726,10.761,1.94481,5.82418,1419.631,7316.001,6199.037,0.569337,0.771297,89.214,103.232,0.16251,0.70963,0.874711,B,-0.001,0.030703
12459.601,0.68379,136.365,2.7017,25,0.7671,19.178,2.0288,9.90202,3502.809,8956.792,9463.501,0.081619,0.91928,80.954,101.874,0.28113,0.75953,0.966443,B,0.0,0.05505
7181.474,0.51502,142.31,4.0121,26,0.7407,19.258,2.01585,10.80693,2731.458,4450.016,10958.904,0.028222,0.813826,80.523,101.528,0.38035,1.526,0.979158,B,0.0,-0.023189
7365.339,0.3324,132.488,1.6713,28,0.6975,19.53,2.03759,8.69702,3627.349,3737.989,6062.473,0.029617,0.62623,80.084,99.704,0.49249,0.82311,0.95612,B,0.001,-0.033363
10339.492,0.36594,163.469,1.2733,26,0.6324,16.443,1.97437,6.26479,4668.434,5671.058,5944.202,0.091385,0.59196,82.25,101.209,0.45151,0.5749,0.887246,B,0.0,-0.030632
10050.422,0.67503,132.871,1.7331,19,0.8793,16.707,2.03671,7.53589,2601.72,7448.701,4509.042,0.186822,0.84556,82.177,101.175,0.25887,0.44864,0.928356,B,0.001,-0.045789
10763.554,0.49092,154.97,2.0523,17,0.6561,11.153,1.99025,5.1614,3559.418,7204.136,7305.072,0.24939,0.610261,83.99,100.887,0.33069,0.67869,0.832008,B,0.0,-0.042565
9453.442,0.53368,202.21,2.4998,21,0.6028,12.658,1.91238,5.86177,3063.339,6390.104,7657.705,0.208206,0.689714,85.183,103.638,0.32404,0.81004,0.873581,B,-0.001,-0.036824
11308.092,0.20864,205.956,2.337,14,0.7546,10.565,1.90712,4.7767,6812.537,4495.556,15921.05,0.067628,0.422335,83.449,102.028,0.60245,1.40793,0.804726,B,-0.001,-0.028581
9308.113,0.60496,131.163,2.2743,22,0.7628,16.782,2.04067,8.31449,3102.482,6205.632,7056.044,0.096815,0.859005,80.907,101.158,0.33331,0.75805,0.946659,B,-0.001,0.000329
9934.076,0.75942,211.765,1.0853,15,0.6871,10.307,1.89918,3.44076,2035.515,7898.561,2209.206,0.95,0.710307,95.28,104.165,0.2049,0.22239,0.743677,B,0.0,-0.006422
11105.927,0.56117,207.492,1.767,23,0.7971,18.333,1.90499,7.54542,4167.942,6937.985,7364.891,0.110147,0.832113,84.059,104.796,0.37529,0.66315,0.926337,B,0.0,0.039235
12410.221,0.49363,152.801,2.4875,22,0.7633,16.793,1.99446,8.26938,4946.089,7464.132,12303.446,0.073497,0.772038,81.578,101.838,0.39855,0.9914,0.94066,B,0.0,-0.058852
8212.236,0.74689,157.378,4.57,23,0.865,19.895,1.98565,11.19707,1562.997,6649.238,7142.963,0.073761,0.905116,81.772,102.961,0.19033,0.8698,0.981204,B,0.001,0.017023
9491.979,0.6706,139.137,4.5407,27,0.6337,17.11,2.02268,9.87762,2058.258,7433.721,9345.928,0.095989,0.829695,81.273,101.447,0.21684,0.98461,0.968961,B,0.0,0.029845
9405.769,0.20394,150.332,1.8933,17,0.6759,11.491,1.99934,5.20956,5629.921,3775.848,10659.395,0.054039,0.427437,81.216,99.43,0.59856,1.13328,0.841394,B,0.0,0.040087
7365.775,0.45358,177.208,4.309,27,0.8528,23.026,1.95061,12.48683,3094.948,4270.827,13336.075,0.012573,0.773158,81.735,103.078,0.42018,1.81055,0.988353,B,0.0,0.031382
12392.345,0.45976,208.983,1.3601,17,0.6575,11.178,1.90295,4.14454,5210.651,7181.694,7086.818,0.274735,0.59401,86.279,103.285,0.42047,0.57187,0.748743,B,-0.0,-0.041718
11364.238,0.35058,157.811,3.0543,18,0.7706,13.871,1.98483,7.16345,5163.997,6200.24,15772.288,0.065448,0.588063,81.68,100.891,0.45441,1.38789,0.915169,B,0.001,-0.030453
9281.962,0.53231,183.186,3.0186,22,0.8203,18.046,1.94093,8.98941,3097.74,6184.221,9350.829,0.067125,0.765327,82.672,103.305,0.33374,1.00742,0.957915,B,0.001,-0.005911
8663.322,0.34714,156.914,3.6278,18,0.7415,13.346,1.98653,7.18123,4043.245,4620.078,14667.881,0.057824,0.600324,81.542,100.925,0.46671,1.6931,0.922258,B,-0.001,0.045295
8363.133,0.31608,180.05,3.4878,25,0.7169,17.923,1.94596,9.27372,4276.613,4086.52,14915.789,0.022886,0.622909,81.975,102.22,0.51136,1.78352,0.962975,B,0.0,0.014427
9626.78,0.71368,164.714,1.6196,23,0.7112,16.357,1.97212,6.86758,2479.666,7147.114,4015.978,0.247632,0.875371,84.362,103.143,0.25758,0.41717,0.910625,B,0.0,0.01937
8825.886,0.69751,217.489,2.5573,19,0.604,11.477,1.8916,5.25894,2273.24,6552.646,5813.266,0.41468,0.795625,88.39,104.954,0.25757,0.65866,0.846873,B,0.0,0.027607
10097.924,0.67576,177.952,2.284,16,0.8716,13.945,1.94939,6.47399,2435.95,7661.974,5563.626,0.291448,0.797938,85.443,103.277,0.24123,0.55097,0.895958,B,0.0,0.040157
10108.017,0.20019,219.088,3.4792,15,0.8537,12.805,1.88952,6.32907,6269.768,3838.249,21813.692,0.035336,0.469474,83.432,102.864,0.62028,2.15806,0.890512,B,0.0,0.01729
10345.932,0.55433,139.234,4.3762,19,0.6347,12.059,2.02247,6.91337,3362.949,6982.983,14716.879,0.153267,0.747478,82.033,100.911,0.32505,1.42248,0.910127,B,0.0,0.005214
11862.32,0.52506,182.628,1.1631,17,0.8675,14.747,1.94182,5.26237,4189.793,7672.527,4873.156,0.248827,0.6759,85.05,102.689,0.3532,0.41081,0.832616,B,0.0,0.035117
11547.316,0.75843,212.945,1.6446,14,0.8162,11.427,1.89759,4.55198,1888.984,9658.333,3106.645,0.95,0.720962,95.317,104.282,0.16359,0.26904,0.795093,B,-0.001,0.004998
7738.153,0.60729,200.59,2.1485,17,0.6696,11.384,1.91469,5.04593,1974.315,5763.838,4241.816,0.379402,0.685344,87.39,103.541,0.25514,0.54817,0.840601,B,0.0,0.032085
7702.739,0.72422,156.136,2.5223,28,0.6086,17.042,1.98801,8.38554,1953.686,5749.054,4927.781,0.14126,0.92232,82.612,103.009,0.25364,0.63974,0.950528,B,-0.001,0.032469
10744.092,0.37686,192.849,4.221,17,0.6379,10.844,1.92602,5.74617,5659.038,5085.053,23887.069,0.097894,0.687306,83.415,103.222,0.52671,2.22327,0.863179,B,0.001,0.045208
9872.383,0.59784,175.704,1.4119,23,0.7492,17.232,1.95311,6.75276,2222.33,7650.053,3137.662,0.248937,0.699191,84.799,102.519,0.22511,0.31782,0.906267,B,0.0,0.037082
7004.765,0.6473,211.598,2.3076,22,0.894,19.667,1.8994,8.80271,2022.259,4982.506,4666.605,0.093698,0.871988,83.971,105.225,0.2887,0.6662,0.95821,B,0.0,0.017319
8803.482,0.53799,143.144,3.4886,20,0.8441,16.883,2.01408,9.18735,3284.334,5519.147,11457.841,0.055796,0.824934,80.924,101.649,0.37307,1.30151,0.961308,B,0.001,0.00057
8099.029,0.67039,150.067,4.4907,14,0.7936,11.11,1.99987,6.29773,2064.701,6034.328,9271.981,0.273607,0.806153,84.103,101.914,0.25493,1.14483,0.895954,B,0.0,-0.000215
10212.449,0.35993,166.554,1.6959,21,0.6368,13.372,1.96884,5.6987,4702.683,5509.766,7975.209,0.10704,0.575784,82.578,101.258,0.46049,0.78093,0.863057,B,0.0,-0.043526
8332.71,0.63596,206.318,3.4311,16,0.8593,13.748,1.90662,6.86991,2032.251,6300.458,6972.821,0.223719,0.768925,85.521,104.331,0.24389,0.8368,0.914204,B,0.001,0.037422
12619.5,0.62626,170.496,3.7859,28,0.7947,22.252,1.96194,11.86275,3665.512,8953.988,13877.133,0.036588,0.86765,81.8,103.379,0.29046,1.09966,0.98303,B,0.0,0.046629
12380.773,0.47038,208.504,3.3196,23,0.8538,19.638,1.9036,9.71537,4927.287,7453.486,16356.737,0.042245,0.753401,83.195,104.317,0.39798,1.32114,0.964257,B,-0.0,0.050959
7043.717,0.53269,189.878,3.7999,22,0.6296,13.85,1.93051,7.21241,2329.01,4714.707,8849.991,0.117616,0.737738,83.573,103.424,0.33065,1.25644,0.926994,B,-0.0,-0.029744
11028.358,0.68786,188.356,2.8846,22,0.8999,19.799,1.93284,9.68851,2485.08,8543.278,7168.452,0.105971,0.857126,83.367,104.144,0.22534,0.65,0.965285,B,0.0,-0.045778
12413.625,0.58187,164.563,3.9412,18,0.7873,14.171,1.9724,7.6776,4237.875,8175.75,16702.244,0.124429,0.818988,82.73,102.763,0.34139,1.34548,0.926997,B,0.0,-0.039711
8910.97,0.33169,192.687,3.8151,25,0.8355,20.888,1.92626,10.84994,4538.691,4372.278,17315.608,0.014128,0.661342,82.304,103.043,0.50934,1.94318,0.978305,B,0.001,-0.014064
12743.203,0.7907,133.407,1.4514,24,0.6736,16.166,2.03548,6.80291,1945.4,10797.803,2823.649,0.518282,0.839785,86.578,101.17,0.15266,0.22158,0.899935,B,0.0,-0.048183
8016.032,0.51162,201.772,3.9685,29,0.8605,24.953,1.913,12.92858,2816.614,5199.418,11177.614,0.014837,0.780743,82.616,104.22,0.35137,1.39441,0.98981,B,0.0,-0.037018
7981.857,0.7803,156.081,4.2217,27,0.7344,19.83,1.98811,11.01702,1856.768,6125.089,7838.753,0.06666,0.996635,81.625,103.497,0.23262,0.98207,0.980127,B,0.0,-0.007213
7878.214,0.46764,175.958,2.761,21,0.6776,14.229,1.95269,6.99048,2243.671,5634.543,6194.702,0.133121,0.600851,83.28,101.882,0.28479,0.78631,0.91893,B,0.0,-0.032528
9050.638,0.32241,197.228,1.8054,14,0.6873,9.622,1.91955,4.03784,4377.642,4672.996,7903.278,0.157591,0.476808,84.351,102.022,0.48368,0.87323,0.763578,B,0.0,0.01734
10752.2,0.68804,179.859,1.3678,19,0.7735,14.696,1.94627,5.65326,2694.992,8057.208,3686.147,0.388088,0.788367,86.789,103.303,0.25065,0.34283,0.858623,B,0.0,0.012733
11740.105,0.34146,148.337,1.4146,18,0.8318,14.972,2.00335,6.09458,5617.762,6122.343,7946.969,0.08895,0.573152,81.591,100.281,0.47851,0.67691,0.875347,B,0.0,0.043188
7543.652,0.20242,177.07,3.026,28,0.7127,19.955,1.95084,10.02286,4261.9,3281.752,12896.664,0.009942,0.452383,81.695,100.955,0.56497,1.7096,0.972251,B,0.0,0.005413
7376.326,0.32991,162.162,3.8935,26,0.849,22.073,1.97675,11.96782,3315.561,4060.765,12909.183,0.010255,0.590904,81.127,101.136,0.44949,1.75008,0.986028,B,0.0,0.000351
7951.435,0.58637,134.717,2.9289,19,0.7118,13.525,2.0325,7.15112,2580.941,5370.494,7559.307,0.138771,0.801469,81.631,100.997,0.32459,0.95068,0.923182,B,0.0,0.038722
12394.7,0.24872,203.791,2.0224,26,0.7739,20.122,1.91014,8.71364,7197.8,5196.9,14556.603,0.021746,0.563087,82.773,102.868,0.58072,1.17442,0.949227,B,0.0,-0.020405
12965.995,0.20409,170.249,3.8338,23,0.6213,14.29,1.96237,7.64048,7286.035,5679.96,27933.258,0.027275,0.430892,81.668,100.485,0.56193,2.15435,0.924899,B,0.0,0.053991
11603.583,0.23884,165.809,3.2884,21,0.6992,14.684,1.97016,7.63538,6830.83,4772.754,22462.269,0.029379,0.538628,81.524,100.976,0.58868,1.9358,0.927589,B,-0.001,-0.022132
7565.7,0.72908,208.763,2.221,24,0.7449,17.877,1.90325,7.93321,1147.354,6418.345,2548.321,0.277408,0.809817,86.307,104.7,0.15165,0.33683,0.942298,B,0.001,0.030485
7841.194,0.53212,146.464,3.5528,26,0.7142,18.568,2.00717,10.09537,3051.801,4789.393,10842.53,0.037345,0.847392,80.828,101.986,0.3892,1.38277,0.972686,B,0.0,-0.00667
9439.823,0.43376,171.944,1.7325,28,0.6422,17.98,1.95946,7.66854,4456.436,4983.387,7720.967,0.061691,0.766481,82.187,102.782,0.47209,0.81791,0.932857,B,0.0,0.02418
10876.733,0.40463,189.8,1.5288,15,0.7428,11.142,1.93063,4.43112,5037.626,5839.107,7701.645,0.190134,0.589681,84.528,102.443,0.46316,0.70808,0.782364,B,0.0,0.018037
11128.48,0.27763,189.267,1.6907,21,0.7371,15.479,1.93145,6.40256,5957.714,5170.766,10072.427,0.057026,0.531811,82.752,102.038,0.53536,0.9051,0.890036,B,0.0,-0.014933
11056.216,0.31683,178.694,3.004,15,0.7147,10.721,1.94817,5.36391,5977.353,5078.863,17955.817,0.092499,0.580841,82.844,101.879,0.54063,1.62405,0.84216,B,0.0,0.029876
8173.127,0.63016,173.679,3.7223,29,0.6379,18.5,1.95651,9.78707,2544.7,5628.427,9472.015,0.062239,0.886929,82.259,103.661,0.31135,1.15892,0.969249,B,0.0,-0.017004
12087.653,0.50048,210.623,1.4681,24,0.7824,18.778,1.90072,7.17345,4073.492,8014.16,5980.327,0.128162,0.689728,84.396,103.983,0.337,0.49475,0.913703,B,0.001,-0.028857
11772.496,0.49597,185.939,2.3721,19,0.628,11.933,1.93659,5.548,3868.801,7903.695,9177.332,0.228,0.62714,84.893,102.518,0.32863,0.77956,0.848927,B,0.0,-0.005069
9182.538,0.77335,192.516,1.6168,19,0.8959,17.022,1.92652,6.89622,1230.307,7952.23,1989.185,0.503846,0.81505,88.762,104.05,0.13398,0.21663,0.912709,B,0.001,-0.03456
9064.952,0.56053,215.939,3.7379,25,0.7462,18.655,1.89363,9.3971,2879.669,6185.283,10763.874,0.063955,0.791715,83.713,104.868,0.31767,1.18742,0.963754,B,-0.0,0.026983
7610.204,0.37782,161.26,4.552,25,0.6702,16.755,1.9784,9.37286,3515.239,4094.965,16001.292,0.028557,0.677638,81.333,101.662,0.46191,2.10261,0.965087,B,0.0,-0.001298
8628.244,0.50834,172.736,1.962,20,0.769,15.38,1.95811,6.84561,3268.602,5359.642,6412.918,0.117195,0.746878,82.949,102.691,0.37883,0.74325,0.912663,B,0.0,0.019046
8277.46,0.79849,190.205,1.5979,23,0.7608,17.497,1.93001,7.07644,1554.26,6723.2,2483.543,0.338814,0.904761,86.504,104.541,0.18777,0.30004,0.920326,B,0.0,-0.025167
9721.591,0.65308,200.631,2.2801,17,0.6716,11.418,1.91463,5.15505,2608.142,7113.449,5946.753,0.397326,0.746853,87.628,103.949,0.26828,0.61171,0.83678,B,0.0,-0.006704
10568.45,0.4506,163.603,2.1372,17,0.889,15.113,1.97413,7.00228,4452.326,6116.124,9515.5,0.093797,0.710334,82.287,101.998,0.42128,0.90037,0.912305,B,0.0,0.037923
12568.664,0.21498,148.938,1.6093,17,0.8951,15.217,2.00213,6.51531,6825.846,5742.818,10984.545,0.043594,0.418689,81.018,99.295,0.54308,0.87396,0.889873,B,0.0,-0.009269
9441.736,0.49784,167.908,2.2363,19,0.8723,16.573,1.96645,7.74422,3964.513,5477.224,8865.928,0.077531,0.802069,82.241,102.819,0.41989,0.93901,0.934609,B,-0.001,-0.010384
8708.825,0.28267,141.617,2.4992,17,0.7014,11.924,2.01733,5.97659,4421.746,4287.079,11051.025,0.066074,0.506071,80.991,99.457,0.50773,1.26895,0.881318,B,0.0,-0.005239
12108.944,0.3741,138.484,1.0431,20,0.8599,17.198,2.02411,6.19134,5909.747,6199.196,6164.373,0.09334,0.64176,81.208,100.169,0.48805,0.50908,0.87823,B,0.001,-0.05586
7771.702,0.25249,135.68,2.7048,18,0.775,13.95,2.03033,7.21252,4380.446,3391.256,11848.293,0.033487,0.535379,80.287,99.299,0.56364,1.52454,0.925247,B,0.0,-0.018203
8397.718,0.27659,141.73,4.37,14,0.8241,11.538,2.01709,6.58815,4568.613,3829.105,19964.695,0.048239,0.549041,80.761,99.747,0.54403,2.3774,0.905117,B,0.0,0.003861
11083.783,0.28343,184.153,1.2407,15,0.8125,12.187,1.9394,4.46971,6059.658,5024.126,7518.127,0.111986,0.4902,83.298,101.533,0.54671,0.6783,0.783984,B,-0.001,0.05319
11013.683,0.36628,207.514,2.8391,23,0.8397,19.312,1.90496,9.20417,5381.536,5632.147,15278.65,0.030816,0.686808,83.012,103.838,0.48862,1.38724,0.95889,B,0.0,0.050779
10193.636,0.37953,179.517,4.3481,14,0.8244,11.541,1.94683,6.25095,4334.62,5859.015,18847.219,0.100688,0.585822,82.982,101.95,0.42523,1.84892,0.887189,B,0.001,0.006567
8907.002,0.77593,145.972,4.6353,23,0.8835,20.319,2.00818,11.65328,1581.044,7325.958,7328.59,0.071581,0.927942,81.258,102.49,0.17751,0.82279,0.983625,B,0.0,-0.026767
7928.285,0.57698,211.596,2.7494,17,0.8512,14.47,1.89941,6.80716,2573.992,5354.293,7077.01,0.15387,0.780379,84.766,104.62,0.32466,0.89263,0.913419,B,0.0,0.023913
7409.086,0.6724,163.615,4.6556,22,0.8693,19.125,1.97411,10.7073,1885.491,5523.595,8778.041,0.057449,0.882309,81.808,103.133,0.25448,1.18477,0.978257,B,0.0,0.032273
10978.999,0.70023,206.673,4.6751,28,0.637,17.835,1.90612,9.47776,2516.086,8462.913,11763.07,0.114026,0.874515,84.084,105.042,0.22917,1.07142,0.962682,B,0.0,-0.019115
10755.802,0.47376,183.991,3.6929,28,0.8588,24.046,1.93965,12.5358,4331.605,6424.197,15996.091,0.014956,0.783115,82.012,103.459,0.40272,1.48721,0.987287,B,0.0,0.000237
10371.255,0.6421,178.658,1.579,26,0.8732,22.702,1.94823,9.26977,3069.296,7301.959,4846.378,0.08554,0.876043,82.751,103.826,0.29594,0.46729,0.960575,B,0.0,0.005187
10505.336,0.61123,132.069,1.1462,23,0.7347,16.897,2.03856,6.42733,3088.425,7416.912,3539.829,0.222557,0.773081,82.611,100.647,0.29399,0.33696,0.892956,B,-0.001,-0.047825
12422.268,0.56131,184.664,1.1154,24,0.8326,19.982,1.93859,6.97459,3888.705,8533.564,4337.449,0.167457,0.740786,84.049,103.21,0.31304,0.34917,0.906609,B,-0.001,0.007637
12848.451,0.26072,145.008,3.6373,26,0.7873,20.469,2.01018,11.21011,6804.482,6043.969,24749.775,0.010565,0.542353,80.41,99.891,0.5296,1.92628,0.978539,B,-0.0,-0.005927
9324.297,0.36249,210.487,4.7796,14,0.6429,9.0,1.9009,4.7807,4738.036,4586.261,22645.817,0.13114,0.601491,84.431,103.395,0.50814,2.42869,0.816167,B,0.0,0.023663
8420.752,0.55278,185.182,4.5089,22,0.7159,15.749,1.93778,8.52754,3473.259,4947.493,15660.586,0.064546,0.895524,82.709,104.255,0.41246,1.85976,0.951838,B,0.0,0.039594
8129.4,0.2061,133.646,3.2891,26,0.6658,17.311,2.03493,9.43143,5475.746,2653.653,18010.403,0.010642,0.609435,79.889,99.664,0.67357,2.21547,0.965221,B,0.001,-0.032565
8146.59,0.2364,162.613,1.4845,26,0.8986,23.365,1.97593,9.50748,4902.452,3244.139,7277.502,0.013311,0.573532,81.186,101.044,0.60178,0.89332,0.966117,B,-0.001,-0.020192
12789.904,0.43464,190.412,3.8215,22,0.7947,17.483,1.9297,9.10919,5091.014,7698.89,19455.176,0.048807,0.689783,82.683,103.131,0.39805,1.52114,0.955303,B,0.0,-0.036687
9825.351,0.7484,176.367,4.0467,19,0.6433,12.223,1.95201,6.55521,2165.573,7659.778,8763.344,0.340578,0.863701,86.033,103.636,0.22041,0.89191,0.899699,B,0.0,-0.011751
8175.546,0.74799,212.698,4.3161,28,0.7023,19.665,1.89793,10.23008,1326.859,6848.686,5726.84,0.121377,0.869388,84.371,105.252,0.1623,0.70048,0.973664,B,0.001,0.011064
8296.989,0.62738,151.66,1.8605,19,0.6553,12.451,1.9967,5.59981,2420.722,5876.267,4503.691,0.287437,0.767421,84.353,101.746,0.29176,0.54281,0.866329,B,0.0,-0.010808
10958.978,0.66744,188.014,1.1539,14,0.7423,10.393,1.93337,3.67057,3015.074,7943.904,3479.181,0.69066,0.658626,91.073,102.819,0.27512,0.31747,0.715305,B,-0.0,0.007552
9872.456,0.37215,187.095,3.3948,23,0.7684,17.674,1.93479,9.01068,4617.38,5255.076,15674.913,0.03384,0.669413,82.371,102.849,0.4677,1.58774,0.957471,B,0.0,-0.033829
11387.663,0.65118,182.819,2.5407,25,0.7422,18.554,1.94151,8.83331,2973.527,8414.136,7554.862,0.118001,0.839601,83.33,103.778,0.26112,0.66343,0.952682,B,0.0,0.022233
12873.135,0.73417,191.095,3.1472,17,0.882,14.993,1.92866,7.47342,2803.475,10069.66,8822.973,0.267737,0.864028,85.597,104.311,0.21778,0.68538,0.920581,B,0.0,0.007346
9044.833,0.40205,189.911,2.0661,21,0.6673,14.013,1.93046,6.21129,4388.409,4656.424,9067.097,0.091541,0.694694,83.23,103.141,0.48518,1.00246,0.889531,B,0.0,-0.034055
12513.094,0.42223,156.01,3.7411,24,0.7777,18.665,1.98825,10.1222,5645.21,6867.884,21119.539,0.02912,0.745359,81.126,101.834,0.45114,1.6878,0.968886,B,-0.0,-0.023986
8481.142,0.6358,130.413,4.2138,29,0.7037,20.409,2.04242,11.77915,2293.636,6187.506,9664.977,0.036352,0.858007,80.072,101.104,0.27044,1.13958,0.984538,B,0.0,0.008367
8438.735,0.47206,136.43,2.4202,25,0.7604,19.011,2.02865,9.51592,3421.975,5016.76,8281.715,0.039693,0.766973,80.404,100.872,0.40551,0.98139,0.965903,B,0.0,0.041323
12860.563,0.51647,217.307,1.1246,27,0.6703,18.097,1.89183,6.10708,4139.919,8720.644,4655.656,0.205483,0.664106,85.623,104.079,0.32191,0.36201,0.871926,B,0.0,-0.020008
11340.267,0.40163,174.669,3.8027,17,0.7161,12.173,1.95484,6.4607,5483.191,5857.077,20850.737,0.09005,0.69331,82.663,102.431,0.48352,1.83865,0.891589,B,-0.001,0.060031
11454.767,0.59326,159.109,2.9997,17,0.6671,11.341,1.98239,5.82043,3043.138,8411.629,9128.573,0.303905,0.69794,84.88,101.684,0.26567,0.79692,0.863909,B,0.0,0.017872
12485.831,0.33173,156.171,3.5559,24,0.6548,15.715,1.98794,8.42795,6064.908,6420.923,21565.919,0.038419,0.608786,81.256,100.942,0.48574,1.72723,0.943745,B,0.0,-0.051012
9864.963,0.47888,219.421,3.266,21,0.7133,14.98,1.88909,7.29505,3573.673,6291.289,11671.736,0.102464,0.692696,84.328,104.35,0.36226,1.18315,0.922488,B,0.001,0.009926
9860.519,0.49374,175.872,2.8076,23,0.867,19.942,1.95283,9.84146,3542.483,6318.036,9945.926,0.043686,0.746086,82.096,102.836,0.35926,1.00866,0.968213,B,0.0,-0.022468
8261.017,0.79509,139.746,1.4508,26,0.7418,19.288,2.02136,8.03553,743.483,7517.534,1078.631,0.502903,0.823987,86.672,101.446,0.09,0.13057,0.943075,B,0.0,0.001887
10141.025,0.58169,205.104,2.1191,27,0.6863,18.531,1.9083,8.13567,3018.304,7122.721,6396.07,0.113814,0.779955,84.031,104.353,0.29763,0.63071,0.941765,B,0.0,0.005723
10554.463,0.386,130.707,1.5884,21,0.7052,14.809,2.04173,6.48692,4355.211,6199.252,6917.648,0.098207,0.588178,80.903,99.342,0.41264,0.65542,0.895014,B,0.0,0.046868
10662.617,0.60015,169.53,4.2308,14,0.8294,11.611,1.96362,6.33721,2924.49,7738.127,12372.879,0.242854,0.735181,84.486,102.458,0.27428,1.1604,0.889013,B,0.0,0.021552
9061.762,0.69256,182.877,2.2933,27,0.85,22.95,1.94142,10.60246,1952.568,7109.194,4477.768,0.076394,0.861797,82.783,103.927,0.21547,0.49414,0.976232,B,0.0,-0.032651
7931.024,0.31688,130.123,2.3312,23,0.8197,18.853,2.0431,9.4261,4315.494,3615.53,10060.086,0.020164,0.671041,79.844,99.852,0.54413,1.26845,0.965376,B,0.0,-0.003603
8936.771,0.33589,164.409,2.9358,20,0.8577,17.153,1.97267,8.69284,4755.531,4181.239,13961.164,0.029158,0.684742,81.466,101.869,0.53213,1.56222,0.953806,B,0.001,0.040283
7475.421,0.41057,135.219,2.6696,17,0.8268,14.055,2.03136,7.24647,3049.409,4426.012,8140.805,0.073641,0.642712,80.795,99.979,0.40792,1.08901,0.926834,B,0.0,-0.028953
7290.132,0.42835,136.971,4.7257,20,0.858,17.16,2.02745,10.00997,3217.602,4072.53,15205.456,0.026831,0.745581,80.26,100.764,0.44136,2.08576,0.972354,B,0.0,-0.004427
7750.376,0.73065,146.428,1.313,29,0.6324,18.34,2.00724,7.25373,1619.86,6130.516,2126.839,0.257408,0.8557,83.731,102.039,0.209,0.27442,0.926368,B,0.0,-0.03524
7123.93,0.60265,138.389,2.5563,21,0.7397,15.534,2.02432,7.87442,2305.157,4818.772,5892.644,0.108134,0.839214,81.399,101.466,0.32358,0.82716,0.94194,B,0.001,-0.010358
12214.275,0.47424,134.857,3.0205,25,0.7837,19.593,2.03218,10.43808,5179.616,7034.659,15645.212,0.030894,0.800676,80.214,101.0,0.42406,1.2809,0.972374,B,0.0,-0.00391
7381.569,0.63752,197.941,4.2246,25,0.8286,20.715,1.91851,10.9135,1970.233,5411.336,8323.465,0.048274,0.852066,82.931,104.529,0.26691,1.1276,0.979789,B,0.0,-0.028579
8564.082,0.72551,169.622,1.3584,24,0.8914,21.394,1.96346,8.31427,1543.84,7020.243,2097.166,0.209801,0.838925,84.053,103.147,0.18027,0.24488,0.947871,B,-0.001,-0.029403
12341.191,0.74255,176.636,3.9603,26,0.6099,15.858,1.95156,8.46573,2010.833,10330.359,7963.401,0.251981,0.838037,84.874,103.48,0.16294,0.64527,0.944708,B,-0.001,0.036602
8339.824,0.66975,169.119,3.0482,16,0.8566,13.706,1.96433,6.96779,2473.926,5865.897,7541.064,0.187229,0.873258,83.736,103.349,0.29664,0.90422,0.917075,B,0.001,-0.035049
10538.203,0.30733,217.408,3.6439,26,0.7102,18.464,1.8917,9.23599,5315.021,5223.181,19367.492,0.02443,0.595196,83.236,103.628,0.50436,1.83784,0.959908,B,0.001,0.043526
12095.749,0.26495,130.411,2.4177,20,0.8569,17.138,2.04243,8.65775,7271.455,4824.295,17580.495,0.022629,0.6302,79.891,99.601,0.60116,1.45344,0.948658,B,-0.001,-0.047767
9442.645,0.60344,143.649,2.0825,28,0.6307,17.66,2.01302,8.34721,3029.487,6413.158,6308.922,0.099594,0.841445,81.525,101.787,0.32083,0.66813,0.947049,B,0.0,0.031237
11317.678,0.56665,219.845,4.2251,15,0.7272,10.908,1.88854,5.60827,3752.28,7565.398,15853.631,0.249542,0.723936,86.282,104.573,0.33154,1.40078,0.853996,B,0.0,-0.053184
11112.155,0.21726,165.65,4.7644,16,0.7893,12.629,1.97045,7.07979,6741.545,4370.61,32119.724,0.031055,0.504485,81.54,100.742,0.60668,2.8905,0.913283,B,0.0,-0.039071
8036.843,0.39929,211.246,1.508,21,0.6581,13.82,1.89988,5.33313,3761.045,4275.798,5671.516,0.12418,0.641279,84.363,103.688,0.46798,0.70569,0.854459,B,0.0,0.005008
12324.252,0.73368,198.486,1.9668,14,0.8992,12.589,1.91772,5.43425,2593.792,9730.46,5101.345,0.556653,0.780873,89.66,104.082,0.21046,0.41393,0.84032,B,0.0,-0.038382
11006.125,0.56637,189.967,3.0871,17,0.8448,14.361,1.93038,7.13433,3369.34,7636.785,10401.401,0.156914,0.747016,84.095,103.489,0.30613,0.94506,0.915184,B,0.0,0.041816
7992.493,0.43012,213.996,2.5281,27,0.6195,16.728,1.89619,7.66944,3019.312,4973.181,7633.178,0.073048,0.646908,83.773,103.835,0.37777,0.95504,0.935843,B,0.0,-0.014188
12128.0,0.44414,216.205,3.5189,16,0.8905,14.248,1.89328,7.08196,5490.638,6637.362,19321.089,0.087515,0.739156,84.032,104.531,0.45272,1.5931,0.910794,B,0.0,-0.029211
11809.014,0.71492,156.746,2.4707,20,0.7003,14.007,1.98685,6.84553,2452.689,9356.325,6059.903,0.330552,0.815679,85.135,102.337,0.2077,0.51316,0.903969,B,-0.0,0.001215
12401.965,0.51452,161.338,2.1736,27,0.897,24.22,1.97826,11.31683,4255.714,8146.251,9250.218,0.030616,0.767313,81.363,102.258,0.34315,0.74587,0.979581,B,0.0,0.041798
10711.324,0.76523,153.465,3.8189,15,0.6688,10.032,1.99316,5.48315,2445.411,8265.912,9338.758,0.502341,0.843006,87.266,102.343,0.2283,0.87186,0.85013,B,0.001,-0.017154
11499.711,0.53144,213.536,2.4309,14,0.6983,9.776,1.89681,4.43421,3779.32,7720.391,9187.202,0.357954,0.616367,87.52,103.615,0.32864,0.79891,0.77864,B,0.0,-0.010537
7896.129,0.37207,215.152,2.6624,17,0.6866,11.672,1.89466,5.4222,3800.662,4095.467,10118.904,0.108561,0.616611,84.278,103.681,0.48133,1.2815,0.859559,B,0.0,-0.000953
12288.932,0.52587,206.688,3.2871,17,0.6603,11.225,1.9061,5.5516,4471.296,7817.636,14697.431,0.221281,0.700086,85.5,103.891,0.36385,1.19599,0.846897,B,0.0,-0.049696
7738.891,0.43163,131.283,4.792,18,0.8587,15.456,2.04039,9.11942,3510.858,4228.034,16824.06,0.036449,0.759778,80.116,100.51,0.45366,2.17396,0.96169,B,-0.001,0.003043
10081.615,0.43386,145.803,4.063,26,0.7467,19.413,2.00853,10.86477,3780.597,6301.017,15360.557,0.025876,0.678642,80.647,100.835,0.375,1.52362,0.977634,B,0.001,0.047977
9168.796,0.66523,164.064,3.3821,22,0.7487,16.47,1.97329,8.64028,2440.468,6728.329,8253.895,0.118439,0.863557,82.631,103.032,0.26617,0.90022,0.95261,B,-0.001,0.015967
10722.137,0.57996,164.869,4.3207,22,0.7668,16.869,1.97185,9.30087,3425.805,7296.332,14801.796,0.071526,0.818686,82.043,102.777,0.31951,1.38049,0.960595,B,0.0,-0.028414
12895.392,0.79273,180.672,2.9915,27,0.6131,16.553,1.94496,8.25274,1889.978,11005.414,5653.834,0.327215,0.87267,86.015,103.897,0.14656,0.43844,0.939503,B,0.0,0.040314
12707.653,0.44243,196.093,4.5408,15,0.8829,13.244,1.92121,7.08688,5572.47,7135.183,25303.738,0.091317,0.716643,83.438,103.556,0.43851,1.99122,0.909491,B,0.0,0.006723
8513.479,0.23453,192.215,4.4761,25,0.6768,16.919,1.92697,9.07148,4821.554,3691.924,21581.989,0.016536,0.519233,82.319,102.085,0.56634,2.53504,0.96007,B,0.001,-0.031761
11512.839,0.74164,143.13,2.5037,27,0.8815,23.8,2.01411,11.908,2539.548,8973.292,6358.153,0.054431,0.936128,80.906,102.382,0.22058,0.55227,0.983811,B,-0.001,0.001885
11652.307,0.76636,139.689,2.9268,20,0.7144,14.289,2.02148,7.49579,1330.458,10321.849,3894.008,0.511061,0.799269,86.777,101.279,0.11418,0.33418,0.923857,B,0.0,-0.017132
7073.524,0.22264,204.388,1.2733,21,0.7287,15.303,1.90931,5.54341,4226.183,2847.341,5381.124,0.04884,0.480611,83.15,102.348,0.59746,0.76074,0.868938,B,0.0,-0.0208
12115.602,0.56364,146.973,3.5969,29,0.7293,21.15,2.00612,11.52153,3132.897,8982.704,11268.803,0.041097,0.745882,80.9,101.345,0.25858,0.93011,0.981145,B,0.001,0.048018
10150.947,0.36894,148.826,3.1495,17,0.6469,10.996,2.00236,5.7951,4865.226,5285.72,15322.814,0.10173,0.614892,81.781,100.584,0.47929,1.5095,0.867843,B,0.001,0.004003
10158.68,0.64868,162.31,2.899,21,0.7145,15.005,1.97648,7.60131,2141.858,8016.821,6209.224,0.216132,0.764248,83.851,102.287,0.21084,0.61122,0.929751,B,0.001,-0.030926
8409.847,0.2863,157.244,1.7865,23,0.8024,18.454,1.9859,8.11737,4709.194,3700.653,8413.159,0.028417,0.614468,81.168,101.036,0.55996,1.00039,0.944422,B,0.0,-0.014817
10116.291,0.2177,167.742,4.1368,16,0.7493,11.989,1.96674,6.53043,5239.198,4877.093,21673.757,0.042903,0.405484,81.778,100.193,0.5179,2.14246,0.897937,B,-0.0,-0.043939
9593.14,0.40588,197.777,1.3013,14,0.8688,12.163,1.91875,4.48218,3691.366,5901.774,4803.662,0.217034,0.523991,85.153,102.357,0.38479,0.50074,0.79424,B,0.0,0.035275
7092.79,0.70672,152.12,3.662,24,0.8989,21.574,1.99579,11.71085,1140.151,5952.639,4175.212,0.066586,0.829325,81.458,102.18,0.16075,0.58866,0.984855,B,0.0,0.026116
7930.992,0.30862,163.685,4.6325,24,0.8382,20.117,1.97398,11.25171,4095.151,3835.841,18970.946,0.010923,0.626439,81.197,101.448,0.51635,2.392,0.981724,B,0.0,0.011016
12412.486,0.30417,205.332,2.23,23,0.852,19.596,1.90799,8.74028,6610.929,5801.557,14742.31,0.028742,0.618027,82.915,103.294,0.5326,1.1877,0.949673,B,0.0,-0.024323
8528.041,0.582,154.203,3.1258,21,0.6518,13.687,1.99173,7.14457,2710.119,5817.922,8471.39,0.143606,0.786215,82.562,102.008,0.31779,0.99336,0.921587,B,0.0,-0.007032
12352.431,0.6802,189.87,1.2905,24,0.8436,20.247,1.93052,7.50358,3299.971,9052.46,4258.593,0.197208,0.856263,84.624,104.206,0.26715,0.34476,0.922545,B,0.0,0.056328
10003.337,0.33614,134.802,3.0331,18,0.68,12.24,2.03231,6.52815,4926.647,5076.69,14942.96,0.069479,0.594914,80.721,99.639,0.4925,1.4938,0.898201,B,0.0,0.029238
11164.766,0.40173,201.248,2.4857,28,0.8282,23.189,1.91375,10.73324,5517.991,5646.776,13715.884,0.019653,0.775094,82.663,104.161,0.49423,1.2285,0.975821,B,-0.001,-0.005829
7182.548,0.68448,189.822,2.4954,25,0.691,17.275,1.9306,8.11301,1807.537,5375.012,4510.543,0.145545,0.865713,83.94,104.266,0.25166,0.62799,0.946489,B,-0.001,0.014719
7426.391,0.30605,168.712,4.3451,25,0.7519,18.798,1.96504,10.32246,3884.752,3541.64,16879.815,0.014563,0.625769,81.441,101.695,0.5231,2.27295,0.975108,B,-0.001,0.024801
7397.573,0.26954,189.86,1.0881,27,0.8317,22.456,1.93054,7.69753,3927.476,3470.096,4273.641,0.031641,0.538794,82.438,102.11,0.53091,0.57771,0.937677,B,0.001,0.005654
10811.683,0.33753,155.309,3.1952,21,0.6038,12.679,1.98959,6.64334,5524.611,5287.072,17652.378,0.066152,0.621096,81.586,100.977,0.51099,1.63271,0.899852,B,0.0,0.024025
9093.66,0.52946,206.964,1.2347,18,0.7178,12.92,1.90572,4.60317,3631.786,5461.875,4484.059,0.257505,0.710296,85.987,103.97,0.39938,0.4931,0.805763,B,-0.001,-0.021795
7654.93,0.57645,136.967,4.5233,22,0.87,19.14,2.02745,11.07839,2415.08,5239.85,10924.156,0.035167,0.825926,80.369,101.294,0.31549,1.42707,0.980753,B,0.0,0.024929
11821.194,0.4768,195.802,1.5812,18,0.647,11.647,1.92164,4.66015,4661.039,7160.155,7370.192,0.249607,0.624689,85.517,102.937,0.3943,0.62347,0.793583,B,0.0,0.047271
9036.48,0.3695,148.515,2.3199,15,0.6615,9.923,2.00299,4.81664,3956.719,5079.761,9179.388,0.151843,0.539037,82.429,100.066,0.43786,1.01581,0.820065,B,0.0,0.000147
10408.775,0.69513,217.44,3.501,18,0.6087,10.957,1.89166,5.43295,2206.312,8202.462,7724.203,0.495752,0.748753,89.459,104.643,0.21197,0.74209,0.848829,B,0.001,0.050149
10783.933,0.67705,195.9,2.9399,19,0.6201,11.783,1.92149,5.74212,2010.947,8772.986,5911.887,0.498049,0.718078,88.8,103.557,0.18648,0.54821,0.862825,B,0.0,0.023454
10410.924,0.28847,175.798,4.0434,22,0.6103,13.427,1.95295,7.20516,5675.167,4735.756,22947.129,0.043026,0.582603,82.085,101.754,0.54512,2.20414,0.918695,B,0.001,-0.006142
9788.643,0.57376,160.973,4.4805,29,0.713,20.678,1.97893,11.53855,2976.869,6811.774,13337.856,0.03304,0.810062,81.38,102.521,0.30411,1.36258,0.982488,B,0.0,0.016786
7109.097,0.47679,190.82,4.5923,27,0.7188,19.407,1.92908,10.47118,2634.995,4474.101,12100.716,0.030082,0.739872,82.45,103.48,0.37065,1.70215,0.976614,B,0.001,0.018384
8336.464,0.56605,132.812,3.2129,29,0.7886,22.869,2.03684,12.40743,3015.626,5320.838,9689.052,0.019331,0.875903,79.964,101.371,0.36174,1.16225,0.987646,B,0.0,0.022414
11373.002,0.66556,135.347,1.371,20,0.8374,16.747,2.03108,6.86169,1907.194,9465.808,2614.714,0.374284,0.724252,84.77,100.525,0.16769,0.22991,0.905696,B,0.0,-0.047364
11106.619,0.4401,133.355,1.4669,28,0.6466,18.105,2.0356,7.65209,4854.022,6252.597,7120.362,0.071462,0.726287,80.678,100.417,0.43704,0.64109,0.929035,B,0.0,-0.035016
12817.726,0.65014,138.35,2.6602,21,0.6591,13.841,2.0244,7.09449,3047.723,9770.003,8107.429,0.247571,0.775719,83.237,101.045,0.23777,0.63252,0.909456,B,0.0,0.011594
7092.745,0.47676,174.751,0.9385,28,0.8469,23.713,1.9547,7.69435,2785.291,4307.454,2613.896,0.074998,0.736551,82.468,102.72,0.3927,0.36853,0.938226,B,0.0,-0.013699
8335.581,0.58139,152.996,1.352,27,0.7657,20.673,1.99408,8.20186,2268.066,6067.514,3066.45,0.115026,0.755723,82.134,101.741,0.27209,0.36787,0.946167,B,0.001,-0.023005
7854.402,0.40261,186.989,2.7628,22,0.8856,19.483,1.93496,9.44261,3686.807,4167.595,10185.983,0.029455,0.732725,82.309,103.262,0.46939,1.29685,0.96566,B,0.0,-0.035157
11949.668,0.66494,144.559,3.5009,28,0.6361,17.811,2.01111,9.6793,3348.338,8601.329,11722.318,0.084862,0.890758,81.371,102.165,0.2802,0.98097,0.96424,B,0.001,-0.037037
11125.049,0.40658,153.896,1.5867,15,0.7693,11.539,1.99232,4.87888,4916.052,6208.997,7800.244,0.172441,0.591958,82.93,100.709,0.44189,0.70114,0.812582,B,0.0,0.028053
12023.958,0.75905,130.968,2.9424,18,0.6622,11.92,2.04112,6.34746,1588.865,10435.093,4675.131,0.660687,0.774023,88.34,100.585,0.13214,0.38882,0.884982,B,0.0,0.040881
8500.959,0.52127,196.529,2.9918,14,0.6089,8.525,1.92057,4.16964,3826.747,4674.213,11448.985,0.256992,0.737632,85.639,103.713,0.45015,1.34679,0.778069,B,-0.001,0.002449
12276.206,0.76165,168.084,3.9629,22,0.8297,18.253,1.96614,9.85376,2172.951,10103.255,8611.232,0.146102,0.894038,83.153,103.435,0.17701,0.70146,0.966046,B,0.0,0.005919
7316.481,0.74235,151.069,1.8659,25,0.6913,17.283,1.99787,7.78756,1317.706,5998.775,2458.745,0.248262,0.850885,83.811,102.265,0.1801,0.33606,0.939769,B,0.0,-0.014322
7644.073,0.5748,154.309,4.3532,27,0.6518,17.598,1.99152,9.85869,2613.288,5030.784,11376.167,0.049576,0.84764,81.325,102.419,0.34187,1.48823,0.970514,B,0.001,-0.036955
8642.997,0.45524,203.0,1.0102,23,0.7996,18.392,1.91126,5.98711,3364.851,5278.146,3399.338,0.137984,0.65749,84.282,103.458,0.38932,0.39331,0.881997,B,0.0,0.01414
11250.087,0.58372,190.985,3.0978,18,0.6644,11.959,1.92883,5.93874,4053.005,7197.081,12555.364,0.210313,0.794003,84.835,103.844,0.36026,1.11602,0.870197,B,0.001,-0.002762
10831.822,0.6122,197.276,3.569,25,0.8001,20.003,1.91947,10.18839,3349.01,7482.812,11952.547,0.057374,0.860517,83.029,104.556,0.30918,1.10347,0.971024,B,0.0,0.008395
7711.14,0.66174,186.54,3.7396,24,0.6527,15.664,1.93565,8.16274,2337.41,5373.73,8740.93,0.116792,0.898772,83.446,104.338,0.30312,1.13355,0.946501,B,0.0,0.020935
7660.24,0.49784,152.642,3.1283,26,0.8007,20.818,1.99477,10.89317,3053.86,4606.38,9553.509,0.025649,0.810878,80.939,102.086,0.39866,1.24716,0.97946,B,0.0,0.033225
11732.478,0.31953,131.668,1.4766,23,0.8601,19.782,2.03949,8.40575,5791.089,5941.389,8551.095,0.035929,0.59595,80.128,99.453,0.49359,0.72884,0.944499,B,0.0,0.039884
9728.083,0.25349,182.426,3.9568,16,0.8362,13.38,1.94214,7.08966,5104.81,4623.273,20198.632,0.040068,0.489132,82.287,101.447,0.52475,2.07632,0.917055,B,0.0,0.041464
7567.866,0.64435,218.313,3.3607,18,0.6792,12.225,1.89052,6.0002,1945.14,5622.726,6536.946,0.284572,0.768811,86.698,104.809,0.25703,0.86378,0.886486,B,0.0,0.008478
7015.764,0.33211,143.392,2.0732,22,0.7693,16.924,2.01356,7.99073,3449.853,3565.911,7152.126,0.037515,0.617118,80.694,100.292,0.49173,1.01944,0.944454,B,0.0,-0.003718
7856.276,0.61763,141.41,1.702,17,0.6031,10.252,2.01777,4.53339,1731.644,6124.633,2947.289,0.536446,0.640577,87.191,100.332,0.22042,0.37515,0.808556,B,-0.001,0.039215
7837.767,0.37849,131.571,0.9201,16,0.6834,10.934,2.03972,3.73471,3304.313,4533.455,3040.386,0.22717,0.488782,82.647,98.74,0.42159,0.38791,0.746962,B,-0.001,0.004446
12169.582,0.40518,168.994,3.8638,19,0.7538,14.322,1.96455,7.68287,6432.852,5736.73,24855.569,0.055473,0.797319,81.992,102.841,0.5286,2.04243,0.927629,B,0.0,0.017809
8241.465,0.63687,144.64,2.338,18,0.6665,11.997,2.01095,5.87019,2051.617,6189.848,4796.647,0.310551,0.745025,84.354,101.207,0.24894,0.58201,0.878612,B,0.0,0.018597
12572.929,0.46051,162.806,4.2538,26,0.891,23.166,1.97557,12.77059,5706.487,6866.442,24273.979,0.012515,0.832824,81.183,102.765,0.45387,1.93065,0.987665,B,0.0,0.005157
9950.406,0.69839,158.902,2.1795,29,0.7193,20.858,1.98278,9.78698,2473.164,7477.242,5390.239,0.091283,0.899195,82.065,103.002,0.24855,0.54171,0.967514,B,0.0,0.007597
10969.71,0.7792,150.019,3.4271,25,0.6711,16.778,1.99996,9.0027,1555.502,9414.208,5330.894,0.242098,0.867948,83.685,102.32,0.1418,0.48596,0.955943,B,-0.0,-0.028896
7552.143,0.33398,153.245,2.152,19,0.7355,13.975,1.99359,6.5829,3662.798,3889.345,7882.423,0.063713,0.588498,81.467,100.651,0.485,1.04373,0.907476,B,0.0,0.025116
8300.057,0.23295,164.85,3.4745,28,0.7457,20.879,1.97188,11.00815,4456.042,3844.016,15482.606,0.008738,0.492861,81.214,100.625,0.53687,1.86536,0.979863,B,-0.001,-0.004187
8427.959,0.61206,132.347,2.3321,14,0.6804,9.525,2.03792,4.74625,2627.362,5800.597,6127.248,0.355279,0.728365,84.376,100.369,0.31174,0.72701,0.819043,B,0.0,0.018208
7661.492,0.41453,133.505,3.8419,25,0.6337,15.841,2.03526,8.93231,3658.788,4002.705,14056.686,0.035416,0.761072,80.209,100.656,0.47756,1.83472,0.959199,B,-0.001,-0.008057
9895.063,0.74519,191.992,1.1609,19,0.8575,16.293,1.92731,5.74316,1937.191,7957.872,2248.871,0.508356,0.802846,88.804,103.947,0.19577,0.22727,0.866447,B,0.0,-0.026375
8112.261,0.3468,143.309,1.1201,15,0.6427,9.641,2.01374,3.56534,3926.767,4185.494,4398.492,0.194056,0.490107,82.757,99.449,0.48405,0.5422,0.729144,B,0.0,-0.02049
8244.803,0.55388,174.33,4.4711,21,0.6456,13.558,1.95541,7.43,2384.035,5860.768,10659.324,0.134714,0.724395,83.24,102.62,0.28916,1.29285,0.929673,B,0.0,-0.042441
8942.375,0.52183,197.62,3.3921,17,0.685,11.646,1.91897,5.86231,3626.535,5315.84,12301.702,0.160101,0.768599,84.397,103.964,0.40554,1.37566,0.875575,B,0.0,0.038358
11124.799,0.37675,196.843,1.6278,16,0.7082,11.331,1.92011,4.57892,5774.126,5350.672,9399.117,0.151098,0.620254,84.252,102.952,0.51903,0.84488,0.791837,B,0.001,0.033422
12687.522,0.68472,141.421,1.1202,21,0.6903,14.496,2.01775,5.37636,3198.741,9488.78,3583.104,0.447058,0.76484,86.011,101.153,0.25212,0.28241,0.835392,B,0.001,-0.021185
8195.698,0.71729,143.315,4.3781,19,0.7732,14.691,2.01372,8.37163,1638.082,6557.616,7171.716,0.181243,0.85119,82.588,101.832,0.19987,0.87506,0.949497,B,0.0,0.024159
12706.668,0.23876,173.109,4.4877,16,0.86,13.76,1.95747,7.558,7475.61,5231.058,33548.35,0.031147,0.535461,81.827,101.314,0.58832,2.64022,0.923252,B,0.0,-0.026321
10273.017,0.27265,145.701,2.8376,20,0.7767,15.535,2.00874,8.01217,5946.926,4326.091,16875.072,0.028753,0.607925,80.681,100.363,0.57889,1.64266,0.938952,B,0.0,0.007251
7314.293,0.25144,137.137,1.1482,26,0.7962,20.7,2.02708,7.81809,4515.298,2798.995,5184.649,0.024269,0.617902,80.233,99.931,0.61733,0.70884,0.940414,B,0.0,0.019456
8416.632,0.35137,205.787,2.2656,15,0.7723,11.584,1.90735,5.18963,3629.555,4787.078,8222.99,0.126204,0.522089,84.216,102.68,0.43124,0.97699,0.84511,B,-0.001,0.006861
11994.633,0.69761,182.696,3.3717,28,0.8392,23.496,1.94171,12.025,3255.127,8739.506,10975.241,0.040498,0.94236,82.303,104.451,0.27138,0.91501,0.984246,B,0.0,-0.01108
7583.98,0.41881,172.414,1.6839,17,0.677,11.509,1.95865,4.85421,3638.535,3945.445,6126.99,0.148067,0.668498,83.345,102.158,0.47977,0.80789,0.830383,B,0.0,-0.02239
8873.449,0.74632,143.904,3.4516,27,0.6932,18.717,2.01249,10.14958,1385.265,7488.184,4781.357,0.132369,0.859898,81.969,101.924,0.15611,0.53884,0.972311,B,0.0,-0.00813
8922.591,0.49112,160.199,1.9656,29,0.6383,18.511,1.98036,8.38317,4372.354,4550.237,8594.325,0.051573,0.913478,81.594,103.164,0.49003,0.96321,0.948541,B,0.0,0.026085
7967.409,0.65099,195.877,1.9565,27,0.7057,19.053,1.92153,8.23488,2115.297,5852.112,4138.541,0.128964,0.839679,83.927,104.359,0.26549,0.51943,0.947405,B,0.0,0.010871
11188.556,0.44458,157.37,3.1737,28,0.6754,18.911,1.98566,9.86396,5059.857,6128.699,16058.58,0.032244,0.784999,81.223,102.168,0.45224,1.43527,0.967201,B,0.0,0.035611
10297.242,0.2195,132.573,2.2793,16,0.8959,14.334,2.0374,7.09053,6077.796,4219.446,13853.41,0.031368,0.490494,80.111,98.813,0.59024,1.34535,0.915652,B,0.0,-0.016632
8206.319,0.25017,146.657,4.2329,22,0.8057,17.725,2.00677,9.98671,4786.67,3419.648,20261.395,0.012312,0.58311,80.506,100.253,0.58329,2.469,0.971294,B,0.001,0.010398
12573.504,0.71035,130.138,1.718,23,0.8512,19.579,2.04307,8.84157,2581.691,9991.814,4435.321,0.168803,0.850281,81.807,101.036,0.20533,0.35275,0.951208,B,-0.001,-0.058219
11171.698,0.53708,205.468,2.7445,14,0.6631,9.283,1.9078,4.39491,4159.836,7011.862,11416.699,0.320659,0.66547,86.773,103.613,0.37235,1.02193,0.777688,B,0.0,0.022905
12223.056,0.79124,189.966,1.1481,29,0.6911,20.042,1.93038,7.04546,1701.907,10521.149,1954.026,0.514827,0.835956,88.82,104.076,0.13924,0.15986,0.909404,B,0.0,-0.034479
12737.666,0.44669,200.526,3.8359,26,0.7817,20.323,1.91478,10.47191,5246.485,7491.181,20124.82,0.030043,0.738493,82.776,103.889,0.41189,1.57995,0.972298,B,0.0,-0.016854
9286.478,0.3621,156.334,1.9664,17,0.7693,13.079,1.98763,5.95557,4214.581,5071.896,8287.452,0.09711,0.582299,82.037,100.775,0.45384,0.89242,0.878287,B,0.001,-0.004246
9443.929,0.21396,158.903,3.3103,17,0.7002,11.904,1.98278,6.25761,6115.566,3328.363,20244.473,0.036355,0.540284,81.34,100.633,0.64757,2.14365,0.889968,B,0.0,0.030372
10598.334,0.37337,148.95,2.6702,24,0.8013,19.231,2.00211,9.71266,5334.458,5263.876,14244.101,0.025215,0.726196,80.776,101.325,0.50333,1.34399,0.966008,B,0.0,-0.014089
7291.292,0.2482,135.487,1.7534,20,0.8406,16.811,2.03076,7.58408,3865.46,3425.833,6777.815,0.030255,0.494109,80.235,99.015,0.53015,0.92958,0.935377,B,-0.001,0.014264
12043.561,0.27825,137.749,3.0113,25,0.8861,22.153,2.02573,11.73984,6203.165,5840.396,18679.339,0.009417,0.563783,80.066,99.61,0.51506,1.55098,0.982568,B,0.0,-0.010335
12285.471,0.71448,152.892,4.531,17,0.7803,13.265,1.99428,7.50098,3041.52,9243.951,13781.163,0.223317,0.876093,83.559,102.53,0.24757,1.12174,0.92262,B,0.0,-0.060565
11639.897,0.57362,188.12,4.6605,22,0.8591,18.9,1.93321,10.25748,3916.866,7723.031,18254.724,0.049354,0.839515,82.611,104.017,0.3365,1.56829,0.971047,B,0.0,-0.035657
10082.604,0.45174,181.861,3.8249,20,0.6446,12.891,1.94305,6.78838,4084.97,5997.634,15624.517,0.103871,0.688679,83.109,102.738,0.40515,1.54965,0.906842,B,0.0,-0.038973
12132.829,0.20738,204.254,2.4016,15,0.8316,12.474,1.90949,5.69682,6875.649,5257.18,16512.532,0.053018,0.409274,83.201,101.872,0.5667,1.36098,0.855122,B,-0.0,-0.054168
11264.864,0.4743,195.886,3.1797,23,0.6735,15.491,1.92151,7.69659,4889.682,6375.182,15547.953,0.076696,0.779266,83.238,103.96,0.43406,1.38022,0.929811,B,0.0,-0.056632
12273.498,0.70507,211.759,3.7278,26,0.6748,17.544,1.89919,8.87287,3005.743,9267.755,11204.732,0.137784,0.889051,84.558,105.344,0.2449,0.91292,0.952142,B,0.0,0.025091
11016.626,0.73474,205.526,1.0875,28,0.7536,21.101,1.90772,7.10018,2380.884,8635.742,2589.173,0.291906,0.85683,86.395,104.878,0.21612,0.23502,0.914139,B,0.0,-0.001356
9544.657,0.62528,152.733,4.5082,14,0.6472,9.061,1.99459,5.12026,2381.875,7162.782,10737.855,0.411765,0.696285,86.04,101.335,0.24955,1.12501,0.835664,B,0.0,-0.027295
9792.043,0.34514,149.104,1.1165,21,0.6808,14.297,2.0018,5.23421,4861.739,4930.304,5427.928,0.110598,0.576427,81.91,100.345,0.4965,0.55432,0.840901,B,0.0,-0.033233
11478.955,0.27443,156.628,3.8583,22,0.8045,17.699,1.98707,9.6519,6770.65,4708.304,26123.11,0.016574,0.645224,80.986,101.206,0.58983,2.27574,0.964377,B,0.001,0.042127
7861.435,0.66757,138.457,1.277,28,0.623,17.444,2.02417,6.89872,1427.176,6434.259,1822.506,0.307681,0.747402,84.036,100.864,0.18154,0.23183,0.916329,B,0.0,-0.034821
12362.609,0.26009,144.361,3.4217,29,0.8024,23.271,2.01153,12.58551,6410.174,5952.435,21933.568,0.006562,0.533111,80.329,99.793,0.51851,1.77419,0.986917,B,0.0,0.018838
12655.756,0.69737,176.06,1.6032,14,0.8553,11.974,1.95252,4.93413,2573.604,10082.151,4126.076,0.658415,0.707317,90.218,102.589,0.20335,0.32602,0.808006,B,0.001,-0.031715
12386.755,0.75055,182.968,3.8624,23,0.886,20.378,1.94128,10.73779,3003.552,9383.202,11600.873,0.077367,0.966029,82.799,104.619,0.24248,0.93655,0.975005,B,0.001,0.057913
10256.789,0.52308,139.428,2.2788,17,0.8007,13.611,2.02205,6.66095,4001.503,6255.287,9118.733,0.131282,0.773714,81.752,101.095,0.39013,0.88904,0.902085,B,-0.001,-0.007253
7041.532,0.79096,180.088,3.2416,19,0.6324,12.015,1.9459,6.11311,1371.435,5670.097,4445.663,0.435583,0.876915,87.424,103.898,0.19476,0.63135,0.892743,B,0.0,0.003268
12342.347,0.31156,141.248,2.5438,25,0.6928,17.321,2.01812,8.73028,6060.978,6281.369,15418.048,0.031979,0.581332,80.524,99.932,0.49107,1.2492,0.949596,B,0.0,-0.003188
8270.473,0.76959,190.889,1.6325,14,0.7222,10.111,1.92897,4.11949,1739.543,6530.931,2839.816,0.820432,0.756053,92.885,103.589,0.21033,0.34337,0.775774,B,-0.001,-0.033402
7034.545,0.38453,175.954,4.5072,21,0.8566,17.988,1.95269,9.852,3094.563,3939.982,13947.695,0.025326,0.666665,81.857,102.316,0.43991,1.98274,0.971026,B,0.0,-0.027414
9829.803,0.46872,142.789,4.0845,19,0.8127,15.441,2.01483,8.68967,3563.02,6266.784,14553.24,0.061456,0.700277,80.983,100.806,0.36247,1.48052,0.952475,B,-0.001,-0.028394
12507.746,0.66815,163.102,1.914,24,0.885,21.241,1.97504,9.49515,3088.019,9419.727,5910.531,0.104854,0.852815,82.413,102.912,0.24689,0.47255,0.961256,B,-0.0,-0.025136
10705.108,0.7942,204.792,4.5861,25,0.7632,19.08,1.90874,10.12603,1934.544,8770.563,8871.959,0.129671,0.940772,84.23,105.402,0.18071,0.82876,0.970494,B,0.001,0.042424
8501.986,0.45603,183.195,4.797,22,0.7521,16.547,1.94092,9.08015,3419.441,5082.545,16403.058,0.045121,0.732482,82.382,103.088,0.40219,1.92932,0.960206,B,0.0,-0.000648
7747.574,0.21675,213.114,3.7913,19,0.7614,14.467,1.89737,7.33185,4283.594,3463.981,16240.334,0.028084,0.45005,83.153,102.501,0.55289,2.09618,0.928361,B,-0.001,0.021562
10349.68,0.33101,140.991,3.5374,15,0.8654,12.981,2.01867,7.10872,5068.448,5281.232,17928.88,0.056738,0.594226,80.839,100.002,0.48972,1.73231,0.916057,B,0.0,0.028608
9089.353,0.37857,162.084,3.6644,29,0.8213,23.818,1.97689,12.75273,4259.841,4829.513,15609.891,0.009053,0.704497,81.108,101.882,0.46866,1.71738,0.988792,B,-0.001,0.014605
7990.198,0.66053,143.208,1.8561,18,0.7681,13.826,2.01395,6.29031,2342.183,5648.015,4347.248,0.234248,0.837305,83.283,101.735,0.29313,0.54407,0.896045,B,0.0,0.002602
8726.364,0.61716,143.866,3.1223,16,0.6886,11.017,2.01257,5.83644,2674.611,6051.753,8350.948,0.251127,0.778928,83.535,101.387,0.3065,0.95698,0.875283,B,0.0,0.015909
12095.459,0.61831,152.852,4.2169,19,0.7142,13.57,1.99436,7.57202,3404.791,8690.668,14357.658,0.164909,0.795938,82.787,101.999,0.28149,1.18703,0.924923,B,0.0,0.029669
10654.384,0.74882,132.953,1.885,25,0.654,16.349,2.03652,7.59775,1936.252,8718.132,3649.924,0.294108,0.849811,83.598,101.208,0.18173,0.34257,0.928622,B,0.0,-0.015849
9584.218,0.43033,167.778,2.5093,17,0.7291,12.395,1.96668,5.99426,3737.252,5846.967,9378.0,0.133724,0.619915,82.978,101.61,0.38994,0.97848,0.878828,B,-0.001,-0.006302
7964.484,0.39808,181.918,1.598,15,0.6332,9.498,1.94295,3.88036,3345.735,4618.748,5346.569,0.228794,0.520708,84.76,101.632,0.42008,0.6713,0.75856,B,0.001,-0.001336
9538.407,0.53747,146.133,2.8179,24,0.6733,16.159,2.00785,8.31386,3614.467,5923.94,10185.358,0.076207,0.8189,81.326,101.78,0.37894,1.06783,0.946271,B,0.0,0.045458
7448.806,0.67123,141.867,4.4437,16,0.7279,11.647,2.01679,6.6693,2086.96,5361.846,9273.761,0.214343,0.849061,82.96,101.735,0.28017,1.245,0.910532,B,0.0,0.002457
11471.064,0.69763,200.574,3.6918,21,0.6338,13.31,1.91471,6.80315,2899.119,8571.945,10703.015,0.266451,0.843458,85.898,104.584,0.25273,0.93304,0.903472,B,0.0,0.009636
11264.297,0.39589,165.064,2.2568,21,0.8074,16.955,1.97149,7.97511,5081.108,6183.189,11467.164,0.055878,0.675293,81.845,101.84,0.45108,1.01801,0.936331,B,0.0,0.036137
8842.029,0.72625,157.189,1.3855,21,0.8524,17.9,1.986,7.13317,2080.709,6761.32,2882.747,0.245361,0.874233,84.029,102.747,0.23532,0.32603,0.920497,B,0.0,0.029653
9781.963,0.41677,165.019,2.4465,14,0.8755,12.256,1.97158,5.90599,4337.841,5444.122,10612.334,0.11816,0.654698,82.665,101.702,0.44345,1.08489,0.874275,B,0.0,0.013642
10096.741,0.47622,203.913,3.4247,26,0.6403,16.647,1.90997,8.33746,3830.138,6266.603,13117.116,0.068032,0.725708,83.388,103.946,0.37934,1.29914,0.945808,B,0.0,-0.025879
9023.646,0.36639,206.624,2.441,25,0.7435,18.588,1.90619,8.5063,4502.389,4521.258,10990.193,0.036307,0.695103,83.056,103.856,0.49895,1.21793,0.950557,B,-0.001,-0.034579
12688.98,0.52449,169.017,4.047,23,0.8431,19.392,1.96451,10.49967,5144.442,7544.538,20819.35,0.035444,0.857966,81.729,103.243,0.40543,1.64074,0.972603,B,0.0,-0.053572
9083.087,0.57047,217.533,1.4254,24,0.698,16.751,1.89154,6.27487,2713.958,6369.13,3868.447,0.206513,0.725551,85.644,104.494,0.29879,0.4259,0.891835,B,-0.001,0.032392
12214.096,0.24917,186.523,4.4917,25,0.6411,16.028,1.93568,8.658,6638.325,5575.772,29817.093,0.023615,0.517717,82.216,101.822,0.5435,2.4412,0.948491,B,-0.001,-0.049697
12794.234,0.38184,132.297,2.7817,24,0.6537,15.689,2.03803,8.21664,5644.336,7149.898,15701.123,0.052879,0.641524,80.382,99.793,0.44116,1.2272,0.938905,B,0.0,0.052303
9612.914,0.35643,145.187,4.6659,22,0.6003,13.206,2.00981,7.59132,4518.776,5094.138,21084.342,0.052582,0.625969,80.973,100.453,0.47007,2.19334,0.930654,B,0.0,-0.047812
7501.036,0.24715,157.206,4.2713,15,0.8736,13.104,1.98597,7.28532,4123.222,3377.814,17611.333,0.03248,0.509194,81.22,100.339,0.54969,2.34785,0.927762,B,0.0,-0.003825
11186.825,0.22277,164.28,3.452,22,0.8309,18.28,1.97291,9.63132,6649.443,4537.381,22953.827,0.013334,0.529684,81.252,100.84,0.5944,2.05186,0.96442,B,0.001,0.047215
9841.399,0.5218,163.816,2.3725,19,0.73,13.87,1.97374,6.63436,3525.013,6316.386,8363.082,0.142195,0.733643,82.935,102.162,0.35818,0.84979,0.902392,B,-0.0,0.0304
10169.008,0.31818,187.609,1.0322,15,0.6516,9.773,1.934,3.27425,5046.804,5122.204,5209.118,0.204849,0.429842,84.646,101.291,0.49629,0.51225,0.680479,B,0.0,0.003801
12706.384,0.32834,185.243,2.6942,20,0.8857,17.714,1.93768,8.5456,6620.583,6085.801,17836.964,0.034229,0.648302,82.311,102.626,0.52104,1.40378,0.945682,B,0.0,-0.038773
7567.587,0.26813,149.555,4.0695,16,0.8059,12.894,2.00089,7.17918,4258.05,3309.536,17328.051,0.035803,0.567032,80.942,100.308,0.56267,2.28977,0.924866,B,0.001,0.033321
12441.43,0.52872,183.579,1.0078,19,0.8681,16.494,1.94031,5.48776,4911.145,7530.285,4949.587,0.210598,0.73619,84.58,103.13,0.39474,0.39783,0.842768,B,0.0,0.035041
9649.045,0.69849,154.5,2.8442,16,0.7023,11.238,1.99115,5.72616,1892.511,7756.535,5382.679,0.474912,0.753035,86.948,101.805,0.19613,0.55785,0.866645,B,-0.001,0.042924
8139.139,0.50054,151.855,1.5408,18,0.7623,13.721,1.99632,5.75206,2679.304,5459.835,4128.314,0.191741,0.652073,83.099,100.995,0.32919,0.50722,0.873898,B,0.0,0.021219
8369.624,0.68291,165.454,2.4578,20,0.6173,12.346,1.9708,5.95346,1967.871,6401.753,4836.63,0.343836,0.787143,85.661,102.598,0.23512,0.57788,0.88162,B,0.0,-0.020029
8593.904,0.61139,191.701,2.5476,15,0.6404,9.607,1.92775,4.52797,2813.903,5780.001,7168.826,0.366622,0.730555,86.923,103.457,0.32743,0.83418,0.803656,B,0.0,-0.02041
10036.015,0.28835,140.333,1.7266,28,0.8308,23.261,2.02009,10.35727,4838.292,5197.723,8353.876,0.015956,0.541911,80.271,99.618,0.48209,0.83239,0.973323,B,0.0,-0.018131
12654.879,0.20033,205.113,3.834,21,0.7756,16.288,1.90829,8.34797,7558.367,5096.512,28978.646,0.019495,0.468505,82.786,102.298,0.59727,2.28992,0.941875,B,0.0,0.060191
11099.579,0.25829,147.503,4.375,14,0.8859,12.403,2.00504,7.02287,6206.255,4893.324,27152.411,0.040849,0.534075,80.92,99.977,0.55914,2.44626,0.91157,B,0.0,-0.011066
10173.272,0.24098,174.793,1.0533,19,0.7429,14.115,1.95463,4.85274,6013.117,4160.155,6333.554,0.074983,0.480917,82.469,101.035,0.59107,0.62257,0.816084,B,0.0,-0.015728
12214.681,0.67348,136.814,3.6665,14,0.7407,10.369,2.02779,5.75978,2380.024,9834.657,8726.397,0.490973,0.717647,86.379,100.57,0.19485,0.71442,0.857953,B,0.0,0.003744
9927.707,0.50692,214.98,2.6298,15,0.6715,10.073,1.89489,4.66453,4029.341,5898.366,10596.496,0.243549,0.686833,86.054,104.138,0.40587,1.06737,0.805,B,0.0,0.018846
8070.0,0.79329,130.19,3.2614,17,0.8784,14.933,2.04295,8.16466,978.75,7091.25,3192.101,0.353735,0.853958,84.251,101.064,0.12128,0.39555,0.945919,B,0.0,0.002501
8998.497,0.56888,162.661,2.0722,22,0.822,18.083,1.97584,8.3062,2613.918,6384.578,5416.549,0.103772,0.759297,82.382,102.273,0.29048,0.60194,0.947011,B,0.001,0.022553
12754.701,0.50573,182.094,1.8427,23,0.7503,17.258,1.94267,7.42879,4699.901,8054.8,8660.732,0.110354,0.736435,83.203,103.064,0.36848,0.67902,0.919595,B,-0.0,-0.054576
11621.012,0.68415,134.138,1.6278,28,0.7404,20.732,2.03381,9.11715,3007.461,8613.551,4895.568,0.11402,0.883209,81.277,101.501,0.2588,0.42127,0.956869,B,0.0,0.038891
10108.82,0.6465,157.869,1.5169,21,0.7886,16.56,1.98472,6.84147,2903.025,7205.795,4403.641,0.206019,0.823953,83.538,102.451,0.28718,0.43562,0.908485,B,0.0,0.037415
12667.267,0.45651,176.794,3.2858,26,0.7843,20.393,1.9513,10.45162,4760.686,7906.581,15642.858,0.033823,0.711011,82.0,102.649,0.37583,1.2349,0.972155,B,0.0,0.047312
8138.733,0.29387,134.428,3.6603,14,0.633,8.862,2.03315,4.93914,4199.76,3938.973,15372.299,0.095447,0.50542,81.046,99.025,0.51602,1.88878,0.832397,B,0.0,0.03924
12440.653,0.74649,209.919,3.3681,14,0.8691,12.168,1.90167,6.03015,1889.426,10551.227,6363.758,0.639178,0.765702,91.119,104.456,0.15188,0.51153,0.869957,B,0.0,0.04791
12478.808,0.36633,149.628,1.4179,15,0.624,9.36,2.00075,3.80659,6231.469,6247.339,8835.641,0.207965,0.524285,83.218,100.03,0.49936,0.70805,0.716509,B,0.0,0.048156
8886.492,0.3909,207.968,1.0259,29,0.6368,18.468,1.90434,6.02403,4274.126,4612.366,4384.953,0.095393,0.664729,83.879,103.71,0.48097,0.49344,0.882625,B,0.0,0.034582
9517.794,0.58726,168.945,2.5405,19,0.757,14.383,1.96464,6.96977,3068.895,6448.899,7796.504,0.156542,0.79223,83.324,102.805,0.32244,0.81915,0.91405,B,0.0,-0.002511
8391.851,0.45887,170.071,1.2009,29,0.8202,23.786,1.96268,8.75175,3639.086,4752.765,4370.28,0.047075,0.774176,81.922,102.742,0.43365,0.52078,0.955513,B,0.0,-0.017902
7251.016,0.34545,159.511,4.218,14,0.7634,10.688,1.98164,5.90875,3314.213,3936.803,13979.224,0.087675,0.562458,82.043,100.811,0.45707,1.9279,0.883996,B,0.0,0.003511
8421.071,0.61196,142.69,3.8121,28,0.7998,22.395,2.01505,12.43012,2366.036,6055.035,9019.624,0.026766,0.840631,80.521,101.727,0.28097,1.07108,0.987711,B,0.0,-0.020838
12405.335,0.20895,149.905,2.2484,14,0.8572,12.001,2.00019,5.75837,7303.734,5101.601,16422.073,0.050709,0.435507,81.154,99.459,0.58876,1.32379,0.85712,B,0.0,-0.053246
7605.007,0.41096,217.16,3.5609,19,0.7359,13.982,1.89202,6.96102,3187.843,4417.164,11351.541,0.079601,0.650094,83.957,103.981,0.41918,1.49264,0.918806,B,0.0,0.026373
8945.544,0.40697,187.04,4.5265,22,0.7285,16.027,1.93488,8.66437,3655.058,5290.486,16544.614,0.046484,0.656024,82.536,102.758,0.40859,1.84948,0.953331,B,0.0,-0.019462
9509.135,0.79364,211.509,1.0493,15,0.781,11.715,1.89952,3.84853,1025.741,8483.394,1076.276,0.95,0.774735,95.272,104.58,0.10787,0.11318,0.870879,B,0.0,-0.006299
7724.183,0.25413,213.826,2.0619,26,0.8835,22.971,1.89642,9.89952,4488.683,3235.499,9255.175,0.012745,0.589019,82.972,103.446,0.58112,1.19821,0.970857,B,0.001,-0.032025
8241.235,0.27554,162.008,1.7857,20,0.7384,14.768,1.97703,6.45245,4486.402,3754.833,8011.509,0.050112,0.544887,81.647,100.824,0.54438,0.97212,0.900993,B,0.0,0.007626
8712.696,0.57145,177.074,3.3788,25,0.6402,16.006,1.95083,8.25337,3005.833,5706.863,10156.165,0.088619,0.825764,82.734,103.419,0.34499,1.16567,0.9465,B,0.0,-0.025804
10484.043,0.48927,172.745,1.1437,15,0.6773,10.159,1.95809,3.64199,3909.755,6574.288,4471.569,0.372048,0.558988,86.314,101.452,0.37292,0.42651,0.716425,B,0.0,-0.03691
11890.625,0.4761,168.233,3.5809,22,0.6762,14.877,1.96588,7.86096,4968.25,6922.375,17790.893,0.076872,0.762624,82.245,102.575,0.41783,1.49621,0.932536,B,0.0,0.037937
8256.717,0.74723,135.677,2.6008,23,0.6174,14.199,2.03033,7.26318,1586.274,6670.443,4125.587,0.290087,0.855938,83.674,101.414,0.19212,0.49966,0.925416,B,0.0,0.023538
9470.115,0.72244,155.383,1.0569,21,0.671,14.09,1.98945,4.98006,2727.603,6742.512,2882.774,0.431947,0.839952,86.417,102.425,0.28802,0.30441,0.827791,B,0.0,0.023508
9875.05,0.42555,145.447,4.3735,17,0.6054,10.292,2.00927,5.84516,4546.78,5328.271,19885.325,0.119035,0.687112,81.861,100.871,0.46043,2.01369,0.871209,B,-0.001,-0.017373
9164.962,0.5727,209.479,2.2677,28,0.7773,21.763,1.90227,9.71205,2958.552,6206.41,6709.178,0.05777,0.81817,83.43,104.784,0.32281,0.73205,0.967437,B,0.0,-0.040281
11236.655,0.29501,146.086,2.9734,23,0.7671,17.643,2.00795,9.20373,6501.733,4734.923,19332.102,0.021099,0.671131,80.597,100.802,0.57862,1.72045,0.958617,B,-0.001,-0.008081
12391.527,0.36037,196.846,3.4105,24,0.7813,18.751,1.9201,9.45928,5323.732,7067.795,18156.449,0.032802,0.607101,82.691,102.865,0.42963,1.46523,0.960893,B,0.0,0.040116
8442.745,0.43467,214.973,1.0675,22,0.6813,14.989,1.8949,4.9468,3286.278,5156.467,3508.145,0.188467,0.591584,85.327,103.509,0.38924,0.41552,0.831231,B,0.0,-0.03036
8999.556,0.2017,135.736,1.993,22,0.7116,15.656,2.0302,7.3822,5799.244,3200.311,11557.986,0.02292,0.525675,80.15,99.238,0.64439,1.28428,0.926777,B,0.001,-0.031712
7248.525,0.64944,179.534,3.8258,27,0.6345,17.13,1.9468,9.04716,1913.59,5334.935,7321.104,0.095133,0.848268,82.91,103.683,0.264,1.01001,0.961329,B,-0.0,-0.018124
7183.848,0.45132,163.165,3.8517,28,0.68,19.041,1.97492,10.28697,2709.102,4474.747,10434.643,0.029925,0.706436,81.427,101.95,0.37711,1.45251,0.974996,B,-0.001,0.02203
10680.808,0.43895,217.709,1.9727,22,0.6309,13.879,1.89131,5.86955,4499.098,6181.71,8875.498,0.136297,0.659226,84.722,104.063,0.42123,0.83098,0.869205,B,0.0,-0.016845
8333.829,0.72055,163.978,2.5857,29,0.7062,20.479,1.97345,10.03864,1885.027,6448.802,4874.106,0.090161,0.904817,82.254,103.3,0.22619,0.58486,0.971697,B,0.0,-0.001113
8621.44,0.29057,130.652,4.0898,29,0.751,21.779,2.04186,12.49252,4432.192,4189.248,18126.896,0.006839,0.590766,79.694,99.356,0.51409,2.10254,0.987901,B,0.0,-0.045224
12994.771,0.29093,169.908,4.2311,14,0.7341,10.278,1.96296,5.60666,7684.128,5310.644,32512.523,0.075353,0.602858,82.289,101.603,0.59132,2.50197,0.846844,B,-0.001,-0.017591
9583.659,0.7362,152.699,2.3996,20,0.6219,12.438,1.99466,6.06189,2040.459,7543.2,4896.324,0.40918,0.824659,86.004,102.18,0.21291,0.5109,0.881664,B,0.0,0.006973
10308.249,0.23752,198.714,2.0129,19,0.6964,13.231,1.91739,5.7544,6207.709,4100.54,12495.404,0.053122,0.516688,83.021,102.348,0.60221,1.21218,0.865317,B,0.0,-0.050427
9083.243,0.64001,193.331,4.1145,15,0.8639,12.958,1.9253,6.82904,2568.015,6515.228,10566.149,0.201689,0.812774,84.801,104.071,0.28272,1.16326,0.910905,B,0.0,0.018053
12169.161,0.37725,136.85,3.8374,24,0.7923,19.016,2.02771,10.6637,5090.85,7078.311,19535.716,0.022992,0.632046,80.203,100.007,0.41834,1.60535,0.974504,B,0.0,-0.05099
8239.433,0.639,186.692,2.9054,16,0.7606,12.17,1.93542,5.97834,2509.353,5730.079,7290.705,0.245215,0.811455,85.147,103.768,0.30455,0.88486,0.883129,B,0.001,-0.034564
8698.328,0.79483,207.549,1.0171,19,0.8095,15.38,1.90492,4.99763,1362.813,7335.515,1386.075,0.847853,0.784981,93.798,104.487,0.15668,0.15935,0.832873,B,-0.0,-0.012946
10135.275,0.70298,189.449,1.1298,15,0.6073,9.109,1.93117,3.18027,2420.675,7714.6,2734.99,0.95,0.625471,94.546,102.664,0.23884,0.26985,0.677239,B,-0.0,-0.004207
12715.195,0.66925,177.751,1.7293,29,0.8286,24.029,1.94972,10.16546,3094.587,9620.608,5351.586,0.08475,0.857265,82.708,103.659,0.24338,0.42088,0.96918,B,0.0,-0.032512
9278.916,0.25883,219.857,4.2194,29,0.7045,20.43,1.88853,10.50063,5226.05,4052.865,22050.972,0.011395,0.577896,83.139,103.609,0.56322,2.37646,0.975204,B,0.001,-0.023484
11875.041,0.4028,163.739,3.9585,22,0.8315,18.292,1.97388,9.93019,4780.817,7094.225,18924.875,0.032702,0.652209,81.486,101.621,0.40259,1.59367,0.967315,B,-0.001,0.006844
9662.051,0.76671,201.576,2.4746,21,0.6309,13.248,1.91328,6.12169,1710.531,7951.52,4232.92,0.50307,0.823425,89.055,104.494,0.17704,0.4381,0.88384,B,0.0,-0.006064
11061.09,0.40879,159.149,1.2726,18,0.6466,11.639,1.98232,4.45984,4804.816,6256.274,6114.675,0.203856,0.566184,83.561,100.817,0.43439,0.55281,0.78338,B,0.0,-0.029828
7904.425,0.52767,169.116,2.6508,23,0.8761,20.151,1.96434,9.87851,2731.736,5172.69,7241.24,0.045085,0.782532,81.86,102.75,0.3456,0.9161,0.970472,B,-0.001,-0.027829
12234.613,0.40739,215.87,3.1598,19,0.8017,15.232,1.89372,7.38818,5095.291,7139.322,16100.001,0.078629,0.642022,83.905,103.877,0.41647,1.31594,0.919619,B,-0.0,0.019565
11130.313,0.46673,153.747,3.8074,19,0.6437,12.231,1.99261,6.67861,4140.001,6990.311,15762.812,0.125282,0.668959,82.301,101.209,0.37196,1.41621,0.900158,B,0.001,-0.048075
9805.71,0.76605,179.868,4.3378,17,0.8406,14.289,1.94626,7.73283,1781.325,8024.385,7727.106,0.279926,0.873968,85.361,103.868,0.18166,0.78802,0.933618,B,-0.0,-0.030746
12322.001,0.71724,190.859,1.7152,25,0.6537,16.342,1.92902,6.78273,2302.976,10019.025,3950.13,0.382213,0.794249,87.1,103.84,0.1869,0.32058,0.900402,B,0.0,0.004044
8353.468,0.75832,209.652,1.5605,19,0.6851,13.017,1.90204,5.10069,1439.959,6913.508,2247.099,0.701535,0.770151,91.934,104.475,0.17238,0.269,0.84053,B,0.001,-0.024883
8918.15,0.70652,160.4,1.3324,15,0.8306,12.459,1.97999,4.86163,1813.34,7104.809,2416.117,0.61321,0.730338,89.016,101.965,0.20333,0.27092,0.823523,B,0.001,-0.018879
11858.22,0.5843,146.754,1.7741,28,0.7495,20.987,2.00657,9.34725,3839.793,8018.427,6812.2,0.072293,0.829489,81.302,101.884,0.32381,0.57447,0.959936,B,0.0,-0.029203
12599.336,0.20269,157.587,1.8018,24,0.8027,19.265,1.98525,8.49587,7176.25,5423.086,12930.284,0.019611,0.444961,81.066,99.935,0.56957,1.02627,0.944892,B,0.0,-0.035795
12843.841,0.34136,130.016,1.3523,15,0.845,12.675,2.04336,5.20693,6059.343,6784.498,8193.9,0.12693,0.532867,81.248,98.934,0.47177,0.63796,0.824577,B,0.0,0.026061
10134.841,0.22988,198.905,2.1715,26,0.8635,22.451,1.91711,10.0042,5366.305,4768.536,11652.718,0.013144,0.473777,82.5,102.073,0.52949,1.14977,0.969725,B,0.0,0.039856
11620.501,0.78166,154.497,0.9297,26,0.7444,19.354,1.99116,6.42185,1624.191,9996.31,1509.962,0.619554,0.807996,88.857,102.167,0.13977,0.12994,0.889217,B,0.0,0.028286
10459.829,0.39432,141.307,4.6527,20,0.8257,16.513,2.01799,9.54293,4747.592,5712.237,22089.19,0.03121,0.696118,80.517,100.693,0.45389,2.11181,0.964075,B,0.0,-0.043571
8659.705,0.68445,215.626,3.879,17,0.7348,12.492,1.89404,6.34336,1999.921,6659.784,7757.736,0.308884,0.797225,86.937,104.892,0.23095,0.89584,0.895776,B,0.0,0.04519
12838.599,0.39511,187.051,2.2528,16,0.6956,11.13,1.93486,5.08787,5328.783,7509.816,12004.614,0.174074,0.551959,84.22,102.072,0.41506,0.93504,0.817139,B,0.0,-0.054251
9202.658,0.45121,171.975,1.0259,18,0.6442,11.596,1.9594,3.94972,3683.291,5519.367,3778.701,0.276169,0.568026,85.019,101.474,0.40024,0.41061,0.755028,B,0.0,-0.023436
11987.692,0.62829,133.875,1.7445,18,0.6187,11.136,2.03441,5.02725,4021.055,7966.637,7014.881,0.341627,0.772979,84.269,100.757,0.33543,0.58517,0.817612,B,0.0,0.002949
7821.896,0.45158,196.571,3.4435,24,0.7005,16.812,1.92051,8.50219,3385.073,4436.823,11656.463,0.049748,0.758158,82.905,103.85,0.43277,1.49023,0.952325,B,-0.0,-0.001668
8340.643,0.54264,164.144,3.7448,29,0.7049,20.442,1.97315,10.96498,2802.957,5537.686,10496.585,0.033053,0.800569,81.507,102.621,0.33606,1.25849,0.97953,B,0.0,0.020636
7203.58,0.21957,217.136,2.6682,17,0.6372,10.832,1.89206,5.02437,4089.986,3113.594,10912.961,0.061041,0.427808,83.711,102.513,0.56777,1.51494,0.842157,B,0.0,0.012803
8819.521,0.67972,189.407,2.345,25,0.8865,22.161,1.93123,10.22527,2035.832,6783.69,4774.109,0.079269,0.859922,83.051,104.209,0.23083,0.54131,0.97308,B,-0.001,-0.017825
7065.652,0.46589,134.905,4.2501,18,0.7587,13.657,2.03207,7.83938,2647.539,4418.113,11252.336,0.07294,0.701364,80.771,100.347,0.37471,1.59254,0.941336,B,0.0,-0.000291
9899.281,0.4865,210.214,3.7943,21,0.873,18.332,1.90127,9.32215,3839.835,6059.446,14569.49,0.04787,0.764461,83.323,104.46,0.38789,1.47177,0.961833,B,0.0,-0.022844
10772.331,0.63369,217.914,1.0425,27,0.7066,19.079,1.89104,6.20439,3406.094,7366.236,3551.008,0.233773,0.818612,86.015,105.123,0.31619,0.32964,0.883356,B,0.001,-0.023566
12586.722,0.55429,203.716,1.9543,20,0.7799,15.597,1.91025,6.67804,3973.404,8613.319,7765.222,0.182751,0.725682,84.896,103.938,0.31568,0.61694,0.895918,B,-0.001,0.020024
11821.542,0.48519,191.097,2.394,26,0.8347,21.702,1.92866,10.05475,4581.316,7240.226,10967.844,0.039116,0.767446,82.579,103.674,0.38754,0.92778,0.968757,B,0.0,0.008724
12427.703,0.36577,154.105,2.252,16,0.6734,10.775,1.99192,5.14185,6538.314,5889.388,14724.186,0.123336,0.634919,82.29,101.004,0.52611,1.18479,0.8226,B,0.001,-0.012909
10881.399,0.414,174.843,1.9887,16,0.7867,12.587,1.95455,5.61294,4864.812,6016.587,9674.495,0.133283,0.640986,83.241,102.094,0.44708,0.88909,0.85607,B,-0.0,-0.045587
12027.489,0.53003,214.983,4.3298,26,0.7158,18.611,1.89489,9.66369,4427.679,7599.81,19170.778,0.051884,0.808602,83.524,104.941,0.36813,1.59391,0.963964,B,-0.0,-0.017268
9321.286,0.78101,144.632,3.8195,28,0.722,20.217,2.01096,11.19308,2078.764,7242.522,7939.874,0.068235,0.985588,81.155,102.795,0.22301,0.8518,0.980516,B,0.0,0.030344
11293.279,0.49922,219.863,1.181,17,0.746,12.682,1.88852,4.36616,4341.754,6951.525,5127.697,0.292623,0.628256,86.851,103.942,0.38445,0.45405,0.774648,B,0.0,-0.003629
9179.934,0.63646,213.349,1.7292,26,0.8018,20.847,1.89706,8.4577,2260.86,6919.074,3909.59,0.130595,0.801759,84.513,104.831,0.24628,0.42588,0.949466,B,0.0,-0.026069
10956.704,0.37008,205.693,2.8877,24,0.7796,18.71,1.90748,8.97462,5176.9,5779.804,14949.22,0.034836,0.670351,83.007,103.654,0.47249,1.36439,0.955525,B,0.0,0.017137
9480.203,0.45961,217.271,4.2434,18,0.7211,12.98,1.89188,6.69743,4236.184,5244.02,17975.767,0.097135,0.75242,84.192,104.661,0.44685,1.89614,0.905563,B,-0.001,0.00884
10383.811,0.50591,143.041,4.671,21,0.7552,15.86,2.0143,9.14794,3944.809,6439.002,18426.079,0.05481,0.78227,80.907,101.362,0.3799,1.7745,0.958842,B,-0.0,0.020747
10479.308,0.5022,146.604,3.7516,24,0.8531,20.475,2.00688,11.2606,4412.086,6067.222,16552.24,0.023503,0.850302,80.651,102.013,0.42103,1.57952,0.980296,B,0.0,0.040219
10759.387,0.56394,174.101,2.9858,23,0.887,20.402,1.9558,10.25195,3712.073,7047.314,11083.506,0.046223,0.836635,82.064,103.349,0.34501,1.03012,0.971722,B,0.0,0.036006
7588.498,0.51065,160.732,1.5868,25,0.6548,16.37,1.97938,6.8562,2958.754,4629.745,4695.08,0.110255,0.766539,82.39,102.221,0.3899,0.61871,0.915817,B,-0.001,-0.031021
7499.035,0.29482,156.039,2.7816,29,0.8769,25.429,1.98819,12.85428,3954.563,3544.473,10999.817,0.005751,0.617343,80.819,100.991,0.52734,1.46683,0.989714,B,-0.001,-0.032788
11747.969,0.363,181.394,1.0155,14,0.7553,10.574,1.94379,3.54099,5464.734,6283.235,5549.459,0.237825,0.47187,84.861,101.285,0.46516,0.47238,0.695242,B,-0.0,-0.007716
7051.075,0.37229,131.892,2.6591,18,0.8097,14.575,2.03897,7.54582,3293.287,3757.787,8757.118,0.051795,0.653164,80.348,99.844,0.46706,1.24196,0.935019,B,0.001,0.017724
9801.517,0.44422,171.946,3.6698,25,0.7754,19.386,1.95945,10.24792,3879.366,5922.151,14236.377,0.03089,0.714978,81.78,102.442,0.39579,1.45247,0.972477,B,0.0,-0.011412
8122.994,0.66208,136.95,1.4142,14,0.8793,12.311,2.02749,5.09699,1873.57,6249.424,2649.635,0.455019,0.72416,85.911,100.621,0.23065,0.32619,0.841485,B,0.0,-0.020964
7942.013,0.53645,168.938,3.5783,29,0.7451,21.609,1.96465,11.40558,2640.744,5301.269,9449.356,0.02795,0.789757,81.627,102.789,0.3325,1.18979,0.982676,B,-0.0,-0.030223
9519.104,0.45884,188.042,4.1377,29,0.709,20.562,1.93333,10.91669,4074.027,5445.077,16857.05,0.02315,0.784833,82.263,103.653,0.42798,1.77087,0.978407,B,0.0,-0.044163
7603.27,0.28844,187.908,1.498,29,0.6806,19.737,1.93353,7.80385,3993.079,3610.191,5981.669,0.0332,0.570753,82.391,102.234,0.52518,0.78672,0.939552,B,0.0,-0.010368
7471.389,0.59953,193.931,2.1384,24,0.8448,20.274,1.92441,9.043,2264.094,5207.296,4841.44,0.077178,0.826647,83.178,104.189,0.30304,0.648,0.96099,B,-0.001,-0.012016
10924.953,0.36655,138.091,4.4319,19,0.8872,16.858,2.02497,9.70434,5813.717,5111.236,25765.775,0.023708,0.756503,80.27,100.902,0.53215,2.35843,0.965581,B,0.0,0.044552
12419.51,0.60955,192.296,1.2354,26,0.6371,16.565,1.92685,6.00464,3630.116,8789.394,4484.803,0.273466,0.748363,85.714,103.601,0.29229,0.36111,0.868868,B,0.0,-0.058244
11895.615,0.74236,183.021,2.5656,16,0.792,12.672,1.94119,6.0481,2544.222,9351.393,6527.496,0.441712,0.824159,87.61,103.685,0.21388,0.54873,0.87274,B,0.0,-0.01934
12300.617,0.79824,207.179,3.3489,23,0.8129,18.697,1.90543,9.28243,1914.769,10385.848,6412.396,0.2128,0.906173,85.404,105.272,0.15566,0.52131,0.958502,B,0.0,0.006631
9345.665,0.68726,139.417,3.8966,25,0.7433,18.583,2.02207,10.4127,2690.257,6655.408,10482.749,0.061173,0.940332,80.826,102.194,0.28786,1.12167,0.974377,B,0.0,0.037521
11803.809,0.36053,170.424,1.6953,23,0.7496,17.241,1.96207,7.30908,5639.02,6164.789,9559.86,0.061609,0.63396,82.128,101.834,0.47773,0.8099,0.918363,B,-0.0,-0.016759
7408.861,0.58402,152.439,3.786,29,0.801,23.23,1.99517,12.69301,2150.851,5258.009,8143.138,0.02183,0.813987,80.88,102.096,0.29031,1.09911,0.989149,B,0.001,0.018952
8445.363,0.34917,202.223,2.0463,23,0.6612,15.208,1.91236,6.62316,4337.354,4108.009,8875.469,0.063818,0.650444,83.278,103.379,0.51358,1.05093,0.906132,B,-0.0,0.036335
9597.627,0.22815,166.565,2.1012,25,0.6605,16.512,1.96882,7.57903,5809.615,3788.012,12207.278,0.026238,0.537818,81.512,101.008,0.60532,1.27191,0.930387,B,0.0,0.004884
10366.654,0.48287,188.165,3.5448,16,0.6396,10.234,1.93314,5.26148,4064.292,6302.362,14407.204,0.197459,0.666932,84.568,102.88,0.39205,1.38976,0.839679,B,0.0,-0.03171
10463.412,0.31329,201.705,4.3887,27,0.7144,19.29,1.91309,10.19154,5498.242,4965.17,24130.344,0.01707,0.641306,82.644,103.297,0.52547,2.30616,0.971368,B,0.0,0.034043
12771.499,0.37041,198.368,3.1919,15,0.7628,11.442,1.91789,5.67388,6302.135,6469.363,20116.076,0.111603,0.622523,83.781,103.032,0.49345,1.57508,0.851324,B,0.001,0.026509
12020.761,0.34966,191.793,3.0679,15,0.6384,9.576,1.92761,4.73948,5967.426,6053.335,18307.247,0.14221,0.554157,83.964,102.297,0.49643,1.52297,0.798096,B,0.0,0.053676
7582.33,0.63269,213.195,4.2692,25,0.7214,18.035,1.89726,9.35784,2414.376,5167.954,10307.521,0.069673,0.895719,83.704,105.445,0.31842,1.35941,0.964935,B,0.0,0.01296
12807.778,0.31866,207.262,3.1833,20,0.7872,15.744,1.90531,7.72305,6070.972,6736.806,19325.428,0.048837,0.561825,83.242,103.002,0.47401,1.50888,0.927357,B,0.0,-0.067553
9482.135,0.52012,192.953,2.2815,17,0.822,13.974,1.92587,6.36739,3834.704,5647.43,8748.946,0.136337,0.780713,83.926,103.843,0.40441,0.92268,0.893992,B,0.001,0.013999
11909.555,0.67404,146.105,2.4046,18,0.8645,15.562,2.00791,7.66177,2541.026,9368.529,6110.226,0.22864,0.794846,83.337,101.619,0.21336,0.51305,0.927626,B,0.0,-0.001534
7441.908,0.75937,213.318,2.4983,26,0.7153,18.598,1.8971,8.50471,1494.348,5947.561,3733.31,0.177938,0.90546,85.137,105.515,0.2008,0.50166,0.952948,B,-0.001,-0.0182
12546.648,0.5057,135.814,1.7231,27,0.8454,22.825,2.03003,10.22624,5149.693,7396.955,8873.402,0.036999,0.832005,80.34,101.265,0.41044,0.70723,0.96997,B,-0.0,0.002858
9519.993,0.40419,147.738,3.8076,16,0.7973,12.757,2.00456,7.02643,4351.452,5168.541,16568.714,0.074516,0.681751,81.374,100.964,0.45709,1.74041,0.915732,B,0.0,-0.024822
11054.288,0.70158,149.1,2.9763,25,0.6854,17.135,2.00181,8.90156,2942.696,8111.592,8758.28,0.120592,0.912345,82.041,102.562,0.2662,0.7923,0.954243,B,0.0,0.031376
10965.034,0.37059,169.104,4.0055,17,0.8179,13.904,1.96436,7.51233,5043.144,5921.89,20200.466,0.059799,0.635257,82.053,101.777,0.45993,1.84226,0.925784,B,0.0,0.034906
9054.805,0.39888,200.67,2.0735,26,0.7638,19.86,1.91457,8.70197,3930.69,5124.115,8150.417,0.042465,0.672286,82.945,103.458,0.4341,0.90012,0.953785,B,0.0,-0.006909
8838.675,0.33382,138.567,3.0173,29,0.8759,25.401,2.02393,13.45088,4389.652,4449.024,13244.815,0.005855,0.657416,80.057,100.277,0.49664,1.49851,0.99129,B,-0.001,-0.034486
7825.061,0.55022,174.929,1.5327,19,0.8267,15.707,1.95441,6.36923,2739.43,5085.631,4198.818,0.158096,0.761447,83.571,102.893,0.35008,0.53659,0.89941,B,0.0,-0.02633
7889.588,0.76661,210.39,3.5758,17,0.6165,10.481,1.90103,5.26153,1395.763,6493.824,4990.923,0.643641,0.793044,91.193,104.655,0.17691,0.6326,0.851466,B,0.001,-0.021397
11680.153,0.67359,143.741,1.9038,27,0.7231,19.524,2.01283,8.95455,2675.322,9004.83,5093.217,0.134495,0.833755,81.99,101.742,0.22905,0.43606,0.954266,B,0.001,-0.00521
10624.314,0.64448,133.19,4.582,16,0.7719,12.35,2.03598,7.20742,2868.714,7755.601,13144.473,0.195135,0.810694,82.302,100.964,0.27001,1.23721,0.918246,B,-0.001,-0.047817
11048.838,0.2275,165.152,4.7265,19,0.7994,15.189,1.97134,8.509,6755.805,4293.033,31931.48,0.019529,0.554788,81.368,101.049,0.61145,2.89003,0.947512,B,0.0,-0.046663
12469.816,0.22648,186.752,3.4769,14,0.7755,10.857,1.93533,5.5673,7260.876,5208.94,25244.996,0.059525,0.459208,82.698,101.446,0.58228,2.02449,0.846963,B,0.0,-0.026636
7176.246,0.71724,175.162,2.7126,19,0.8536,16.219,1.95401,7.93853,1143.687,6032.559,3102.402,0.255936,0.804699,84.871,103.189,0.15937,0.43232,0.943131,B,0.0,-0.01419
7852.456,0.20369,163.87,3.4269,20,0.8189,16.377,1.97364,8.61937,4465.235,3387.221,15301.957,0.016407,0.450579,81.276,100.297,0.56864,1.94868,0.954196,B,0.0,-0.004999
11737.097,0.54495,179.689,2.0891,27,0.7737,20.89,1.94655,9.40991,3915.242,7821.855,8179.186,0.06381,0.785789,82.502,103.278,0.33358,0.69687,0.96094,B,0.0,-0.0282
12165.988,0.47471,155.681,3.8303,20,0.6593,13.186,1.98888,7.18952,5233.803,6932.185,20046.951,0.094901,0.761468,81.981,101.923,0.4302,1.64779,0.913997,B,-0.0,-0.014023
9780.155,0.74776,134.992,3.3167,27,0.8742,23.603,2.03188,12.85697,1986.54,7793.615,6588.677,0.040629,0.928002,80.349,101.848,0.20312,0.67368,0.988964,B,0.0,0.007262
12211.827,0.68059,179.579,3.2243,29,0.6533,18.945,1.94673,9.6326,2745.186,9466.64,8851.246,0.110869,0.845798,83.119,103.669,0.2248,0.72481,0.96338,B,0.001,0.026133
12343.054,0.33387,188.39,3.543,28,0.6298,17.635,1.93279,9.06281,5864.166,6478.888,20776.588,0.031529,0.607516,82.385,102.498,0.4751,1.68326,0.955133,B,0.0,0.056027
12578.833,0.43098,146.863,3.635,26,0.7789,20.252,2.00635,11.05942,5994.229,6584.604,21789.063,0.020308,0.804836,80.62,101.728,0.47653,1.7322,0.977546,B,0.0,-0.031701
11633.165,0.70308,155.161,1.7852,20,0.8046,16.092,1.98988,7.0969,2189.772,9443.393,3909.279,0.326836,0.79033,85.021,102.086,0.18824,0.33605,0.912497,B,0.0,-0.047463
12565.616,0.69041,166.706,2.3065,15,0.6891,10.337,1.96857,4.88394,3415.85,9149.766,7878.76,0.495016,0.76335,87.705,102.504,0.27184,0.62701,0.805092,B,0.0,0.052663
11456.15,0.46958,201.14,2.2503,28,0.7173,20.084,1.9139,9.02637,4273.77,7182.38,9617.274,0.055779,0.715802,83.136,103.765,0.37305,0.83949,0.955687,B,-0.0,0.030331
8187.369,0.53554,210.19,4.3321,19,0.6364,12.092,1.90131,6.31249,3059.748,5127.621,13255.015,0.148747,0.766342,84.654,104.471,0.37372,1.61896,0.8962,B,-0.0,0.023926
8216.708,0.62337,161.423,2.1153,16,0.8911,14.258,1.9781,6.60404,2063.673,6153.035,4365.265,0.232857,0.754343,84.036,102.177,0.25116,0.53127,0.906182,B,0.0,0.009681
10119.608,0.28362,147.099,3.8368,18,0.7546,13.582,2.00587,7.49947,5868.716,4250.893,22517.196,0.035561,0.626082,80.832,100.561,0.57994,2.22511,0.927287,B,-0.001,0.01822
10833.445,0.5644,174.399,1.1214,23,0.7516,17.288,1.95529,6.12769,3228.83,7604.615,3620.791,0.227302,0.707523,84.465,102.512,0.29804,0.33422,0.879968,B,0.0,0.036823
7511.407,0.64966,142.276,3.6481,21,0.8495,17.84,2.01592,9.81624,2440.919,5070.487,8904.822,0.059574,0.933731,80.935,102.317,0.32496,1.18551,0.970201,B,0.001,-0.025534
12925.431,0.6062,188.872,3.4743,26,0.6734,17.508,1.93205,8.95362,4028.203,8897.228,13995.378,0.092153,0.838936,83.202,104.047,0.31165,1.08278,0.952624,B,0.0,-0.019588
8324.9,0.52743,139.651,2.4943,22,0.7432,16.351,2.02156,8.2155,2532.63,5792.269,6317.198,0.092853,0.717443,81.255,100.737,0.30422,0.75883,0.946442,B,0.001,0.016865
11928.799,0.63156,182.155,4.1207,18,0.6326,11.387,1.94257,6.08479,3656.985,8271.815,15069.43,0.259067,0.796242,85.168,103.461,0.30657,1.26328,0.874246,B,-0.001,-0.018356
7703.158,0.57521,139.718,3.4786,14,0.6581,9.213,2.02142,5.03622,2267.024,5436.134,7886.035,0.312258,0.68487,84.154,100.526,0.2943,1.02374,0.840238,B,0.0,-0.00796
7053.65,0.51882,214.894,1.7813,15,0.8316,12.474,1.895,5.10659,2351.23,4702.42,4188.188,0.237533,0.659458,85.972,103.954,0.33334,0.59376,0.847387,B,0.0,0.031489
8994.214,0.51137,181.169,2.9362,19,0.8699,16.529,1.94416,8.19695,2810.337,6183.878,8251.652,0.09009,0.702832,82.902,102.799,0.31246,0.91744,0.944953,B,-0.001,-0.03939
12997.029,0.3745,164.468,1.0177,16,0.6331,10.13,1.97257,3.47107,6623.397,6373.632,6740.832,0.237678,0.516677,84.221,100.763,0.50961,0.51864,0.676572,B,0.0,0.042547
8040.794,0.4245,218.151,2.907,19,0.6873,13.058,1.89073,6.18874,3542.923,4497.871,10299.312,0.103944,0.676998,84.309,104.197,0.44062,1.28088,0.892109,B,0.0,0.001793
7108.46,0.3608,182.749,4.1183,21,0.7818,16.419,1.94163,8.76574,3272.686,3835.775,13477.829,0.033289,0.640227,82.209,102.459,0.46039,1.89603,0.957521,B,-0.001,0.021203
9988.405,0.75899,210.453,2.6827,27,0.6892,18.608,1.90095,8.70713,2131.93,7856.475,5719.408,0.168771,0.919149,84.926,105.49,0.21344,0.5726,0.952539,B,0.0,0.020413
12738.792,0.64804,144.894,4.2642,23,0.616,14.168,2.01042,8.01457,3553.527,9185.265,15153.055,0.152098,0.839904,82.273,101.848,0.27895,1.18952,0.934528,B,0.0,0.021603
11160.904,0.44133,132.003,2.1039,19,0.7979,15.16,2.03871,7.3195,3787.281,7373.623,7968.068,0.103853,0.614669,81.04,99.597,0.33933,0.71393,0.920149,B,0.0,-0.016207
9459.422,0.69082,155.966,1.5953,16,0.6392,10.228,1.98833,4.32088,1674.505,7784.917,2671.336,0.846162,0.657404,91.909,101.252,0.17702,0.2824,0.783174,B,0.0,0.019831
7846.385,0.57661,156.943,4.6972,14,0.703,9.841,1.98647,5.56912,2783.031,5063.354,13072.357,0.216522,0.774523,83.638,102.076,0.35469,1.66604,0.86681,B,0.0,0.032487
11003.304,0.59347,163.267,0.9152,18,0.6458,11.625,1.97474,3.77995,3257.142,7746.161,2981.066,0.550049,0.611732,88.297,101.33,0.29601,0.27092,0.725644,B,0.001,-0.031436
10041.659,0.43169,188.769,3.7575,29,0.625,18.125,1.93221,9.42895,4125.53,5916.13,15501.712,0.038798,0.705666,82.494,103.163,0.41084,1.54374,0.963076,B,-0.001,0.009668
12944.092,0.33215,167.349,2.1243,25,0.7193,17.983,1.96743,8.27442,5942.888,7001.204,12624.537,0.043493,0.577164,81.77,101.307,0.45912,0.97531,0.93988,B,0.0,0.063225
10568.704,0.70965,199.226,3.8888,26,0.8128,21.132,1.91665,10.93573,1725.678,8843.026,6710.824,0.096203,0.829364,83.607,104.434,0.16328,0.63497,0.977865,B,0.0,-0.022022
8179.066,0.22946,206.777,4.7758,25,0.6314,15.786,1.90598,8.41915,4482.25,3696.816,21406.307,0.020786,0.482466,82.857,102.459,0.54801,2.61721,0.950356,B,0.0,0.012408
11838.157,0.29732,143.115,1.3889,17,0.6247,10.619,2.01415,4.32315,6081.594,5756.563,8447.013,0.134485,0.469352,81.962,99.301,0.51373,0.71354,0.76763,B,0.0,-0.016687
12606.536,0.38382,185.125,1.9967,22,0.6259,13.771,1.93787,6.07033,5983.662,6622.875,11947.465,0.104169,0.636471,83.23,102.542,0.47465,0.94772,0.871178,B,-0.001,0.060687
12142.132,0.55496,131.7,2.7757,26,0.8633,22.446,2.03942,11.75996,4411.217,7730.915,12244.187,0.026515,0.856492,80.005,101.175,0.3633,1.00841,0.982642,B,0.0,-0.032694
10119.564,0.33635,218.332,2.9569,23,0.815,18.745,1.8905,8.92052,5031.673,5087.891,14878.042,0.029912,0.639405,83.337,103.956,0.49722,1.47023,0.955781,B,0.0,-0.014996
12668.863,0.48357,156.427,2.172,16,0.6673,10.677,1.98745,5.02153,4815.719,7853.144,10459.894,0.236972,0.634786,83.887,101.127,0.38012,0.82564,0.813722,B,-0.0,0.025651
9868.637,0.31956,154.296,1.7088,15,0.759,11.385,1.99155,4.94763,4618.294,5250.343,7891.92,0.120381,0.49476,82.259,100.089,0.46798,0.7997,0.823709,B,0.0,0.007087
8732.379,0.78215,205.861,1.6202,29,0.8821,25.58,1.90725,10.2127,1174.925,7557.454,1903.643,0.156752,0.879381,84.622,105.041,0.13455,0.218,0.973035,B,0.0,-0.023065
8399.826,0.56118,160.221,3.8625,23,0.8793,20.225,1.98032,10.97681,2930.498,5469.328,11319.098,0.032851,0.844254,81.348,102.708,0.34888,1.34754,0.979577,B,-0.0,0.042524
7752.31,0.6226,181.698,3.6971,25,0.6186,15.464,1.94331,8.08701,2212.799,5539.511,8180.894,0.119985,0.82337,83.316,103.619,0.28544,1.05528,0.944991,B,0.0,0.018346
12883.874,0.44409,216.763,2.0883,21,0.8161,17.139,1.89254,7.39293,5230.112,7653.762,10922.226,0.089391,0.686469,84.074,104.205,0.40594,0.84774,0.918287,B,0.0,0.004316
11797.847,0.23922,157.287,1.7622,15,0.6072,9.108,1.98582,3.9861,7074.367,4723.48,12466.279,0.10419,0.441453,82.17,99.896,0.59963,1.05666,0.738836,B,0.0,0.008245
12833.118,0.54606,152.83,1.1015,25,0.7043,17.609,1.9944,6.37146,3886.71,8946.408,4281.074,0.210348,0.691911,83.385,101.311,0.30287,0.3336,0.883334,B,0.0,-0.027366
10888.908,0.27054,144.548,4.3874,14,0.6303,8.825,2.01114,5.02134,6387.009,4501.899,28022.247,0.081676,0.538497,81.328,99.839,0.58656,2.57347,0.82292,B,0.0,-0.039283
9160.51,0.69688,214.281,4.664,18,0.8334,15.001,1.89582,7.90139,2797.041,6363.469,13045.512,0.140045,0.94164,84.667,105.792,0.30534,1.4241,0.93864,B,0.0,-0.032347
10050.803,0.28847,133.562,1.8579,21,0.8974,18.846,2.03513,8.70526,5159.247,4891.556,9585.24,0.02674,0.564531,80.097,99.362,0.51332,0.95368,0.952419,B,0.0,-0.038124
9053.661,0.664,192.895,3.2984,17,0.7984,13.573,1.92595,6.82621,2032.96,7020.701,6705.458,0.263482,0.779979,85.602,103.835,0.22455,0.74064,0.910898,B,0.0,-0.016808
7657.394,0.44631,181.081,2.5409,24,0.8366,20.078,1.9443,9.57973,2659.509,4997.885,6757.522,0.041795,0.661563,82.262,102.523,0.34731,0.88248,0.967476,B,0.0,0.001543
8986.746,0.22615,161.5,3.3067,24,0.7153,17.166,1.97796,8.98973,5068.716,3918.03,16760.772,0.01672,0.497092,81.186,100.483,0.56402,1.86505,0.958301,B,-0.0,-0.017692
7437.494,0.25133,146.357,4.1073,22,0.8628,18.983,2.00739,10.63776,4423.724,3013.77,18169.464,0.009423,0.606409,80.455,100.39,0.59479,2.44295,0.977701,B,-0.0,0.003364
11583.328,0.58968,149.479,2.319,21,0.7955,16.705,2.00104,8.09626,3735.726,7847.602,8663.054,0.112609,0.816787,81.952,101.952,0.32251,0.74789,0.938412,B,0.0,-0.038809
7738.828,0.44203,185.039,1.4913,20,0.6888,13.776,1.938,5.45643,3425.54,4313.288,5108.491,0.137878,0.683578,83.672,102.849,0.44264,0.66011,0.86193,B,0.0,0.018752
9308.312,0.21538,159.162,3.1361,15,0.738,11.07,1.98229,5.74321,5548.559,3759.753,17400.716,0.047403,0.463283,81.497,100.139,0.59609,1.86937,0.868808,B,0.0,-0.023753
10051.849,0.6228,169.425,1.2811,15,0.7279,10.919,1.9638,4.13848,3289.128,6762.72,4213.822,0.447845,0.707892,87.188,102.273,0.32722,0.41921,0.764704,B,0.001,-0.003358
11159.288,0.23705,173.094,2.7293,26,0.7154,18.6,1.9575,9.14316,6641.09,4518.198,18125.72,0.0168,0.56079,81.638,101.48,0.59512,1.62427,0.957825,B,0.0,-0.021348
8754.511,0.61351,186.875,3.4272,26,0.7232,18.804,1.93513,9.60982,2600.247,6154.264,8911.659,0.06883,0.843638,82.825,103.989,0.29702,1.01795,0.966677,B,0.0,0.03407
11886.455,0.30005,210.579,1.9171,23,0.6844,15.741,1.90078,6.64426,6414.841,5471.614,12297.762,0.057415,0.584517,83.46,103.287,0.53968,1.0346,0.896733,B,0.0,-0.028674
8281.103,0.56688,144.331,3.6466,14,0.7354,10.295,2.01159,5.64715,2740.34,5540.763,9992.981,0.225113,0.735916,83.212,101.13,0.33091,1.20672,0.868592,B,0.0,-0.030634
12873.91,0.74344,204.599,4.4762,25,0.8229,20.572,1.90901,10.87248,2341.479,10532.431,10480.97,0.098794,0.886751,83.816,105.037,0.18188,0.81412,0.975831,B,0.0,0.011852
12824.273,0.7685,161.165,1.4124,21,0.8263,17.352,1.97858,6.93225,1976.616,10847.657,2791.7,0.477914,0.821446,87.26,102.606,0.15413,0.21769,0.904149,B,0.0,0.036889
7721.272,0.69615,143.647,1.4766,17,0.8424,14.321,2.01303,5.97402,1969.246,5752.026,2907.77,0.314246,0.826898,84.358,101.691,0.25504,0.37659,0.884873,B,0.0,-0.002971
10471.355,0.6241,152.002,2.0669,22,0.8445,18.579,1.99603,8.65409,3668.801,6802.554,7583.168,0.087375,0.913576,81.727,102.729,0.35037,0.72418,0.950949,B,0.0,-0.038905
8695.988,0.21457,154.729,4.3088,18,0.8112,14.602,1.99071,8.15963,5164.08,3531.907,22250.796,0.019965,0.499096,80.952,100.141,0.59385,2.55874,0.944744,B,0.001,0.036632
8459.321,0.20898,142.898,4.0115,21,0.7742,16.259,2.0146,9.11557,5043.677,3415.644,20232.466,0.013757,0.497243,80.358,99.472,0.59623,2.39174,0.960749,B,0.0,0.037969
9252.291,0.52769,150.348,1.0474,14,0.632,8.848,1.9993,3.13584,3533.28,5719.012,3700.908,0.450758,0.575225,86.453,100.406,0.38188,0.4,0.673795,B,-0.001,-0.031466
11214.403,0.31038,186.099,4.0803,27,0.7276,19.644,1.93634,10.42577,5705.705,5508.698,23280.796,0.01645,0.61483,82.106,102.444,0.50878,2.07597,0.973036,B,0.0,-0.045235
12617.504,0.43001,203.687,2.5172,22,0.6472,14.238,1.91029,6.5957,5566.49,7051.014,14012.136,0.104505,0.686988,83.862,103.681,0.44117,1.11053,0.892783,B,0.0,-0.035148
12718.552,0.30762,195.997,1.5047,17,0.7856,13.355,1.92135,5.23936,6989.882,5728.67,10517.781,0.096747,0.564928,83.506,102.551,0.54958,0.82696,0.827158,B,0.0,-0.055233
9922.014,0.44427,202.777,0.9962,21,0.6291,13.21,1.91157,4.27154,3891.123,6030.89,3876.498,0.253438,0.567402,85.799,102.854,0.39217,0.3907,0.776285,B,0.001,-0.044319
9104.603,0.53287,171.946,4.4379,28,0.8751,24.503,1.95945,13.45111,3520.777,5583.825,15624.686,0.012101,0.861234,81.532,103.408,0.3867,1.71613,0.991219,B,0.001,-0.015062
11462.143,0.52103,178.303,2.3626,17,0.8465,14.39,1.94881,6.74589,3877.948,7584.195,9162.044,0.151625,0.70991,83.611,102.712,0.33833,0.79933,0.901543,B,0.0,0.030629
12488.329,0.72762,196.543,1.4707,19,0.7218,13.714,1.92055,5.32743,2829.532,9658.797,4161.518,0.53478,0.784112,89.307,104.021,0.22657,0.33323,0.833474,B,-0.0,0.002191
11175.97,0.78109,135.772,2.8088,17,0.8129,13.82,2.03012,7.21662,1572.639,9603.331,4417.223,0.459693,0.833725,85.917,101.273,0.14072,0.39524,0.917185,B,0.0,-0.029871
12499.279,0.72493,188.08,1.3859,14,0.7972,11.161,1.93327,4.27374,2784.22,9715.059,3858.645,0.78389,0.708032,92.306,103.148,0.22275,0.30871,0.759132,B,0.0,0.007456
7078.208,0.24752,139.233,2.1129,17,0.7088,12.05,2.02247,5.76058,3868.018,3210.19,8172.628,0.055028,0.479467,80.737,99.142,0.54647,1.15462,0.878512,B,-0.0,-0.031419
8252.921,0.37428,215.645,2.6869,17,0.6317,10.739,1.89401,4.99859,3869.104,4383.817,10396.048,0.131525,0.588529,84.596,103.515,0.46882,1.25968,0.835253,B,0.0,0.015933
7314.535,0.48164,176.228,4.1636,16,0.8103,12.965,1.95224,6.9934,2887.264,4427.271,12021.376,0.097035,0.732468,82.814,102.763,0.39473,1.64349,0.920475,B,0.0,-0.02736
12223.495,0.75084,201.238,1.3328,14,0.7503,10.504,1.91376,3.89531,2336.798,9886.697,3114.51,0.95,0.703773,94.943,103.69,0.19117,0.2548,0.75812,B,0.0,-0.059522
8826.837,0.68686,192.252,1.2277,20,0.8101,16.202,1.92692,5.85691,1882.849,6943.988,2311.574,0.399972,0.764648,87.382,103.706,0.21331,0.26188,0.875786,B,0.0,0.007845
10788.916,0.31022,178.969,3.9732,29,0.6958,20.178,1.94772,10.74696,5351.325,5437.591,21262.022,0.014886,0.600863,81.83,102.024,0.496,1.97073,0.976199,B,-0.0,0.030457
9883.402,0.28131,219.477,4.6778,21,0.8371,17.58,1.88901,9.21247,5711.853,4171.55,26719.063,0.019296,0.640059,83.232,104.005,0.57792,2.70343,0.960358,B,-0.001,0.04578
10267.357,0.36914,158.879,2.721,14,0.6863,9.608,1.98282,4.80924,4358.623,5908.734,11859.722,0.162838,0.521327,83.009,100.507,0.42451,1.15509,0.812738,B,0.0,-0.039859
9321.05,0.47967,141.709,2.0436,29,0.7661,22.218,2.01713,10.46762,3732.135,5588.915,7626.926,0.030089,0.779893,80.52,101.269,0.4004,0.81825,0.974884,B,0.0,-0.023843
7939.373,0.52618,135.584,1.1739,26,0.8492,22.078,2.03054,8.44459,2695.025,5244.347,3163.79,0.075691,0.757688,80.839,100.76,0.33945,0.39849,0.95117,B,0.001,-0.028642
10157.603,0.22411,168.126,3.2855,25,0.7266,18.164,1.96607,9.41425,5944.258,4213.344,19529.875,0.014263,0.52017,81.415,100.969,0.5852,1.92269,0.962756,B,0.001,-0.017692
7825.364,0.75245,162.471,3.6626,14,0.6184,8.658,1.97618,4.63259,1754.392,6070.971,6425.637,0.619998,0.79073,89.188,102.47,0.22419,0.82113,0.815272,B,0.001,-0.023288
8944.697,0.59802,191.974,1.3932,14,0.7435,10.409,1.92734,3.97597,2647.01,6297.686,3687.703,0.486623,0.644837,88.516,102.903,0.29593,0.41228,0.759193,B,0.001,0.030806
7210.035,0.71664,149.804,1.892,25,0.6128,15.32,2.00039,6.94913,1426.417,5783.619,2698.73,0.29157,0.821478,84.329,102.001,0.19784,0.3743,0.919509,B,-0.001,-0.016691
9150.015,0.53264,169.792,4.4209,27,0.7943,21.445,1.96316,11.79748,2507.322,6642.693,11084.726,0.030491,0.722174,81.693,102.385,0.27402,1.21144,0.984313,B,0.0,0.03306
9197.613,0.42474,207.952,1.1404,15,0.6617,9.926,1.90436,3.40645,4045.125,5152.488,4613.12,0.286081,0.533591,86.396,102.844,0.4398,0.50156,0.703771,B,-0.0,0.039516
12897.632,0.31552,171.882,2.5689,23,0.8049,18.513,1.95956,8.96433,6453.089,6444.543,16577.279,0.029742,0.60168,81.763,101.692,0.50033,1.2853,0.952838,B,0.0,-0.019557
12577.622,0.25346,212.329,3.1256,20,0.7688,15.375,1.89842,7.46701,7063.323,5514.299,22077.158,0.035631,0.53247,83.228,103.013,0.56158,1.75527,0.921052,B,0.0,0.052022
10868.412,0.57456,175.651,3.8332,27,0.6019,16.251,1.9532,8.6285,3158.031,7710.382,12105.471,0.099014,0.769335,82.818,102.979,0.29057,1.11382,0.949926,B,-0.001,-0.001219
10366.113,0.50525,158.876,3.7217,14,0.6149,8.608,1.98283,4.64471,3495.211,6870.902,13008.191,0.298114,0.610617,84.795,101.096,0.33718,1.25488,0.801054,B,0.0,0.017695
12219.924,0.36135,174.188,1.91,18,0.8112,14.601,1.95565,6.42787,6433.545,5786.379,12288.26,0.077179,0.677314,82.476,102.302,0.52648,1.00559,0.887554,B,0.0,-0.060538
12854.346,0.79854,200.37,4.4472,24,0.7216,17.319,1.915,9.1866,2529.68,10324.665,11250.052,0.176836,0.950865,84.709,105.284,0.1968,0.87519,0.95642,B,0.001,0.008377
12098.834,0.36421,158.59,2.3756,26,0.7226,18.788,1.98336,9.05473,5661.951,6436.882,13450.738,0.034778,0.65398,81.307,101.367,0.46797,1.11174,0.955314,B,0.001,0.012909
12036.001,0.21088,182.155,2.6234,28,0.6157,17.239,1.94257,8.28781,7284.594,4751.407,19110.722,0.020327,0.503014,82.017,101.526,0.60523,1.5878,0.941659,B,0.0,0.053708
10089.824,0.61327,173.06,1.4104,29,0.8902,25.815,1.95756,10.14605,2407.658,7682.166,3395.862,0.07394,0.782298,82.39,102.941,0.23862,0.33656,0.97123,B,0.0,0.021034
11298.2,0.69878,184.238,4.6633,15,0.6493,9.74,1.93926,5.31168,2348.803,8949.398,10953.197,0.54413,0.739365,89.006,103.181,0.20789,0.96946,0.838117,B,-0.001,0.030367
9165.96,0.50777,184.766,1.1933,23,0.6161,14.17,1.93843,5.10248,3023.333,6142.626,3607.633,0.251628,0.633836,85.163,102.509,0.32984,0.39359,0.836543,B,0.001,0.02678
9307.079,0.50941,186.936,3.9207,21,0.8828,18.538,1.93504,9.75067,3102.355,6204.724,12163.26,0.04931,0.739463,82.569,103.304,0.33333,1.30688,0.967734,B,0.0,-0.021835
10484.387,0.22722,153.684,4.1415,28,0.6377,17.854,1.99273,9.91629,6066.571,4417.816,25124.741,0.012388,0.522223,80.808,100.237,0.57863,2.3964,0.968453,B,0.0,0.024608
10899.8,0.49504,164.263,2.8794,23,0.8153,18.752,1.97294,9.45778,3949.009,6950.791,11370.648,0.05123,0.747184,81.752,102.274,0.3623,1.0432,0.962506,B,0.0,0.009438
8164.41,0.39459,206.992,4.1671,27,0.7711,20.82,1.90568,10.82745,3652.063,4512.347,15218.423,0.018842,0.698693,82.838,103.895,0.44731,1.864,0.97864,B,0.0,0.037108
8782.499,0.45448,145.825,4.4918,19,0.8913,16.936,2.00849,9.65996,3590.963,5191.536,16130.021,0.036427,0.743647,80.788,101.266,0.40888,1.83661,0.967228,B,0.0,-0.008035
9364.031,0.23747,154.101,2.4778,20,0.6676,13.353,1.99193,6.55556,5001.715,4362.316,12393.283,0.043967,0.459339,81.243,99.845,0.53414,1.3235,0.901106,B,0.0,-0.015831
10771.866,0.37995,171.852,3.4852,23,0.8654,19.904,1.95961,10.40498,4659.373,6112.493,16238.643,0.023553,0.651622,81.68,102.02,0.43255,1.50751,0.973187,B,0.0,-0.006639
7193.671,0.7166,207.463,2.2086,15,0.6484,9.726,1.90503,4.31495,1387.006,5806.664,3063.28,0.751739,0.708203,92.527,103.977,0.19281,0.42583,0.797735,B,0.001,0.02127
9529.131,0.26849,140.654,1.7876,28,0.6977,19.535,2.01939,8.8041,5408.877,4120.254,9668.791,0.021401,0.592852,80.358,99.973,0.56761,1.01466,0.954755,B,-0.0,0.020181
12362.54,0.25745,216.4,2.8581,19,0.7485,14.221,1.89302,6.72316,6697.757,5664.783,19142.894,0.048381,0.504644,83.522,102.991,0.54178,1.54846,0.898188,B,0.0,-0.007011
9363.011,0.38699,131.072,3.5563,25,0.625,15.625,2.04088,8.70014,4256.989,5106.022,15138.935,0.039737,0.676511,80.149,99.948,0.45466,1.61689,0.953315,B,0.0,-0.048394
11409.226,0.49844,194.577,3.7223,17,0.6545,11.126,1.92345,5.73654,4364.36,7044.866,16245.582,0.182373,0.694248,84.589,103.343,0.38253,1.4239,0.860037,B,0.0,-0.01095
9332.718,0.2373,187.333,1.1811,21,0.6361,13.358,1.93442,4.77279,5297.233,4035.484,6256.434,0.077089,0.447602,82.95,101.396,0.5676,0.67038,0.815609,B,0.001,0.004877
12043.789,0.43556,198.611,4.1974,28,0.8366,23.424,1.91753,12.31587,4452.059,7591.731,18687.294,0.01679,0.681139,82.538,103.429,0.36966,1.55161,0.985751,B,-0.001,0.018605
8748.679,0.68557,204.371,4.7169,26,0.8709,22.644,1.90933,12.08348,2411.65,6337.03,11375.584,0.034861,0.933213,82.965,105.335,0.27566,1.30026,0.985983,B,-0.001,-0.039446
10697.397,0.35454,169.99,1.3929,27,0.6786,18.323,1.96282,7.19285,5632.38,5065.017,7845.209,0.055451,0.687134,82.03,102.163,0.52652,0.73338,0.917651,B,0.0,-0.011362
8559.511,0.2909,130.068,3.1975,15,0.8539,12.808,2.04323,6.97167,4657.811,3901.7,14893.412,0.044578,0.584966,80.164,99.281,0.54417,1.73998,0.916613,B,0.0,-0.035991
8027.081,0.48268,153.206,1.7903,15,0.8324,12.486,1.99367,5.52747,2941.577,5085.504,5266.41,0.179038,0.658312,82.988,101.11,0.36646,0.65608,0.864072,B,0.0,0.009085
10675.035,0.5292,161.762,4.0726,22,0.7988,17.573,1.97748,9.61942,3548.974,7126.061,14453.406,0.056029,0.764859,81.716,102.263,0.33246,1.35394,0.964801,B,0.0,-0.048833
10894.295,0.631,155.106,2.1608,20,0.7659,15.319,1.98998,7.2063,2791.908,8102.387,6032.746,0.202976,0.778485,83.383,102.005,0.25627,0.55375,0.917564,B,0.0,0.023083
12074.481,0.37304,219.451,4.5156,26,0.6962,18.101,1.88905,9.42598,5936.781,6137.7,26807.862,0.029752,0.705084,83.369,104.433,0.49168,2.22021,0.960786,B,0.0,0.039217
8069.907,0.64821,177.18,1.4491,16,0.7239,11.582,1.95066,4.57878,2179.055,5890.853,3157.561,0.45543,0.719517,87.58,102.723,0.27002,0.39128,0.810282,B,-0.001,0.01852
8065.985,0.23667,174.007,3.9709,25,0.7993,19.983,1.95595,10.70948,4626.434,3439.551,18370.957,0.009156,0.542693,81.571,101.405,0.57357,2.27758,0.977809,B,-0.0,-0.003211
11671.985,0.48598,155.598,4.6665,29,0.7605,22.054,1.98904,12.48916,4458.977,7213.008,20807.79,0.016881,0.775973,80.947,102.015,0.38202,1.78271,0.98673,B,0.0,-0.020177
7098.239,0.74628,182.27,4.5926,24,0.7901,18.962,1.94239,10.33822,1378.323,5719.915,6330.079,0.094126,0.903433,82.995,104.174,0.19418,0.89178,0.975509,B,0.001,-0.022198
8870.643,0.68457,143.596,1.0865,17,0.642,10.914,2.01313,3.97646,2294.458,6576.185,2492.884,0.635751,0.701599,88.6,100.861,0.25866,0.28103,0.759787,B,0.0,0.027291
8948.287,0.74178,188.473,3.5095,17,0.7699,13.089,1.93266,6.71179,1699.173,7249.114,5963.187,0.36111,0.831004,86.739,103.977,0.18989,0.66641,0.907559,B,0.0,0.029238
7970.801,0.70043,156.051,1.1732,23,0.8581,19.737,1.98817,7.32229,1592.218,6378.582,1868.039,0.253849,0.811902,84.094,102.276,0.19976,0.23436,0.927604,B,0.001,0.021714
7714.178,0.724,181.28,4.4056,23,0.8879,20.421,1.94398,11.06353,2086.611,5627.566,9192.778,0.051885,0.973205,82.402,104.589,0.27049,1.19167,0.980615,B,0.001,0.025691
10997.959,0.57625,132.383,3.4874,26,0.8153,21.199,2.03783,11.72815,3093.61,7904.349,10788.575,0.034798,0.788159,80.147,100.766,0.28129,0.98096,0.983014,B,0.0,0.038629
9117.631,0.69398,147.682,4.5484,24,0.7325,17.581,2.00468,10.02338,2286.738,6830.893,10400.999,0.080682,0.899289,81.453,102.397,0.2508,1.14076,0.970842,B,0.0,0.008031
12989.068,0.72799,215.979,2.7095,25,0.6654,16.634,1.89357,7.75723,2873.941,10115.127,7787.076,0.237354,0.867389,86.003,105.369,0.22126,0.59951,0.927861,B,0.0,0.020328
10504.862,0.5806,198.782,1.7266,16,0.6764,10.822,1.91729,4.46054,3006.755,7498.106,5191.519,0.432198,0.640113,88.027,103.166,0.28623,0.4942,0.786935,B,0.001,-0.025746
8707.154,0.22922,197.722,1.6381,23,0.7863,18.085,1.91883,7.31862,5100.538,3606.616,8355.211,0.029032,0.512318,82.67,102.277,0.58579,0.95958,0.925806,B,0.0,0.040725
9168.916,0.44167,183.667,2.1309,19,0.6131,11.648,1.94017,5.25419,3622.328,5546.589,7718.654,0.173304,0.61693,84.09,102.347,0.39507,0.84183,0.844982,B,-0.001,0.014046
9968.73,0.66021,152.701,1.5184,16,0.7036,11.257,1.99465,4.68641,2471.468,7497.262,3752.647,0.515952,0.707763,87.414,101.409,0.24792,0.37644,0.806249,B,0.0,0.011731
12072.746,0.39261,150.736,1.9014,24,0.6403,15.367,1.99853,6.97301,5895.886,6176.86,11210.678,0.074387,0.696355,81.502,101.227,0.48836,0.92859,0.90747,B,0.0,0.01619
10681.754,0.50432,181.715,4.7534,16,0.6107,9.771,1.94328,5.3633,4557.069,6124.685,21661.393,0.184594,0.742212,84.17,103.084,0.42662,2.02789,0.843845,B,0.0,-0.000121
7604.22,0.37131,162.232,1.4817,20,0.8175,16.35,1.97662,6.65147,3340.858,4263.362,4950.238,0.076471,0.602351,82.004,101.215,0.43934,0.65099,0.909518,B,0.0,0.003812
11476.332,0.2495,200.355,0.9451,27,0.8776,23.696,1.91502,7.48048,6613.446,4862.886,6250.069,0.032977,0.543968,82.809,102.598,0.57627,0.54461,0.923833,B,0.0,-0.001146
8368.7,0.35875,200.643,2.9599,23,0.6948,15.979,1.91461,7.75782,4055.718,4312.982,12004.361,0.046599,0.652274,82.998,103.325,0.48463,1.43444,0.93705,B,0.0,0.032701
7790.849,0.24669,159.093,4.5427,29,0.7742,22.453,1.98242,12.59274,4424.054,3366.795,20097.354,0.004943,0.564349,80.933,100.802,0.56785,2.57961,0.988622,B,0.0,0.009049
11369.885,0.68176,207.314,3.8408,21,0.7817,16.415,1.90524,8.39523,2583.35,8786.535,9922.085,0.165423,0.833574,84.783,104.798,0.22721,0.87266,0.94487,B,0.0,-0.039836
9493.445,0.75713,170.053,2.9592,25,0.8452,21.129,1.96271,10.64914,1857.289,7636.155,5496.005,0.091699,0.918983,82.511,103.697,0.19564,0.57893,0.976305,B,0.001,-0.036162
9635.274,0.41672,192.174,2.4711,17,0.8037,13.664,1.92703,6.38086,4348.124,5287.15,10744.699,0.097886,0.678932,83.392,103.137,0.45127,1.11514,0.893999,B,0.0,-0.024408
12356.43,0.268,156.436,4.3286,28,0.8341,23.355,1.98744,13.03084,6807.073,5549.357,29464.954,0.005445,0.590069,80.831,100.832,0.55089,2.38458,0.988807,B,0.0,-0.044808
7287.281,0.35111,169.223,4.4637,29,0.8409,24.386,1.96415,13.44898,3507.573,3779.707,15656.914,0.006051,0.67132,81.348,102.021,0.48133,2.14853,0.991704,B,0.001,0.020004
9014.974,0.43415,153.066,2.9281,26,0.8856,23.026,1.99394,11.84529,3611.415,5403.559,10574.706,0.016649,0.713182,80.839,101.464,0.4006,1.17302,0.984638,B,0.0,0.003499
8341.648,0.64137,208.176,2.2107,17,0.6701,11.392,1.90405,5.05128,1926.356,6415.293,4258.631,0.450453,0.698693,88.573,103.943,0.23093,0.51053,0.837809,B,-0.001,0.029626
7318.341,0.48487,182.667,2.3211,14,0.6787,9.502,1.94176,4.40666,2642.767,4675.575,6134.243,0.264075,0.609669,85.253,102.253,0.36112,0.8382,0.803325,B,-0.001,0.00217
11444.861,0.73133,150.514,3.5637,17,0.6647,11.3,1.99897,6.11197,2248.191,9196.67,8011.85,0.457384,0.798297,86.548,101.887,0.19644,0.70004,0.877146,B,0.0,0.009532
11088.441,0.50092,207.631,2.2076,22,0.8745,19.238,1.9048,8.53181,4220.197,6868.244,9316.435,0.068611,0.766547,83.515,104.369,0.38059,0.84019,0.947869,B,0.0,0.038096
9214.322,0.73298,169.456,2.7807,20,0.6242,12.483,1.96375,6.19612,2075.64,7138.682,5771.807,0.363257,0.840478,86.072,103.149,0.22526,0.6264,0.888362,B,0.0,0.01781
8491.37,0.36919,178.666,3.537,14,0.8122,11.37,1.94822,5.91154,4095.257,4396.113,14484.855,0.092312,0.627116,82.841,102.183,0.48228,1.70583,0.879409,B,0.0,0.014726
9922.226,0.39797,179.083,3.1103,20,0.838,16.761,1.94754,8.45412,4546.307,5375.919,14140.453,0.04495,0.696508,82.231,102.661,0.45819,1.42513,0.948247,B,0.0,0.021191
7944.58,0.78075,148.218,1.0493,27,0.608,16.416,2.00359,5.84153,684.949,7259.631,718.745,0.95,0.764784,92.951,101.539,0.08622,0.09047,0.895095,B,0.0,-0.02035
11654.319,0.25654,176.267,1.4427,17,0.8178,13.903,1.95217,5.49295,6812.769,4841.55,9828.559,0.067362,0.522752,82.423,101.381,0.58457,0.84334,0.846506,B,0.0,-0.052695
7227.055,0.74392,155.483,3.137,28,0.6137,17.184,1.98926,8.96189,1689.074,5537.98,5298.613,0.126731,0.932156,82.393,103.039,0.23372,0.73316,0.960185,B,0.001,0.031434
10894.954,0.6823,203.327,1.419,24,0.7417,17.802,1.9108,6.76183,2515.713,8379.242,3569.82,0.284595,0.801704,86.228,104.423,0.23091,0.32766,0.903686,B,-0.001,-0.004055
10127.796,0.73107,167.044,3.9677,21,0.7336,15.405,1.96797,8.3297,1761.502,8366.294,6989.035,0.228619,0.83686,84.202,103.006,0.17393,0.69008,0.94561,B,0.0,-0.001801
8526.22,0.39975,162.462,3.7657,19,0.6248,11.871,1.9762,6.3896,4055.602,4470.618,15272.2,0.085825,0.684538,82.137,101.769,0.47566,1.7912,0.897877,B,-0.0,-0.023501
7742.996,0.27154,168.605,4.6614,16,0.6444,10.31,1.96523,5.73522,4014.242,3728.755,18712.007,0.065602,0.493241,82.111,100.815,0.51844,2.41664,0.874749,B,-0.001,0.015985
9604.618,0.77388,133.401,2.2386,21,0.6136,12.886,2.03549,6.3307,1975.658,7628.96,4422.672,0.405487,0.869288,85.089,101.364,0.2057,0.46047,0.892222,B,0.0,-0.045238
10934.717,0.4875,219.215,1.9,20,0.7073,14.145,1.88935,5.89649,3824.659,7110.058,7267.028,0.181937,0.651877,85.37,104.073,0.34977,0.66458,0.869465,B,0.0,-0.055726
9520.085,0.77287,204.135,3.8837,23,0.8628,19.844,1.90966,10.209,1282.287,8237.798,4980.071,0.158731,0.868462,84.592,104.898,0.13469,0.52311,0.972337,B,-0.0,0.034869
11484.738,0.4336,216.209,3.3074,17,0.8592,14.607,1.89327,7.15913,4575.391,6909.347,15132.506,0.09279,0.65929,84.102,104.004,0.39839,1.31762,0.914746,B,0.0,-0.031518
7409.734,0.24686,138.628,1.3565,24,0.613,14.713,2.02379,5.97053,3897.837,3511.897,5287.288,0.05355,0.461417,80.689,98.987,0.52604,0.71356,0.885889,B,0.0,-0.011214
9665.787,0.5619,176.222,3.6721,29,0.6682,19.377,1.95225,10.18831,3070.806,6594.981,11276.249,0.049501,0.800484,82.186,103.212,0.3177,1.16661,0.972012,B,0.0,0.020977
11188.638,0.32005,202.139,4.3068,25,0.6634,16.585,1.91248,8.7272,6140.772,5047.866,26447.205,0.028472,0.674747,82.808,103.536,0.54884,2.36376,0.951174,B,0.0,0.051092
7660.543,0.78463,215.433,3.7196,19,0.6125,11.637,1.89429,5.85926,1581.538,6079.005,5882.656,0.454586,0.870495,88.854,105.368,0.20645,0.76792,0.880389,B,0.0,0.003363
8828.852,0.71336,148.618,3.0679,20,0.8649,17.299,2.00278,9.06107,2305.398,6523.454,7072.827,0.110567,0.926394,81.888,102.628,0.26112,0.8011,0.959528,B,0.0,-0.039723
10777.466,0.73866,197.337,1.6092,25,0.6115,15.287,1.91939,6.14732,2904.29,7873.176,4673.591,0.326229,0.8908,86.58,104.759,0.26948,0.43364,0.880985,B,0.0,-0.005768
10774.293,0.74953,159.724,4.6925,16,0.7539,12.062,1.98125,6.79853,1965.246,8809.047,9221.904,0.389349,0.829889,86.033,102.587,0.1824,0.85592,0.905251,B,-0.0,-0.041938
10941.012,0.20971,172.777,3.1112,16,0.7335,11.736,1.95804,5.96781,6294.076,4646.936,19582.141,0.04642,0.430875,82.017,100.608,0.57527,1.78979,0.87266,B,0.0,0.02007
8878.381,0.32768,193.58,2.8922,20,0.8475,16.949,1.92493,8.24801,4285.934,4592.446,12395.981,0.036573,0.599367,82.63,102.673,0.48274,1.3962,0.946122,B,0.001,-0.04216
10176.81,0.49021,173.4,4.3448,23,0.7542,17.346,1.95698,9.46739,3785.896,6390.914,16449.145,0.0482,0.752045,82.064,102.757,0.37201,1.61634,0.963422,B,0.0,0.038924
8294.499,0.35594,186.244,1.1997,25,0.7135,17.837,1.93612,6.42724,3829.523,4464.976,4594.258,0.077136,0.595069,82.912,102.32,0.46169,0.55389,0.899947,B,0.0,-0.018915
8305.49,0.60351,200.557,1.5734,19,0.7707,14.644,1.91473,5.81586,2223.083,6082.407,3497.747,0.279515,0.721923,86.07,103.781,0.26766,0.42114,0.876031,B,0.0,0.031716
8012.063,0.70637,197.571,3.6116,26,0.8623,22.42,1.91905,11.44485,1883.776,6128.287,6803.488,0.051451,0.907687,82.961,104.88,0.23512,0.84916,0.982875,B,0.0,-0.00766
12885.442,0.63389,164.306,4.5785,16,0.7977,12.764,1.97286,7.11801,2738.882,10146.561,12540.084,0.268307,0.732567,84.619,102.18,0.21256,0.9732,0.910031,B,-0.001,0.055865
7074.56,0.24419,206.182,1.5222,25,0.7213,18.034,1.9068,7.02468,4201.229,2873.331,6395.248,0.032091,0.554311,82.987,102.909,0.59385,0.90398,0.921957,B,0.0,-0.003813
11882.589,0.42753,205.613,1.8163,22,0.8916,19.614,1.9076,8.16984,4938.311,6944.278,8969.667,0.062276,0.687279,83.367,103.763,0.41559,0.75486,0.939463,B,0.0,-0.03142
8826.376,0.37175,156.857,3.1447,24,0.6239,14.975,1.98664,7.79919,3932.723,4893.653,12367.185,0.052514,0.628298,81.47,101.107,0.44556,1.40116,0.937059,B,0.0,0.00987
8988.055,0.63171,212.763,3.4524,19,0.6724,12.775,1.89784,6.34686,2486.966,6501.089,8586.058,0.240094,0.781519,85.94,104.675,0.2767,0.95527,0.894836,B,0.0,0.014035
11620.388,0.65862,153.905,1.6199,21,0.7035,14.773,1.99231,6.2961,3062.614,8557.774,4961.281,0.289301,0.790788,84.473,102.022,0.26356,0.42695,0.884232,B,0.0,0.017666
9208.567,0.78812,200.683,2.9464,24,0.7135,17.124,1.91455,8.30377,1839.027,7369.54,5418.51,0.210651,0.932229,85.165,105.174,0.19971,0.58842,0.946622,B,0.0,-0.035957
9224.313,0.77903,178.885,3.2105,18,0.7263,13.073,1.94786,6.64612,1237.156,7987.156,3971.856,0.554122,0.813862,88.945,103.426,0.13412,0.43059,0.904601,B,0.001,0.038443
9633.1,0.21333,185.332,1.6569,27,0.6449,17.411,1.93754,7.18168,5442.059,4191.041,9016.966,0.030242,0.451071,82.261,101.328,0.56493,0.93604,0.919914,B,0.0,-0.00658
8272.032,0.58524,193.83,2.5574,20,0.7434,14.868,1.92456,6.99758,2320.856,5951.175,5935.393,0.170814,0.746856,84.411,103.658,0.28057,0.71753,0.918111,B,0.001,0.018555
9532.595,0.38195,206.911,4.3985,25,0.6008,15.021,1.90579,7.8925,4041.856,5490.739,17778.235,0.056081,0.621826,83.327,103.384,0.424,1.86499,0.937744,B,0.0,0.019065
11690.225,0.59659,166.031,1.6751,19,0.8286,15.743,1.96977,6.683,3767.663,7922.562,6311.054,0.187531,0.791126,83.62,102.653,0.32229,0.53986,0.898692,B,0.0,-0.027062
7121.5,0.70577,163.723,1.8861,20,0.8672,17.345,1.97391,7.70783,1764.467,5357.033,3327.895,0.175302,0.880498,83.368,103.127,0.24777,0.4673,0.938459,B,0.0,-0.030381
8414.685,0.2506,184.629,3.4204,19,0.6215,11.809,1.93865,6.04871,4746.622,3668.063,16235.347,0.050938,0.508962,82.509,101.678,0.56409,1.92941,0.885339,B,-0.0,0.031949
7657.521,0.26016,214.95,3.9959,25,0.6338,15.844,1.89493,8.10025,4269.234,3388.287,17059.455,0.025473,0.555868,83.175,103.272,0.55752,2.2278,0.945413,B,-0.0,-0.009852
7533.698,0.42137,189.206,1.9401,15,0.7447,11.171,1.93154,4.85285,3178.478,4355.219,6166.634,0.169207,0.605397,84.231,102.521,0.4219,0.81854,0.830579,B,0.001,0.017082
12119.534,0.7853,207.098,4.617,28,0.6393,17.901,1.90554,9.48719,2147.346,9972.188,9914.348,0.170337,0.917721,84.841,105.345,0.17718,0.81805,0.961568,B,0.0,0.011231
10559.085,0.46018,184.834,1.9154,14,0.683,9.561,1.93832,4.15744,4612.732,5946.353,8835.077,0.249962,0.623248,85.144,102.442,0.43685,0.83673,0.76271,B,0.0,0.019405
12890.393,0.6799,154.89,4.5403,14,0.698,9.772,1.9904,5.51236,3473.163,9417.23,15769.33,0.398295,0.783758,85.953,102.028,0.26944,1.22334,0.842159,B,0.0,0.005393
11609.318,0.45673,136.292,2.8253,29,0.7947,23.045,2.02896,12.04266,4819.271,6790.047,13615.841,0.017039,0.768797,80.099,100.876,0.41512,1.17284,0.984513,B,0.0,0.040488
7896.365,0.20829,160.071,3.7708,18,0.7885,14.194,1.9806,7.6668,4452.327,3444.038,16788.938,0.023649,0.446979,81.22,100.078,0.56385,2.12616,0.935981,B,0.0,0.028123
8174.025,0.38083,153.373,1.6084,19,0.8538,16.223,1.99334,6.90057,3998.06,4175.964,6430.562,0.065757,0.682474,81.5,101.278,0.48912,0.78671,0.915545,B,0.001,0.026654
11067.481,0.26069,160.088,3.9664,20,0.6367,12.735,1.98057,6.95044,5566.844,5500.636,22080.455,0.046964,0.476986,81.529,100.277,0.50299,1.99508,0.909385,B,0.001,0.013997
9454.431,0.42425,172.299,4.0179,16,0.6975,11.16,1.95885,6.00819,4165.398,5289.033,16736.211,0.115657,0.667289,82.912,102.145,0.44058,1.7702,0.879893,B,0.0,-0.028626
8421.063,0.70645,143.302,1.354,28,0.7452,20.866,2.01375,8.40138,1833.064,6587.999,2482.001,0.163366,0.857562,82.351,101.874,0.21768,0.29474,0.949663,B,0.0,-0.017976
9305.889,0.53956,190.063,2.5765,22,0.8722,19.189,1.93023,9.09096,3612.731,5693.158,9308.181,0.05649,0.846103,82.773,104.147,0.38822,1.00025,0.959355,B,-0.0,0.004231
8424.721,0.4006,171.977,1.223,19,0.8347,15.859,1.9594,5.86878,3546.182,4878.539,4336.933,0.116255,0.607295,82.908,101.733,0.42093,0.51479,0.877847,B,0.0,-0.030498
12487.774,0.40219,158.448,3.4343,14,0.7904,11.066,1.98363,5.86994,5470.102,7017.672,18786.033,0.126455,0.617124,82.511,101.117,0.43804,1.50435,0.862275,B,0.0,-0.037739
9626.681,0.31342,205.129,2.3755,15,0.6547,9.82,1.90827,4.46571,5223.584,4403.097,12408.52,0.11966,0.543295,84.109,102.793,0.54262,1.28897,0.792839,B,0.0,-0.040287
7599.946,0.6983,152.75,1.8282,18,0.826,14.868,1.99456,6.63542,1831.58,5768.366,3348.513,0.263613,0.836317,84.085,102.26,0.241,0.4406,0.909021,B,0.0,0.031445
8179.257,0.75731,154.932,3.126,25,0.8467,21.168,1.99032,11.03875,1501.872,6677.385,4694.902,0.081853,0.909232,81.777,102.859,0.18362,0.574,0.980154,B,-0.0,0.008272
9768.491,0.23863,146.264,3.7464,14,0.826,11.564,2.00758,6.36138,5486.785,4281.706,20555.836,0.045526,0.486086,80.927,99.59,0.56168,2.1043,0.892842,B,0.0,-0.013709
11951.485,0.62335,135.434,1.457,21,0.7695,16.159,2.03088,6.78857,3099.789,8851.696,4516.303,0.2364,0.758859,82.954,100.759,0.25936,0.37789,0.901639,B,0.0,-0.02112
12060.71,0.48602,183.748,3.2874,24,0.8773,21.056,1.94004,10.69918,4414.658,7646.052,14512.562,0.033333,0.747391,82.246,103.212,0.36604,1.20329,0.974896,B,0.0,0.002029
10574.395,0.78996,164.439,4.006,24,0.6459,15.502,1.97262,8.42796,1852.026,8722.369,7419.272,0.240193,0.906698,84.253,103.336,0.17514,0.70163,0.946747,B,0.0,-0.049134
8912.404,0.38105,148.82,2.7537,17,0.6795,11.552,2.00237,5.88422,4108.607,4803.796,11313.771,0.101966,0.619741,81.783,100.615,0.461,1.26944,0.87664,B,0.001,0.023986
7773.089,0.20811,188.764,1.1283,24,0.6907,16.578,1.93222,5.78881,4787.979,2985.11,5402.503,0.04157,0.475225,82.531,101.642,0.61597,0.69503,0.876958,B,0.0,0.022365
7165.093,0.4902,158.009,4.3385,26,0.7939,20.64,1.98446,11.4959,2856.656,4308.437,12393.637,0.020124,0.801879,81.09,102.313,0.39869,1.72972,0.983632,B,0.0,-0.00391
11683.494,0.53766,182.217,3.8751,26,0.6748,17.546,1.94247,9.26008,4538.019,7145.475,17585.468,0.056892,0.842988,82.502,103.773,0.38841,1.50515,0.9589,B,0.0,0.020728
10527.437,0.74068,185.695,4.0021,25,0.8294,20.736,1.93697,10.96854,2012.44,8514.997,8054.083,0.084683,0.895714,82.993,104.279,0.19116,0.76506,0.978144,B,0.0,0.040558
9314.564,0.38391,172.327,4.0476,16,0.806,12.896,1.9588,6.95292,3743.807,5570.758,15153.545,0.082071,0.586758,82.47,101.615,0.40193,1.62687,0.914077,B,-0.001,0.009458
9181.791,0.5168,190.131,4.4187,28,0.6219,17.414,1.93013,9.33775,3340.54,5841.251,14760.815,0.052756,0.782186,82.726,103.728,0.36382,1.60762,0.96286,B,-0.0,-0.028694
10239.601,0.57,216.288,1.7785,26,0.7355,19.122,1.89317,7.81213,3030.45,7209.15,5389.743,0.125977,0.75665,84.543,104.65,0.29595,0.52636,0.93459,B,0.001,0.002223
9517.054,0.45178,187.05,2.8685,14,0.7769,10.876,1.93486,5.32286,3687.778,5829.275,10578.303,0.178334,0.624769,84.276,102.552,0.38749,1.11151,0.847042,B,0.001,0.008142
7013.913,0.31755,146.133,1.1051,17,0.6954,11.822,2.00785,4.32623,3967.257,3046.656,4384.287,0.112442,0.584644,81.805,100.234,0.56563,0.62508,0.799719,B,-0.0,-0.027389
10325.462,0.50336,151.175,2.6609,19,0.7756,14.736,1.99766,7.41163,3708.272,6617.19,9867.267,0.105741,0.726182,81.934,101.447,0.35914,0.95562,0.924555,B,0.0,0.023894
10007.986,0.767,158.965,1.1883,19,0.8536,16.218,1.98266,6.02778,1890.369,8117.617,2246.375,0.492562,0.830914,87.365,102.555,0.18889,0.22446,0.878699,B,0.0,-0.040285
8066.424,0.24782,161.879,2.8486,29,0.6376,18.491,1.97727,9.3303,4946.867,3119.556,14091.74,0.014531,0.617754,81.172,101.299,0.61327,1.74696,0.964041,B,0.001,0.020074
9291.202,0.29344,140.762,4.2688,29,0.6749,19.573,2.01916,11.14341,5463.43,3827.772,23322.547,0.009885,0.698157,80.211,100.675,0.58802,2.51018,0.980192,B,-0.0,0.018493
12704.395,0.24266,143.791,3.0194,21,0.6577,13.813,2.01272,7.25796,7465.591,5238.804,22541.694,0.0352,0.538312,80.681,99.795,0.58764,1.77432,0.914759,B,0.0,-0.051371
10525.033,0.32367,163.43,0.942,14,0.8493,11.891,1.97444,3.92372,5469.412,5055.621,5152.275,0.160234,0.500482,83.158,100.604,0.51966,0.48953,0.742741,B,0.0,0.004359
10602.649,0.45901,152.123,3.3587,17,0.852,14.484,1.99579,7.71285,4218.575,6384.073,14168.876,0.078972,0.710131,81.621,101.393,0.39788,1.33635,0.931545,B,0.001,0.044469
8901.649,0.49917,137.792,1.8419,14,0.8908,12.471,2.02563,5.70568,3531.836,5369.813,6505.362,0.165154,0.718864,82.124,100.636,0.39676,0.7308,0.868729,B,0.0,-0.025964
8897.74,0.61706,193.823,3.0404,20,0.7245,14.491,1.92457,7.139,2450.81,6446.93,7451.498,0.17805,0.783948,84.506,103.902,0.27544,0.83746,0.920522,B,0.0,0.014844
12215.033,0.48551,176.186,3.9299,19,0.8515,16.178,1.95231,8.62799,3624.66,8590.373,14244.601,0.08517,0.654432,82.655,102.246,0.29674,1.16615,0.947945,B,0.0,-0.006604
12428.873,0.65173,179.191,2.0221,24,0.8654,20.769,1.94736,9.2619,2780.76,9648.113,5623.047,0.122192,0.804348,83.254,103.377,0.22373,0.45242,0.958052,B,0.0,0.042379
10704.091,0.75757,215.99,4.7392,21,0.7333,15.399,1.89356,8.11877,1743.413,8960.678,8262.308,0.277058,0.851056,86.528,105.261,0.16287,0.77188,0.940434,B,0.0,0.032924
10792.391,0.21939,200.252,0.91,21,0.7065,14.837,1.91517,4.59345,5892.179,4900.212,5361.699,0.082422,0.384086,83.459,101.538,0.54596,0.4968,0.794891,B,0.0,-0.005342
10525.056,0.43814,176.983,2.7288,18,0.7827,14.088,1.95099,6.89062,5018.271,5506.785,13693.85,0.08369,0.761138,82.665,102.988,0.47679,1.30107,0.908926,B,0.0,0.045615
9284.688,0.39994,148.817,1.8431,19,0.7189,13.659,2.00238,6.14808,4025.243,5259.444,7418.818,0.104959,0.625694,81.823,100.654,0.43354,0.79904,0.886224,B,0.001,0.030085
7578.225,0.51201,182.677,3.2613,19,0.8544,16.233,1.94174,8.24402,2383.043,5195.183,7771.708,0.084302,0.708198,82.88,102.904,0.31446,1.02553,0.948224,B,-0.001,0.013481
9636.654,0.38657,219.654,1.9453,20,0.7438,14.876,1.88879,6.24836,3915.386,5721.268,7616.793,0.105646,0.578829,84.377,103.608,0.4063,0.7904,0.888963,B,0.0,-0.039368
9367.38,0.67525,163.619,1.2908,22,0.766,16.852,1.9741,6.45835,2551.639,6815.742,3293.764,0.253662,0.833086,84.398,102.808,0.2724,0.35162,0.897673,B,-0.001,-0.029747
10821.986,0.55231,209.114,3.8784,19,0.6598,12.537,1.90277,6.4119,3836.64,6985.345,14880.192,0.169235,0.762711,84.89,104.404,0.35452,1.375,0.89137,B,0.001,-0.002153
9755.269,0.25314,202.236,1.1237,17,0.8522,14.487,1.91234,4.9697,5978.107,3777.163,6717.587,0.072015,0.539799,83.386,102.649,0.61281,0.68861,0.825663,B,-0.001,0.026609
7281.582,0.68468,215.795,4.1831,16,0.7842,12.547,1.89381,6.46667,1588.608,5692.975,6645.23,0.299776,0.792085,86.822,104.864,0.21817,0.91261,0.904479,B,-0.001,0.006909
7815.267,0.35813,188.259,4.588,19,0.7314,13.896,1.93299,7.51951,3812.659,4002.609,17492.666,0.049355,0.652259,82.616,102.788,0.48785,2.23827,0.932769,B,-0.001,-0.029958
12719.95,0.3012,134.081,3.3787,21,0.8053,16.911,2.03394,9.26455,6656.431,6063.519,22490.071,0.024318,0.605161,80.09,99.662,0.52331,1.76809,0.95775,B,0.0,-0.027371
10087.284,0.22856,138.659,3.7669,27,0.7627,20.593,2.02373,11.47121,5395.733,4691.551,20324.965,0.00773,0.482531,80.086,99.128,0.5349,2.01491,0.981908,B,0.0,0.021819
12625.453,0.43777,173.983,1.4798,26,0.6527,16.971,1.95599,6.79434,5797.24,6828.213,8578.915,0.095375,0.728463,82.708,102.63,0.45917,0.67949,0.899962,B,0.0,0.032268
7802.143,0.7319,173.561,3.8352,21,0.6155,12.925,1.95671,6.88157,1600.665,6201.478,6138.899,0.299725,0.843452,85.39,103.368,0.20516,0.78682,0.915985,B,0.0,-0.019877
8804.572,0.37958,207.93,2.6332,15,0.8069,12.103,1.90439,5.6506,3962.774,4841.797,10434.78,0.112523,0.598149,84.104,103.269,0.45008,1.18515,0.866577,B,0.001,0.020187
10868.805,0.24096,191.599,3.176,18,0.6667,12.0,1.9279,5.991,6241.085,4627.719,19821.548,0.052892,0.494589,82.778,101.895,0.57422,1.82371,0.873955,B,0.001,0.024872
9672.152,0.27666,155.498,3.5951,16,0.7864,12.582,1.98923,6.7699,5164.084,4508.068,18565.395,0.047989,0.538615,81.354,100.443,0.53391,1.91947,0.907389,B,0.0,-0.034701
10523.678,0.50407,190.033,3.0975,22,0.6524,14.353,1.93028,7.1358,3940.941,6582.737,12206.982,0.112503,0.738489,83.511,103.436,0.37448,1.15995,0.916419,B,0.0,0.02382
12246.008,0.73563,146.728,2.0155,25,0.6549,16.371,2.00663,7.62076,2220.564,10025.444,4475.511,0.300696,0.831959,84.316,101.899,0.18133,0.36547,0.925879,B,0.0,0.057788
12657.902,0.68001,188.368,3.0083,22,0.6871,15.116,1.93283,7.4759,2516.864,10141.037,7571.482,0.26976,0.781831,85.529,103.648,0.19884,0.59816,0.921122,B,0.001,-0.026392
11345.059,0.4802,188.079,1.2794,22,0.7935,17.458,1.93327,6.45956,4257.395,7087.665,5446.785,0.1388,0.685266,83.79,102.998,0.37526,0.4801,0.891531,B,-0.001,0.035062
9770.012,0.68132,130.808,2.6032,25,0.8001,20.002,2.0415,10.31334,2205.495,7564.517,5741.36,0.08111,0.856314,80.682,101.118,0.22574,0.58765,0.973126,B,0.0,0.015066
10794.291,0.31502,184.932,2.9827,24,0.8029,19.269,1.93817,9.54941,5829.544,4964.746,17388.065,0.021115,0.660126,82.126,102.69,0.54006,1.61086,0.963802,B,0.001,-0.031189
9690.797,0.35276,191.834,3.9613,28,0.6674,18.688,1.92755,9.79185,4813.309,4877.488,19066.962,0.022854,0.67832,82.39,103.118,0.49669,1.96753,0.967822,B,0.0,0.024526
12007.688,0.23241,212.199,4.0397,17,0.7976,13.559,1.89859,6.96802,7032.976,4974.712,28411.465,0.036712,0.509073,83.238,102.854,0.58571,2.36611,0.907479,B,0.0,0.020591
12647.013,0.37742,216.281,1.8797,27,0.8896,24.018,1.89318,10.00635,6188.208,6458.805,11632.133,0.025086,0.71499,83.211,104.375,0.4893,0.91975,0.967477,B,0.0,0.017274
9667.028,0.65368,187.789,3.0553,25,0.6407,16.018,1.93372,7.95841,2575.569,7091.459,7869.264,0.149873,0.836662,83.927,103.984,0.26643,0.81403,0.938915,B,0.0,-0.01966
11315.437,0.29302,216.746,1.7131,24,0.7011,16.826,1.89257,6.77775,6202.427,5113.01,10625.569,0.05183,0.585608,83.578,103.539,0.54814,0.93903,0.903045,B,0.0,-0.042002
10501.599,0.32925,185.629,2.2428,17,0.8492,14.437,1.93708,6.60165,5457.383,5044.216,12239.716,0.063799,0.616449,82.715,102.433,0.51967,1.16551,0.899303,B,0.0,-0.026016
11800.987,0.53236,159.108,2.9253,22,0.8658,19.048,1.98239,9.71383,4173.376,7627.61,12208.272,0.052961,0.794661,81.568,102.323,0.35365,1.03451,0.964818,B,0.001,-0.016917
8029.944,0.64443,185.477,2.2999,18,0.8547,15.385,1.93731,7.09095,2164.762,5865.182,4978.654,0.188008,0.812893,84.349,103.723,0.26959,0.62001,0.92135,B,0.0,-0.021154
12054.889,0.23868,138.724,2.5056,25,0.8625,21.562,2.02358,10.86287,6976.793,5078.096,17481.343,0.009775,0.553175,80.116,99.598,0.57875,1.45015,0.976298,B,0.0,-0.013
9264.342,0.41641,134.128,3.1383,17,0.86,14.621,2.03384,7.87141,3747.947,5516.395,11762.101,0.064028,0.655825,80.617,100.0,0.40456,1.26961,0.937794,B,0.0,0.001351
12236.179,0.47235,157.838,2.4782,21,0.655,13.755,1.98478,6.71812,5013.085,7223.094,12423.526,0.117174,0.71886,82.364,101.756,0.40969,1.01531,0.898369,B,0.0,-0.037424
9380.214,0.38838,172.423,4.2236,21,0.7698,16.165,1.95864,8.7865,4354.421,5025.793,18391.379,0.037915,0.692029,81.891,102.314,0.46421,1.96066,0.954682,B,0.0,-0.004863
9735.698,0.41568,209.177,3.7858,17,0.6839,11.626,1.90268,5.91581,3698.437,6037.261,14001.602,0.136909,0.586461,84.466,103.243,0.37988,1.43817,0.874881,B,0.0,-0.03249
7845.522,0.70426,141.901,2.3675,18,0.6355,11.44,2.01672,5.64165,1874.662,5970.86,4438.251,0.382704,0.805213,85.183,101.447,0.23895,0.5657,0.870153,B,0.0,0.032584
10346.364,0.48395,193.735,3.305,14,0.6336,8.871,1.9247,4.45915,3340.902,7005.462,11041.835,0.317986,0.563097,86.35,102.441,0.32291,1.06722,0.78783,B,-0.0,0.008159
8948.267,0.50938,175.146,1.088,17,0.7082,12.04,1.95404,4.2027,3504.384,5443.883,3812.853,0.289351,0.651024,85.312,102.174,0.39163,0.4261,0.777539,B,0.0,-0.027257
7767.84,0.28724,193.645,3.4761,20,0.6562,13.125,1.92483,6.67449,3822.698,3945.142,13288.208,0.052667,0.514542,82.845,102.116,0.49212,1.71067,0.909769,B,0.0,-0.036929
9342.247,0.54506,201.064,1.6793,26,0.6834,17.768,1.91401,7.22961,2794.413,6547.833,4692.714,0.142242,0.716971,84.275,103.769,0.29912,0.50231,0.921941,B,0.001,-0.004118
7244.582,0.52701,180.212,4.7174,21,0.8336,17.506,1.9457,9.61439,2410.097,4834.485,11369.447,0.050224,0.764698,82.342,103.163,0.33268,1.56937,0.968296,B,0.0,0.001438
7000.389,0.41466,168.41,1.0455,23,0.6748,15.521,1.96557,5.36111,3057.732,3942.657,3196.85,0.132298,0.633639,82.984,101.732,0.43679,0.45667,0.860639,B,0.0,0.028236
9425.524,0.25288,167.095,2.8858,20,0.7207,14.415,1.96788,7.24701,4891.838,4533.686,14116.665,0.0379,0.484848,81.687,100.685,0.519,1.49771,0.922217,B,0.0,-0.022741
9942.492,0.38737,205.974,1.0453,25,0.7922,19.804,1.90709,6.53405,4859.349,5083.143,5079.341,0.08037,0.680847,83.617,103.735,0.48875,0.51087,0.898596,B,0.0,0.034585
8519.57,0.48268,210.821,1.7486,23,0.7318,16.832,1.90045,6.87553,3305.151,5214.419,5779.364,0.107166,0.720702,84.125,104.195,0.38795,0.67836,0.913867,B,0.0,-0.015967
11001.785,0.25588,141.682,1.3324,23,0.8381,19.277,2.01719,7.72722,5921.669,5080.116,7890.014,0.032761,0.515967,80.554,99.526,0.53825,0.71716,0.931087,B,0.0,-0.035264
7120.666,0.38351,162.063,3.0019,25,0.8495,21.238,1.97693,10.85787,3499.976,3620.69,10506.566,0.015943,0.738816,81.198,102.107,0.49152,1.4755,0.979567,B,0.0,0.022797
8016.62,0.41657,176.238,1.118,26,0.6726,17.487,1.95222,6.17488,3158.324,4858.296,3531.084,0.114545,0.612907,83.045,101.975,0.39397,0.44047,0.891668,B,-0.0,0.029544
9237.157,0.46634,135.739,4.7386,26,0.6739,17.521,2.0302,10.24517,4088.69,5148.468,19374.724,0.02853,0.814023,80.224,101.141,0.44264,2.09748,0.97292,B,-0.001,0.034103
9657.109,0.37491,212.381,2.6379,16,0.658,10.529,1.89835,4.89357,4201.636,5455.473,11083.318,0.153826,0.545185,84.789,103.099,0.43508,1.14768,0.821486,B,0.0,-0.016172
10376.751,0.58333,146.118,4.6995,28,0.7803,21.848,2.00788,12.55772,2610.909,7765.842,12269.931,0.028923,0.76972,80.701,101.454,0.25161,1.18244,0.987524,B,0.0,0.030936
10182.816,0.71142,153.906,2.4568,23,0.69,15.87,1.9923,7.77443,1899.099,8283.717,4665.777,0.252398,0.816656,83.986,102.193,0.1865,0.4582,0.933833,B,0.0,-0.017021
9525.648,0.62719,144.049,3.4545,20,0.8642,17.284,2.01218,9.37203,2304.542,7221.105,7961.086,0.096141,0.796668,81.497,101.515,0.24193,0.83575,0.962915,B,0.001,0.006919
12337.689,0.34016,214.863,2.6046,18,0.742,13.356,1.89505,6.16903,6583.918,5753.771,17148.566,0.078734,0.639309,83.875,103.819,0.53364,1.38993,0.876483,B,0.0,-0.027494
8765.177,0.33118,183.31,2.0351,19,0.8383,15.928,1.94073,7.08154,4192.597,4572.58,8532.399,0.055915,0.58357,82.528,102.111,0.47832,0.97344,0.919241,B,0.0,0.001747
7087.901,0.26386,199.43,3.0709,24,0.7896,18.952,1.91635,9.29857,4058.772,3029.129,12464.264,0.016232,0.595655,82.558,102.9,0.57263,1.75853,0.964772,B,0.0,0.015736
10186.405,0.38206,213.374,1.5808,26,0.8744,22.734,1.89702,8.91587,4888.589,5297.816,7727.819,0.035331,0.702004,83.256,104.174,0.47991,0.75864,0.95562,B,0.0,0.011133
8169.711,0.33731,150.989,1.0043,18,0.6526,11.747,1.99803,4.07404,4202.028,3967.683,4220.039,0.148932,0.536819,82.497,100.187,0.51434,0.51655,0.772905,B,0.0,-0.018837
7879.059,0.21006,193.538,1.4359,20,0.655,13.099,1.92499,5.05721,4122.524,3756.535,5919.62,0.064032,0.370323,82.991,101.16,0.52323,0.75131,0.840509,B,0.0,-0.029634
9184.05,0.42009,159.661,3.7827,23,0.8408,19.338,1.98136,10.45817,3743.893,5440.156,14162.104,0.02586,0.691405,81.233,101.67,0.40765,1.54203,0.974906,B,0.001,-0.040568
12911.636,0.75937,149.596,1.7094,17,0.6798,11.557,2.00081,5.05717,2750.438,10161.197,4701.718,0.660236,0.786209,89.186,101.757,0.21302,0.36415,0.81479,B,0.001,-0.053686
9358.347,0.20431,186.05,2.2398,19,0.7207,13.693,1.93642,6.25582,5318.289,4040.058,11911.912,0.03948,0.421297,82.408,101.164,0.56829,1.27286,0.890187,B,0.0,-0.026489
11548.645,0.51535,198.991,3.7326,26,0.8142,21.169,1.91698,10.86518,4126.25,7422.396,15401.698,0.033671,0.783121,82.773,104.119,0.35729,1.33364,0.976656,B,-0.001,0.025059
12072.035,0.78807,168.172,3.2509,23,0.7444,17.121,1.96599,8.85125,1331.372,10740.663,4328.108,0.342623,0.843281,85.751,103.104,0.11029,0.35852,0.952052,B,0.0,0.052918
10254.637,0.35114,176.242,4.7213,23,0.6736,15.493,1.95221,8.5527,4742.559,5512.078,22391.212,0.03834,0.620265,82.039,102.024,0.46248,2.18352,0.949503,B,0.0,0.034463
12492.62,0.56839,186.917,2.487,14,0.8548,11.968,1.93507,5.63476,3132.549,9360.071,7790.677,0.339013,0.64515,86.393,102.681,0.25075,0.62362,0.850439,B,0.0,0.055642
12363.092,0.32094,189.454,1.9037,20,0.7308,14.617,1.93116,6.30677,5618.728,6744.363,10696.2,0.083177,0.519011,83.104,101.962,0.45448,0.86517,0.882213,B,0.001,0.063223
9566.383,0.43397,202.632,1.1446,15,0.875,13.126,1.91178,4.53977,4333.166,5233.217,4959.914,0.193045,0.633463,84.997,103.284,0.45296,0.51847,0.79851,B,0.0,-0.02214
10334.898,0.51665,138.453,1.5936,29,0.8623,25.008,2.02418,10.83522,3521.596,6813.302,5611.854,0.034524,0.765851,80.43,100.986,0.34075,0.543,0.97723,B,0.0,-0.028679
9243.509,0.6947,188.705,2.0878,26,0.6188,16.088,1.93231,7.16523,2363.75,6879.758,4934.953,0.216236,0.859096,84.834,104.173,0.25572,0.53388,0.920404,B,0.001,-0.034721
12590.921,0.41809,171.479,3.2991,19,0.7107,13.503,1.96025,6.97436,5602.736,6988.185,18483.806,0.088168,0.682604,82.519,102.206,0.44498,1.46803,0.906161,B,0.0,-0.0069
7654.606,0.70615,143.439,1.0287,16,0.8745,13.992,2.01346,4.96544,1571.26,6083.346,1616.347,0.562502,0.743255,87.626,101.127,0.20527,0.21116,0.836487,B,0.0,-0.014197
11747.374,0.79796,136.48,4.316,29,0.7798,22.614,2.02854,12.98661,1551.193,10196.181,6694.933,0.067521,0.909082,80.774,101.813,0.13205,0.56991,0.988827,B,0.0,0.031839
12831.198,0.51158,149.09,4.4405,20,0.8296,16.592,2.00183,9.39903,4077.773,8753.425,18107.472,0.065085,0.719585,81.308,101.289,0.3178,1.41121,0.959568,B,0.0,-0.050911
12659.09,0.74502,180.97,2.3409,18,0.7861,14.149,1.94448,6.59282,2649.669,10009.421,6202.721,0.382455,0.840993,86.754,103.702,0.20931,0.48998,0.892551,B,0.0,0.043079
10582.097,0.32289,212.298,1.3113,18,0.7831,14.096,1.89846,5.12648,4635.139,5946.959,6078.17,0.124694,0.477372,84.402,102.649,0.43802,0.57438,0.830848,B,-0.001,-0.032434
12362.877,0.75382,152.936,0.9756,15,0.6468,9.702,1.99419,3.30696,1803.938,10558.939,1759.867,0.95,0.720308,93.153,101.504,0.14592,0.14235,0.816111,B,0.0,-0.045393
12795.278,0.68009,167.355,3.117,18,0.8041,14.473,1.96742,7.41545,3286.688,9508.589,10244.62,0.214121,0.841152,84.023,103.05,0.25687,0.80066,0.919127,B,0.001,0.023039
9081.628,0.52041,187.597,3.7178,20,0.6662,13.324,1.93402,6.92542,3514.297,5567.332,13065.483,0.115838,0.775788,83.471,103.573,0.38697,1.43867,0.913865,B,-0.001,0.011534
10076.949,0.23298,203.584,3.9794,24,0.6134,14.722,1.91043,7.61612,5702.263,4374.686,22691.549,0.028703,0.499239,82.858,102.438,0.56587,2.25183,0.930285,B,0.0,0.041659
7874.23,0.70227,185.772,1.6381,25,0.7364,18.41,1.93685,7.55687,1822.965,6051.265,2986.181,0.201672,0.853076,84.54,104.001,0.23151,0.37923,0.933517,B,-0.0,0.005563
8515.821,0.57207,134.724,2.1675,15,0.7399,11.098,2.03248,5.38647,2573.336,5942.485,5577.684,0.274559,0.7009,83.424,100.333,0.30218,0.65498,0.85497,B,0.0,0.025424
9564.125,0.506,159.333,4.6521,24,0.6913,16.591,1.98197,9.3418,3955.105,5609.021,18399.528,0.045913,0.83042,81.484,102.57,0.41354,1.92381,0.962477,B,-0.001,0.013295
11471.682,0.75286,214.616,3.0384,20,0.8591,17.183,1.89537,8.26623,2953.952,8517.73,8975.354,0.169126,0.955303,85.061,105.895,0.2575,0.78239,0.942154,B,0.0,-0.032598
10249.93,0.32025,163.235,1.4935,19,0.845,16.054,1.97479,6.54309,4928.658,5321.272,7360.707,0.067944,0.553936,81.932,100.947,0.48085,0.71812,0.897983,B,0.0,0.023217
12119.434,0.47922,195.947,1.8437,20,0.6135,12.27,1.92142,5.19515,5053.07,7066.365,9316.452,0.198406,0.680027,84.846,103.308,0.41694,0.76872,0.82738,B,-0.001,-0.003237
9676.511,0.29106,184.01,1.4095,23,0.7819,17.985,1.93962,6.96987,5012.048,4664.464,7064.695,0.04853,0.551661,82.456,101.932,0.51796,0.73009,0.913638,B,-0.001,0.007728
12901.423,0.46174,195.343,3.2565,18,0.6246,11.242,1.92231,5.62092,4949.075,7952.347,16116.726,0.182962,0.635237,84.622,102.986,0.38361,1.24922,0.847998,B,0.001,-0.014655
12922.888,0.28947,218.353,2.7392,14,0.8865,12.411,1.89047,5.7898,6772.98,6149.908,18552.829,0.079181,0.521063,83.988,103.176,0.52411,1.43566,0.856637,B,0.0,0.007548
9010.031,0.5334,140.204,2.1516,23,0.7597,17.472,2.02036,8.38907,3494.43,5515.601,7518.774,0.070818,0.826464,80.989,101.489,0.38784,0.83449,0.948508,B,0.0,0.036327
11010.951,0.55807,159.536,1.6317,22,0.828,18.217,1.98159,7.72436,3177.266,7833.685,5184.332,0.133446,0.730287,82.648,101.92,0.28856,0.47083,0.931,B,-0.0,0.049668
11996.629,0.25581,184.9,3.8839,26,0.7224,18.784,1.93822,9.8852,5907.114,6089.516,22942.363,0.017309,0.487163,82.075,101.547,0.4924,1.9124,0.966682,B,-0.001,0.024545
11889.079,0.4949,158.519,4.6064,26,0.7218,18.767,1.9835,10.56054,4971.225,6917.854,22899.463,0.031039,0.828237,81.255,102.514,0.41813,1.92609,0.973776,B,-0.0,-0.019299
10815.04,0.42744,135.792,3.6768,27,0.6694,18.075,2.03008,10.06174,4499.444,6315.596,16543.701,0.031104,0.709798,80.261,100.457,0.41604,1.52969,0.969726,B,0.0,0.032582
7124.95,0.37241,217.472,4.6397,27,0.7759,20.95,1.89162,10.98607,3592.863,3532.087,16669.674,0.01443,0.736542,83.106,104.564,0.50427,2.33962,0.980461,B,0.0,0.027193
10281.328,0.76448,208.297,4.0183,14,0.6164,8.629,1.90389,4.44917,1729.425,8551.903,6949.297,0.95,0.726965,95.171,104.135,0.16821,0.67591,0.79097,B,0.0,-0.018285
11975.003,0.51106,191.261,2.2014,14,0.8489,11.885,1.92841,5.36665,4390.633,7584.37,9665.38,0.225669,0.676277,85.047,103.079,0.36665,0.80713,0.838099,B,0.0,-0.019716
9135.932,0.76401,218.412,3.5411,25,0.858,21.451,1.89039,10.65147,1421.89,7714.042,5035.065,0.114955,0.883652,84.462,105.571,0.15564,0.55113,0.976583,B,0.0,-0.038599
8878.392,0.28653,187.302,1.1433,16,0.781,12.496,1.93447,4.39841,4782.981,4095.411,5468.35,0.110248,0.49241,83.386,101.69,0.53872,0.61592,0.792717,B,0.0,-0.00976
11254.719,0.38324,202.804,3.7441,27,0.8592,23.197,1.91153,11.86149,5366.361,5888.357,20091.925,0.013128,0.72054,82.627,103.866,0.47681,1.7852,0.983667,B,0.001,0.01217
9537.733,0.50739,174.515,1.7707,24,0.7749,18.596,1.9551,7.96802,3772.539,5765.195,6680.185,0.07779,0.788502,82.496,103.052,0.39554,0.7004,0.939358,B,-0.001,0.01675
12944.798,0.7728,144.988,4.7472,25,0.7134,17.835,2.01022,10.28648,2545.542,10399.256,12084.13,0.116835,0.933374,81.812,102.47,0.19665,0.93351,0.97027,B,0.0,-0.063675
11630.515,0.54738,163.778,4.6729,21,0.8115,17.041,1.97381,9.5448,3533.443,8097.072,16511.358,0.066926,0.757044,81.94,102.315,0.30381,1.41966,0.962855,B,0.0,-0.007681
10365.89,0.63359,214.788,2.5648,18,0.7757,13.963,1.89514,6.42243,2735.796,7630.094,7016.78,0.256356,0.768847,86.218,104.671,0.26392,0.67691,0.893215,B,0.0,0.011644
10797.935,0.67106,159.916,2.7943,14,0.6781,9.494,1.98089,4.77909,2400.9,8397.036,6708.727,0.58018,0.69704,88.56,101.72,0.22235,0.6213,0.807763,B,-0.001,0.038126
9644.322,0.59967,185.388,3.2429,29,0.6862,19.9,1.93745,10.05964,2763.485,6880.837,8961.807,0.061231,0.815922,82.672,103.739,0.28654,0.92923,0.970742,B,0.0,-0.026663
12500.373,0.20114,217.045,2.1815,29,0.7605,22.054,1.89217,9.64374,7387.39,5112.983,16115.718,0.012516,0.47367,83.068,102.812,0.59097,1.28922,0.963226,B,0.0,-0.002206
11171.912,0.24316,188.393,3.637,17,0.8184,13.913,1.93279,7.19088,6599.634,4572.278,24002.573,0.034393,0.5445,82.423,102.083,0.59073,2.14848,0.916445,B,0.0,-0.024461
11577.333,0.25722,201.106,3.0772,22,0.8813,19.389,1.91395,9.4995,6094.185,5483.148,18753.004,0.018413,0.52264,82.642,102.489,0.52639,1.6198,0.962319,B,0.0,-0.003105
10171.848,0.42831,170.941,2.6787,21,0.8256,17.337,1.96118,8.50293,4497.015,5674.833,12046.132,0.049659,0.728378,81.99,102.482,0.4421,1.18426,0.948742,B,0.0,-0.036562
7200.767,0.33848,193.313,3.1665,28,0.8834,24.736,1.92533,12.31531,3775.128,3425.639,11953.814,0.007942,0.702747,82.243,103.344,0.52427,1.66008,0.987699,B,0.0,-0.023983
7035.501,0.74952,173.714,2.906,25,0.8938,22.345,1.95645,11.15724,1044.431,5991.071,3035.095,0.092643,0.864034,82.662,103.512,0.14845,0.4314,0.981651,B,-0.001,0.000448
9827.419,0.33348,166.438,1.7703,25,0.7633,19.082,1.96905,8.26177,4057.425,5769.994,7182.848,0.044585,0.536633,81.749,100.994,0.41287,0.7309,0.944801,B,0.0,-0.021796
7221.619,0.77882,164.158,2.833,27,0.8157,22.023,1.97312,11.06263,1307.032,5914.587,3702.808,0.082118,0.932785,82.155,103.494,0.18099,0.51274,0.980917,B,-0.0,-0.027579
12618.422,0.36117,215.423,2.2033,28,0.6114,17.119,1.89431,7.5225,6195.183,6423.239,13649.901,0.057025,0.654521,83.606,103.942,0.49096,1.08174,0.922483,B,0.0,-0.02965
9611.481,0.23972,144.768,4.5147,29,0.7555,21.908,2.01068,12.52754,5547.469,4064.013,25044.948,0.005118,0.559969,80.328,99.993,0.57717,2.60573,0.987678,B,-0.001,-0.049017
10104.083,0.25999,209.744,3.1821,15,0.7394,11.091,1.90191,5.42488,5468.897,4635.186,17402.533,0.072162,0.4816,83.629,102.574,0.54126,1.72233,0.84977,B,0.0,0.008416
8085.208,0.32885,152.644,4.6073,21,0.8091,16.99,1.99477,9.63984,3893.472,4191.736,17938.401,0.022048,0.613828,80.892,100.786,0.48155,2.21867,0.967713,B,-0.0,-0.027545
11197.579,0.35668,191.642,1.1553,26,0.7863,20.443,1.92784,7.19285,5149.518,6048.062,5949.128,0.064809,0.605195,82.937,102.627,0.45988,0.53129,0.916441,B,-0.001,-0.039516
10021.791,0.25144,204.106,1.2817,14,0.7992,11.189,1.9097,4.06635,5512.231,4509.56,7065.04,0.110213,0.424061,83.951,101.963,0.55002,0.70497,0.758906,B,-0.0,0.031091
7951.632,0.33885,153.821,4.5437,19,0.6907,13.123,1.99247,7.41457,3770.069,4181.563,17130.118,0.050066,0.599225,81.311,100.753,0.47413,2.15429,0.929948,B,0.0,-0.03886
9519.606,0.5671,153.889,3.7232,16,0.731,11.696,1.99234,6.35516,2942.406,6577.2,10955.287,0.195553,0.733311,83.235,101.642,0.30909,1.15081,0.893416,B,0.0,0.039133
7416.757,0.64319,198.725,2.0633,16,0.8314,13.303,1.91737,5.83271,1942.643,5474.114,4008.274,0.294131,0.767069,86.203,104.001,0.26193,0.54043,0.880222,B,0.0,-0.030745
11773.9,0.55816,162.805,1.9161,19,0.6219,11.816,1.97557,5.28633,3999.194,7774.706,7663.033,0.272074,0.70532,84.609,101.924,0.33967,0.65085,0.834431,B,0.0,-0.01232
9327.754,0.52977,160.112,4.3336,24,0.6187,14.849,1.98052,8.24466,3260.615,6067.14,14130.109,0.08289,0.769932,82.004,102.212,0.34956,1.51485,0.945306,B,-0.001,0.006625
10870.803,0.28494,130.1,3.8472,24,0.6025,14.46,2.04316,8.20042,5603.103,5267.7,21556.222,0.032159,0.553819,80.002,99.077,0.51543,1.98295,0.941828,B,0.0,-0.015929
9109.927,0.41319,180.239,4.0314,19,0.7511,14.27,1.94566,7.61032,4405.487,4704.44,17760.144,0.057959,0.745847,82.445,103.04,0.48359,1.94954,0.932165,B,0.0,0.000655
8846.973,0.24048,130.971,3.795,18,0.7705,13.87,2.04112,7.83214,5023.905,3823.068,19065.902,0.026365,0.521842,79.968,98.921,0.56787,2.15508,0.937741,B,0.0,0.02736
7157.992,0.55541,150.46,3.931,17,0.8592,14.607,1.99908,8.06591,2660.181,4497.811,10457.099,0.081236,0.83585,81.58,102.132,0.37164,1.4609,0.945643,B,0.0,0.022549
10999.237,0.57828,193.014,4.6559,16,0.8137,13.019,1.92577,7.02334,3998.204,7001.032,18615.112,0.140247,0.828437,83.98,104.16,0.3635,1.6924,0.911843,B,0.001,-0.011291
10305.092,0.38844,135.473,2.8537,29,0.6115,17.734,2.03079,9.30302,5035.984,5269.108,14371.281,0.030914,0.730142,80.243,100.572,0.48869,1.39458,0.961107,B,0.0,0.030474
8664.112,0.67613,192.735,3.6113,24,0.7438,17.851,1.92619,9.16451,1950.668,6713.444,7044.521,0.11662,0.838698,83.658,104.216,0.22514,0.81307,0.961167,B,-0.0,0.027088
12990.018,0.34875,163.148,0.9852,22,0.7758,17.067,1.97495,5.76406,5907.64,7082.378,5820.255,0.111137,0.546946,82.498,100.896,0.45478,0.44806,0.855072,B,0.0,0.033073
10451.556,0.79597,213.05,2.2867,26,0.8303,21.588,1.89745,9.62047,1549.417,8902.138,3543.078,0.187678,0.901845,85.257,105.48,0.14825,0.339,0.965046,B,0.001,-0.015099
11711.056,0.6226,131.03,2.3309,15,0.7936,11.904,2.04098,5.94284,3229.307,8481.749,7527.3,0.296555,0.746738,83.537,100.409,0.27575,0.64275,0.868656,B,0.0,-0.007957
8350.051,0.64244,172.238,1.0385,18,0.7698,13.856,1.95895,4.74657,2394.142,5955.909,2486.425,0.40442,0.738122,86.722,102.609,0.28672,0.29777,0.819507,B,0.0,-0.019606
7878.407,0.2797,194.673,1.7667,29,0.7803,22.628,1.9233,9.45063,4159.445,3718.962,7348.562,0.018156,0.57223,82.424,102.542,0.52796,0.93275,0.96573,B,0.0,-0.030071
11402.458,0.40489,133.391,3.9643,23,0.6948,15.981,2.03552,9.07037,5092.782,6309.676,20189.335,0.039496,0.699809,80.258,100.245,0.44664,1.77061,0.956431,B,0.0,0.02865
8863.126,0.58976,180.295,4.158,15,0.73,10.949,1.94557,5.8745,2432.026,6431.1,10112.261,0.265631,0.712329,85.188,102.821,0.2744,1.14094,0.876409,B,0.0,0.036659
8394.089,0.21665,203.228,2.919,23,0.6226,14.32,1.91094,6.90727,5152.545,3241.543,15040.057,0.029947,0.513432,82.863,102.517,0.61383,1.79174,0.915154,B,0.001,-0.035789
12979.329,0.41645,201.594,2.5673,27,0.866,23.381,1.91325,10.9175,5462.924,7516.405,14025.005,0.023609,0.70197,82.726,103.693,0.42089,1.08056,0.976139,B,0.0,-0.023429
10211.452,0.79045,219.77,1.4751,27,0.8941,24.142,1.88864,9.14874,1624.296,8587.156,2396.059,0.203425,0.901485,85.671,105.742,0.15907,0.23464,0.959064,B,-0.0,0.027493
9591.649,0.25485,182.952,3.8543,14,0.8122,11.371,1.9413,5.98929,5817.27,3774.379,22421.482,0.051018,0.569017,82.451,101.998,0.60649,2.3376,0.878589,B,-0.0,-0.039549
7351.15,0.6514,196.827,3.7656,21,0.7243,15.21,1.92013,7.84051,1774.378,5576.772,6681.642,0.159741,0.807836,84.366,104.189,0.24137,0.90892,0.940809,B,0.0,-0.018991
10848.373,0.30049,175.447,4.6123,16,0.8151,13.042,1.95354,7.17754,5081.029,5767.344,23435.223,0.053352,0.518223,82.208,101.312,0.46837,2.16025,0.916842,B,0.0,-0.025766
10266.246,0.45146,162.203,2.3718,20,0.7271,14.543,1.97667,6.97068,3853.123,6413.123,9138.908,0.105708,0.659193,82.389,101.589,0.37532,0.89019,0.91212,B,0.0,0.007703
7750.08,0.2177,156.941,1.808,23,0.612,14.076,1.98648,6.22086,4418.365,3331.715,7988.527,0.040361,0.452874,81.313,99.953,0.57011,1.03077,0.894304,B,0.0,0.015687
10758.454,0.26592,201.254,2.7361,17,0.8232,13.994,1.91374,6.65162,6417.072,4341.382,17557.859,0.04445,0.593287,82.99,102.961,0.59647,1.63201,0.900298,B,0.0,-0.036265
10754.23,0.40858,193.155,3.1977,28,0.6917,19.367,1.92556,9.66666,4470.185,6284.045,14294.225,0.034111,0.674968,82.583,103.154,0.41567,1.32917,0.965298,B,0.0,-0.048473
11552.09,0.43217,136.495,1.0161,17,0.7158,12.169,2.02851,4.33776,5001.526,6550.564,5082.066,0.228886,0.587374,82.904,99.691,0.43295,0.43993,0.770696,B,0.0,0.056476
10669.806,0.36574,181.282,4.1157,29,0.7971,23.117,1.94397,12.36273,5280.897,5388.909,21734.731,0.009956,0.714392,81.849,102.881,0.49494,2.03703,0.986527,B,0.0,0.004758
8765.726,0.39209,206.602,1.8619,21,0.7361,15.457,1.90622,6.48743,3985.0,4780.726,7419.749,0.085753,0.647442,83.708,103.54,0.45461,0.84645,0.900573,B,0.0,-0.015001
11739.695,0.53468,175.742,1.9362,21,0.633,13.294,1.95305,5.86791,4075.233,7664.463,7890.269,0.207851,0.708455,84.258,102.582,0.34713,0.6721,0.865056,B,-0.001,0.011734
8005.908,0.20189,143.773,3.5926,27,0.8274,22.34,2.01276,12.22458,4615.895,3390.013,16583.157,0.004564,0.470582,80.276,99.347,0.57656,2.07137,0.986967,B,0.0,-0.033276
12807.123,0.6679,152.552,1.2339,16,0.8139,13.022,1.99494,4.96745,3200.314,9606.809,3948.857,0.509348,0.720712,87.32,101.486,0.24989,0.30833,0.809433,B,0.0,0.061388
11579.445,0.5888,133.388,4.116,19,0.6341,12.048,2.03552,6.88953,3404.662,8174.783,14013.561,0.188129,0.755668,82.219,100.613,0.29403,1.21021,0.906054,B,0.0,0.039639
8906.569,0.57368,150.868,1.2002,23,0.6452,14.839,1.99827,5.60358,3126.214,5780.355,3752.082,0.222391,0.763674,83.461,101.678,0.351,0.42127,0.863933,B,0.0,-0.028178
12786.226,0.62056,165.499,1.0599,28,0.721,20.188,1.97072,7.04685,3682.907,9103.319,3903.35,0.198179,0.791447,83.74,102.629,0.28804,0.30528,0.908014,B,0.0,-0.048932
12401.057,0.36973,208.78,1.8341,21,0.6094,12.797,1.90323,5.32983,5977.004,6424.052,10962.573,0.127327,0.595269,84.327,103.285,0.48198,0.884,0.834019,B,0.001,-0.030194
7362.695,0.31474,137.992,3.9881,22,0.7668,16.87,2.02519,9.51801,3552.729,3809.966,14168.481,0.021472,0.588209,80.236,99.786,0.48253,1.92436,0.967082,B,0.0,-0.005864
9403.33,0.6313,180.317,2.7577,26,0.6441,16.747,1.94553,8.17981,2563.093,6840.237,7068.325,0.129883,0.819182,83.397,103.528,0.27257,0.75168,0.943921,B,0.0,0.020995
7359.285,0.61346,194.893,2.1406,18,0.8191,14.744,1.92298,6.57105,2036.008,5323.277,4358.361,0.204727,0.769783,84.894,103.855,0.27666,0.59223,0.907672,B,0.0,0.033027
7095.11,0.53653,167.294,3.1858,24,0.879,21.097,1.96753,10.86695,2652.479,4442.631,8450.334,0.029208,0.839434,81.58,103.035,0.37385,1.19101,0.979649,B,-0.0,-0.029749
12287.091,0.41904,166.11,2.4678,27,0.6833,18.449,1.96963,8.89947,5129.702,7157.389,12659.018,0.047609,0.685252,81.776,101.958,0.41749,1.03027,0.952568,B,0.0,-0.052497
12797.032,0.25442,151.127,2.4114,18,0.8848,15.926,1.99776,7.79047,7075.203,5721.829,17061.361,0.032639,0.52866,80.967,100.141,0.55288,1.33323,0.929072,B,0.0,-0.008788
10797.55,0.67885,184.448,4.3787,29,0.6905,20.026,1.93893,10.79452,2564.44,8233.11,11228.953,0.066923,0.869456,82.714,104.049,0.2375,1.03995,0.976586,B,-0.0,-0.030089
11226.283,0.70135,187.651,4.5908,16,0.8266,13.226,1.93393,7.16309,2537.856,8688.427,11650.908,0.262169,0.829629,85.404,103.931,0.22606,1.03782,0.915496,B,0.0,0.035409
10717.035,0.77789,137.855,1.4985,26,0.7513,19.534,2.02549,8.26928,2141.337,8575.698,3208.874,0.220087,0.917171,82.852,101.949,0.19981,0.29942,0.943469,B,0.0,0.012409
10872.053,0.69454,215.588,1.4958,27,0.635,17.145,1.89409,6.56328,2385.18,8486.873,3567.682,0.326639,0.797942,87.17,104.895,0.21939,0.32815,0.896824,B,0.0,-0.049535
10461.889,0.50668,166.249,4.3923,21,0.8051,16.908,1.96938,9.33391,3985.35,6476.539,17504.942,0.051412,0.786826,81.832,102.636,0.38094,1.67321,0.961346,B,0.0,0.025829
9419.42,0.2683,217.86,2.1127,26,0.7911,20.569,1.89111,8.89553,5160.206,4259.213,10902.118,0.02139,0.567449,83.21,103.463,0.54783,1.15741,0.956326,B,0.001,-0.032578
8949.507,0.79712,188.617,4.7114,23,0.8483,19.51,1.93244,10.60261,1421.916,7527.591,6699.222,0.118827,0.925249,83.546,104.605,0.15888,0.74856,0.976316,B,0.0,-0.027038
7206.092,0.77624,174.735,1.503,19,0.7185,13.651,1.95473,5.49412,1192.881,6013.212,1792.916,0.627997,0.805646,89.767,103.175,0.16554,0.24881,0.866076,B,-0.001,0.01097
8488.202,0.42397,184.09,4.52,17,0.7064,12.008,1.9395,6.51349,4114.624,4373.578,18598.008,0.085427,0.742475,82.946,103.195,0.48475,2.19104,0.902327,B,-0.0,-0.029308
8374.046,0.77344,168.222,1.9616,21,0.834,17.514,1.9659,7.84142,901.653,7472.393,1768.727,0.439222,0.813768,87.028,102.912,0.10767,0.21122,0.938855,B,0.0,0.001997
10601.946,0.46437,170.867,3.3891,24,0.6352,15.244,1.9613,7.92916,4549.745,6052.2,15419.561,0.068671,0.761831,82.238,102.699,0.42914,1.45441,0.936538,B,0.001,0.036547
11835.846,0.38661,180.546,1.7922,26,0.6119,15.91,1.94516,6.79462,6002.518,5833.328,10757.897,0.07458,0.707695,82.675,102.802,0.50715,0.90893,0.902168,B,-0.0,-0.028429
11695.956,0.28988,172.268,2.5973,17,0.655,11.136,1.9589,5.40605,6371.904,5324.052,16549.871,0.084294,0.53592,82.497,101.276,0.5448,1.41501,0.841578,B,0.0,0.044502
9964.525,0.21424,218.624,2.4703,19,0.7437,14.131,1.89012,6.40402,5595.071,4369.454,13821.739,0.040518,0.436679,83.486,102.63,0.5615,1.38709,0.893804,B,0.0,0.049946
10776.282,0.57212,186.056,3.1078,22,0.8088,17.794,1.93641,8.8965,3481.66,7294.622,10820.212,0.080515,0.806765,82.95,103.709,0.32309,1.00408,0.954532,B,0.0,-0.045115
7199.869,0.29537,134.526,3.2162,27,0.8757,23.645,2.03293,12.79673,4191.921,3007.948,13482.151,0.005273,0.699656,79.86,100.313,0.58222,1.87256,0.989607,B,-0.0,-0.007559
7526.09,0.20542,190.081,3.266,16,0.8772,14.035,1.9302,7.0664,4712.567,2813.523,15391.293,0.025606,0.506593,82.366,101.907,0.62616,2.04506,0.921946,B,0.0,0.02836
12191.127,0.21318,137.104,3.11,15,0.7414,11.122,2.02715,5.94677,6986.633,5204.493,21728.651,0.049459,0.432964,80.564,98.708,0.57309,1.78233,0.86704,B,0.001,-0.005535
9699.269,0.41187,147.453,1.146,29,0.8636,25.044,2.00514,9.30439,4305.175,5394.094,4933.647,0.035422,0.712328,80.846,101.15,0.44387,0.50866,0.961826,B,0.0,-0.024177
9895.989,0.45251,136.502,1.3127,25,0.8376,20.939,2.02849,8.40618,4051.332,5844.657,5318.256,0.058126,0.725888,80.651,100.606,0.40939,0.53742,0.947413,B,0.0,-0.020122
9133.339,0.47237,145.644,1.0599,20,0.7097,14.195,2.00886,5.09472,3476.918,5656.421,3685.098,0.203173,0.637846,82.981,100.557,0.38068,0.40348,0.836263,B,0.0,-0.026027
11337.64,0.4993,148.154,4.0421,25,0.7559,18.898,2.00372,10.52949,4256.005,7081.635,17203.199,0.03471,0.778521,80.867,101.626,0.37539,1.51735,0.973904,B,0.0,-0.043843
8386.926,0.79188,145.008,3.4354,19,0.6551,12.446,2.01018,6.731,1085.76,7301.166,3730.049,0.551892,0.827568,87.556,101.773,0.12946,0.44475,0.909775,B,0.0,0.005359
10388.055,0.70904,131.949,4.0352,16,0.799,12.784,2.03884,7.29857,2320.081,8067.974,9361.877,0.249645,0.841144,82.962,101.089,0.22334,0.90122,0.921364,B,0.0,0.021974
9965.834,0.41674,213.311,3.6802,21,0.6307,13.245,1.89711,6.66897,4769.872,5195.962,17554.048,0.084279,0.721933,83.9,104.303,0.47862,1.76142,0.903205,B,0.0,0.025184
9699.127,0.68503,202.523,4.7296,18,0.6834,12.301,1.91193,6.58091,2753.658,6945.469,13023.674,0.238931,0.861887,85.599,104.787,0.28391,1.34277,0.900975,B,0.0,0.049269
8774.795,0.65207,186.442,3.0255,29,0.8819,25.576,1.93581,12.69689,2314.896,6459.899,7003.812,0.027975,0.875717,82.27,104.181,0.26381,0.79817,0.988682,B,0.0,-0.022013
8286.013,0.21969,131.867,2.6252,28,0.787,22.035,2.03903,11.36902,4643.535,3642.478,12190.387,0.006954,0.490893,79.755,98.772,0.56041,1.4712,0.98226,B,0.0,-0.003899
7792.973,0.48512,170.739,2.4327,28,0.7499,20.998,1.96153,10.0255,2686.843,5106.13,6536.315,0.039324,0.719702,81.846,102.415,0.34478,0.83874,0.972053,B,0.0,-0.022326
12026.796,0.42698,207.071,1.8035,22,0.8239,18.125,1.90557,7.51823,4769.155,7257.641,8601.327,0.082216,0.65353,83.677,103.6,0.39654,0.71518,0.923644,B,0.0,0.014386
7467.396,0.33698,178.797,2.24,28,0.6115,17.123,1.948,7.89385,3628.853,3838.543,8128.754,0.040438,0.617315,82.161,102.124,0.48596,1.08857,0.941683,B,-0.0,0.029374
8390.872,0.40314,173.553,1.0781,21,0.7411,15.564,1.95672,5.41996,3870.571,4520.302,4172.743,0.124783,0.641494,83.08,102.035,0.46128,0.4973,0.857222,B,-0.001,-0.031934
9141.861,0.35755,166.62,3.6486,21,0.8586,18.032,1.96872,9.58679,4551.427,4590.434,16606.203,0.024416,0.687856,81.49,102.001,0.49787,1.8165,0.966002,B,0.0,-0.012811
7034.702,0.22468,158.782,1.51,15,0.7197,10.796,1.983,4.4464,3934.435,3100.267,5941.017,0.077196,0.411839,81.875,99.779,0.55929,0.84453,0.807836,B,0.0,0.02334
11716.464,0.39269,203.001,2.1666,14,0.6372,8.921,1.91126,3.95376,5039.072,6677.392,10917.465,0.240616,0.50746,85.637,102.468,0.43008,0.93181,0.736474,B,0.0,-0.052445
9638.061,0.57333,209.748,2.8997,17,0.6472,11.002,1.90191,5.25928,3438.881,6199.18,9971.699,0.252238,0.751451,86.006,104.355,0.3568,1.03462,0.843024,B,0.0,-0.006963
9028.108,0.68778,172.178,3.2568,28,0.8145,22.807,1.95906,11.73378,2169.222,6858.885,7064.615,0.045743,0.890835,81.985,103.614,0.24027,0.78251,0.98402,B,0.001,-0.009421
8974.077,0.56378,186.814,2.9743,18,0.6976,12.557,1.93523,6.20451,3411.156,5562.921,10145.704,0.163876,0.808997,84.077,103.757,0.38011,1.13056,0.889511,B,-0.0,0.01213
10267.087,0.47256,139.992,3.5681,14,0.6461,9.046,2.02082,4.97082,4206.186,6060.901,15008.061,0.204125,0.658842,82.739,100.37,0.40968,1.46176,0.823036,B,0.0,0.050779
9764.167,0.30138,162.635,1.6567,14,0.6024,8.434,1.97589,3.58164,4990.793,4773.374,8268.192,0.167139,0.441737,83.217,100.175,0.51113,0.84679,0.716537,B,0.0,-0.007411
7974.479,0.6941,151.251,3.5474,16,0.8702,13.924,1.99751,7.5154,2022.154,5952.324,7173.436,0.185235,0.866979,82.987,102.381,0.25358,0.89955,0.932328,B,0.001,-0.027731
9710.383,0.39085,157.92,2.185,18,0.7024,12.643,1.98462,5.94508,4773.423,4936.959,10430.071,0.098391,0.673618,82.119,101.462,0.49158,1.07412,0.876252,B,0.001,0.016885
8754.839,0.46381,135.259,2.3171,22,0.7924,17.433,2.03127,8.62979,3558.322,5196.517,8245.07,0.053586,0.744705,80.532,100.655,0.40644,0.94177,0.953042,B,0.0,0.033441
10711.378,0.57421,168.226,3.1204,25,0.7703,19.258,1.96589,9.85839,3343.682,7367.695,10433.729,0.059615,0.807748,82.017,102.872,0.31216,0.97408,0.967591,B,0.001,0.005858
11143.445,0.60581,172.793,3.9965,29,0.8493,24.631,1.95801,13.23788,2827.237,8316.208,11299.098,0.024013,0.803606,81.721,103.068,0.25371,1.01397,0.989943,B,0.0,-0.034673
7662.859,0.61265,181.745,3.4982,25,0.8162,20.406,1.94323,10.54289,2256.325,5406.534,7892.995,0.048315,0.848168,82.372,103.785,0.29445,1.03003,0.976779,B,0.0,-0.012906
7053.885,0.62193,176.205,2.7238,29,0.7787,22.582,1.95228,11.05008,2018.701,5035.184,5498.548,0.041425,0.854666,82.079,103.569,0.28618,0.77951,0.980938,B,0.0,-0.002559
8779.459,0.66491,135.007,3.2394,24,0.7134,17.122,2.03184,9.27534,2083.052,6696.408,6747.839,0.105063,0.839062,81.2,101.262,0.23726,0.76859,0.96251,B,-0.001,-0.003098
12261.89,0.40642,169.707,2.1213,20,0.8026,16.051,1.96331,7.35947,4796.327,7465.564,10174.432,0.084426,0.613288,82.402,101.662,0.39116,0.82976,0.918745,B,-0.001,0.001816
7072.912,0.60344,208.395,4.5423,24,0.6134,14.722,1.90375,7.76802,1797.369,5275.543,8164.132,0.142861,0.760354,84.519,104.359,0.25412,1.15428,0.939838,B,0.0,0.023862
11380.435,0.30941,180.009,3.6787,22,0.6084,13.385,1.94603,7.00666,5970.92,5409.515,21965.342,0.052874,0.592569,82.369,102.018,0.52467,1.9301,0.910342,B,-0.0,0.003075
12871.452,0.78037,167.674,4.6836,16,0.7677,12.283,1.96686,6.84701,1521.777,11349.675,7127.449,0.65268,0.797496,89.824,102.777,0.11823,0.55374,0.901117,B,0.0,-0.058829
7196.282,0.3888,195.953,2.6928,29,0.726,21.053,1.92141,10.02561,3319.98,3876.302,8940.018,0.0231,0.702016,82.533,103.453,0.46135,1.24231,0.972589,B,0.0,-0.003121
7660.44,0.68271,144.378,1.0224,29,0.881,25.548,2.01149,9.02649,1649.113,6011.327,1686.077,0.125194,0.83566,81.895,101.791,0.21528,0.2201,0.960523,B,-0.0,-0.025581
11649.94,0.38279,135.715,2.0229,18,0.6672,12.01,2.03025,5.69146,5545.716,6104.224,11218.291,0.11513,0.625961,81.366,99.899,0.47603,0.96295,0.856827,B,0.0,-0.00391
10975.51,0.23925,166.493,2.5193,27,0.8218,22.188,1.96895,10.76107,6768.438,4207.072,17051.423,0.009239,0.609311,81.285,101.476,0.61669,1.55359,0.976187,B,0.0,-0.058079
8131.916,0.21077,211.037,1.0295,17,0.8838,15.024,1.90016,4.89247,4600.29,3531.626,4736.036,0.063461,0.402663,83.555,102.105,0.56571,0.5824,0.829673,B,0.0,-0.030188
9806.571,0.43322,197.11,3.3581,24,0.7061,16.947,1.91972,8.51628,4079.724,5726.847,13699.959,0.052549,0.704397,82.96,103.519,0.41602,1.39702,0.949537,B,0.0,0.043426
12966.311,0.50826,149.245,2.4798,27,0.8223,22.201,2.00152,10.97834,4956.891,8009.42,12292.022,0.031044,0.803593,80.866,101.852,0.38229,0.948,0.97665,B,0.0,0.061659
7192.387,0.21228,197.708,3.7822,14,0.8272,11.581,1.91885,5.96953,4190.708,3001.679,15850.114,0.041295,0.450994,82.831,101.872,0.58266,2.20373,0.886656,B,0.0,0.005407
11126.498,0.36572,199.534,2.121,27,0.8215,22.18,1.9162,9.80292,5811.35,5315.149,12325.999,0.02342,0.739974,82.656,103.857,0.5223,1.10781,0.966553,B,-0.001,0.008965
10757.584,0.58746,131.705,1.4201,29,0.73,21.171,2.0394,8.85325,3567.256,7190.328,5065.9,0.081733,0.838361,80.734,101.055,0.3316,0.47091,0.953864,B,0.0,-0.00281
11770.853,0.43249,207.185,3.7791,28,0.8369,23.432,1.90542,11.94568,5364.799,6406.055,20273.915,0.015273,0.781886,82.797,104.452,0.45577,1.72238,0.983905,B,-0.001,0.034919
9131.049,0.60766,204.648,1.96,19,0.7453,14.161,1.90894,6.06238,2459.036,6672.014,4819.636,0.263297,0.73458,85.989,104.035,0.2693,0.52783,0.883312,B,-0.001,-0.01161
7380.536,0.72254,160.077,1.6243,19,0.6761,12.846,1.98059,5.43358,1451.759,5928.777,2358.036,0.505349,0.775725,87.579,102.248,0.1967,0.31949,0.862426,B,0.0,-0.013016
8550.421,0.70128,219.322,1.3958,25,0.6485,16.213,1.88922,6.00899,1554.147,6996.274,2169.218,0.450495,0.756983,88.919,104.771,0.18176,0.2537,0.883237,B,0.0,0.043305
8679.561,0.53336,199.615,1.1052,20,0.7191,14.382,1.91609,4.90972,3068.418,5611.143,3391.166,0.25987,0.682916,85.78,103.484,0.35352,0.39071,0.827752,B,0.0,0.001536
12079.231,0.7189,171.701,2.3614,29,0.6442,18.682,1.95987,8.83091,2876.041,9203.19,6791.341,0.145836,0.897982,83.288,103.638,0.2381,0.56223,0.951699,B,0.0,0.029888
11307.208,0.47154,143.28,1.0017,16,0.6572,10.515,2.0138,3.68336,4628.134,6679.074,4635.809,0.329828,0.56973,84.548,99.973,0.40931,0.40999,0.713699,B,0.0,0.043849
7328.294,0.32252,133.502,1.541,21,0.8589,18.037,2.03526,7.77332,3596.76,3731.534,5542.541,0.039792,0.595033,80.267,99.56,0.4908,0.75632,0.939445,B,0.0,0.013236
11886.178,0.21047,138.703,2.9005,23,0.7224,16.615,2.02363,8.70929,7464.39,4421.788,21650.384,0.0168,0.537402,80.208,99.493,0.62799,1.82148,0.949874,B,0.0,0.004417
10813.56,0.38106,143.11,3.267,23,0.8858,20.373,2.01416,10.92178,4533.327,6280.234,14810.197,0.020364,0.64142,80.455,100.436,0.41923,1.36959,0.977596,B,-0.001,0.03081
8662.599,0.40741,217.511,3.6688,22,0.7333,16.132,1.89157,8.07998,3771.495,4891.104,13836.941,0.053113,0.680604,83.618,104.196,0.43538,1.59732,0.943241,B,0.0,0.009098
7457.803,0.26473,184.701,2.5436,20,0.8199,16.398,1.93853,7.79127,4372.446,3085.356,11121.608,0.027286,0.601227,82.2,102.291,0.58629,1.49127,0.93957,B,0.001,-0.001705
10096.62,0.57654,170.339,2.2014,24,0.8722,20.933,1.96222,9.70257,3335.222,6761.398,7342.058,0.058657,0.831996,82.086,103.136,0.33033,0.72718,0.966392,B,0.0,0.015088
7464.949,0.20088,160.589,1.1172,18,0.6591,11.863,1.97964,4.2749,4361.516,3103.432,4872.534,0.07115,0.383201,81.868,99.684,0.58427,0.65272,0.793058,B,0.001,-0.001154
7046.518,0.30526,164.896,1.0995,27,0.7774,20.99,1.9718,7.46352,4003.335,3043.184,4401.824,0.03593,0.659577,81.575,101.728,0.56813,0.62468,0.93313,B,-0.001,-0.033915
8044.423,0.43055,201.025,3.9155,22,0.84,18.48,1.91406,9.55716,3447.034,4597.389,13496.802,0.033351,0.728371,82.836,103.843,0.4285,1.67778,0.966809,B,-0.0,-0.040532
8768.223,0.45437,193.648,1.0778,17,0.7754,13.181,1.92483,4.47737,3660.31,5107.913,3945.171,0.218713,0.623237,85.037,102.834,0.41745,0.44994,0.799057,B,0.0,0.019729
7941.153,0.3045,217.45,1.6448,29,0.6527,18.929,1.89165,7.50386,4484.09,3457.063,7375.594,0.036602,0.651991,83.398,104.005,0.56466,0.92878,0.932126,B,0.0,-0.019536
7411.417,0.23986,166.763,3.8376,17,0.815,13.855,1.96847,7.44373,4336.428,3074.989,16641.431,0.027935,0.538725,81.542,101.024,0.5851,2.24538,0.931857,B,0.0,-0.009084
11158.521,0.76256,158.158,3.7508,17,0.6323,10.749,1.98418,5.81513,2149.703,9008.819,8063.156,0.535082,0.816837,87.893,102.419,0.19265,0.7226,0.864818,B,-0.001,0.037708
10590.345,0.37719,178.146,1.8468,18,0.6985,12.574,1.94907,5.44348,4938.476,5651.869,9120.163,0.122482,0.59974,83.22,101.978,0.46632,0.86118,0.848575,B,0.0,0.045899
7298.972,0.25116,145.794,2.4962,23,0.8762,20.152,2.00855,10.03448,4031.088,3267.884,10062.303,0.012468,0.545589,80.47,99.957,0.55228,1.37859,0.972582,B,0.0,0.028639
9273.697,0.31042,215.125,3.4085,21,0.769,16.149,1.8947,7.97944,4898.307,4375.39,16696.12,0.035212,0.618521,83.309,103.693,0.52819,1.80037,0.940085,B,0.0,-0.008762
10006.3,0.48154,167.794,1.7033,16,0.7995,12.792,1.96665,5.45132,3900.584,6105.716,6643.857,0.183333,0.672047,83.633,101.955,0.38981,0.66397,0.851589,B,0.0,-0.000185
11759.948,0.71451,168.158,2.0045,23,0.7061,16.241,1.96601,7.32492,2501.494,9258.454,5014.182,0.272364,0.833971,84.823,103.042,0.21271,0.42638,0.918916,B,0.0,0.001393
9914.297,0.41275,212.592,4.5445,25,0.8191,20.477,1.89807,10.75582,3996.706,5917.591,18163.096,0.02367,0.675526,83.078,103.968,0.40313,1.83201,0.976881,B,0.0,0.037478
12350.124,0.7287,131.165,2.5883,28,0.717,20.077,2.04066,10.32933,2230.75,10119.374,5773.862,0.116216,0.863714,81.163,101.189,0.18063,0.46751,0.971193,B,0.0,0.041522
12187.02,0.44979,153.478,3.7232,20,0.6321,12.643,1.99314,6.87377,4746.996,7440.024,17673.869,0.110981,0.665957,82.101,101.175,0.38951,1.45022,0.903891,B,0.0,0.0373
10449.351,0.40949,162.828,4.7698,26,0.691,17.967,1.97553,10.11243,4702.399,5746.952,22429.603,0.026774,0.722649,81.372,102.039,0.45002,2.14651,0.970576,B,0.0,-0.026406
12018.902,0.6136,178.821,2.8362,26,0.8593,22.342,1.94796,11.01388,3475.563,8543.339,9857.226,0.047656,0.843831,82.257,103.621,0.28917,0.82014,0.977541,B,0.0,0.032545
11356.49,0.6132,180.57,3.985,17,0.6291,10.694,1.94512,5.68779,3216.875,8139.615,12819.385,0.307734,0.733927,85.754,102.977,0.28326,1.12882,0.857845,B,0.0,-0.025361
8325.669,0.37874,168.414,3.6089,15,0.8581,12.871,1.96556,6.8107,3718.342,4607.327,13419.132,0.074264,0.624465,82.218,101.672,0.44661,1.61178,0.912427,B,0.0,0.010472
7201.891,0.44481,190.822,4.3858,29,0.6434,18.657,1.92908,9.9826,3194.385,4007.506,14010.056,0.027911,0.777121,82.422,103.726,0.44355,1.94533,0.972169,B,0.0,-0.002414
7562.284,0.52738,205.968,2.7735,28,0.604,16.912,1.9071,8.02494,2810.057,4752.227,7793.808,0.079298,0.792333,83.603,104.471,0.37159,1.03062,0.944127,B,0.0,0.01916
10932.853,0.64322,149.557,3.9926,19,0.8626,16.39,2.00089,9.09095,2388.997,8543.856,9538.305,0.125607,0.787959,82.127,101.766,0.21852,0.87244,0.957329,B,0.0,-0.053269
7801.003,0.71187,210.635,3.7045,27,0.7974,21.53,1.9007,10.8878,2024.09,5776.913,7498.144,0.056716,0.941425,83.453,105.645,0.25947,0.96118,0.979328,B,0.0,-0.028604
9973.911,0.23228,210.361,2.9666,19,0.8345,15.856,1.90107,7.61798,5737.957,4235.954,17022.265,0.028043,0.508943,83.066,102.779,0.5753,1.70668,0.930545,B,0.0,-0.028618
10167.286,0.22912,201.95,1.2242,28,0.8177,22.896,1.91275,8.17287,6326.128,3841.158,7744.228,0.021184,0.571575,82.706,102.847,0.6222,0.76168,0.942473,B,0.0,0.005989
9564.493,0.40143,181.747,3.9074,19,0.7214,13.707,1.94323,7.25075,4169.903,5394.59,16293.618,0.071828,0.656202,82.682,102.518,0.43598,1.70355,0.92199,B,0.0,0.017885
12758.178,0.61795,181.278,4.2689,29,0.6989,20.268,1.94398,10.91564,3293.583,9464.595,14060.01,0.056805,0.813218,82.467,103.533,0.25815,1.10204,0.976269,B,0.0,0.045096
12178.09,0.53358,163.474,1.4385,19,0.6827,12.972,1.97436,5.20544,4165.678,8012.411,5992.179,0.268742,0.671265,84.592,101.733,0.34206,0.49205,0.827716,B,0.001,0.041555
8814.54,0.20524,190.746,2.046,25,0.8956,22.391,1.92919,9.88269,5154.377,3660.163,10545.643,0.01065,0.479274,82.191,101.756,0.58476,1.19639,0.969656,B,0.0,-0.018887
7583.834,0.35543,213.883,2.0258,28,0.8895,24.906,1.89634,10.67069,3405.704,4178.13,6899.256,0.01753,0.630868,83.037,103.725,0.44907,0.90973,0.977852,B,-0.0,-0.028389
9040.338,0.31767,169.966,1.9839,16,0.6368,10.189,1.96286,4.56857,4475.975,4564.363,8880.029,0.125937,0.505697,82.959,100.965,0.49511,0.98227,0.80372,B,0.0,-0.031367
8228.451,0.55954,182.292,3.4079,20,0.8518,17.035,1.94235,8.74391,2666.707,5561.743,9087.768,0.076623,0.791092,82.765,103.434,0.32408,1.10443,0.955621,B,0.001,-0.034011
9882.809,0.6663,205.199,1.6379,23,0.8629,19.847,1.90817,7.9625,2264.47,7618.339,3708.96,0.178538,0.811283,84.888,104.564,0.22913,0.37529,0.938603,B,0.0,-0.007227
7958.845,0.20528,132.717,1.1651,23,0.8216,18.897,2.03706,7.23533,4401.458,3557.387,5128.249,0.027693,0.425002,80.069,98.39,0.55303,0.64435,0.925396,B,0.0,0.005535
9596.083,0.3046,194.557,2.4125,17,0.8951,15.218,1.92348,7.03731,4831.21,4764.874,11655.421,0.050907,0.561816,82.853,102.468,0.50346,1.2146,0.915858,B,-0.001,0.042023
9024.425,0.25442,152.936,4.2649,28,0.8381,23.465,1.99419,13.12041,5122.143,3902.282,21845.684,0.004408,0.582583,80.671,100.595,0.56759,2.42073,0.990165,B,0.0,0.012648
9529.079,0.30756,198.233,3.2961,18,0.681,12.259,1.91808,6.12579,5439.669,4089.411,17929.719,0.062242,0.633872,83.125,103.101,0.57085,1.88158,0.884474,B,-0.001,0.02453
10106.283,0.72724,135.869,1.9225,21,0.604,12.684,2.02991,5.9074,1877.071,8229.212,3608.615,0.496854,0.779794,86.412,100.923,0.18573,0.35707,0.873107,B,0.0,-0.027128
12897.018,0.57519,187.89,2.3727,28,0.7594,21.264,1.93356,9.86376,4700.71,8196.308,11153.502,0.054326,0.873908,82.669,104.234,0.36448,0.86481,0.965575,B,0.0,0.04588
8000.427,0.54665,192.342,2.2237,24,0.6459,15.501,1.92678,7.01269,2307.788,5692.64,5131.75,0.153043,0.706224,84.126,103.324,0.28846,0.64143,0.919242,B,-0.001,-0.036371
7307.975,0.21909,213.943,3.0155,23,0.7803,17.947,1.89626,8.62404,3786.169,3521.807,11417.296,0.019001,0.434203,83.058,102.429,0.51809,1.56231,0.955069,B,-0.001,-0.015919
8963.639,0.68866,140.724,1.0479,22,0.6681,14.699,2.01924,5.28541,2322.62,6641.018,2433.92,0.404943,0.787882,85.424,101.265,0.25912,0.27153,0.847635,B,0.001,0.032379
11478.988,0.20806,211.558,1.9308,28,0.6946,19.45,1.89946,8.22071,6840.587,4638.401,13208.068,0.020525,0.48463,83.004,102.667,0.59592,1.15063,0.941213,B,-0.0,0.006918
11864.823,0.708,179.44,2.45,29,0.6344,18.397,1.94695,8.70429,2430.916,9433.907,5955.781,0.173415,0.845753,83.94,103.662,0.20488,0.50197,0.949816,B,0.0,-0.017761
10475.614,0.4921,158.354,2.5709,17,0.7884,13.403,1.98381,6.61025,4201.665,6273.949,10802.15,0.12308,0.739231,82.463,101.918,0.40109,1.03117,0.899683,B,0.0,0.011128
12269.927,0.23267,177.444,1.363,26,0.7822,20.337,1.95022,7.83558,6897.131,5372.796,9400.918,0.028477,0.494793,81.953,101.252,0.56212,0.76618,0.931201,B,0.0,0.012464
12431.849,0.30325,162.938,4.1885,14,0.7825,10.955,1.97533,6.01994,6355.359,6076.491,26619.355,0.077398,0.539469,82.045,100.836,0.51122,2.14122,0.869523,B,-0.001,-0.01239
7959.737,0.7623,171.639,2.2604,18,0.6145,11.061,1.95998,5.16018,1233.369,6726.368,2787.93,0.758814,0.762936,91.377,102.744,0.15495,0.35025,0.845757,B,0.0,0.021554
11961.425,0.4907,170.477,1.5456,25,0.6241,15.603,1.96198,6.38485,4516.755,7444.67,6981.282,0.147262,0.699072,83.26,102.266,0.37761,0.58365,0.886678,B,0.0,-0.035474
12069.953,0.79897,197.783,3.7378,16,0.7119,11.391,1.91874,5.85627,1406.698,10663.255,5257.921,0.937625,0.780679,94.666,104.051,0.11655,0.43562,0.863229,B,0.0,-0.004114
7744.099,0.52692,161.711,3.3616,16,0.7442,11.907,1.97757,6.2574,2746.775,4997.324,9233.576,0.154994,0.731349,83.02,102.04,0.35469,1.19234,0.895667,B,0.0,-0.000909
10816.001,0.62034,193.806,3.6475,18,0.7356,13.242,1.92459,6.804,3073.01,7742.991,11208.69,0.206731,0.784489,84.884,103.905,0.28412,1.03631,0.905316,B,0.0,0.020363
10471.748,0.24177,192.388,4.4896,19,0.8441,16.037,1.92671,8.60163,5825.737,4646.011,26155.153,0.021712,0.517701,82.394,102.082,0.55633,2.49769,0.950039,B,0.0,0.021572
11460.786,0.39846,166.242,1.378,23,0.7524,17.306,1.96939,6.79659,4781.04,6679.746,6588.449,0.092384,0.617529,82.373,101.518,0.41717,0.57487,0.903278,B,0.0,0.036323
8655.813,0.25865,200.181,2.5132,16,0.8437,13.499,1.91527,6.27558,5023.029,3632.785,12623.805,0.047564,0.550527,82.996,102.634,0.58031,1.45842,0.893287,B,-0.001,-0.035547
12287.073,0.52576,202.43,1.2109,28,0.8411,23.55,1.91206,8.36053,4587.015,7700.058,5554.375,0.080668,0.790905,83.507,104.315,0.37332,0.45205,0.942721,B,0.0,0.011802
7630.28,0.47844,136.782,2.6596,19,0.7285,13.841,2.02787,7.11163,3273.862,4356.418,8707.097,0.085958,0.773385,81.031,100.936,0.42906,1.14112,0.922913,B,0.0,0.028198
9483.261,0.78448,133.672,1.604,21,0.7542,15.838,2.03487,6.93097,1273.944,8209.318,2043.401,0.508247,0.827346,86.459,101.104,0.13434,0.21547,0.912967,B,-0.001,0.003963
12991.13,0.41392,148.753,1.6582,19,0.6082,11.555,2.00251,5.00529,6663.389,6327.741,11049.142,0.152534,0.689166,82.448,101.07,0.51292,0.85051,0.810983,B,-0.0,0.031198
12926.077,0.32218,140.941,3.3344,25,0.8318,20.795,2.01878,11.23801,6018.985,6907.092,20069.519,0.014736,0.590088,80.283,99.972,0.46565,1.55264,0.978702,B,0.0,0.035621
9002.716,0.48115,142.891,4.2589,16,0.6292,10.067,2.01462,5.71012,3544.841,5457.875,15097.007,0.16066,0.689303,82.297,100.74,0.39375,1.67694,0.868522,B,0.0,0.013037
12933.387,0.77209,147.862,4.3234,18,0.8705,15.668,2.00431,8.84775,2412.004,10521.383,10427.958,0.203584,0.902414,83.083,102.428,0.18649,0.80628,0.950825,B,0.0,0.050028
9571.656,0.56982,164.309,3.7647,24,0.65,15.6,1.97285,8.37544,3091.242,6480.414,11637.743,0.092871,0.797325,82.303,102.607,0.32296,1.21585,0.947363,B,0.0,0.038194
10817.415,0.49101,213.991,4.0495,26,0.8457,21.988,1.8962,11.2831,3751.115,7066.3,15190.183,0.027958,0.736819,83.178,104.428,0.34677,1.40423,0.980255,B,0.0,0.001166
11693.27,0.28791,131.732,3.903,15,0.8654,12.981,2.03934,7.36411,6311.452,5381.817,24633.858,0.042581,0.575623,80.219,99.323,0.53975,2.10667,0.920173,B,0.001,-0.036219
9624.965,0.50932,207.667,3.861,25,0.6057,15.141,1.90475,7.74931,2906.254,6718.712,11221.135,0.110719,0.681738,84.072,103.81,0.30195,1.16584,0.93436,B,-0.001,0.008356
7681.748,0.61871,194.138,1.6302,18,0.6422,11.559,1.9241,4.68871,1937.378,5744.37,3158.408,0.442309,0.678199,88.005,103.218,0.25221,0.41116,0.8197,B,0.0,0.02859
9801.341,0.76979,210.539,2.1445,21,0.8422,17.686,1.90083,7.74684,1841.679,7959.662,3949.492,0.270583,0.88529,86.273,105.27,0.1879,0.40295,0.933952,B,0.0,0.038088
8568.897,0.71628,149.639,1.0191,20,0.7054,14.109,2.00072,4.93848,1946.145,6622.753,1983.232,0.535934,0.769278,87.547,101.648,0.22712,0.23145,0.830067,B,-0.001,-0.013914
8364.205,0.20215,176.927,3.9775,21,0.6804,14.288,1.95108,7.63104,5409.338,2954.867,21515.397,0.020566,0.534555,81.83,101.49,0.64672,2.57232,0.934203,B,0.0,0.036666
10613.846,0.69846,216.93,4.6001,27,0.794,21.438,1.89232,11.23192,2986.297,7627.549,13737.347,0.049604,0.952499,83.554,105.968,0.28136,1.29429,0.980018,B,0.0,-0.018194
11343.408,0.72897,153.367,2.9594,29,0.6781,19.666,1.99335,10.13967,2641.783,8701.625,7817.969,0.093638,0.921848,81.867,102.858,0.23289,0.68921,0.970084,B,0.0,0.05725
10993.996,0.31677,147.361,1.0857,15,0.8393,12.59,2.00533,4.56004,5390.462,5603.534,5852.343,0.134863,0.491758,82.154,99.689,0.49031,0.53232,0.791253,B,0.0,0.011563
12900.703,0.24705,211.267,2.8952,17,0.7237,12.302,1.89985,5.86841,6938.725,5961.978,20089.202,0.064025,0.460071,83.569,102.493,0.53786,1.55722,0.860613,B,-0.0,-0.066372
12976.472,0.2636,132.47,2.8627,26,0.8391,21.816,2.03763,11.50837,7312.729,5663.743,20934.383,0.009075,0.592239,79.812,99.478,0.56354,1.61326,0.980598,B,-0.0,-0.054487
11388.643,0.60213,168.314,4.7746,25,0.695,17.374,1.96574,9.70926,3588.681,7799.961,17134.673,0.066545,0.848551,82.112,103.146,0.31511,1.50454,0.965175,B,0.001,-0.029874
12732.497,0.55155,187.978,3.5387,18,0.7051,12.692,1.93343,6.52405,3640.279,9092.218,12881.81,0.212767,0.687186,84.763,103.006,0.2859,1.01173,0.889709,B,-0.0,0.03256
7113.885,0.31447,135.279,1.2658,25,0.6133,15.332,2.03123,6.06983,3861.328,3252.556,4887.571,0.063239,0.612725,80.661,99.785,0.54279,0.68705,0.890847,B,0.001,-0.005481
12633.024,0.79612,170.683,2.2847,17,0.8498,14.447,1.96162,6.77074,2160.438,10472.586,4936.055,0.469668,0.863469,87.524,103.361,0.17102,0.39073,0.899111,B,0.0,-0.038889
9540.308,0.23567,219.093,1.9811,19,0.6943,13.192,1.88951,5.57838,5326.485,4213.823,10552.552,0.059083,0.458881,83.745,102.794,0.55831,1.1061,0.860029,B,0.0,0.016361
11676.063,0.33696,214.716,3.8885,21,0.8572,18.001,1.89524,9.15478,5865.85,5810.213,22809.416,0.028595,0.648272,83.209,103.873,0.50238,1.95352,0.957366,B,0.0,0.033806
12809.561,0.22262,190.948,4.4414,26,0.6753,17.558,1.92889,9.41485,7384.266,5425.295,32796.2,0.015519,0.504511,82.262,101.932,0.57647,2.56029,0.959815,B,0.0,-0.05296
9518.871,0.37692,173.096,2.2779,16,0.6975,11.161,1.95749,5.20929,4008.972,5509.899,9132.026,0.14245,0.547522,83.296,101.393,0.42116,0.95936,0.840831,B,-0.0,-0.016124
9937.427,0.62216,214.073,2.8043,16,0.7342,11.747,1.89609,5.54009,2551.772,7385.655,7156.015,0.347863,0.716931,87.403,104.3,0.25678,0.72011,0.856427,B,0.0,-0.002506
7010.55,0.76141,215.322,2.8847,22,0.7272,15.999,1.89444,7.59054,1743.386,5267.165,5029.06,0.195608,0.948689,85.432,105.879,0.24868,0.71736,0.936114,B,-0.001,-0.01887
8913.581,0.67856,201.921,3.2086,21,0.8406,17.654,1.91279,8.72892,2135.433,6778.148,6851.651,0.129105,0.851666,84.129,104.694,0.23957,0.76868,0.954419,B,0.0,-0.013749
7471.185,0.20312,154.684,3.769,23,0.6419,14.763,1.9908,8.03337,4137.238,3333.947,15593.183,0.020373,0.42989,80.956,99.682,0.55376,2.08711,0.944456,B,0.0,0.028672
10679.501,0.72571,167.915,2.0085,25,0.6634,16.585,1.96644,7.48729,2286.837,8392.664,4593.187,0.251624,0.85489,84.54,103.168,0.21413,0.43009,0.925754,B,0.0,-0.00693
8208.528,0.36407,140.028,2.0367,22,0.7547,16.603,2.02074,7.83357,4244.248,3964.28,8644.049,0.042947,0.707873,80.614,100.696,0.51705,1.05306,0.939007,B,0.0,-0.005706
11344.92,0.37493,205.114,4.7731,26,0.7049,18.327,1.90829,9.79176,5633.538,5711.382,26889.212,0.025514,0.719583,82.866,103.955,0.49657,2.37015,0.966209,B,0.0,0.003373
8189.511,0.52266,176.031,1.0535,27,0.8743,23.607,1.95256,8.1042,2715.487,5474.024,2860.883,0.087401,0.738585,82.679,102.794,0.33158,0.34934,0.944552,B,0.0,-0.038476
12391.542,0.51051,135.844,3.5041,22,0.6687,14.71,2.02996,8.10284,4598.605,7792.937,16114.036,0.086485,0.760727,80.994,100.796,0.37111,1.30041,0.937131,B,0.0,-0.001832
7853.666,0.33964,130.536,1.3726,24,0.8992,21.582,2.04213,8.91457,4133.803,3719.863,5674.111,0.026656,0.687445,79.95,99.986,0.52635,0.72248,0.95869,B,0.0,0.027247
11081.143,0.65927,147.699,1.4682,17,0.6666,11.333,2.00464,4.68826,2406.275,8674.868,3532.977,0.607488,0.673638,88.408,100.909,0.21715,0.31883,0.799907,B,0.0,-0.038771
11836.868,0.49538,200.865,4.1824,29,0.7384,21.415,1.91429,11.22249,4825.968,7010.9,20184.051,0.025237,0.819002,82.724,104.435,0.40771,1.70519,0.97923,B,0.0,0.013594
8334.876,0.61471,175.526,1.9345,20,0.8973,17.946,1.95341,7.92155,2544.929,5789.947,4923.223,0.119547,0.832358,83.085,103.389,0.30533,0.59068,0.940619,B,0.0,-0.015706
12885.402,0.27189,217.68,4.3241,14,0.8054,11.276,1.89135,5.83624,6856.6,6028.801,29648.334,0.071998,0.499239,83.873,103.006,0.53212,2.30092,0.859094,B,0.001,-0.062119
7704.669,0.7887,141.204,2.2924,28,0.8843,24.759,2.01821,12.10562,1307.976,6396.693,2998.404,0.062516,0.937194,80.925,102.278,0.16976,0.38917,0.986544,B,0.0,-0.039287
12198.835,0.4438,187.123,1.3303,17,0.8856,15.055,1.93475,5.67201,5717.894,6480.94,7606.409,0.138626,0.713036,83.755,103.138,0.46872,0.62354,0.853587,B,0.001,0.050666
10759.766,0.70764,141.942,4.4657,21,0.82,17.221,2.01663,9.86931,2340.142,8419.623,10450.414,0.105195,0.875081,81.522,101.911,0.21749,0.97125,0.967669,B,0.001,0.01746
7750.153,0.51875,203.378,3.1388,24,0.7189,17.253,1.91072,8.47195,2788.917,4961.236,8753.853,0.069298,0.771409,83.387,104.226,0.35985,1.12951,0.951928,B,0.0,-0.016603
9802.31,0.42159,133.519,2.3411,28,0.807,22.597,2.03522,11.25153,4408.016,5394.293,10319.599,0.01816,0.751253,79.982,100.592,0.44969,1.05277,0.980629,B,0.001,0.027503
12240.818,0.20657,212.131,2.9334,29,0.6581,19.084,1.89869,9.12528,7943.92,4296.898,23302.405,0.013932,0.562706,82.935,103.205,0.64897,1.90366,0.956229,B,0.0,0.020795
11949.386,0.78439,132.835,1.3748,19,0.8031,15.26,2.03679,6.28431,2414.955,9534.431,3320.065,0.455427,0.867717,85.721,101.319,0.2021,0.27784,0.882659,B,0.0,-0.04469
8627.379,0.69248,207.229,4.7282,29,0.7332,21.264,1.90536,11.31509,2054.531,6572.848,9714.33,0.053136,0.89233,83.298,105.182,0.23814,1.12599,0.981727,B,0.0,-0.031605
7282.122,0.65117,177.761,1.2682,18,0.8809,15.856,1.9497,5.91933,1716.712,5565.41,2177.059,0.319567,0.753457,85.807,102.974,0.23574,0.29896,0.884307,B,0.0,-0.002243
8228.476,0.50235,133.41,3.1066,29,0.8242,23.902,2.03547,12.85125,2983.26,5245.217,9267.888,0.014604,0.779753,79.93,100.774,0.36255,1.12632,0.98946,B,-0.001,0.033698
12800.864,0.22588,206.074,3.7458,15,0.8325,12.488,1.90695,6.36258,7646.707,5154.157,28643.215,0.044214,0.495408,83.143,102.515,0.59736,2.2376,0.883075,B,-0.0,-0.042954
8250.328,0.32485,212.117,1.8043,25,0.8733,21.832,1.8987,9.00628,3840.979,4409.349,6930.23,0.028269,0.583207,83.124,103.34,0.46555,0.83999,0.959486,B,0.0,-0.024787
10956.02,0.4888,208.093,2.3012,26,0.7625,19.826,1.90417,8.90094,4093.112,6862.907,9419.24,0.059709,0.744709,83.412,104.243,0.37359,0.85973,0.954364,B,0.001,0.038343
11897.513,0.21695,159.076,4.2816,26,0.8876,23.077,1.98245,12.8025,7366.008,4531.504,31538.51,0.004194,0.562782,80.923,100.791,0.61912,2.65085,0.988032,B,0.001,0.023524
9595.645,0.21427,155.109,1.5562,14,0.6916,9.682,1.98998,4.05609,5487.618,4108.027,8539.746,0.089497,0.380939,81.886,99.381,0.57189,0.88996,0.76113,B,0.0,0.025809
9982.775,0.78121,179.256,3.7986,20,0.6521,13.042,1.94725,6.88044,1297.158,8685.617,4927.375,0.540697,0.81713,88.781,103.465,0.12994,0.49359,0.910065,B,0.0,-0.004001
10867.499,0.32222,181.592,2.175,28,0.6838,19.148,1.94348,8.71589,5186.639,5680.86,11280.979,0.032788,0.586472,82.161,102.051,0.47726,1.03805,0.951436,B,0.0,0.000682
11537.187,0.49767,181.531,3.2917,25,0.7374,18.435,1.94357,9.39605,4259.196,7277.991,14019.822,0.052609,0.758125,82.421,103.181,0.36917,1.21519,0.960974,B,0.0,0.012885
11579.532,0.39987,162.713,3.5469,18,0.8038,14.468,1.97574,7.68506,5077.998,6501.534,18011.119,0.064844,0.661538,81.87,101.63,0.43853,1.55543,0.928886,B,0.0,0.017959
12235.076,0.25001,204.365,1.0927,28,0.7161,20.052,1.90934,6.77167,6931.222,5303.854,7573.809,0.044018,0.519216,83.086,102.602,0.5665,0.61902,0.90026,B,-0.0,-0.053038
8910.967,0.74406,148.918,2.4477,18,0.7064,12.715,2.00217,6.267,1763.062,7147.904,4315.476,0.405729,0.827511,85.797,101.992,0.19785,0.48429,0.892112,B,0.001,-0.000463
7806.766,0.48608,182.812,2.607,26,0.7121,18.515,1.94153,8.87866,2818.537,4988.228,7347.955,0.056235,0.728951,82.515,103.047,0.36104,0.94123,0.958231,B,0.001,0.0386
8438.158,0.69637,176.834,2.9181,18,0.7204,12.967,1.95123,6.45569,1820.598,6617.56,5312.767,0.321181,0.799596,85.795,103.235,0.21576,0.62961,0.900488,B,0.0,-0.035906
8727.036,0.78195,140.186,4.1997,15,0.6276,9.414,2.0204,5.34732,1324.11,7402.926,5560.855,0.762786,0.785379,90.123,101.217,0.15173,0.6372,0.851994,B,0.0,-0.009389
9295.014,0.68552,148.404,3.7058,19,0.635,12.064,2.00321,6.60055,2160.654,7134.36,8007.034,0.286483,0.806371,84.201,101.824,0.23245,0.86143,0.902857,B,0.0,-0.01365
8020.012,0.68559,161.84,1.122,14,0.8787,12.302,1.97734,4.4345,1662.212,6357.8,1865.021,0.65902,0.692531,89.678,101.79,0.20726,0.23255,0.800773,B,-0.0,0.035483
8001.36,0.75349,165.7,4.6165,28,0.7701,21.563,1.97036,12.02078,1472.126,6529.234,6796.092,0.057313,0.910457,81.888,103.424,0.18398,0.84937,0.986006,B,-0.0,-0.014011
11825.201,0.65373,151.652,2.1006,17,0.68,11.56,1.99672,5.41569,3697.316,8127.886,7766.415,0.331337,0.800382,84.933,101.963,0.31266,0.65677,0.841529,B,-0.001,0.017406
9945.449,0.48153,144.293,1.0199,21,0.8637,18.139,2.01167,6.4015,4077.689,5867.76,4158.699,0.12476,0.729462,81.886,101.085,0.41001,0.41815,0.893771,B,0.0,-0.008368
10265.734,0.25423,130.275,3.7187,23,0.7457,17.151,2.04275,9.65478,5918.194,4347.54,22007.695,0.015147,0.57968,79.786,99.259,0.5765,2.1438,0.965653,B,0.0,0.032683
12006.703,0.65804,155.079,3.5189,19,0.722,13.718,1.99004,7.35089,3036.304,8970.399,10684.473,0.210553,0.809506,83.482,102.208,0.25288,0.88988,0.919085,B,0.0,-0.003887
7641.907,0.55255,187.994,4.2748,18,0.6703,12.066,1.9334,6.44678,2516.165,5125.742,10756.187,0.163321,0.743621,84.111,103.379,0.32926,1.40753,0.902679,B,0.0,-0.016263
10624.216,0.24109,201.113,3.3089,18,0.8219,14.793,1.91394,7.37454,5424.242,5199.973,17948.146,0.036412,0.454604,82.879,102.04,0.51055,1.68936,0.922891,B,0.001,-0.04379
10036.031,0.22417,151.663,3.0073,15,0.7937,11.905,1.9967,6.17783,5397.409,4638.622,16231.489,0.048015,0.429141,81.193,99.514,0.5378,1.61732,0.884809,B,0.0,-0.002408
11108.474,0.79469,134.781,1.0888,22,0.6353,13.976,2.03235,5.16673,1377.299,9731.175,1499.616,0.95,0.772708,92.342,100.811,0.12399,0.135,0.851782,B,0.0,0.002381
7533.768,0.70997,141.142,2.8998,22,0.7381,16.237,2.01835,8.47913,1608.909,5924.859,4665.506,0.158302,0.859782,82.187,101.763,0.21356,0.61928,0.952383,B,0.0,-0.031366
12156.076,0.66726,134.57,4.0733,26,0.7326,19.047,2.03283,10.84879,3507.364,8648.712,14286.438,0.055243,0.915451,80.522,101.74,0.28853,1.17525,0.976113,B,0.0,0.033913
9200.29,0.47888,198.028,1.6195,17,0.6632,11.275,1.91838,4.54128,3600.559,5599.731,5831.06,0.243684,0.630114,85.514,103.068,0.39135,0.63379,0.800857,B,0.0,-0.032643
10947.716,0.25906,170.485,4.4674,24,0.7497,17.993,1.96196,9.90812,6125.792,4821.924,27366.182,0.014848,0.569299,81.513,101.41,0.55955,2.49972,0.967929,B,0.0,0.043036
8913.969,0.55337,210.36,3.4783,22,0.7419,16.322,1.90108,8.14405,3205.346,5708.623,11149.146,0.086081,0.815749,83.832,104.804,0.35959,1.25075,0.944064,B,0.0,0.000133
12202.681,0.40336,162.509,3.7876,28,0.8102,22.686,1.97611,12.22478,5665.473,6537.209,21458.512,0.012838,0.741809,81.175,102.149,0.46428,1.75851,0.985223,B,-0.001,-0.020405
8973.374,0.35499,157.389,4.4964,29,0.7353,21.325,1.98563,11.96633,4503.254,4470.12,20248.557,0.010403,0.702137,80.936,101.622,0.50185,2.25652,0.985294,B,0.0,-0.025962
7202.947,0.3168,190.752,4.7164,21,0.6728,14.129,1.92918,7.65987,3655.849,3547.098,17242.31,0.039167,0.602946,82.568,102.573,0.50755,2.39379,0.93725,B,0.0,-0.003579
7903.737,0.2551,131.389,4.0968,27,0.8982,24.252,2.04014,13.8994,4328.255,3575.481,17732.129,0.003367,0.559839,79.684,99.197,0.54762,2.24351,0.992772,B,0.001,-0.023633
10747.103,0.7499,204.088,0.9779,25,0.7882,19.704,1.90973,6.30262,2621.194,8125.909,2563.222,0.346261,0.880099,87.066,104.972,0.2439,0.2385,0.887382,B,0.0,0.030899
11628.055,0.63622,157.235,1.0253,14,0.8729,12.221,1.98592,4.24482,2925.478,8702.577,2999.624,0.600344,0.648276,88.717,101.258,0.25159,0.25796,0.762598,B,0.0,0.03618
9051.974,0.75796,155.893,3.0951,27,0.6527,17.622,1.98847,9.15469,1164.047,7887.927,3602.83,0.232459,0.835507,83.805,102.423,0.1286,0.39802,0.960561,B,0.0,0.022787
7731.456,0.78559,167.547,3.777,15,0.7834,11.751,1.96709,6.28603,1215.734,6515.722,4591.772,0.515836,0.835919,88.013,103.025,0.15725,0.59391,0.896749,B,0.0,0.019337
9644.543,0.68306,182.776,4.5254,22,0.8802,19.365,1.94158,10.52331,2671.689,6972.854,12090.55,0.061337,0.921279,82.581,104.315,0.27702,1.25362,0.975125,B,0.0,-0.015807
11085.474,0.50809,144.043,1.5027,27,0.6959,18.789,2.0122,7.88839,4049.451,7036.023,6085.114,0.090814,0.748241,81.427,101.195,0.36529,0.54893,0.934708,B,0.0,0.030756
10181.088,0.61805,164.521,4.2704,24,0.6287,15.089,1.97247,8.30482,2446.235,7734.853,10446.431,0.141355,0.768806,82.951,102.43,0.24027,1.02606,0.945047,B,0.0,0.032494
12147.549,0.48996,143.366,2.3173,14,0.6539,9.155,2.01362,4.47632,5162.489,6985.06,11962.792,0.256151,0.66277,83.579,100.592,0.42498,0.98479,0.777822,B,0.0,-0.051828
9658.183,0.65238,138.873,2.0202,28,0.8185,22.918,2.02326,10.80309,2805.576,6852.607,5667.823,0.050675,0.898732,80.663,101.888,0.29049,0.58684,0.977436,B,0.0,-0.024333
9669.84,0.64802,218.315,1.4912,18,0.795,14.309,1.89052,5.45489,2341.76,7328.08,3491.975,0.392629,0.729633,88.124,104.551,0.24217,0.36112,0.853271,B,0.0,-0.002165
11799.103,0.28742,189.841,1.2479,29,0.8477,24.583,1.93057,8.97699,6405.308,5393.795,7992.937,0.024106,0.600104,82.338,102.514,0.54286,0.67742,0.95447,B,0.0,0.053875
7511.505,0.21735,138.8,0.9998,23,0.8616,19.817,2.02342,6.98252,4490.464,3021.04,4489.46,0.029211,0.497011,80.376,99.232,0.59781,0.59768,0.919659,B,0.001,-0.035444
7320.704,0.66877,180.22,4.5468,24,0.6812,16.349,1.94569,8.92006,1369.043,5951.661,6224.77,0.144924,0.789263,83.592,103.326,0.18701,0.8503,0.959474,B,0.0,0.034211
8135.819,0.59831,202.837,2.299,20,0.7259,14.518,1.91149,6.55486,2612.01,5523.809,6004.897,0.17742,0.797337,84.797,104.374,0.32105,0.73808,0.904798,B,0.0,-0.018245
12108.281,0.56541,130.913,4.7038,25,0.6904,17.26,2.04125,10.15686,4502.939,7605.342,21181.011,0.046207,0.87281,80.227,101.233,0.37189,1.7493,0.969608,B,0.0,0.057307
11231.055,0.22639,191.218,4.5688,18,0.7092,12.765,1.92848,6.87777,6954.591,4276.464,31774.158,0.034144,0.539035,82.518,102.172,0.61923,2.82913,0.906608,B,0.0,-0.022786
10913.78,0.26082,178.725,1.2781,25,0.7013,17.533,1.94812,6.55983,6603.939,4309.841,8440.699,0.04458,0.592156,82.213,101.955,0.6051,0.7734,0.896574,B,0.0,0.030292
8593.479,0.74782,187.322,1.9759,26,0.7937,20.636,1.93444,9.04036,1807.949,6785.53,3572.287,0.143844,0.908739,83.831,104.439,0.21039,0.4157,0.959532,B,0.0,0.037103
9946.632,0.25574,218.724,2.2369,28,0.6952,19.466,1.88999,8.56326,5819.206,4127.426,13017.175,0.021791,0.585574,83.242,103.616,0.58504,1.3087,0.95015,B,-0.0,0.031997
8390.673,0.57869,139.755,1.6625,28,0.632,17.696,2.02134,7.77607,2867.602,5523.071,4767.374,0.105986,0.824121,81.433,101.447,0.34176,0.56818,0.937407,B,0.0,-0.005903
7469.481,0.63227,172.857,4.6496,25,0.7785,19.463,1.9579,10.76203,2123.867,5345.614,9875.116,0.047524,0.864599,82.034,103.474,0.28434,1.32206,0.978628,B,0.0,-0.018422
8296.842,0.41179,209.475,2.6729,27,0.7642,20.634,1.90228,9.65598,3779.891,4516.951,10103.451,0.029215,0.731947,83.053,104.215,0.45558,1.21775,0.967679,B,0.0,-0.041682
7402.401,0.30071,198.189,4.0416,24,0.6838,16.412,1.91815,8.5697,3958.723,3443.678,15999.766,0.025829,0.616704,82.643,102.986,0.53479,2.16143,0.954065,B,0.0,-0.003849
11533.555,0.63562,207.581,1.9406,16,0.7997,12.796,1.90487,5.44166,3130.001,8403.555,6074.117,0.364754,0.736503,87.422,104.168,0.27138,0.52665,0.844265,B,-0.001,0.034376
7582.918,0.73785,166.173,4.6047,19,0.675,12.825,1.96952,7.14192,1522.166,6060.752,7009.177,0.279934,0.852853,84.846,103.068,0.20074,0.92434,0.923842,B,-0.0,0.019504
11312.203,0.23884,138.654,3.0882,19,0.8906,16.921,2.02374,9.01086,6933.55,4378.653,21412.405,0.01729,0.589658,80.212,99.835,0.61293,1.89286,0.95563,B,-0.0,0.017714
11995.371,0.22391,131.154,4.4826,25,0.8125,20.313,2.04069,11.84652,6608.94,5386.431,29625.245,0.006816,0.490285,79.718,98.724,0.55096,2.46972,0.98323,B,0.0,-0.049337
8855.841,0.3999,178.397,4.0544,14,0.8579,12.01,1.94866,6.42737,4053.294,4802.548,16433.723,0.088966,0.662325,82.787,102.403,0.4577,1.85569,0.898176,B,-0.001,-0.002142
12614.33,0.65925,133.167,4.6278,28,0.7946,22.25,2.03603,13.00856,3113.72,9500.61,14409.544,0.030345,0.865364,80.126,101.324,0.24684,1.14232,0.988638,B,0.0,0.025347
7737.351,0.78826,176.751,4.6842,15,0.6227,9.341,1.95137,5.14599,1217.093,6520.258,5701.053,0.771264,0.79143,91.733,103.177,0.1573,0.73682,0.84609,B,0.0,0.016495
12128.66,0.70376,168.841,2.9006,28,0.6669,18.673,1.96482,9.37826,2864.87,9263.791,8309.745,0.118984,0.884601,82.824,103.41,0.23621,0.68513,0.960064,B,-0.001,0.033287
9943.143,0.40699,200.299,4.3341,20,0.8312,16.624,1.9151,8.77647,4343.456,5599.688,18824.792,0.0431,0.689245,82.941,103.554,0.43683,1.89324,0.95374,B,-0.001,-0.00014
10767.492,0.72912,169.323,2.6082,25,0.8206,20.516,1.96398,10.00972,2163.378,8604.114,5642.43,0.111728,0.88436,82.747,103.432,0.20092,0.52402,0.969212,B,0.0,-0.050387
10214.344,0.78052,131.925,4.6839,29,0.8349,24.213,2.03889,14.21475,1783.404,8430.94,8353.333,0.031077,0.939051,80.076,101.733,0.1746,0.8178,0.993048,B,-0.0,-0.005705
9171.532,0.29758,178.5,4.3789,15,0.7993,11.989,1.94849,6.51045,3923.093,5248.439,17178.765,0.069484,0.468082,82.533,101.126,0.42775,1.87305,0.900124,B,0.0,-0.027525
12077.672,0.49416,154.016,2.6972,23,0.7509,17.27,1.99209,8.68298,4731.504,7346.168,12761.753,0.064161,0.771109,81.506,101.898,0.39176,1.05664,0.949135,B,0.0,0.028107
10929.185,0.45324,159.651,2.4341,17,0.6504,11.056,1.98138,5.35856,4565.736,6363.449,11113.453,0.170934,0.655795,83.147,101.434,0.41776,1.01686,0.842449,B,0.0,-0.013745
7958.598,0.51835,159.659,2.9375,27,0.6644,17.94,1.98137,9.1517,2749.155,5209.443,8075.709,0.057244,0.761692,81.647,102.134,0.34543,1.01471,0.961852,B,0.0,-0.024413
10803.468,0.43026,192.653,3.5909,16,0.7803,12.485,1.92632,6.40228,4583.044,6220.424,16457.34,0.11049,0.665867,83.574,103.072,0.42422,1.52334,0.891062,B,0.0,-0.055457
9808.248,0.77645,186.431,1.9936,18,0.8925,16.064,1.93582,7.0664,1628.439,8179.809,3246.429,0.392023,0.852976,87.075,104.03,0.16603,0.33099,0.916174,B,0.0,0.047856
11535.222,0.40413,166.534,4.5104,22,0.8572,18.859,1.96888,10.45793,5180.076,6355.146,23364.368,0.024218,0.713804,81.484,102.168,0.44907,2.02548,0.97309,B,0.0,-0.050449
11394.372,0.59392,135.328,4.5251,27,0.7709,20.813,2.03112,12.07857,3698.175,7696.197,16734.548,0.027813,0.865938,80.195,101.459,0.32456,1.46867,0.984801,B,0.0,0.058639
9618.272,0.21361,132.887,2.7354,15,0.6075,9.112,2.03667,4.74647,5559.431,4058.841,15207.132,0.069377,0.411174,80.628,98.309,0.57801,1.58107,0.812276,B,0.0,-0.027452
10377.432,0.66761,192.787,2.7563,16,0.6898,11.037,1.92611,5.30887,2910.182,7467.25,8021.478,0.375506,0.781448,87.077,103.84,0.28043,0.77297,0.842266,B,0.0,0.018997
8185.755,0.49221,152.601,2.0179,16,0.7847,12.555,1.99485,5.79701,3265.31,4920.445,6589.01,0.153396,0.71705,82.624,101.465,0.3989,0.80494,0.875683,B,0.0,0.019889
8844.887,0.24753,135.597,3.9521,20,0.7413,14.826,2.03052,8.38058,5176.335,3668.552,20457.364,0.021733,0.566142,80.128,99.497,0.58523,2.3129,0.948618,B,0.0,-0.043776
8834.778,0.76083,132.37,2.0004,27,0.8537,23.049,2.03786,10.93971,1522.022,7312.757,3044.707,0.092627,0.899902,80.91,101.503,0.17228,0.34463,0.979026,B,-0.001,0.019164
12255.37,0.24108,175.121,2.0143,25,0.8583,21.457,1.95408,9.60581,7040.144,5215.225,14180.843,0.015532,0.545563,81.697,101.477,0.57445,1.15711,0.96299,B,0.001,-0.056714
9634.717,0.20598,149.27,3.9868,20,0.8877,17.754,2.00146,9.84854,6227.374,3407.343,24827.547,0.010036,0.564083,80.589,100.273,0.64635,2.57688,0.968508,B,0.0,0.036821
9451.076,0.55501,180.699,4.5289,28,0.8223,23.025,1.94491,12.5464,3408.409,6042.666,15436.345,0.018747,0.857498,81.944,103.798,0.36064,1.63329,0.987819,B,0.001,-0.029762
9492.08,0.60912,219.721,3.5155,25,0.8204,20.51,1.8887,10.15399,2950.074,6542.006,10370.876,0.055223,0.85889,83.713,105.459,0.31079,1.09258,0.971823,B,0.0,0.0403
9185.13,0.58151,139.975,4.2526,19,0.8193,15.566,2.02086,8.86608,3003.513,6181.616,12772.768,0.07791,0.826197,81.073,101.474,0.327,1.39059,0.956189,B,0.001,0.008654
7437.19,0.78212,210.549,4.3512,21,0.8807,18.495,1.90082,9.6592,1034.439,6402.75,4501.085,0.176607,0.879952,85.033,105.235,0.13909,0.60521,0.968593,B,0.001,-0.026794
9270.956,0.20892,206.081,2.9933,29,0.835,24.215,1.90694,11.71666,5613.048,3657.908,16801.396,0.005589,0.520928,82.634,102.684,0.60544,1.81226,0.983803,B,0.0,0.010104
7802.552,0.61347,208.562,3.0224,18,0.7323,13.182,1.90352,6.37586,2061.398,5741.154,6230.451,0.232864,0.750133,85.713,104.298,0.2642,0.79851,0.899716,B,-0.0,-0.022882
11818.557,0.44423,201.141,1.9186,25,0.6823,17.056,1.9139,7.27842,4666.517,7152.039,8953.096,0.092876,0.673473,83.626,103.486,0.39485,0.75755,0.917448,B,0.001,0.044982
12596.485,0.3295,163.036,1.2835,17,0.6594,11.21,1.97515,4.28864,6049.703,6546.782,7764.839,0.16484,0.481662,83.203,100.459,0.48027,0.61643,0.759735,B,0.0,-0.027347
9450.436,0.63691,136.844,3.3621,26,0.6398,16.636,2.02773,9.06408,2741.983,6708.452,9218.903,0.090465,0.860267,81.094,101.513,0.29014,0.9755,0.958789,B,0.001,-0.036176
10301.999,0.36652,204.204,4.2845,21,0.6884,14.455,1.90956,7.58137,5071.526,5230.473,21729.082,0.052894,0.670614,83.198,103.595,0.49229,2.10921,0.928956,B,0.0,0.006957
8711.521,0.58036,212.499,1.0154,16,0.7612,12.179,1.89819,3.93238,2477.078,6234.442,2515.156,0.495447,0.614098,89.303,103.559,0.28435,0.28872,0.757258,B,0.001,-0.0009
12401.939,0.75113,190.136,4.2177,20,0.8726,17.452,1.93012,9.2768,2088.714,10313.226,8809.523,0.185971,0.865596,84.484,104.279,0.16842,0.71033,0.958302,B,-0.001,-0.058963
9672.763,0.32049,133.891,1.1817,14,0.8484,11.877,2.03438,4.56881,5141.582,4531.18,6075.898,0.120646,0.547259,81.353,99.268,0.53155,0.62815,0.799902,B,0.001,-0.016524
11902.67,0.7623,204.076,1.2996,20,0.7813,15.626,1.90974,5.71329,2353.85,9548.82,3058.95,0.551651,0.814232,89.777,104.537,0.19776,0.257,0.85689,B,0.0,-0.053172
10674.027,0.69178,133.373,1.9738,28,0.8259,23.125,2.03556,10.9096,2584.537,8089.49,5101.437,0.06402,0.892343,80.58,101.514,0.24213,0.47793,0.977592,B,0.0,0.016564
10333.265,0.68577,137.628,2.8978,16,0.8832,14.131,2.02599,7.41781,2365.786,7967.479,6855.634,0.225544,0.822423,82.913,101.31,0.22895,0.66345,0.924701,B,0.0,0.01632
12021.498,0.64544,183.768,2.2166,15,0.8763,13.145,1.94001,6.00288,3348.197,8673.301,7421.573,0.300689,0.778527,85.776,103.418,0.27852,0.61736,0.870248,B,0.0,-0.009346
10112.047,0.27023,132.877,0.905,18,0.7276,13.097,2.0367,4.42584,5914.225,4197.823,5352.58,0.09849,0.512192,81.012,98.975,0.58487,0.52933,0.786835,B,-0.001,-0.004917
11100.445,0.40803,198.449,1.0049,18,0.7491,13.484,1.91777,4.40081,4748.385,6352.06,4771.86,0.211179,0.555176,85.099,102.591,0.42777,0.42988,0.778604,B,0.0,0.044115
11512.365,0.73673,152.233,3.23,29,0.6778,19.655,1.99557,10.36995,2135.7,9376.665,6898.362,0.110139,0.879449,82.037,102.517,0.18551,0.59921,0.972266,B,-0.0,-0.017853
7235.466,0.52922,161.979,0.9183,17,0.6848,11.642,1.97708,3.79899,2720.512,4514.954,2498.374,0.341503,0.64233,85.492,101.466,0.376,0.3453,0.757371,B,0.0,-9.6e-05
8583.643,0.43502,208.708,1.5018,20,0.7292,14.585,1.90332,5.6349,3312.505,5271.138,4974.849,0.15019,0.614007,84.626,103.406,0.38591,0.57957,0.866764,B,0.0,0.035622
7546.446,0.2866,198.067,4.4696,27,0.7303,19.718,1.91832,10.49705,4076.504,3469.943,18220.327,0.012472,0.608642,82.463,102.928,0.54019,2.41442,0.976492,B,-0.001,0.016218
9751.692,0.2578,172.861,3.064,16,0.6128,9.806,1.95789,4.967,5618.602,4133.089,17215.598,0.078071,0.502129,82.437,101.082,0.57617,1.7654,0.825517,B,0.001,-0.007526
7271.638,0.78416,197.079,2.7507,24,0.6632,15.916,1.91976,7.61288,835.484,6436.154,2298.138,0.436347,0.82931,88.025,104.342,0.1149,0.31604,0.936066,B,-0.0,-0.000157
12126.262,0.77564,157.386,4.152,19,0.6501,12.353,1.98563,6.82858,2352.2,9774.062,9766.381,0.389762,0.868498,85.943,102.72,0.19398,0.80539,0.902526,B,0.0,0.062382
12010.982,0.77678,138.336,3.2036,16,0.6575,10.521,2.02443,5.65486,2018.119,9992.863,6465.235,0.677355,0.796864,88.91,101.183,0.16802,0.53828,0.853484,B,0.0,-0.045179
9156.509,0.29406,181.706,2.5881,16,0.8765,14.024,1.94329,6.72067,4974.352,4182.157,12874.336,0.050204,0.584109,82.395,102.041,0.54326,1.40603,0.907252,B,0.0,-0.004874
11478.953,0.45633,204.581,3.8625,23,0.7283,16.751,1.90903,8.60358,4269.574,7209.378,16491.205,0.063079,0.68923,83.344,103.733,0.37195,1.43665,0.948586,B,0.001,-0.049435
7079.789,0.74781,162.324,4.7422,18,0.6324,11.383,1.97645,6.40453,1332.251,5747.538,6317.778,0.385388,0.831814,86.086,102.734,0.18818,0.89237,0.903022,B,0.0,0.02089
12295.692,0.4737,164.054,4.2612,17,0.6839,11.626,1.97331,6.40042,4425.245,7870.448,18856.861,0.149748,0.655844,83.044,101.661,0.3599,1.53362,0.886226,B,-0.001,0.011614
10080.515,0.33095,198.682,1.9186,24,0.7169,17.206,1.91743,7.36317,4940.861,5139.654,9479.592,0.051436,0.599658,82.998,102.895,0.49014,0.94039,0.923823,B,0.0,-0.026325
11105.713,0.49427,148.206,2.3539,29,0.6563,19.031,2.00361,9.28242,4230.968,6874.744,9959.147,0.052034,0.766437,81.098,101.549,0.38097,0.89676,0.959893,B,0.001,0.008408
9565.933,0.5668,167.1,3.5207,28,0.6373,17.844,1.96787,9.40747,2946.036,6619.898,10372.159,0.067493,0.789001,82.077,102.693,0.30797,1.08428,0.963327,B,-0.001,0.027875
8266.4,0.69039,216.635,2.043,25,0.651,16.274,1.89271,6.97109,1944.016,6322.384,3971.595,0.242599,0.828079,86.093,105.135,0.23517,0.48045,0.917362,B,0.0,-0.009862
7598.372,0.66063,177.871,4.7789,23,0.7409,17.04,1.94952,9.40716,1761.87,5836.501,8419.775,0.098246,0.830399,82.89,103.487,0.23187,1.1081,0.965517,B,0.001,-0.00878
11761.017,0.68643,173.146,2.975,23,0.8202,18.864,1.95741,9.48241,1849.104,9911.912,5501.168,0.166372,0.783444,83.614,102.952,0.15722,0.46775,0.961893,B,0.001,0.047784
10532.961,0.68518,190.579,3.8243,23,0.8427,19.383,1.92945,10.09832,1942.607,8590.354,7429.109,0.110125,0.815223,83.499,103.966,0.18443,0.70532,0.970358,B,0.0,-0.009537
12235.657,0.51664,130.987,1.258,17,0.6013,10.221,2.04108,4.06298,4639.573,7596.084,5836.412,0.350708,0.617989,84.25,99.556,0.37918,0.477,0.7426,B,0.0,-0.00189
10096.481,0.39127,187.389,2.121,27,0.8178,22.079,1.93434,9.89974,4683.445,5413.036,9933.816,0.026457,0.706906,82.283,103.109,0.46387,0.98389,0.968634,B,0.0,0.03259
11167.237,0.25431,218.854,2.7525,17,0.6185,10.515,1.88982,4.90902,6116.398,5050.839,16835.54,0.086214,0.457873,84.096,102.778,0.54771,1.50758,0.814321,B,-0.0,-0.021901
7483.381,0.27496,145.978,1.938,24,0.6261,15.026,2.00817,6.91068,4090.956,3392.425,7928.178,0.0414,0.556602,80.86,100.04,0.54667,1.05944,0.917688,B,0.0,0.034322
12150.767,0.73129,153.751,3.0285,25,0.7979,19.947,1.9926,10.33849,2848.169,9302.598,8625.709,0.089084,0.927912,81.823,102.919,0.2344,0.70989,0.971446,B,0.0,0.015797
8777.39,0.58499,174.807,2.5579,27,0.8925,24.098,1.95461,11.61098,2494.16,6283.23,6379.884,0.034077,0.803683,81.93,103.166,0.28416,0.72685,0.983447,B,0.0,-0.03325
10830.055,0.24258,167.079,2.8479,15,0.6161,9.241,1.96791,4.63015,6779.228,4050.827,19306.774,0.078558,0.517079,82.223,100.897,0.62596,1.7827,0.797285,B,0.0,-0.005426
9589.967,0.48628,217.526,4.7209,18,0.7931,14.276,1.89155,7.50891,2914.205,6675.761,13757.613,0.114137,0.648727,84.424,103.986,0.30388,1.43458,0.928674,B,0.001,0.04413
11235.28,0.69812,148.098,3.6805,28,0.7041,19.715,2.00383,10.77527,2635.723,8599.557,9700.702,0.071047,0.890321,81.344,102.361,0.23459,0.86341,0.976126,B,0.0,-0.052726
10494.769,0.26371,215.949,2.4897,23,0.7034,16.178,1.89361,7.36956,5908.693,4586.076,14711.025,0.036042,0.557034,83.345,103.319,0.56301,1.40175,0.923051,B,0.0,0.014161
7061.407,0.69376,131.637,3.6422,25,0.7353,18.382,2.03956,10.27898,1549.895,5511.513,5645.069,0.078937,0.866654,80.694,101.238,0.21949,0.79943,0.975026,B,-0.001,0.002871
9745.231,0.47403,184.199,4.5209,22,0.6857,15.086,1.93933,8.18233,3882.963,5862.269,17554.545,0.067354,0.743394,82.711,103.206,0.39845,1.80135,0.943385,B,-0.001,0.02316
12884.584,0.25666,215.222,1.5349,28,0.728,20.384,1.89457,7.88668,6901.741,5982.843,10593.225,0.03294,0.514747,83.282,103.011,0.53566,0.82216,0.931254,B,0.0,-0.036505
9345.2,0.47009,196.308,2.6542,17,0.8451,14.368,1.92089,6.81234,3935.871,5409.329,10446.511,0.100835,0.738755,83.571,103.711,0.42117,1.11785,0.909658,B,0.0,0.04267
9540.077,0.79309,143.431,3.748,23,0.6797,15.634,2.01348,8.63716,1432.378,8107.699,5368.592,0.25346,0.888429,83.546,102.085,0.15014,0.56274,0.952017,B,0.0,-0.025775
12294.03,0.30398,138.394,1.2529,26,0.7146,18.581,2.02431,7.28737,6725.932,5568.098,8427.238,0.046344,0.615197,80.583,99.988,0.54709,0.68547,0.916593,B,0.0,-0.044539
12236.053,0.35607,149.896,0.9398,17,0.6049,10.283,2.00021,3.45373,6227.438,6008.615,5852.829,0.222889,0.494103,83.426,99.846,0.50894,0.47833,0.681419,B,0.0,-0.010734
7445.939,0.65749,170.132,3.7993,18,0.8436,15.184,1.96257,8.1047,1821.325,5624.614,6919.838,0.1455,0.823279,83.224,103.069,0.24461,0.92934,0.94587,B,0.0,0.001056
10598.1,0.26652,134.269,3.6382,17,0.7601,12.922,2.03352,7.19447,5297.308,5300.792,19272.829,0.043756,0.489128,80.356,98.908,0.49984,1.81852,0.917938,B,0.0,0.050814
11376.299,0.3523,158.73,4.02,22,0.6587,14.491,1.9831,7.94528,5707.827,5668.472,22945.461,0.045322,0.661408,81.452,101.424,0.50173,2.01695,0.935455,B,0.0,0.007274
7212.794,0.6693,161.368,3.8278,29,0.8811,25.551,1.9782,13.81998,1664.394,5548.4,6370.95,0.02108,0.86375,81.238,102.896,0.23076,0.88328,0.992732,B,0.0,0.007099
11507.53,0.25832,218.134,2.773,20,0.8784,17.569,1.89075,8.22474,6173.287,5334.243,17118.662,0.028291,0.52453,83.31,103.19,0.53646,1.48761,0.941248,B,0.0,0.006206
9991.258,0.70874,132.778,1.0479,28,0.8905,24.934,2.03692,9.0772,1878.161,8113.098,1968.197,0.157217,0.836417,81.782,101.109,0.18798,0.19699,0.958301,B,-0.001,-0.007733
7714.417,0.31857,163.41,4.1276,17,0.8845,15.036,1.97448,8.23405,3642.406,4072.011,15034.436,0.035211,0.572038,81.506,101.075,0.47216,1.94888,0.947814,B,0.0,-0.015962
12315.116,0.7251,174.963,3.4381,27,0.8818,23.809,1.95435,12.35877,2352.408,9962.708,8087.812,0.053693,0.883637,82.194,103.701,0.19102,0.65674,0.985855,B,0.0,-0.03464
9891.173,0.39117,212.096,4.5915,14,0.8585,12.019,1.89873,6.32812,4999.854,4891.318,22957.01,0.084206,0.704948,83.862,104.143,0.50549,2.32096,0.891186,B,0.001,-0.012405
8264.65,0.24209,158.175,2.6035,18,0.7624,13.723,1.98414,6.79336,4874.712,3389.937,12691.477,0.036092,0.538304,81.307,100.582,0.58983,1.53563,0.912064,B,0.001,0.034366
8330.29,0.69739,153.27,3.3699,20,0.7136,14.272,1.99354,7.59318,1777.936,6552.354,5991.506,0.217628,0.82757,83.5,102.23,0.21343,0.71924,0.933397,B,0.0,0.000688
12439.249,0.59566,146.855,3.7442,22,0.7944,17.476,2.00637,9.60389,4269.711,8169.538,15986.476,0.064601,0.873204,81.205,102.179,0.34325,1.28516,0.962774,B,0.0,0.062199
11485.117,0.51563,215.98,2.3749,22,0.6848,15.066,1.89357,6.76885,4121.255,7363.862,9787.461,0.140439,0.725606,84.724,104.433,0.35883,0.85219,0.902266,B,0.0,0.023497
8296.162,0.35554,172.81,4.7035,17,0.7374,12.536,1.95798,6.94619,3982.308,4313.854,18730.803,0.061803,0.626709,82.221,101.902,0.48002,2.25777,0.916561,B,0.0,-0.03227
11994.966,0.48377,153.447,2.6049,25,0.888,22.2,1.99319,11.06463,4517.965,7477.001,11768.763,0.028319,0.75898,81.009,101.787,0.37666,0.98114,0.977951,B,0.0,-0.033768
10900.49,0.23654,137.313,2.4693,20,0.7223,14.446,2.02669,7.26327,6196.194,4704.296,15300.114,0.033633,0.5038,80.365,99.188,0.56843,1.40362,0.919177,B,-0.0,-0.019013
11906.137,0.24843,148.947,4.7956,17,0.6022,10.237,2.00212,5.88017,6974.919,4931.217,33448.621,0.05725,0.518835,81.199,99.956,0.58583,2.80936,0.864996,B,0.001,0.03953
12810.592,0.61496,147.711,1.593,23,0.6881,15.826,2.00462,6.76152,3623.547,9187.045,5772.367,0.221139,0.770287,83.308,101.547,0.28286,0.45059,0.898285,B,0.0,0.032764
8248.094,0.43023,144.216,1.4013,25,0.7302,18.256,2.01183,7.4471,3390.409,4857.686,4750.97,0.073176,0.679431,81.201,100.75,0.41105,0.57601,0.930085,B,-0.001,0.018456
12391.779,0.57588,167.195,3.0351,25,0.6786,16.964,1.96771,8.63697,3967.296,8424.483,12041.246,0.093804,0.802905,82.428,102.789,0.32016,0.97171,0.947851,B,0.0,-0.030067
9369.032,0.36032,187.422,2.9724,21,0.7218,15.157,1.93428,7.48259,4219.695,5149.337,12542.514,0.057204,0.608716,82.69,102.463,0.45039,1.33872,0.928497,B,0.0,-0.017644
12400.426,0.23297,158.266,2.4404,22,0.6325,13.914,1.98397,6.76179,7743.15,4657.275,18896.038,0.037515,0.557934,81.33,100.716,0.62443,1.52382,0.899449,B,0.001,-0.009097
12287.159,0.71037,204.566,1.7271,27,0.6205,16.753,1.90906,6.86053,3322.817,8964.342,5738.874,0.254348,0.879402,85.869,104.988,0.27043,0.46706,0.903172,B,0.0,0.016997
8168.34,0.39582,150.922,2.012,18,0.6722,12.1,1.99816,5.59496,3460.722,4707.618,6963.105,0.124586,0.595211,82.172,100.569,0.42368,0.85245,0.866647,B,0.0,0.00881
10842.001,0.25621,141.752,1.7689,15,0.7138,10.706,2.01704,4.79901,6366.063,4475.938,11260.953,0.083406,0.501977,81.226,99.437,0.58717,1.03864,0.808852,B,0.0,0.043296
9204.739,0.67604,218.798,3.5859,25,0.8254,20.634,1.88989,10.27004,1940.686,7264.053,6959.106,0.085994,0.833683,84.091,105.257,0.21084,0.75604,0.973181,B,0.0,-0.033096
7360.697,0.36597,155.644,2.8559,26,0.817,21.241,1.98895,10.81776,3583.519,3777.178,10234.312,0.0157,0.698288,80.934,101.504,0.48685,1.3904,0.979115,B,0.0,-0.025038
9759.942,0.63398,160.483,4.0916,16,0.6838,10.942,1.97984,6.00548,2357.762,7402.18,9647.073,0.318445,0.73449,85.128,101.997,0.24158,0.98844,0.878659,B,-0.0,-0.036679
7620.069,0.62154,211.983,2.8551,15,0.8004,12.005,1.89888,5.70162,2117.615,5502.454,6046.101,0.282325,0.752091,86.473,104.449,0.2779,0.79344,0.873769,B,0.0,-0.0241
9063.301,0.66261,216.41,4.4478,19,0.8856,16.826,1.89301,8.76659,2422.791,6640.51,10776.026,0.112022,0.863498,84.362,105.36,0.26732,1.18897,0.954807,B,0.0,-0.039122
7569.682,0.57567,167.173,3.4104,26,0.7423,19.299,1.96774,10.10147,2431.617,5138.065,8292.782,0.048419,0.825187,81.828,102.935,0.32123,1.09553,0.972981,B,0.0,0.03793
9195.094,0.61827,218.592,1.2267,18,0.7681,13.825,1.89016,4.8492,2431.912,6763.181,2983.34,0.417908,0.690322,88.466,104.302,0.26448,0.32445,0.821231,B,0.001,-0.037347
10671.042,0.64132,191.818,0.9184,24,0.6702,16.084,1.92757,5.05304,2969.559,7701.483,2727.139,0.401022,0.733977,87.381,103.485,0.27828,0.25556,0.825989,B,-0.0,-0.017222
7224.392,0.55654,152.347,2.9699,15,0.821,12.314,1.99535,6.36408,2355.437,4868.955,6995.349,0.168696,0.74416,82.815,101.63,0.32604,0.9683,0.901171,B,0.0,0.028771
9817.533,0.72117,153.547,1.456,26,0.8224,21.382,1.993,8.74194,2127.293,7690.24,3097.288,0.15525,0.877722,82.688,102.576,0.21668,0.31549,0.953354,B,0.0,-0.044798
7784.89,0.36094,138.91,3.8206,21,0.6972,14.641,2.02317,8.17679,3749.234,4035.656,14324.259,0.039993,0.659103,80.523,100.308,0.4816,1.84001,0.946637,B,0.0,0.022105
11031.836,0.7623,154.72,4.0023,20,0.878,17.559,1.99073,9.67279,2270.696,8761.14,9087.975,0.129289,0.926363,82.395,102.96,0.20583,0.8238,0.96509,B,0.0,-0.003366
9943.185,0.57917,217.012,3.0342,25,0.8827,22.067,1.89222,10.5848,3584.107,6359.077,10875.066,0.039472,0.883354,83.423,105.515,0.36046,1.09372,0.975434,B,0.001,0.006481
8266.392,0.64297,205.36,3.1468,14,0.6047,8.466,1.90795,4.15044,2008.656,6257.736,6320.93,0.586851,0.660987,90.283,103.579,0.24299,0.76465,0.778219,B,0.0,-0.021863
10598.174,0.34458,141.616,1.0834,21,0.7674,16.115,2.01733,5.88102,5646.927,4951.248,6117.772,0.084042,0.641718,81.228,100.352,0.53282,0.57725,0.870045,B,-0.001,0.034794
10408.603,0.58251,206.13,4.3003,20,0.8944,17.888,1.90688,9.36795,3280.384,7128.219,14106.785,0.070486,0.818138,83.492,104.648,0.31516,1.3553,0.961864,B,0.0,0.027351
7449.666,0.49878,158.899,3.8609,18,0.6264,11.275,1.98278,6.13029,2689.523,4760.143,10383.873,0.149274,0.696261,82.831,101.662,0.36103,1.39387,0.891954,B,0.0,-0.033374
10221.978,0.20262,208.348,4.0391,26,0.8832,22.963,1.90382,11.85097,6356.885,3865.093,25676.252,0.005182,0.52734,82.701,102.819,0.62188,2.51187,0.984096,B,0.0,0.017662
11135.833,0.59312,191.563,4.1985,28,0.882,24.696,1.92796,13.09352,2714.813,8421.02,11398.259,0.025729,0.776035,82.418,103.751,0.24379,1.02357,0.989425,B,0.0,0.02959
11560.44,0.71496,136.737,4.6229,27,0.6396,17.268,2.02797,10.03773,2662.03,8898.41,12306.303,0.09686,0.899863,81.173,101.768,0.23027,1.06452,0.968804,B,0.0,0.058039
12168.481,0.58458,152.657,1.2043,20,0.8787,17.575,1.99474,6.6301,3674.197,8494.284,4424.797,0.202532,0.749836,83.275,101.684,0.30194,0.36363,0.895389,B,0.0,-0.011781
10799.401,0.57145,135.597,4.2438,29,0.7077,20.524,2.03052,11.76451,3539.71,7259.691,15021.679,0.029071,0.835901,80.225,101.277,0.32777,1.39097,0.983326,B,0.0,0.031825
8272.685,0.68492,211.417,1.8638,18,0.6092,10.966,1.89965,4.57953,2069.303,6203.382,3856.794,0.522696,0.739033,89.628,104.34,0.25014,0.46621,0.809108,B,0.0,0.007
9731.311,0.36724,155.976,0.9704,18,0.7762,13.972,1.98831,4.72936,4295.887,5435.424,4168.935,0.157643,0.532891,82.821,100.43,0.44145,0.4284,0.810501,B,0.0,0.021607
7620.144,0.31545,217.538,4.6543,22,0.6622,14.569,1.89153,7.64388,4361.903,3258.241,20301.46,0.03525,0.690564,83.383,104.263,0.57242,2.66418,0.936036,B,0.0,-0.006594
12763.322,0.35198,173.864,3.5309,19,0.6476,12.305,1.9562,6.4345,6658.513,6104.809,23510.441,0.076848,0.652069,82.459,102.12,0.52169,1.84203,0.8861,B,0.0,-0.016029
12333.458,0.24961,182.071,3.4104,26,0.8145,21.176,1.94271,10.87398,6831.865,5501.592,23299.137,0.010723,0.54625,81.887,101.808,0.55393,1.8891,0.976204,B,0.001,0.051733
12946.998,0.37211,191.208,1.6311,18,0.8104,14.587,1.92849,5.93885,6067.214,6879.784,9895.979,0.108124,0.604919,83.494,102.606,0.46862,0.76435,0.863834,B,0.0,-0.016078
7007.495,0.78282,148.694,4.7209,26,0.6864,17.847,2.00263,10.22736,967.208,6040.286,4566.129,0.143967,0.885119,82.332,102.36,0.13802,0.65161,0.974616,B,0.001,-0.010702
8296.372,0.65609,182.831,3.2319,14,0.8498,11.897,1.94149,6.0282,2300.769,5995.603,7435.85,0.2722,0.803402,85.366,103.54,0.27732,0.89628,0.884943,B,0.0,0.017942
12372.512,0.50149,207.0,4.037,18,0.8589,15.46,1.90567,7.98982,4474.503,7898.009,18063.482,0.090647,0.734241,83.786,104.13,0.36165,1.45997,0.934629,B,0.0,0.048743
8612.123,0.72714,159.154,1.9901,16,0.8806,14.09,1.98231,6.41664,1491.076,7121.047,2967.379,0.426002,0.7902,86.494,102.296,0.17314,0.34456,0.898567,B,0.0,-0.033579
11765.27,0.29721,208.129,2.7755,26,0.833,21.658,1.90412,10.2535,6055.748,5709.522,16807.473,0.016801,0.594621,82.847,103.254,0.51471,1.42857,0.970903,B,0.0,0.011593
7393.58,0.66581,198.919,1.815,29,0.887,25.722,1.91709,10.79336,1636.875,5756.704,2970.978,0.063417,0.837094,83.164,104.472,0.22139,0.40183,0.978913,B,0.001,0.01142
10973.953,0.42161,219.151,2.6467,26,0.8389,21.811,1.88944,10.07238,4973.568,6000.385,13163.542,0.028189,0.747714,83.339,104.703,0.45322,1.19953,0.969698,B,-0.0,-0.043454
11198.435,0.49756,143.5,0.9451,22,0.678,14.915,2.01333,5.07156,4159.954,7038.481,3931.725,0.23516,0.652651,83.308,100.533,0.37148,0.3511,0.824431,B,0.0,-0.033127
7467.853,0.47251,191.975,1.49,15,0.8596,12.895,1.92733,5.06279,2515.59,4952.263,3748.249,0.220342,0.600603,85.001,102.611,0.33686,0.50192,0.842917,B,0.0,0.001075
7996.62,0.6064,176.242,3.2625,17,0.6906,11.74,1.95221,6.01123,2028.975,5967.644,6619.549,0.273994,0.719411,85.15,102.678,0.25373,0.82779,0.885355,B,0.001,0.034654
9405.555,0.76167,190.468,1.6246,25,0.6823,17.056,1.92961,6.93986,1784.628,7620.927,2899.368,0.347464,0.858671,86.628,104.248,0.18974,0.30826,0.913443,B,0.0,-0.033915
8702.72,0.50555,173.875,1.2099,27,0.7482,20.202,1.95618,7.42138,2990.648,5712.072,3618.339,0.105278,0.715112,82.835,102.536,0.34365,0.41577,0.928437,B,-0.0,0.039424
9411.779,0.57193,167.13,1.7468,27,0.729,19.683,1.96782,8.47329,2686.371,6725.407,4692.484,0.101426,0.759865,82.527,102.502,0.28543,0.49858,0.949382,B,0.001,0.009508
10972.526,0.49058,147.43,4.5731,29,0.6646,19.274,2.00519,11.00334,4347.033,6625.493,19879.349,0.027088,0.794687,80.735,101.693,0.39617,1.81174,0.978125,B,-0.0,-0.043781
7552.924,0.78399,200.172,3.9729,21,0.8255,17.336,1.91528,9.00049,1436.487,6116.437,5707.022,0.163647,0.92968,84.528,105.136,0.19019,0.7556,0.960301,B,0.0,0.010949
7485.767,0.79449,165.141,3.7192,21,0.6051,12.707,1.97136,6.79691,1259.413,6226.354,4684.029,0.404525,0.873368,86.45,103.151,0.16824,0.62572,0.914338,B,0.0,0.00464
9773.075,0.68808,171.312,1.2098,24,0.6991,16.779,1.96054,6.18443,2793.501,6979.574,3379.668,0.274473,0.853616,84.971,103.327,0.28584,0.34581,0.88598,B,0.0,0.040806
11772.458,0.31772,144.957,3.3831,20,0.8395,16.79,2.01029,9.04941,6474.064,5298.394,21902.6,0.025627,0.674624,80.607,100.761,0.54993,1.8605,0.955643,B,0.0,0.010764
12861.672,0.21797,132.152,2.0407,24,0.7119,17.086,2.03837,8.16635,8224.112,4637.56,16783.067,0.021236,0.566854,79.957,99.291,0.63943,1.30489,0.937704,B,0.0,-0.008033
11240.871,0.56963,195.126,2.6637,16,0.7261,11.617,1.92263,5.52142,3405.398,7835.473,9070.92,0.282372,0.694469,85.927,103.368,0.30295,0.80696,0.849824,B,0.0,0.055205
7520.657,0.42834,207.804,1.7093,18,0.8273,14.891,1.90456,6.05243,3184.368,4336.289,5443.072,0.112582,0.660225,84.101,103.674,0.42342,0.72375,0.888713,B,0.0,-0.030704
8142.124,0.59881,193.411,1.1525,29,0.6485,18.806,1.92518,6.59543,2483.764,5658.36,2862.543,0.184282,0.780766,84.574,103.863,0.30505,0.35157,0.906121,B,0.0,0.017171
10443.801,0.39049,140.569,4.2842,14,0.895,12.53,2.01958,7.14044,4787.13,5656.671,20508.791,0.07092,0.660935,81.007,100.418,0.45837,1.96373,0.916752,B,0.0,0.004746
7987.601,0.34171,196.543,4.6866,19,0.8462,16.077,1.92055,8.6471,4060.069,3927.532,19027.742,0.030628,0.663295,82.652,103.223,0.5083,2.38216,0.954441,B,-0.0,-0.020994
7721.102,0.27487,185.493,1.0309,16,0.8799,14.078,1.93729,4.72562,4256.856,3464.246,4388.31,0.088849,0.503452,83.04,101.681,0.55133,0.56835,0.821788,B,0.0,0.000331
10993.439,0.65221,192.104,2.9876,21,0.8165,17.146,1.92714,8.42777,3059.233,7934.206,9139.679,0.126361,0.854961,83.765,104.296,0.27828,0.83138,0.946085,B,0.0,0.026413
7477.365,0.49803,190.101,1.2679,25,0.6105,15.263,1.93017,5.61153,3123.056,4354.309,3959.734,0.154625,0.744334,84.07,103.477,0.41767,0.52956,0.870326,B,0.0,-0.010678
9888.966,0.41786,203.515,1.2788,23,0.8626,19.839,1.91053,7.20735,4729.382,5159.584,6047.909,0.069885,0.736815,83.4,104.003,0.47825,0.61158,0.920014,B,0.0,0.031587
11868.893,0.47424,193.48,4.7082,26,0.7631,19.84,1.92508,10.71815,4401.044,7467.849,20720.782,0.031721,0.735032,82.563,103.564,0.3708,1.74581,0.975197,B,0.0,-0.009687
7720.149,0.59444,188.026,0.9475,24,0.7734,18.563,1.93335,5.9537,2513.934,5206.215,2381.836,0.211656,0.779274,84.75,103.616,0.32563,0.30852,0.884055,B,0.0,0.008169
12647.725,0.68753,196.845,1.0771,14,0.8836,12.37,1.9201,4.18461,2492.085,10155.64,2684.127,0.870685,0.642583,93.751,103.099,0.19704,0.21222,0.750471,B,0.0,0.027723
9527.559,0.6335,210.058,3.3159,18,0.7408,13.335,1.90148,6.58374,2496.349,7031.209,8277.531,0.237944,0.773937,85.827,104.516,0.26201,0.8688,0.901587,B,0.001,0.00456
7659.039,0.5287,173.727,3.0371,21,0.7108,14.927,1.95643,7.53619,2617.907,5041.132,7950.953,0.102869,0.749844,82.797,102.759,0.34181,1.03811,0.933495,B,0.0,-0.030139
8158.774,0.26618,209.187,3.4544,24,0.7239,17.374,1.90267,8.66684,4843.578,3315.196,16731.82,0.020397,0.625272,82.928,103.5,0.59366,2.05078,0.954508,B,0.0,0.00877
8177.792,0.63952,211.527,2.2566,16,0.8949,14.319,1.8995,6.36593,2445.438,5732.354,5518.485,0.217809,0.819417,85.607,104.875,0.29903,0.67481,0.898154,B,0.0,0.034817
12313.707,0.4844,151.456,4.7838,28,0.8454,23.672,1.9971,13.5426,4787.856,7525.852,22904.046,0.011643,0.785166,80.704,101.852,0.38882,1.86004,0.990654,B,-0.001,-0.028448
12550.723,0.73264,169.8,3.9552,15,0.8825,13.238,1.96315,7.1276,2435.104,10115.62,9631.235,0.335465,0.828249,85.719,103.085,0.19402,0.76738,0.91116,B,-0.001,0.017386
10336.348,0.26502,143.386,1.5338,21,0.8017,16.836,2.01358,7.1329,5213.12,5123.227,7995.771,0.043721,0.490205,80.776,99.454,0.50435,0.77356,0.916797,B,0.001,-0.015364
8813.282,0.33526,165.603,2.8315,22,0.8861,19.495,1.97053,9.77232,4464.953,4348.33,12642.378,0.02087,0.658072,81.404,101.754,0.50662,1.43447,0.968462,B,-0.001,0.043134
11465.591,0.233,219.331,2.6587,28,0.7162,20.054,1.8892,9.27067,6548.391,4917.2,17410.263,0.016601,0.521196,83.192,103.215,0.57113,1.51848,0.959307,B,0.0,-0.052107
9899.318,0.20997,166.201,4.6077,25,0.6027,15.067,1.96947,8.39089,5686.312,4213.006,26200.835,0.019328,0.46729,81.407,100.525,0.57441,2.64673,0.947126,B,0.0,-0.040812
9561.548,0.38826,134.135,3.2743,18,0.6005,10.808,2.03382,5.87788,4033.486,5528.062,13206.99,0.116082,0.586851,81.304,99.545,0.42184,1.38126,0.873877,B,0.0,0.002792
10878.005,0.24192,159.535,3.7194,18,0.6654,11.978,1.9816,6.45607,6057.418,4820.586,22530.123,0.046547,0.487431,81.501,100.317,0.55685,2.07116,0.892861,B,0.001,-0.050721
11131.293,0.6154,209.324,4.6945,26,0.6886,17.905,1.90248,9.49346,3169.861,7961.432,14880.944,0.08056,0.828344,83.726,104.845,0.28477,1.33686,0.962721,B,0.0,0.029281
11815.812,0.75781,195.644,4.5387,15,0.8264,12.397,1.92187,6.63648,2268.78,9547.032,10297.373,0.40785,0.840973,87.601,104.357,0.19201,0.87149,0.89666,B,0.0,0.022427
10612.267,0.59638,154.599,2.0531,26,0.6225,16.186,1.99096,7.49497,2870.655,7741.612,5893.607,0.162929,0.757112,82.834,101.837,0.2705,0.55536,0.9261,B,0.0,-0.0365
8327.03,0.49341,215.364,2.747,15,0.8056,12.084,1.89438,5.6601,3461.699,4865.331,9509.121,0.155486,0.733839,84.904,104.463,0.41572,1.14196,0.868996,B,0.0,0.024506
12606.125,0.60004,178.855,2.7132,28,0.798,22.345,1.94791,10.8863,4133.286,8472.84,11214.543,0.043693,0.871441,82.206,103.804,0.32788,0.88961,0.976125,B,-0.001,0.003417
7670.929,0.63633,157.344,3.0612,25,0.8715,21.789,1.98571,11.26628,2188.244,5482.685,6698.743,0.040222,0.874243,81.328,102.756,0.28526,0.87326,0.981968,B,0.0,0.027718
12940.057,0.33834,140.503,3.9754,17,0.727,12.359,2.01972,6.94143,6214.383,6725.675,24704.629,0.067527,0.58856,80.96,99.936,0.48024,1.90916,0.90415,B,-0.001,0.036967
8701.782,0.77775,188.044,2.5225,24,0.6762,16.229,1.93333,7.66159,1649.752,7052.03,4161.452,0.269894,0.896561,85.52,104.39,0.18959,0.47823,0.93421,B,0.0,-0.022285
11433.739,0.27013,194.516,3.3118,18,0.887,15.967,1.92354,8.02243,6116.03,5317.709,20255.244,0.03178,0.544267,82.599,102.35,0.53491,1.77153,0.93707,B,0.0,-0.025042
12610.823,0.6418,217.093,2.7259,23,0.8156,18.758,1.89211,8.75155,3360.033,9250.79,9158.968,0.121419,0.830807,84.507,105.171,0.26644,0.72628,0.949593,B,0.0,0.033267
12031.574,0.37427,201.883,2.9573,29,0.7291,21.144,1.91284,10.24853,6029.472,6002.102,17830.725,0.021934,0.728221,82.714,103.878,0.50114,1.48199,0.970631,B,0.0,-0.049958
9563.434,0.66798,140.249,3.2239,19,0.6344,12.053,2.02027,6.46925,2095.819,7467.615,6756.632,0.312576,0.767732,84.183,101.104,0.21915,0.70651,0.897452,B,0.0,-0.047076
7783.093,0.36503,177.822,3.1558,20,0.6612,13.225,1.9496,6.7045,3619.251,4163.843,11421.588,0.070125,0.621372,82.517,102.105,0.46501,1.46749,0.910668,B,-0.001,-0.032991
12797.171,0.5744,194.754,3.3592,22,0.6218,13.681,1.92318,6.89442,4615.087,8182.085,15502.816,0.154586,0.811194,84.228,104.122,0.36063,1.21143,0.902944,B,-0.001,0.008924
8595.457,0.60379,167.328,2.5555,17,0.7971,13.551,1.96747,6.59151,2513.153,6082.304,6422.294,0.19693,0.771906,83.795,102.591,0.29238,0.74717,0.904638,B,0.0,-0.03119
12464.595,0.65521,213.889,4.0641,19,0.7838,14.892,1.89634,7.64804,3756.224,8708.371,15265.551,0.160605,0.868545,84.926,105.294,0.30135,1.22471,0.926132,B,0.0,0.046844
7386.247,0.2247,157.914,2.7125,29,0.7449,21.601,1.98463,10.81809,4643.156,2743.091,12594.467,0.007471,0.592392,80.919,100.925,0.62862,1.70512,0.9791,B,0.0,0.015519
11247.432,0.42099,152.198,2.3576,21,0.753,15.812,1.99564,7.67175,4904.009,6343.423,11561.568,0.068328,0.693621,81.484,101.288,0.43601,1.02793,0.929234,B,0.0,0.043866
11789.426,0.3571,206.014,4.662,24,0.7083,16.999,1.90704,9.03573,5942.46,5846.965,27703.775,0.031591,0.68792,82.975,103.783,0.50405,2.34988,0.955409,B,0.001,0.031608
8196.738,0.31437,136.783,3.0248,22,0.6179,13.593,2.02786,7.22223,4306.731,3890.006,13026.927,0.045183,0.612394,80.493,99.873,0.52542,1.58928,0.924483,B,0.001,0.001164
12945.984,0.33594,217.208,4.223,17,0.6116,10.398,1.89196,5.36052,6907.164,6038.82,29168.861,0.10497,0.600128,84.294,103.653,0.53354,2.25312,0.833289,B,0.0,-0.036109
12427.821,0.59755,141.734,1.6587,22,0.6035,13.277,2.01708,5.81188,3138.701,9289.121,5206.156,0.331994,0.68728,84.507,100.659,0.25255,0.41891,0.859683,B,-0.001,-0.012542
8067.087,0.49514,212.982,2.8146,20,0.7022,14.044,1.89755,6.63767,2727.387,5339.7,7676.532,0.135149,0.679021,84.562,104.007,0.33809,0.95159,0.907719,B,0.0,-0.034602
7068.575,0.31775,176.054,3.1663,25,0.874,21.849,1.95253,11.1106,3468.359,3600.215,10981.872,0.012091,0.612209,81.686,101.961,0.49067,1.55362,0.981329,B,0.001,0.019753
11036.429,0.34633,192.852,1.8895,19,0.7424,14.106,1.92602,6.0459,5276.456,5759.973,9970.083,0.090007,0.58113,83.311,102.521,0.47809,0.90338,0.875748,B,0.0,0.035371
7489.32,0.6592,214.286,3.8272,22,0.6021,13.246,1.89581,6.71743,2022.302,5467.018,7739.741,0.215049,0.823501,85.657,105.012,0.27002,1.03344,0.911911,B,0.0,-0.029069
9077.032,0.47804,172.528,4.2598,26,0.6469,16.82,1.95846,9.15645,3317.762,5759.27,14132.882,0.051589,0.723708,82.075,102.528,0.36551,1.55699,0.960555,B,-0.0,-0.00542
8707.782,0.50567,166.606,4.6309,24,0.7375,17.7,1.96875,9.86064,3215.302,5492.48,14889.855,0.041739,0.777263,81.718,102.591,0.36924,1.70995,0.969522,B,0.0,-0.040848
8625.162,0.29386,190.411,4.4239,27,0.7086,19.133,1.9297,10.25849,5009.161,3616.001,22160.164,0.013382,0.682393,82.216,103.082,0.58076,2.56925,0.973552,B,0.0,0.023742
8061.73,0.51224,192.04,1.9349,29,0.8482,24.597,1.92724,10.6393,2790.41,5271.32,5399.275,0.033652,0.76559,82.539,103.703,0.34613,0.66974,0.977261,B,0.0,-0.032181
9304.278,0.27897,183.464,0.9322,16,0.8843,14.149,1.94049,4.52553,4912.471,4391.807,4579.423,0.10614,0.472281,83.197,101.383,0.52798,0.49218,0.799116,B,0.0,0.03776
7657.259,0.28326,184.066,4.5055,18,0.6493,11.687,1.93953,6.33576,4107.244,3550.015,18505.238,0.053456,0.549127,82.523,101.918,0.53639,2.41669,0.898773,B,0.0,0.029262
12040.675,0.3152,158.786,1.2834,22,0.6154,13.538,1.983,5.20939,6428.257,5612.418,8249.78,0.101182,0.560322,82.191,100.759,0.53388,0.68516,0.828619,B,0.0,0.035582
7524.917,0.55781,189.745,4.3917,19,0.7184,13.65,1.93071,7.31461,2645.632,4879.285,11618.875,0.113529,0.798706,83.515,103.82,0.35158,1.54405,0.928443,B,0.0,0.003791
7800.292,0.45639,181.131,3.6187,28,0.8111,22.711,1.94422,11.83054,3182.375,4617.917,11516.194,0.016625,0.759453,81.931,103.171,0.40798,1.47638,0.985138,B,0.0,-0.022638
8048.043,0.74071,141.462,3.8095,23,0.7195,16.549,2.01766,9.20083,2035.359,6012.684,7753.698,0.110138,0.954169,81.566,102.405,0.2529,0.96343,0.962396,B,0.0,-0.021119
10511.187,0.35966,159.053,3.0791,19,0.8215,15.608,1.9825,8.063,4610.797,5900.39,14197.006,0.04952,0.602017,81.52,101.048,0.43866,1.35066,0.939604,B,0.0,-0.008238
9609.507,0.77258,192.57,1.2283,16,0.8147,13.036,1.92644,4.71129,1536.387,8073.12,1887.068,0.918117,0.744886,94.232,103.59,0.15988,0.19638,0.810001,B,0.0,-0.02417
7613.104,0.35586,159.907,0.9248,20,0.8949,17.897,1.9809,5.87802,3777.736,3835.368,3493.777,0.085087,0.622567,82.024,101.228,0.49621,0.45892,0.881354,B,0.0,-0.010583
12627.776,0.77602,139.408,4.5828,18,0.6603,11.886,2.02209,6.87015,1382.703,11245.073,6336.683,0.690466,0.786541,89.132,101.179,0.1095,0.50181,0.902575,B,0.0,-0.013641
11854.364,0.67492,168.068,4.151,20,0.8289,16.577,1.96617,9.03198,2737.438,9116.925,11363.186,0.130741,0.838315,82.95,103.066,0.23092,0.95857,0.955267,B,0.001,-0.003012
12622.675,0.53984,210.987,3.3626,28,0.7722,21.623,1.90023,10.69927,4112.671,8510.004,13829.19,0.042254,0.780317,83.273,104.595,0.32582,1.09558,0.974498,B,-0.0,-0.05272
11957.142,0.63178,216.142,1.8731,20,0.8474,16.948,1.89336,7.05318,3331.532,8625.609,6240.154,0.20334,0.797258,85.559,104.912,0.27862,0.52188,0.910324,B,0.001,0.013676
8839.248,0.24284,189.962,3.1055,25,0.7387,18.467,1.93038,9.18765,5114.487,3724.762,15883.24,0.016255,0.553966,82.238,102.215,0.57861,1.7969,0.961269,B,-0.001,-0.004508
7287.824,0.24201,152.654,2.7418,14,0.6091,8.528,1.99475,4.31483,4275.049,3012.775,11721.529,0.083709,0.466646,81.706,99.815,0.5866,1.60837,0.797103,B,-0.0,-0.033193
10262.901,0.25214,206.616,2.843,18,0.8068,14.522,1.9062,6.93078,5569.793,4693.108,15834.77,0.041398,0.502245,83.123,102.583,0.54271,1.54291,0.910893,B,0.0,0.01954
12699.977,0.55154,133.355,3.3216,24,0.7427,17.826,2.0356,9.73862,3816.364,8883.613,12676.299,0.065653,0.760277,80.601,100.642,0.3005,0.99814,0.964229,B,0.0,-0.017072
12465.239,0.38762,202.066,2.9469,14,0.8741,12.237,1.91258,5.92483,5584.688,6880.551,16457.316,0.116816,0.60742,83.972,103.088,0.44802,1.32026,0.864981,B,-0.0,0.010739
8722.665,0.50163,152.777,2.3211,18,0.7744,13.94,1.9945,6.72612,2928.821,5793.844,6798.117,0.136453,0.686234,82.408,101.271,0.33577,0.77936,0.908664,B,0.0,-0.028711
9604.436,0.32846,135.705,1.6969,16,0.766,12.256,2.03027,5.46123,4425.965,5178.471,7510.543,0.104144,0.520175,81.221,99.2,0.46083,0.78199,0.853886,B,0.0,0.024197
9110.713,0.78246,209.627,2.5175,14,0.7784,10.897,1.90207,5.01439,1349.636,7761.078,3397.648,0.888893,0.763946,94.406,104.433,0.14814,0.37293,0.831712,B,-0.001,0.042007
7819.809,0.43531,155.444,3.3871,27,0.8335,22.505,1.98933,11.95073,3450.48,4369.329,11687.07,0.014067,0.767964,80.904,101.953,0.44125,1.49455,0.985741,B,0.0,0.015777
12451.386,0.63934,139.551,3.9675,27,0.7251,19.579,2.02178,11.00834,3109.236,9342.15,12335.808,0.05832,0.832715,80.795,101.492,0.24971,0.99072,0.977222,B,0.0,-0.009956
9034.299,0.78108,171.61,1.0113,26,0.7937,20.635,1.96003,6.98255,1828.369,7205.929,1849.098,0.32538,0.896709,85.655,103.626,0.20238,0.20468,0.915693,B,0.001,-0.02583
7889.723,0.69064,217.171,1.1677,20,0.8675,17.349,1.89201,5.95914,2053.389,5836.334,2397.732,0.308769,0.824996,86.983,105.136,0.26026,0.30391,0.883644,B,0.0,-0.01678
7596.68,0.24398,133.059,1.5339,29,0.7047,20.436,2.03628,8.79725,4233.817,3362.863,6494.199,0.018687,0.527622,79.967,99.088,0.55732,0.85487,0.957313,B,0.0,0.000146
11271.975,0.50288,173.55,3.3594,24,0.7083,17.0,1.95673,8.79405,4107.121,7164.854,13797.511,0.065988,0.753319,82.304,102.773,0.36437,1.22405,0.952188,B,0.0,0.009437
12418.351,0.50158,164.218,3.873,19,0.6359,12.081,1.97302,6.52521,5045.33,7373.021,19540.529,0.134922,0.752488,82.855,102.307,0.40628,1.57352,0.890714,B,0.0,-0.039346
11861.074,0.2217,201.861,2.4224,25,0.8797,21.992,1.91287,10.09636,6857.47,5003.604,16611.602,0.011821,0.509344,82.579,102.433,0.57815,1.40051,0.969174,B,0.0,-0.017723
8493.753,0.41476,188.108,4.4783,20,0.728,14.56,1.93323,7.84571,3875.843,4617.91,17357.292,0.055702,0.716112,82.695,103.202,0.45632,2.04354,0.938716,B,0.0,0.036022
9594.52,0.41956,183.026,2.552,24,0.8875,21.299,1.94118,10.15037,3766.328,5828.192,9611.483,0.030248,0.671146,82.179,102.676,0.39255,1.00177,0.971699,B,0.0,-0.014826
12633.631,0.5943,170.632,1.3419,25,0.6534,16.336,1.96171,6.30723,4152.156,8481.475,5571.744,0.214568,0.780197,84.155,102.809,0.32866,0.44102,0.881339,B,-0.0,0.025744
8520.055,0.69903,137.891,1.3055,18,0.717,12.906,2.02541,5.15809,1959.686,6560.369,2558.437,0.477513,0.765204,86.251,100.948,0.23001,0.30028,0.84288,B,0.0,-0.022095
10617.793,0.76709,215.567,2.4745,22,0.8718,19.179,1.89412,8.72499,2008.69,8609.103,4970.531,0.194858,0.900605,85.43,105.572,0.18918,0.46813,0.951944,B,0.0,-0.007691
9690.738,0.40601,193.424,3.0401,21,0.7775,16.328,1.92516,8.04758,4716.954,4973.784,14339.967,0.049423,0.744189,82.795,103.622,0.48675,1.47976,0.940749,B,0.0,-0.024823
7998.24,0.61288,165.122,4.2165,20,0.7047,14.094,1.97139,7.73246,2659.908,5338.332,11215.635,0.115678,0.86062,82.636,103.066,0.33256,1.40226,0.937231,B,0.0,-0.006792
11719.771,0.59688,188.915,0.945,24,0.6472,15.533,1.93199,4.96989,3618.483,8101.289,3419.286,0.357017,0.704017,86.7,103.159,0.30875,0.29175,0.815325,B,-0.001,-0.008209
11886.509,0.78018,190.725,2.5618,26,0.6495,16.887,1.92922,7.98126,1623.232,10263.277,4158.43,0.369489,0.845135,86.927,104.17,0.13656,0.34984,0.935326,B,0.0,-0.004384
10426.021,0.33991,135.211,3.7629,16,0.7172,11.475,2.03138,6.42502,5281.5,5144.521,19873.806,0.071716,0.615242,80.769,99.797,0.50657,1.90617,0.893121,B,0.0,0.015355
7608.442,0.41769,152.353,1.1971,29,0.8432,24.452,1.99534,9.20363,3562.706,4045.736,4264.949,0.033041,0.756415,81.025,101.711,0.46826,0.56055,0.962959,B,0.0,-0.000626
7508.072,0.21841,134.788,3.1848,27,0.6725,18.156,2.03234,9.79936,4238.851,3269.221,13499.888,0.011595,0.486569,79.956,98.923,0.56457,1.79805,0.970027,B,0.0,-0.013065
7995.66,0.79198,148.74,4.3044,29,0.696,20.184,2.00253,11.37342,1390.338,6605.322,5984.556,0.079932,0.941856,81.489,102.737,0.17389,0.74848,0.98245,B,0.0,0.008152
8556.928,0.64866,192.957,3.2098,14,0.8598,12.037,1.92586,6.015,2283.242,6273.687,7328.768,0.283313,0.78163,85.866,103.849,0.26683,0.85647,0.883458,B,-0.001,-0.037194
11487.192,0.45948,206.363,3.2493,23,0.8458,19.453,1.90655,9.59869,4941.581,6545.61,16056.864,0.038774,0.777084,83.081,104.386,0.43018,1.39781,0.963698,B,0.001,0.041317
8650.452,0.63056,210.149,3.614,17,0.8026,13.644,1.90136,6.86688,2089.753,6560.7,7552.339,0.226431,0.759287,85.678,104.423,0.24158,0.87306,0.913251,B,-0.001,-0.010069
10750.854,0.25332,134.942,2.4505,29,0.7111,20.621,2.03199,10.38345,6131.709,4619.145,15025.715,0.011992,0.573679,79.968,99.507,0.57035,1.39763,0.973,B,0.0,-0.031604
12403.627,0.2236,179.304,0.9125,25,0.8167,20.417,1.94718,6.49128,7353.313,5050.314,6709.606,0.041695,0.48846,82.196,101.298,0.59284,0.54094,0.889454,B,0.0,-0.021765
8529.373,0.6341,192.967,3.9182,18,0.8216,14.788,1.92585,7.72105,2181.865,6347.508,8548.887,0.158864,0.797451,84.224,103.954,0.25581,1.00229,0.935911,B,0.0,0.029016
11659.051,0.72385,208.966,1.1574,26,0.6443,16.752,1.90297,5.78258,2565.233,9093.817,2969.045,0.45636,0.7993,88.676,104.639,0.22002,0.25466,0.861284,B,0.001,0.046406
11072.103,0.64317,166.17,1.8954,25,0.6341,15.853,1.96952,7.03387,2769.797,8302.306,5249.973,0.226302,0.782248,84.137,102.602,0.25016,0.47416,0.911981,B,-0.0,-0.028378
8631.761,0.42808,164.692,1.8316,28,0.6335,17.737,1.97216,7.79183,3914.392,4717.369,7169.548,0.059207,0.734165,81.874,102.21,0.45349,0.8306,0.937279,B,0.0,-0.00237
11153.853,0.26075,133.491,4.6563,25,0.6144,15.36,2.03529,8.98561,6037.708,5116.145,28113.531,0.021464,0.543136,80.024,99.217,0.54131,2.52052,0.955441,B,0.0,0.011275
9450.173,0.79726,187.29,1.2068,14,0.7278,10.189,1.93449,3.67679,1356.602,8093.572,1637.18,0.95,0.77166,94.471,103.532,0.14355,0.17324,0.828945,B,-0.001,-0.012744
11128.601,0.72512,151.72,2.5383,26,0.7992,20.78,1.99658,10.30713,2029.595,9099.006,5151.779,0.111477,0.861998,82.033,102.374,0.18238,0.46293,0.971962,B,0.0,-0.006979
11404.981,0.46011,219.016,1.1848,26,0.812,21.111,1.88961,7.2854,4438.811,6966.17,5259.017,0.096209,0.691988,84.233,104.33,0.3892,0.46112,0.918618,B,0.0,-0.013806
12420.324,0.57708,176.861,3.9693,28,0.7642,21.399,1.95119,11.42543,3964.507,8455.817,15736.231,0.035556,0.830968,82.025,103.443,0.3192,1.26697,0.980333,B,0.0,0.045222
9552.168,0.79711,217.688,1.003,28,0.6708,18.781,1.89134,5.99352,1256.241,8295.927,1260.061,0.733901,0.80668,92.61,105.035,0.13151,0.13191,0.878915,B,0.0,0.013716
8857.876,0.36626,137.406,3.6125,23,0.7404,17.028,2.02648,9.41963,4437.628,4420.249,16031.029,0.026122,0.70773,80.271,100.54,0.50098,1.80981,0.964269,B,-0.001,0.02312
12594.946,0.48857,189.519,1.8621,15,0.8988,13.482,1.93106,5.77227,4633.857,7961.089,8628.583,0.189816,0.662458,84.514,102.911,0.36791,0.68508,0.85706,B,0.0,0.04547
11225.797,0.73765,200.951,1.0619,23,0.8035,18.48,1.91417,6.17941,2367.595,8858.202,2514.224,0.417018,0.823349,87.898,104.467,0.21091,0.22397,0.880767,B,0.0,-0.012333
8927.522,0.56033,182.847,1.2433,29,0.8857,25.685,1.94147,9.44433,2998.768,5928.753,3728.388,0.059219,0.813791,82.555,103.609,0.3359,0.41763,0.9645,B,0.001,0.008527
12520.412,0.60432,154.299,3.6807,15,0.6506,9.76,1.99154,5.28713,3322.48,9197.932,12229.146,0.384962,0.683555,85.752,101.335,0.26537,0.97674,0.830958,B,0.0,0.014426
11592.599,0.40857,144.672,1.8669,28,0.665,18.621,2.01088,8.47057,5135.234,6457.365,9586.758,0.049843,0.693844,80.914,100.871,0.44298,0.82697,0.94596,B,0.0,0.028744
9677.024,0.67009,201.358,1.3436,24,0.6662,15.988,1.91359,5.94858,2665.896,7011.128,3581.921,0.300332,0.81069,86.371,104.4,0.27549,0.37015,0.876528,B,0.0,-0.028224
8704.499,0.26226,213.276,2.4856,27,0.8189,22.111,1.89715,10.09684,4985.891,3718.608,12392.907,0.012846,0.596675,82.956,103.475,0.57279,1.42374,0.971943,B,0.0,-0.007276
9581.925,0.50873,148.839,4.7073,29,0.8778,25.456,2.00233,14.5775,3145.882,6436.043,14808.462,0.009309,0.75285,80.561,101.495,0.32831,1.54546,0.993993,B,0.0,-0.047283
7247.89,0.5881,158.106,1.64,15,0.6343,9.515,1.98427,4.05019,2247.257,5000.634,3685.396,0.421642,0.662902,86.394,101.401,0.31006,0.50848,0.777702,B,-0.001,0.015893
12567.249,0.77663,173.97,2.6752,17,0.7849,13.343,1.95602,6.5162,1403.913,11163.336,3755.776,0.765343,0.778052,91.551,102.956,0.11171,0.29885,0.889912,B,0.0,-0.028298
7388.422,0.62641,177.202,2.7909,20,0.7061,14.122,1.95062,6.94675,1976.747,5411.674,5516.926,0.189714,0.785926,84.073,103.162,0.26755,0.7467,0.918971,B,0.001,-0.010455
9409.369,0.26916,146.154,4.6335,26,0.7771,20.204,2.00781,11.58321,5513.26,3896.109,25545.49,0.007829,0.638964,80.425,100.593,0.58593,2.7149,0.982957,B,0.0,-0.010944
9097.514,0.51872,203.688,3.6298,20,0.6988,13.975,1.91029,7.09178,3173.289,5924.225,11518.402,0.120907,0.731801,84.079,103.977,0.34881,1.2661,0.918697,B,-0.0,0.03583
11344.167,0.30769,152.368,3.4492,28,0.7933,22.211,1.99531,11.89501,5023.575,6320.591,17327.436,0.011245,0.543311,80.738,100.305,0.44283,1.52743,0.983816,B,0.001,-0.049973
11059.225,0.45546,150.477,3.5767,29,0.6334,18.368,1.99905,9.9428,4132.564,6926.662,14781.118,0.038744,0.704076,81.02,101.263,0.37368,1.33654,0.968213,B,-0.001,0.026085
10208.268,0.64898,149.294,4.7506,14,0.6784,9.498,2.00142,5.44435,2165.708,8042.559,10288.406,0.457857,0.700444,86.502,101.174,0.21215,1.00785,0.850326,B,0.001,0.015003
12839.756,0.60849,180.624,2.6391,29,0.7984,23.153,1.94503,11.17041,3967.198,8872.558,10469.987,0.042844,0.861403,82.259,103.821,0.30898,0.81544,0.978244,B,-0.0,0.044418
9102.415,0.39024,178.189,1.3311,24,0.6637,15.93,1.949,6.07009,4114.921,4987.494,5477.451,0.100369,0.629397,82.93,102.176,0.45207,0.60176,0.883729,B,0.0,0.002163
7079.017,0.65581,215.648,1.5573,24,0.8484,20.361,1.89401,7.91941,1499.73,5579.287,2335.574,0.176659,0.784609,85.192,104.809,0.21186,0.32993,0.942931,B,0.0,-0.009457
9670.638,0.48642,178.122,2.6353,20,0.7619,15.237,1.94911,7.37176,3857.769,5812.869,10166.45,0.091471,0.748525,82.81,102.959,0.39892,1.05127,0.924983,B,0.0,0.03998
7589.367,0.54865,200.061,4.0959,20,0.8279,16.558,1.91544,8.6499,2545.443,5043.925,10425.799,0.073506,0.788428,83.335,104.199,0.3354,1.37374,0.955065,B,-0.001,0.029171
10978.695,0.4758,159.532,3.8864,15,0.8728,13.092,1.9816,7.12126,4658.976,6319.719,18106.482,0.095455,0.756192,82.146,102.091,0.42437,1.64924,0.914864,B,0.0,0.019577
7513.575,0.69834,198.305,3.0075,26,0.6388,16.61,1.91798,8.11809,1859.964,5653.611,5593.755,0.152323,0.87797,84.317,104.715,0.24755,0.74449,0.946004,B,0.0,0.013819
7343.734,0.34982,160.995,1.7561,24,0.8183,19.64,1.97889,8.54107,3838.93,3504.804,6741.596,0.03099,0.699049,81.354,101.79,0.52275,0.91801,0.953691,B,0.0,-0.013144
10102.016,0.71248,134.444,0.9707,14,0.6606,9.249,2.03312,3.23244,2703.659,7398.357,2624.351,0.861423,0.658054,91.157,100.033,0.26764,0.25978,0.676417,B,0.0,-0.028104
12649.627,0.72049,201.754,2.1146,25,0.8918,22.296,1.91302,9.81922,2467.696,10181.931,5218.184,0.128256,0.86402,84.113,104.769,0.19508,0.41252,0.965273,B,0.0,0.040916
11862.068,0.32352,205.678,2.117,16,0.8008,12.813,1.9075,5.61986,6448.785,5413.284,13651.946,0.087893,0.604219,83.707,103.217,0.54365,1.15089,0.852303,B,-0.001,0.004134
12702.009,0.47094,159.052,2.4719,23,0.6143,14.13,1.9825,6.88478,4689.471,8012.538,11591.998,0.123895,0.674051,82.502,101.524,0.36919,0.91261,0.902873,B,0.0,0.022857
8796.781,0.44358,203.992,3.1065,14,0.8205,11.487,1.90986,5.62229,2989.084,5807.697,9285.64,0.175868,0.581366,84.814,102.997,0.33979,1.05557,0.865281,B,0.0,-0.005683
12534.715,0.79999,187.925,3.8496,18,0.7466,13.439,1.93351,7.03354,2280.412,10254.303,8778.569,0.403545,0.888148,87.28,104.33,0.18193,0.70034,0.908228,B,0.0,0.059091
7459.299,0.59489,187.631,1.6979,20,0.6463,12.927,1.93396,5.36586,2108.806,5350.494,3580.591,0.297194,0.712226,85.866,103.155,0.28271,0.48002,0.858766,B,-0.001,-0.023048
9336.597,0.23464,154.76,2.3873,28,0.6799,19.039,1.99065,9.23774,5167.283,4169.314,12335.812,0.016384,0.505136,80.906,100.182,0.55344,1.32123,0.961354,B,-0.0,0.007759
10561.164,0.65499,130.252,1.4138,27,0.7685,20.749,2.0428,8.68108,2699.088,7862.076,3815.872,0.124862,0.836988,81.233,100.956,0.25557,0.36131,0.951281,B,0.0,-0.019985
10502.589,0.41278,201.875,2.8441,26,0.7692,19.999,1.91285,9.59683,4861.031,5641.558,13825.273,0.03148,0.741329,82.839,103.964,0.46284,1.31637,0.964702,B,0.0,-0.017119
7289.503,0.42054,212.989,3.7569,29,0.8599,24.936,1.89754,12.61492,3170.518,4118.985,11911.323,0.010741,0.735983,82.92,104.383,0.43494,1.63404,0.988891,B,0.0,-0.029879
12299.71,0.53751,145.775,2.8395,29,0.7807,22.639,2.00859,11.67711,4022.577,8277.133,11422.101,0.029498,0.784397,80.694,101.532,0.32705,0.92865,0.982052,B,0.0,0.000852
8259.238,0.32089,182.854,4.5505,23,0.6913,15.899,1.94146,8.6476,4020.892,4238.346,18296.985,0.030284,0.59658,82.174,102.176,0.48684,2.21534,0.954054,B,0.0,0.025732
7342.514,0.26394,199.038,1.0077,14,0.6171,8.64,1.91692,2.82177,3997.034,3345.48,4027.899,0.166192,0.380721,84.524,101.465,0.54437,0.54857,0.657232,B,0.0,0.01358
11066.397,0.30371,131.379,4.1305,17,0.7914,13.454,2.04016,7.72341,5496.177,5570.22,22701.886,0.042277,0.56167,80.197,99.209,0.49665,2.05143,0.930866,B,0.0,-0.01191
10232.107,0.47267,213.573,3.2798,21,0.7608,15.977,1.89676,7.83786,3811.186,6420.921,12500.034,0.082243,0.704417,83.882,104.198,0.37247,1.22165,0.935191,B,0.0,-0.039263
9821.42,0.72274,132.328,0.9187,20,0.6707,13.414,2.03796,4.57269,2154.693,7666.726,1979.519,0.661265,0.740017,88.414,100.445,0.21939,0.20155,0.799274,B,0.001,0.00245
10708.757,0.37419,188.72,2.6269,17,0.7534,12.807,1.93228,6.11028,5209.889,5498.867,13686.098,0.092547,0.641038,83.202,102.734,0.48651,1.27803,0.879675,B,0.001,-0.032519
12651.634,0.64898,183.366,1.7809,28,0.6655,18.635,1.94064,7.91263,3415.249,9236.385,6082.365,0.162725,0.828778,83.94,103.732,0.26995,0.48076,0.932314,B,0.0,-0.001648
11236.995,0.2273,181.342,3.715,20,0.8108,16.215,1.94388,8.49227,6315.727,4921.268,23463.184,0.021469,0.491459,82.003,101.412,0.56205,2.08803,0.946915,B,0.0,-0.024829
10043.937,0.44565,187.163,4.7649,18,0.6288,11.319,1.93469,6.17402,4468.517,5575.42,21292.217,0.115567,0.710196,83.452,103.121,0.4449,2.11991,0.884628,B,0.0,0.026438
7797.864,0.32173,136.472,3.832,25,0.7341,18.353,2.02856,10.29523,3892.118,3905.746,14914.614,0.016394,0.625991,80.098,99.944,0.49913,1.91265,0.974566,B,0.0,0.037558
11956.133,0.54313,164.753,3.7573,22,0.6109,13.44,1.97205,7.20819,4182.319,7773.815,15714.38,0.131879,0.764381,82.836,102.412,0.34981,1.31434,0.915063,B,-0.001,0.017985
7821.611,0.29415,191.9,3.0368,27,0.6735,18.185,1.92745,8.977,4179.173,3642.438,12691.328,0.022227,0.606139,82.384,102.644,0.53431,1.6226,0.959625,B,0.0,0.01267
10626.975,0.39512,179.788,4.0916,17,0.7502,12.754,1.94639,6.82559,4601.002,6025.974,18825.497,0.085284,0.631688,82.789,102.266,0.43295,1.77148,0.906549,B,-0.001,0.003043
8885.264,0.32009,209.615,3.1552,16,0.6926,11.081,1.90209,5.40989,4511.931,4373.333,14236.129,0.091724,0.555685,83.883,103.058,0.5078,1.60222,0.854485,B,0.0,0.036247
10822.133,0.394,141.185,2.2552,14,0.8758,12.262,2.01825,5.96537,5207.875,5614.258,11744.857,0.103987,0.663025,81.472,100.467,0.48122,1.08526,0.872993,B,0.0,-0.024306
8686.561,0.44352,209.808,3.4847,28,0.6335,17.738,1.90182,8.85984,3582.732,5103.829,12484.61,0.046491,0.722222,83.292,104.164,0.41245,1.43723,0.956767,B,0.0,0.001153
10947.081,0.39271,206.702,4.6599,20,0.6482,12.964,1.90608,6.88472,4906.592,6040.489,22864.315,0.080958,0.645943,83.648,103.535,0.44821,2.08862,0.907601,B,0.0,-0.011282
8932.484,0.76318,200.504,2.8902,20,0.6308,12.617,1.91481,6.0892,1978.624,6953.86,5718.644,0.395841,0.867697,87.604,104.741,0.22151,0.64021,0.885109,B,0.0,0.029176
12245.658,0.69611,219.785,1.7099,17,0.8492,14.436,1.88862,5.79193,2530.06,9715.598,4326.265,0.473647,0.754045,89.238,104.769,0.20661,0.35329,0.85942,B,0.0,-0.028432
12257.334,0.26729,189.974,1.3678,22,0.8419,18.521,1.93037,7.03688,6565.848,5691.486,8980.45,0.045386,0.523283,82.623,102.013,0.53567,0.73266,0.909044,B,0.0,0.007359
12319.696,0.50946,197.258,3.4675,24,0.8057,19.338,1.9195,9.78704,3767.498,8552.197,13063.679,0.057971,0.708348,83.037,103.551,0.30581,1.06039,0.965202,B,0.001,0.055057
9084.824,0.71684,154.6,3.7955,24,0.6583,15.798,1.99096,8.61041,1916.675,7168.149,7274.822,0.16229,0.865121,82.825,102.55,0.21098,0.80077,0.952236,B,0.0,-0.008181
11085.829,0.21078,181.765,4.0732,19,0.8751,16.627,1.9432,8.86849,6502.781,4583.048,26487.277,0.016649,0.486224,81.954,101.397,0.58658,2.38929,0.953668,B,0.0,0.018305
7018.338,0.7058,133.394,3.1524,24,0.8197,19.673,2.03551,10.61521,1518.447,5499.891,4786.814,0.072323,0.880696,80.691,101.439,0.21635,0.68204,0.97783,B,0.0,-0.007686
10357.777,0.31973,212.515,2.5622,16,0.7437,11.899,1.89817,5.48494,4521.785,5835.992,11585.706,0.108554,0.483348,84.196,102.697,0.43656,1.11855,0.851779,B,0.0,0.01913
11912.604,0.52704,140.88,3.9935,24,0.6291,15.098,2.01891,8.48296,3627.678,8284.926,14487.183,0.093975,0.71666,81.326,100.804,0.30452,1.21612,0.945701,B,0.0,0.032705
8581.971,0.61074,153.427,3.4895,16,0.7556,12.09,1.99323,6.48155,2521.829,6060.142,8799.925,0.205887,0.779208,83.352,101.92,0.29385,1.0254,0.900939,B,0.0,0.030034
9329.83,0.70084,167.853,4.197,19,0.7355,13.974,1.96655,7.63188,1803.627,7526.202,7569.787,0.24573,0.80991,84.459,102.868,0.19332,0.81135,0.932219,B,0.001,-0.033467
9323.735,0.63794,168.203,1.8893,21,0.6377,13.392,1.96593,5.91942,1738.089,7585.646,3283.769,0.422306,0.687349,86.804,102.077,0.18642,0.35219,0.876596,B,0.0,-0.0081
10065.104,0.29649,142.644,4.0669,21,0.8918,18.728,2.01514,10.53281,5540.41,4524.694,22532.485,0.013524,0.642975,80.344,100.42,0.55046,2.23867,0.974891,B,0.0,0.009055
12272.291,0.68603,133.181,4.539,19,0.6457,12.269,2.036,7.14811,2998.647,9273.644,13610.863,0.245726,0.828406,82.97,101.081,0.24434,1.10907,0.91248,B,-0.0,-0.028069
11709.935,0.57237,211.772,2.2336,24,0.8551,20.523,1.89917,9.09285,3619.031,8090.905,8083.488,0.080765,0.792257,83.806,104.706,0.30906,0.69031,0.95639,B,-0.001,0.048335
7037.121,0.30798,170.048,3.0181,14,0.7905,11.067,1.96272,5.60555,3067.238,3969.883,9257.215,0.090508,0.47601,82.495,100.773,0.43587,1.31548,0.871911,B,0.0,-0.021058
8991.497,0.47486,219.901,2.8548,15,0.8405,12.607,1.88847,5.93581,4164.814,4826.683,11889.889,0.124508,0.777168,84.633,104.926,0.46319,1.32235,0.878551,B,0.0,0.00603
8057.455,0.76239,188.882,4.195,15,0.8164,12.246,1.93204,6.5127,1806.858,6250.597,7579.826,0.327662,0.888061,86.311,104.372,0.22425,0.94072,0.903623,B,0.0,-0.027011
8573.998,0.39135,134.272,2.3378,14,0.7757,10.86,2.03351,5.39878,3918.317,4655.681,9160.354,0.123888,0.616451,81.414,99.748,0.457,1.06839,0.855329,B,0.0,0.002453
7008.088,0.78212,136.001,0.9359,27,0.8204,22.151,2.02961,7.58023,885.222,6122.867,828.52,0.396973,0.837804,85.1,101.314,0.12631,0.11822,0.935888,B,-0.001,-0.005911
10544.287,0.37603,219.686,1.9541,27,0.603,16.281,1.88875,6.84864,4725.854,5818.433,9234.625,0.077586,0.618441,84.007,103.87,0.44819,0.87579,0.907526,B,0.0,-0.049391
12798.186,0.46911,157.692,1.1879,27,0.8709,23.515,1.98505,8.75377,4617.089,8181.098,5484.69,0.065835,0.696697,81.68,101.602,0.36076,0.42855,0.94937,B,-0.001,0.044547
7932.984,0.76068,177.009,2.4153,22,0.7008,15.417,1.95094,7.28648,1264.954,6668.03,3055.262,0.349299,0.838725,86.172,103.502,0.15945,0.38513,0.92678,B,0.0,-0.02836
9818.068,0.24768,217.611,1.4337,15,0.7784,11.676,1.89144,4.38366,5584.108,4233.96,8005.777,0.09338,0.451179,84.153,102.686,0.56876,0.81541,0.785566,B,0.0,0.021238
7254.227,0.43856,161.831,4.7551,23,0.6205,14.272,1.97735,8.03925,3032.834,4221.393,14421.536,0.057736,0.712165,81.741,101.919,0.41808,1.98802,0.94496,B,0.0,-0.018257
11732.58,0.46786,135.713,2.2201,26,0.6789,17.651,2.03025,8.61818,4207.733,7524.846,9341.522,0.067217,0.691893,80.734,100.334,0.35864,0.7962,0.948475,B,0.001,-0.014584
12561.598,0.39921,210.572,3.9559,21,0.7392,15.524,1.90079,7.95871,5694.136,6867.463,22525.571,0.05851,0.681709,83.475,103.928,0.4533,1.79321,0.933564,B,-0.001,-0.059694
10121.73,0.7929,153.544,3.7481,14,0.7661,10.726,1.99301,5.83909,1772.479,8349.251,6643.464,0.588732,0.836249,88.41,102.302,0.17512,0.65636,0.869976,B,0.0,-0.048189
10744.382,0.20165,172.08,3.0001,21,0.835,17.535,1.95922,8.84499,6649.661,4094.721,19949.644,0.01507,0.504655,81.576,101.061,0.6189,1.85675,0.953749,B,0.0,-0.027187
11605.188,0.46717,183.823,3.8539,18,0.8932,16.077,1.93992,8.45865,4570.373,7034.815,17613.878,0.064396,0.728836,82.658,103.093,0.39382,1.51776,0.945714,B,0.0,0.055513
9141.008,0.26659,203.901,2.7857,29,0.8991,26.073,1.90999,12.41499,4787.737,4353.271,13337.119,0.00643,0.552704,82.575,102.804,0.52376,1.45904,0.987366,B,0.0,0.045879
7616.414,0.2341,146.979,0.9723,14,0.8121,11.369,2.00611,3.90189,4754.718,2861.696,4622.873,0.088861,0.475422,81.53,99.56,0.62427,0.60696,0.763038,B,0.0,-0.019715
9715.688,0.34427,196.008,3.3139,29,0.8325,24.144,1.92133,12.11158,4888.87,4826.817,16201.199,0.009782,0.683054,82.359,103.331,0.50319,1.66753,0.985702,B,0.001,0.020322
12417.454,0.22536,209.796,4.1268,18,0.8501,15.302,1.90184,7.91774,7238.413,5179.041,29871.3,0.025951,0.504063,83.02,102.724,0.58292,2.40559,0.932875,B,0.0,-0.009566
10620.588,0.50679,172.949,1.1705,24,0.7253,17.408,1.95774,6.30666,4025.608,6594.98,4712.023,0.149804,0.724696,83.388,102.555,0.37904,0.44367,0.887958,B,0.0,-1.4e-05
8507.701,0.62865,167.555,4.0543,24,0.844,20.256,1.96707,10.99287,2645.216,5862.485,10724.582,0.041202,0.893713,81.748,103.406,0.31092,1.26057,0.979622,B,0.0,-0.001013
9997.036,0.38735,136.955,4.617,16,0.8462,13.539,2.02748,7.86578,4644.139,5352.897,21441.915,0.053139,0.677318,80.606,100.312,0.46455,2.14483,0.936271,B,0.0,-0.046498
9004.707,0.36047,164.646,3.9415,27,0.7679,20.734,1.97225,11.23224,4468.834,4535.873,17614.039,0.013824,0.701992,81.273,101.995,0.49628,1.95609,0.980967,B,0.0,0.003012
12298.416,0.57449,130.815,3.8234,25,0.7558,18.895,2.04148,10.68924,3725.952,8572.464,14245.771,0.04809,0.803284,80.247,100.768,0.30296,1.15834,0.974639,B,-0.0,0.012804
9436.672,0.63836,153.562,4.2461,26,0.6125,15.926,1.99297,8.88953,2381.677,7054.994,10112.844,0.110755,0.816473,82.102,102.173,0.25239,1.07165,0.956211,B,0.001,-0.000814
7192.785,0.45626,154.702,4.4462,27,0.8237,22.239,1.99076,12.50051,2726.076,4466.709,12120.777,0.013876,0.726258,80.871,101.639,0.379,1.68513,0.988474,B,0.0,-0.030091
7062.545,0.64977,152.23,3.6017,21,0.7694,16.157,1.99558,8.73738,1895.259,5167.286,6826.165,0.103725,0.850054,81.953,102.322,0.26835,0.96653,0.957162,B,0.0,-0.028009
11940.069,0.24061,146.233,2.8045,19,0.8242,15.66,2.00764,8.04573,6601.247,5338.822,18512.874,0.027561,0.504036,80.689,99.707,0.55287,1.55048,0.936672,B,0.0,0.004548
9737.449,0.49733,203.76,3.9181,26,0.6701,17.423,1.91019,8.98358,3686.308,6051.141,14443.415,0.056173,0.766076,83.227,104.206,0.37857,1.48329,0.95724,B,0.0,0.020639
10482.709,0.23945,209.823,1.1239,27,0.6969,18.816,1.9018,6.40019,5922.841,4559.867,6656.775,0.045768,0.491035,83.283,102.639,0.56501,0.63502,0.892007,B,0.001,-0.046209
11761.641,0.40603,186.548,1.3867,24,0.67,16.08,1.93564,6.17029,5552.018,6209.623,7698.813,0.104481,0.675641,83.284,102.865,0.47204,0.65457,0.878532,B,0.0,0.022809
9981.415,0.63954,219.935,2.1236,16,0.6894,11.03,1.88842,4.76746,2188.486,7792.929,4647.517,0.54955,0.664815,90.245,104.186,0.21926,0.46562,0.811596,B,0.0,-0.024425
12684.968,0.40634,138.752,2.9368,21,0.7593,15.945,2.02352,8.38403,5343.927,7341.041,15693.788,0.055407,0.661797,80.719,100.317,0.42128,1.2372,0.942556,B,0.0,0.040023
9741.757,0.57742,201.979,1.237,28,0.6484,18.156,1.9127,6.51084,3264.317,6477.44,4038.018,0.175103,0.780172,84.739,104.225,0.33509,0.41451,0.898386,B,0.0,-0.023692
8666.654,0.63076,180.246,2.674,15,0.6531,9.797,1.94565,4.74604,2612.88,6053.774,6986.812,0.381463,0.738354,86.715,102.991,0.30149,0.80617,0.81767,B,0.0,0.033386
8430.636,0.73498,153.864,4.6777,25,0.6948,17.369,1.99238,9.86436,1436.128,6994.508,6717.813,0.130193,0.859157,82.371,102.471,0.17035,0.79683,0.969825,B,0.0,-0.005475
11413.568,0.77629,205.028,3.0639,18,0.8725,15.704,1.90841,7.65176,1881.88,9531.687,5765.887,0.337131,0.862995,86.976,104.898,0.16488,0.50518,0.928395,B,0.001,0.000394
9991.694,0.59172,176.098,2.4871,24,0.8757,21.018,1.95245,10.02987,3461.256,6530.439,8608.557,0.051032,0.878288,82.202,103.72,0.34641,0.86157,0.970124,B,-0.001,0.044149
7562.96,0.76404,169.338,4.1947,29,0.8525,24.722,1.96395,13.47425,1050.265,6512.695,4405.587,0.045647,0.879887,81.876,103.403,0.13887,0.58252,0.991703,B,0.0,0.026846
10968.912,0.21702,211.543,1.4023,28,0.6852,19.185,1.89948,7.18504,5976.031,4992.881,8380.462,0.033154,0.437085,83.17,102.352,0.54482,0.76402,0.916767,B,0.0,0.030559
11677.667,0.51772,152.742,3.9078,25,0.8873,22.183,1.99457,12.19525,4001.781,7675.886,15637.996,0.022223,0.776044,80.898,101.862,0.34269,1.33914,0.98529,B,-0.0,0.004905
10776.252,0.33121,160.635,1.084,18,0.8397,15.115,1.97956,5.36865,4884.239,5892.012,5294.484,0.114213,0.511086,82.438,100.53,0.45324,0.49131,0.843705,B,0.001,0.033991
12954.138,0.4832,160.136,2.4979,27,0.7557,20.404,1.98048,9.957,5010.343,7943.794,12515.433,0.041691,0.761662,81.461,102.158,0.38678,0.96613,0.966628,B,0.001,0.067246
7788.989,0.75646,174.477,1.8316,17,0.6288,10.69,1.95516,4.63595,835.319,6953.67,1529.948,0.95,0.733209,94.008,102.685,0.10724,0.19642,0.865318,B,0.0,0.012142
12516.783,0.46314,166.593,2.4726,28,0.6687,18.723,1.96877,9.03099,5314.556,7202.228,13140.825,0.04973,0.768204,81.823,102.53,0.42459,1.04986,0.95441,B,-0.001,-0.05035
7937.55,0.39878,165.795,2.3391,25,0.6611,16.528,1.97019,7.85163,3369.043,4568.507,7880.419,0.056454,0.651219,81.881,101.718,0.42444,0.9928,0.939912,B,0.0,0.041675
12177.139,0.47216,131.871,3.8661,29,0.703,20.388,2.03902,11.54079,5381.065,6796.073,20803.804,0.020045,0.830146,79.928,101.011,0.4419,1.70843,0.98124,B,0.001,-0.038314
11144.333,0.34026,163.215,2.0181,21,0.6934,14.56,1.97483,6.6252,5331.27,5813.062,10758.93,0.072383,0.585927,81.989,101.157,0.47838,0.96542,0.898233,B,0.001,0.047452
12273.392,0.66363,192.25,4.7125,15,0.8898,13.348,1.92692,7.22241,3431.797,8841.594,16172.466,0.202394,0.842662,84.774,104.221,0.27961,1.31769,0.914724,B,0.001,-0.059272
10642.797,0.7444,183.163,3.1086,17,0.8592,14.607,1.94097,7.32918,1036.538,9606.26,3222.18,0.599119,0.760073,89.693,103.269,0.09739,0.30276,0.921614,B,-0.001,0.02962
7481.787,0.65441,188.765,4.3095,22,0.6012,13.226,1.93221,7.07075,1855.106,5626.681,7994.653,0.205398,0.802449,84.693,103.802,0.24795,1.06855,0.922177,B,0.0,-0.003373
7974.905,0.28299,151.178,2.3418,26,0.8787,22.846,1.99765,11.07804,4280.416,3694.49,10023.905,0.010254,0.598982,80.674,100.608,0.53674,1.25693,0.980552,B,-0.001,-0.006029
10573.945,0.26098,188.537,0.9392,23,0.6762,15.553,1.93257,4.96285,6734.597,3839.348,6325.269,0.073381,0.590056,82.943,102.39,0.6369,0.59819,0.82092,B,0.0,-0.03362
11780.532,0.67352,197.613,4.5975,21,0.8682,18.233,1.91898,9.76089,1990.149,9790.383,9149.636,0.137893,0.782398,84.103,104.055,0.16894,0.77667,0.965413,B,0.0,0.020218
7712.701,0.64574,182.239,2.9305,26,0.73,18.979,1.94244,9.39512,2178.185,5534.516,6383.213,0.079472,0.868609,82.801,103.943,0.28242,0.82762,0.965243,B,0.0,-0.035583
11040.989,0.57775,201.202,2.4879,16,0.8076,12.921,1.91381,5.98247,3528.812,7512.178,8779.251,0.22968,0.741258,85.434,103.936,0.31961,0.79515,0.872942,B,-0.001,-0.028185
12233.333,0.66796,176.845,0.9011,28,0.7277,20.376,1.95121,6.45606,3885.807,8347.526,3501.64,0.234228,0.869866,84.647,103.699,0.31764,0.28624,0.888616,B,0.0,-0.016743
10755.087,0.49884,170.402,3.685,25,0.771,19.274,1.96211,10.2181,4107.814,6647.273,15137.203,0.037369,0.784022,81.807,102.823,0.38194,1.40745,0.971388,B,0.0,-0.045574
10281.169,0.24923,145.525,3.3326,21,0.8002,16.805,2.00911,9.0183,5546.971,4734.198,18485.944,0.019835,0.518011,80.555,99.759,0.53953,1.79804,0.957062,B,0.0,-0.01506
12855.013,0.76445,153.244,0.9315,27,0.7628,20.595,1.99359,6.85266,2147.373,10707.64,2000.303,0.451416,0.827222,86.585,102.227,0.16705,0.1556,0.901357,B,0.0,0.060782
12752.098,0.62462,186.259,4.3182,16,0.6127,9.803,1.93609,5.25893,4415.013,8337.085,19064.726,0.30999,0.791243,85.986,103.615,0.34622,1.49503,0.828178,B,0.0,-0.054574
8227.16,0.49165,169.925,3.0287,16,0.6841,10.946,1.96293,5.55017,3094.883,5132.278,9373.523,0.177372,0.681168,83.637,102.121,0.37618,1.13934,0.864287,B,-0.001,-0.005914
11870.299,0.77751,172.397,2.8211,24,0.88,21.119,1.95868,10.48221,1682.474,10187.825,4746.446,0.147774,0.881504,83.34,103.563,0.14174,0.39986,0.973061,B,0.0,0.041774
11375.15,0.50007,158.995,1.271,24,0.651,15.624,1.9826,5.98487,3812.758,7562.393,4846.152,0.191244,0.655773,83.389,101.4,0.33518,0.42603,0.871814,B,-0.001,-0.008975
9498.889,0.55391,198.218,3.5392,21,0.8846,18.577,1.9181,9.43411,3253.978,6244.912,11516.616,0.058629,0.811989,83.077,104.276,0.34256,1.21242,0.963742,B,-0.001,-0.04772
10338.826,0.66377,219.762,2.9149,28,0.6623,18.545,1.88865,8.77997,2460.346,7878.48,7171.691,0.130407,0.830328,84.707,105.272,0.23797,0.69367,0.953247,B,0.0,0.033652
11765.755,0.25797,203.254,1.3299,22,0.7829,17.224,1.9109,6.36645,6216.89,5548.865,8267.821,0.055374,0.48495,83.2,102.33,0.52839,0.7027,0.886578,B,-0.0,0.035669
8986.813,0.33984,198.087,1.5895,16,0.6879,11.006,1.91829,4.40094,4496.194,4490.619,7146.567,0.141149,0.538784,84.162,102.467,0.50031,0.79523,0.792204,B,0.0,-0.028424
8384.185,0.35428,194.463,4.7431,29,0.673,19.516,1.92361,10.54431,4103.743,4280.442,19464.436,0.01719,0.677461,82.404,103.227,0.48946,2.32157,0.976251,B,-0.0,-0.026798
12698.142,0.38373,157.418,3.188,26,0.8492,22.08,1.98557,11.52876,6041.2,6656.942,19259.158,0.015418,0.717969,81.003,101.728,0.47575,1.51669,0.980884,B,0.0,0.036817
8249.403,0.37678,211.739,2.004,24,0.7818,18.764,1.89921,8.02949,3732.557,4516.846,7480.194,0.047486,0.648895,83.366,103.758,0.45246,0.90676,0.942975,B,0.0,0.007075
11828.16,0.52774,190.228,0.9607,18,0.6705,12.069,1.92998,3.88815,4242.583,7585.578,4075.745,0.398001,0.600301,87.286,102.532,0.35868,0.34458,0.729493,B,-0.001,0.010823
11627.487,0.37435,217.985,2.6767,27,0.7526,20.32,1.89095,9.42465,6236.889,5390.598,16694.131,0.027035,0.776193,83.288,104.845,0.53639,1.43575,0.961263,B,-0.0,-0.008969
12876.663,0.42585,209.243,2.9376,18,0.6684,12.031,1.90259,5.77311,5269.345,7607.318,15479.223,0.149874,0.617015,84.639,103.447,0.40922,1.20211,0.855981,B,0.0,-0.04019
11928.787,0.42483,134.594,2.2633,25,0.7922,19.805,2.03278,9.74442,4782.014,7146.773,10823.04,0.037021,0.684323,80.282,100.216,0.40088,0.9073,0.965066,B,0.0,-0.029499
12331.099,0.32783,144.805,1.9706,16,0.6847,10.956,2.0106,5.07604,6498.799,5832.299,12806.671,0.112617,0.567642,81.748,100.046,0.52703,1.03857,0.818957,B,0.001,-0.028931
10532.838,0.56915,194.247,2.3786,26,0.8367,21.753,1.92394,10.0215,3321.865,7210.973,7901.542,0.054951,0.806022,82.896,104.066,0.31538,0.75018,0.96955,B,0.0,0.022065
11307.235,0.68995,152.424,2.5369,21,0.633,13.292,1.9952,6.58549,1979.191,9328.044,5020.962,0.408678,0.749634,85.986,101.67,0.17504,0.44405,0.896321,B,0.0,-0.043967
10525.494,0.55357,207.929,1.1632,19,0.7747,14.719,1.90439,5.09822,2996.931,7528.563,3486.027,0.331581,0.641945,86.996,103.558,0.28473,0.3312,0.829452,B,0.0,-0.051039
12076.865,0.73405,147.075,2.3996,24,0.606,14.545,2.00592,7.14641,2596.451,9480.413,6230.54,0.297356,0.853655,84.287,102.062,0.21499,0.51591,0.912909,B,0.001,-0.04949
9182.282,0.58296,158.525,3.055,28,0.7323,20.505,1.98349,10.57995,2208.056,6974.226,6745.591,0.058292,0.749069,81.615,101.991,0.24047,0.73463,0.975955,B,0.0,0.014619
12576.33,0.57035,134.795,1.7713,28,0.6991,19.575,2.03232,8.87273,3663.591,8912.739,6489.18,0.094501,0.765946,81.05,100.767,0.29131,0.51598,0.951733,B,0.0,0.020016
7880.883,0.24445,214.792,3.5064,18,0.6646,11.964,1.89514,5.95102,4943.457,2937.427,17333.952,0.045461,0.579345,83.434,103.421,0.62727,2.19949,0.883346,B,-0.001,-0.036295
8253.095,0.33848,217.351,2.9402,25,0.8106,20.265,1.89177,9.64041,4315.929,3937.166,12689.9,0.021005,0.686497,83.19,104.229,0.52295,1.53759,0.967547,B,-0.0,-0.001141
12871.207,0.79873,150.586,1.551,24,0.7212,17.309,1.99883,7.28855,1454.888,11416.319,2256.602,0.598673,0.824221,88.416,102.062,0.11303,0.17532,0.915277,B,0.0,0.047141
12473.862,0.2323,174.822,3.1806,24,0.6856,16.454,1.95458,8.38944,7143.765,5330.097,22721.779,0.02312,0.512651,81.786,101.246,0.5727,1.82155,0.943,B,-0.0,0.034739
10848.473,0.51569,212.764,2.0052,15,0.6557,9.835,1.89784,4.20473,3890.763,6957.709,7801.691,0.338462,0.614802,87.239,103.574,0.35865,0.71915,0.764612,B,0.001,-0.039794
11160.89,0.74423,138.97,2.4211,18,0.8124,14.623,2.02305,7.29188,2106.306,9054.584,5099.557,0.317953,0.843387,84.195,101.528,0.18872,0.45691,0.919373,B,-0.0,0.044417
11887.122,0.558,206.888,2.1527,20,0.8988,17.976,1.90583,7.91573,4425.68,7461.442,9527.058,0.099182,0.830144,83.895,104.758,0.37231,0.80146,0.933824,B,0.0,-0.005025
11061.85,0.25655,202.352,4.1866,15,0.6193,9.29,1.91217,4.8609,6009.017,5052.833,25157.248,0.088907,0.455907,83.613,102.1,0.54322,2.27424,0.811745,B,0.0,0.052009
7480.256,0.6651,216.915,4.7825,29,0.6622,19.204,1.89234,10.13026,1698.905,5781.352,8125.067,0.078102,0.837589,83.93,105.209,0.22712,1.0862,0.973329,B,-0.001,0.033547
7510.274,0.33928,213.221,2.7478,28,0.7478,20.939,1.89723,9.83135,3613.699,3896.575,9929.736,0.0209,0.634542,83.061,103.723,0.48117,1.32215,0.970359,B,0.0,0.01896
8489.288,0.61192,213.556,4.209,18,0.8644,15.559,1.89678,8.04789,2629.152,5860.136,11066.2,0.112799,0.835852,84.284,105.065,0.3097,1.30355,0.942911,B,0.0,-0.006999
8080.352,0.20497,153.248,4.4872,26,0.8811,22.909,1.99358,12.92546,4340.913,3739.439,19478.381,0.0039,0.43838,80.678,99.661,0.53722,2.41059,0.989778,B,0.0,0.00492
10706.965,0.28912,137.403,4.0833,27,0.7205,19.454,2.02649,11.03737,5768.573,4938.391,23554.653,0.01151,0.613407,80.077,99.917,0.53877,2.19994,0.978551,B,0.001,-0.042163
10022.968,0.36173,217.468,2.021,26,0.7965,20.71,1.89162,8.83131,4674.613,5348.356,9447.552,0.035281,0.647047,83.382,103.973,0.46639,0.94259,0.95451,B,-0.001,0.045489
11289.629,0.77613,203.598,2.1129,22,0.854,18.789,1.91041,8.25531,2587.294,8702.335,5466.714,0.195625,0.948724,85.062,105.405,0.22917,0.48422,0.942237,B,0.0,-0.033704
9007.19,0.41169,136.052,2.7532,20,0.7829,15.657,2.02949,8.12929,3696.04,5311.15,10175.973,0.056573,0.658814,80.609,100.136,0.41034,1.12976,0.943611,B,0.0,0.014004
8199.15,0.3704,208.714,4.2432,19,0.8349,15.864,1.90332,8.26271,3660.28,4538.87,15531.441,0.043537,0.634001,83.218,103.538,0.44642,1.89427,0.947529,B,0.0,-0.040569
12274.217,0.47687,136.182,2.1703,29,0.7909,22.936,2.0292,11.11092,4927.324,7346.893,10693.562,0.025975,0.779267,80.211,100.939,0.40144,0.87122,0.978134,B,0.0,0.027352
7269.37,0.46147,184.414,2.1982,17,0.6285,10.685,1.93899,4.86308,3238.286,4031.084,7118.42,0.173381,0.692895,84.118,102.883,0.44547,0.97923,0.83263,B,0.0,0.020961
10651.978,0.65718,187.651,3.1408,23,0.7377,16.968,1.93393,8.48844,2394.335,8257.642,7520.209,0.152782,0.803431,83.96,103.758,0.22478,0.70599,0.947743,B,0.001,0.010042
7610.177,0.71343,189.85,4.4871,20,0.8891,17.781,1.93056,9.56489,1555.335,6054.842,6978.984,0.113952,0.867427,83.524,104.279,0.20438,0.91706,0.967356,B,0.0,-0.038388
12716.043,0.56291,147.143,2.6465,24,0.7882,18.916,2.00578,9.5555,4198.08,8517.963,11110.051,0.065057,0.808272,81.223,101.766,0.33014,0.8737,0.961845,B,0.0,0.042285
10813.915,0.46097,207.838,1.4205,28,0.6852,19.184,1.90452,7.25307,3965.835,6848.081,5633.505,0.101697,0.669032,83.958,103.733,0.36673,0.52095,0.919093,B,-0.001,-0.008452
11720.586,0.4271,138.558,3.1496,27,0.7741,20.901,2.02395,11.18528,5403.248,6317.338,17018.2,0.019431,0.775785,80.236,101.057,0.461,1.45199,0.979027,B,0.0,-0.024292
7624.198,0.36589,132.767,1.3904,22,0.8195,18.028,2.03695,7.46042,4009.522,3614.676,5574.754,0.047461,0.71911,80.333,100.334,0.52589,0.73119,0.931785,B,0.0,-0.027776
12601.035,0.5632,209.27,2.6686,19,0.854,16.227,1.90256,7.59207,4057.564,8543.47,10827.891,0.132256,0.767867,84.407,104.444,0.322,0.85929,0.924384,B,0.001,0.017049
10122.653,0.40975,184.047,4.7083,24,0.7962,19.108,1.93956,10.44074,4542.737,5579.916,21388.652,0.023717,0.724025,82.129,103.071,0.44877,2.11295,0.974024,B,0.0,0.018291
9756.783,0.2355,178.778,4.1049,17,0.712,12.105,1.94803,6.49056,5726.887,4029.896,23508.439,0.041079,0.511794,82.169,101.427,0.58696,2.40945,0.897615,B,0.0,-0.008988
7534.369,0.7164,190.268,3.4054,27,0.7583,20.473,1.92992,10.4053,1847.078,5687.291,6290.032,0.07091,0.926041,82.97,104.684,0.24515,0.83485,0.975735,B,-0.0,-0.018994
10560.493,0.6005,214.803,4.6011,14,0.7644,10.702,1.89512,5.62011,3518.712,7041.781,16189.879,0.256319,0.772481,86.217,104.696,0.3332,1.53306,0.857777,B,0.0,0.021277
7011.127,0.78543,200.395,2.786,20,0.8114,16.228,1.91496,7.75856,1043.27,5967.857,2906.59,0.31796,0.867146,86.572,104.732,0.1488,0.41457,0.939761,B,0.0,0.028024
8034.777,0.70597,207.136,1.5901,19,0.623,11.836,1.90548,4.68505,1840.829,6193.947,2927.185,0.562615,0.748568,90.02,104.23,0.22911,0.36431,0.817414,B,0.001,0.042993
8126.746,0.72615,174.486,2.07,27,0.6538,17.653,1.95515,7.98022,1426.536,6700.21,2952.866,0.239071,0.829859,84.624,103.323,0.17554,0.36335,0.942209,B,0.0,-0.036351
10078.052,0.75646,194.587,3.016,15,0.6605,9.908,1.92343,4.86719,1807.526,8270.526,5451.472,0.7696,0.753585,92.34,103.735,0.17935,0.54093,0.817531,B,0.0,0.026871
12197.962,0.26849,160.865,4.4192,22,0.742,16.325,1.97913,9.08784,6714.241,5483.721,29671.569,0.021605,0.570764,81.225,100.936,0.55044,2.4325,0.955705,B,0.0,0.059108
10449.816,0.51955,196.025,2.7024,15,0.7523,11.284,1.92131,5.37834,3696.526,6753.291,9989.643,0.226588,0.679903,85.221,103.311,0.35374,0.95596,0.845724,B,-0.001,0.030659
11366.957,0.60659,163.22,4.6073,27,0.8634,23.312,1.97482,13.03401,3668.897,7698.06,16903.715,0.020429,0.885957,81.304,103.137,0.32277,1.48709,0.98913,B,0.0,-0.019594
10719.87,0.40697,180.664,3.7785,26,0.6306,16.397,1.94497,8.62514,4676.548,6043.322,17670.405,0.046565,0.685861,82.31,102.664,0.43625,1.64838,0.950085,B,0.0,0.023166
7839.185,0.75633,203.233,1.8619,21,0.613,12.873,1.91093,5.42353,1494.377,6344.808,2782.422,0.555929,0.803524,89.806,104.431,0.19063,0.35494,0.85988,B,0.0,0.037776
12044.408,0.68387,208.984,1.5508,24,0.8759,21.022,1.90295,8.22323,2912.38,9132.028,4516.585,0.168812,0.848128,84.881,104.962,0.2418,0.37499,0.940311,B,0.0,0.035963
11921.762,0.46062,204.903,4.1216,27,0.8686,23.452,1.90858,12.1986,4171.917,7749.845,17194.969,0.019474,0.698094,82.779,103.805,0.34994,1.44232,0.985205,B,0.0,0.037805
8280.52,0.29608,139.81,4.5738,17,0.8118,13.801,2.02122,7.9691,4508.863,3771.657,20622.793,0.031701,0.612129,80.455,100.051,0.54451,2.49052,0.9417,B,0.0,0.020268
7731.994,0.40564,151.664,4.2551,19,0.8364,15.891,1.99669,8.89756,3606.169,4125.825,15344.697,0.036002,0.728726,81.035,101.491,0.4664,1.98457,0.958606,B,0.0,-0.019199
8867.322,0.79985,156.821,1.0714,20,0.7618,15.236,1.9867,5.4097,784.599,8082.723,840.609,0.95,0.785271,93.315,102.141,0.08848,0.0948,0.894907,B,0.0,0.030479
11146.317,0.50024,157.147,2.6047,19,0.6993,13.287,1.98608,6.58779,4606.88,6539.437,11999.311,0.124803,0.764734,82.436,102.022,0.41331,1.07653,0.896886,B,0.0,-0.048643
7112.092,0.21297,160.286,0.9179,26,0.7871,20.466,1.9802,6.69181,4262.809,2849.283,3912.826,0.031195,0.48492,81.328,100.34,0.59937,0.55017,0.912205,B,-0.0,0.009594
9906.309,0.39434,147.751,4.0527,29,0.83,24.07,2.00454,13.42605,4742.95,5163.358,19221.781,0.007477,0.749696,80.49,101.414,0.47878,1.94036,0.990922,B,0.001,0.042015
9321.602,0.24689,197.336,2.6875,16,0.8491,13.586,1.91939,6.45602,5038.295,4283.307,13540.433,0.046714,0.482348,82.891,102.063,0.5405,1.45259,0.897733,B,0.0,0.00684
12721.67,0.28337,135.005,1.982,24,0.7091,17.018,2.03185,8.01908,6809.646,5912.023,13496.99,0.034588,0.569918,80.27,99.486,0.53528,1.06094,0.934663,B,0.001,0.039268
8150.235,0.61867,132.886,4.4999,23,0.8625,19.837,2.03668,11.54471,2954.285,5195.951,13294.132,0.02835,0.954306,80.086,101.893,0.36248,1.63113,0.98339,B,-0.001,0.024693
12615.896,0.65807,140.315,2.1755,25,0.8771,21.928,2.02012,10.56335,2934.036,9681.86,6383.01,0.075661,0.834566,81.058,101.549,0.23257,0.50595,0.973261,B,0.0,-0.00059
12729.565,0.6616,195.243,3.9626,14,0.8882,12.435,1.92246,6.4896,3689.424,9040.141,14619.836,0.254796,0.827624,85.567,104.252,0.28983,1.14849,0.88838,B,0.0,-0.007928
12631.78,0.7381,157.583,4.544,20,0.8923,17.846,1.98526,10.0306,2032.668,10599.112,9236.423,0.147855,0.8513,82.758,102.617,0.16092,0.73121,0.967766,B,0.0,-0.047355
11369.179,0.34022,153.66,4.6809,17,0.7795,13.251,1.99278,7.52874,5179.495,6189.684,24244.569,0.055757,0.578266,81.38,100.606,0.45557,2.13248,0.92534,B,0.0,-0.054831
12106.046,0.45632,162.01,0.9553,24,0.728,17.472,1.97703,5.81828,5167.123,6938.923,4936.22,0.148333,0.685672,82.944,101.753,0.42682,0.40775,0.861257,B,0.0,-0.049156
11918.379,0.78282,192.011,3.3753,14,0.6781,9.494,1.92728,4.8053,1364.294,10554.086,4604.902,0.95,0.761213,94.634,103.673,0.11447,0.38637,0.861085,B,-0.001,-0.041318
9571.3,0.68713,130.218,1.2193,28,0.6134,17.174,2.04288,6.74041,2247.059,7324.242,2739.835,0.273031,0.814178,83.187,100.803,0.23477,0.28626,0.906714,B,-0.001,-0.0261
12819.266,0.77042,176.414,4.5064,22,0.8372,18.418,1.95193,10.08111,1324.529,11494.737,5968.914,0.237371,0.831838,84.673,103.428,0.10332,0.46562,0.968165,B,0.0,0.055102
11417.769,0.69733,135.563,1.1535,28,0.7964,22.298,2.03059,8.46008,2398.743,9019.026,2766.861,0.179129,0.83515,82.204,101.27,0.21009,0.24233,0.946033,B,0.0,0.028858
9284.007,0.66771,215.44,1.7987,18,0.7947,14.304,1.89428,5.87284,2432.379,6851.628,4375.13,0.319279,0.791402,87.068,104.846,0.262,0.47125,0.874721,B,0.0,0.024677
9586.779,0.77478,169.534,4.0792,23,0.6674,15.35,1.96361,8.31874,1490.953,8095.826,6081.947,0.267606,0.868183,84.813,103.336,0.15552,0.63441,0.946283,B,0.0,-0.001839
8264.011,0.20027,218.794,1.4085,22,0.7682,16.9,1.8899,6.29082,4215.277,4048.734,5937.11,0.041165,0.365921,83.5,102.169,0.51008,0.71843,0.895155,B,0.0,-0.005189
11149.563,0.21539,143.667,2.5033,19,0.8009,15.218,2.01298,7.6075,6425.448,4724.114,16084.895,0.026974,0.471666,80.567,99.348,0.5763,1.44265,0.927829,B,0.001,-0.019614
11109.339,0.75161,215.815,3.0242,23,0.6337,14.576,1.89379,6.99497,2425.518,8683.821,7335.319,0.307494,0.875656,86.924,105.417,0.21833,0.66028,0.910678,B,0.0,0.018092
12757.639,0.29987,157.103,2.2451,23,0.7013,16.13,1.98617,7.65768,7336.231,5421.408,16470.557,0.038704,0.653272,81.298,101.284,0.57505,1.29103,0.925779,B,0.0,0.037675
11110.578,0.60637,209.08,4.2649,18,0.6253,11.255,1.90282,5.86527,3320.524,7790.053,14161.734,0.269132,0.750124,86.208,104.319,0.29886,1.27462,0.867354,B,0.001,-0.0438
7861.356,0.40976,161.774,2.54,21,0.7577,15.912,1.97746,7.7841,3962.718,3898.638,10065.392,0.049891,0.775535,81.635,102.334,0.50408,1.28036,0.938625,B,0.0,0.035049
12675.77,0.7053,180.891,4.5162,28,0.6524,18.268,1.9446,9.94681,2926.109,9749.661,13214.817,0.101542,0.886503,83.044,103.999,0.23084,1.04253,0.966766,B,0.0,-0.006105
11589.69,0.35732,172.938,0.961,17,0.6748,11.472,1.95776,3.77683,5828.909,5760.781,5601.504,0.198466,0.518052,84.03,101.191,0.50294,0.48332,0.720653,B,0.0,0.003659
11014.938,0.265,183.612,3.5795,19,0.7923,15.054,1.94025,7.79934,6600.232,4414.706,23625.206,0.029728,0.616738,82.193,102.343,0.59921,2.14483,0.932779,B,0.0,0.029924
9094.529,0.76556,186.533,1.111,22,0.8152,17.933,1.93567,6.23337,1018.332,8076.198,1131.323,0.750612,0.76744,91.812,103.471,0.11197,0.1244,0.890214,B,-0.001,0.038009
8859.448,0.49201,153.702,2.9977,24,0.8374,20.098,1.9927,10.39116,3549.369,5310.08,10639.946,0.031233,0.799998,81.058,102.072,0.40063,1.20097,0.974567,B,-0.001,0.026189
12533.689,0.33917,140.04,3.7092,28,0.8045,22.526,2.02072,12.48137,5908.157,6625.532,21914.716,0.00981,0.632865,80.177,100.202,0.47138,1.74847,0.986366,B,0.0,0.024969
11426.499,0.25228,155.747,3.5411,17,0.7145,12.146,1.98875,6.51179,7041.206,4385.293,24933.633,0.043705,0.587171,81.308,100.776,0.61622,2.18209,0.893245,B,0.0,0.024383
9878.018,0.22391,151.821,1.4519,21,0.8302,17.434,1.99638,7.1371,5579.354,4298.664,8100.933,0.032487,0.47236,80.995,99.807,0.56483,0.8201,0.91805,B,0.0,0.01361
7456.111,0.47967,187.459,3.8373,23,0.7047,16.208,1.93423,8.48212,2765.852,4690.259,10613.451,0.061353,0.726349,82.747,103.241,0.37095,1.42346,0.952552,B,0.0,0.014511
9423.705,0.20088,187.548,3.6616,16,0.8438,13.5,1.93409,6.99496,5651.668,3772.036,20693.959,0.028454,0.459216,82.315,101.482,0.59973,2.19595,0.915049,B,0.001,0.042015
12034.52,0.27381,205.385,2.1533,28,0.6538,18.306,1.90791,8.07566,7051.589,4982.931,15184.223,0.029363,0.619739,82.925,103.308,0.58595,1.26172,0.937164,B,0.0,-0.000562
10777.306,0.53342,189.195,2.4951,26,0.6659,17.314,1.93156,8.13706,3786.353,6990.953,9447.503,0.090056,0.773554,83.186,103.63,0.35133,0.87661,0.940686,B,0.0,-0.032896
11911.611,0.79203,186.945,4.5521,22,0.7644,16.816,1.93503,9.10125,1997.935,9913.676,9094.88,0.206506,0.910036,84.645,104.43,0.16773,0.76353,0.956268,B,0.0,-0.034357
10681.569,0.23666,163.157,1.4,22,0.6067,13.348,1.97494,5.29887,6247.881,4433.688,8747.327,0.064622,0.479104,81.885,100.449,0.58492,0.81892,0.840285,B,0.0,-0.048102
10218.224,0.56097,150.343,1.8142,20,0.6025,12.05,1.99931,5.38194,3018.502,7199.723,5476.278,0.290596,0.674331,84.339,101.06,0.2954,0.53593,0.846975,B,-0.001,-0.0439
9205.057,0.41393,184.411,2.3298,24,0.8935,21.443,1.93899,9.93477,3830.625,5374.432,8924.571,0.029997,0.687576,82.225,102.847,0.41614,0.96953,0.969842,B,0.0,0.011529
12437.42,0.57786,214.729,2.7196,22,0.7833,17.234,1.89522,8.05586,3308.548,9128.872,8997.837,0.139011,0.736908,84.667,104.458,0.26602,0.72345,0.936007,B,0.0,0.024147
7257.547,0.23382,177.137,4.0739,22,0.7798,17.155,1.95073,9.20361,4215.17,3042.377,17172.004,0.014743,0.537338,81.761,101.519,0.5808,2.36609,0.963378,B,-0.0,0.030616
10017.564,0.27314,218.969,2.5952,28,0.7348,20.575,1.88967,9.45183,5459.668,4557.896,14169.194,0.018344,0.578343,83.204,103.578,0.54501,1.41444,0.963397,B,0.0,0.018035
12032.32,0.76009,194.215,3.0096,17,0.6247,10.62,1.92398,5.21647,2494.712,9537.608,7508.1,0.626582,0.795011,90.44,103.992,0.20733,0.62399,0.829084,B,0.0,0.001201
8039.117,0.6659,181.071,2.5595,26,0.786,20.436,1.94431,9.77074,2199.807,5839.31,5630.4,0.074942,0.888533,82.699,104.02,0.27364,0.70038,0.969204,B,0.0,-0.029558
11327.804,0.31928,131.896,3.0893,17,0.8685,14.765,2.03896,7.94685,6113.659,5214.146,18886.913,0.03811,0.648954,80.167,99.817,0.5397,1.66731,0.93558,B,-0.001,0.008813
7307.358,0.46071,196.005,3.3196,28,0.8746,24.488,1.92134,12.28906,3226.402,4080.957,10710.29,0.012999,0.814665,82.401,104.199,0.44153,1.46569,0.987542,B,-0.001,0.02007
9624.7,0.50758,156.8,2.6038,20,0.6063,12.126,1.98674,6.01436,3761.171,5863.528,9793.285,0.156477,0.732795,82.84,101.793,0.39078,1.01752,0.879529,B,0.001,0.004471
12643.368,0.57439,133.069,3.9032,15,0.7397,11.096,2.03625,6.28128,4125.229,8518.139,16101.596,0.210857,0.750441,82.504,100.559,0.32628,1.27352,0.880224,B,0.0,0.029985
12553.502,0.54361,144.17,1.7495,25,0.6687,16.719,2.01193,7.43691,4387.258,8166.244,7675.335,0.124018,0.769034,81.871,101.339,0.34948,0.61141,0.92027,B,0.0,-0.009029
11530.83,0.55355,144.182,1.5585,27,0.8854,23.905,2.0119,10.17966,3956.118,7574.712,6165.786,0.047853,0.817666,80.866,101.661,0.34309,0.53472,0.970341,B,0.0,-0.00563
11266.079,0.68995,212.426,4.7108,15,0.7674,11.51,1.89829,6.08568,2578.032,8688.047,12144.504,0.371922,0.784324,87.67,104.68,0.22883,1.07797,0.876648,B,-0.0,-0.039387
10923.612,0.60323,150.458,2.4158,25,0.6817,17.042,1.99909,8.34897,2596.693,8326.92,6273.17,0.140355,0.747572,82.361,101.549,0.23771,0.57428,0.94469,B,-0.001,0.019383
12662.184,0.23244,205.631,2.9394,29,0.8846,25.653,1.90757,12.36199,6981.868,5680.316,20522.158,0.006014,0.510748,82.625,102.598,0.5514,1.62074,0.985734,B,-0.0,-0.000942
12482.172,0.20162,155.213,4.1555,16,0.9,14.4,1.98978,7.98563,7522.744,4959.427,31260.393,0.021968,0.474118,80.999,100.002,0.60268,2.5044,0.934332,B,0.001,0.042268
8267.377,0.52858,205.398,4.4055,14,0.7116,9.962,1.90789,5.24499,2424.98,5842.397,10683.252,0.272479,0.634878,86.135,103.408,0.29332,1.29222,0.848796,B,0.0,0.004687
12910.475,0.3286,202.483,4.5919,24,0.6486,15.566,1.91199,8.28485,6335.262,6575.213,29090.836,0.040076,0.606602,82.973,103.1,0.49071,2.25327,0.940154,B,0.0,-0.047231
10473.382,0.78421,198.311,4.3711,19,0.7912,15.032,1.91797,7.96724,1486.856,8986.526,6499.186,0.344609,0.856938,86.855,104.577,0.14197,0.62054,0.937615,B,0.0,0.051322
12507.278,0.34082,195.23,1.4225,25,0.8702,21.754,1.92248,8.34957,6090.144,6417.134,8663.489,0.040495,0.625847,82.738,102.92,0.48693,0.69268,0.942146,B,0.0,-0.033956
8561.497,0.68802,175.29,4.3289,14,0.6748,9.447,1.9538,5.13981,1482.893,7078.603,6419.366,0.628953,0.7004,89.8,102.507,0.1732,0.74979,0.841666,B,0.001,-0.042376
8165.554,0.46502,161.015,4.6963,28,0.8531,23.886,1.97885,13.44064,3082.56,5082.994,14476.755,0.010543,0.740639,81.085,102.065,0.37751,1.77291,0.991442,B,0.0,-0.017102
8638.823,0.43134,146.537,2.3649,17,0.7692,13.076,2.00702,6.40231,3533.192,5105.631,8355.697,0.107604,0.65537,81.758,100.723,0.40899,0.96723,0.897971,B,0.0,0.006932
10669.939,0.57275,173.266,2.4423,25,0.7668,19.169,1.95721,9.13287,3185.292,7484.647,7779.392,0.080056,0.782423,82.479,102.951,0.29853,0.72909,0.958273,B,0.0,0.045866
7996.816,0.52392,205.878,3.7248,28,0.6947,19.452,1.90723,9.90115,2798.513,5198.303,10423.984,0.043988,0.782296,83.134,104.401,0.34995,1.30352,0.970618,B,0.0,-0.020795
10134.804,0.24598,157.791,2.5741,16,0.7454,11.926,1.98487,5.88833,5759.336,4375.469,14824.944,0.055342,0.496918,81.546,100.289,0.56827,1.46278,0.872148,B,-0.001,-0.02339
7706.522,0.36129,134.34,4.5443,22,0.6694,14.727,2.03335,8.56629,3477.163,4229.359,15801.391,0.037191,0.627755,80.272,99.827,0.4512,2.05039,0.953555,B,-0.0,-0.031095
11077.935,0.53855,166.168,4.2879,15,0.6528,9.793,1.96952,5.3821,3923.559,7154.376,16823.733,0.238633,0.703027,84.3,102.079,0.35418,1.51867,0.843063,B,-0.0,0.011743
12444.941,0.27399,141.436,1.0152,18,0.8778,15.801,2.01771,5.58758,6964.156,5480.785,7069.75,0.074348,0.527665,81.092,99.589,0.5596,0.56808,0.848151,B,0.0,-0.000103
10358.312,0.7223,174.657,1.7148,16,0.606,9.696,1.95486,4.10534,2732.409,7625.903,4685.51,0.657781,0.745418,90.157,102.774,0.26379,0.45234,0.759774,B,0.0,-0.003329
7015.934,0.79689,151.683,2.5813,17,0.6304,10.717,1.99666,5.34137,1274.84,5741.094,3290.753,0.615733,0.837116,88.688,102.207,0.18171,0.46904,0.859601,B,0.0,0.004943
10018.411,0.2548,148.457,2.8408,27,0.8624,23.285,2.0031,11.96465,5671.302,4347.11,16111.153,0.006837,0.578293,80.512,100.322,0.56609,1.60815,0.984809,B,-0.001,0.013148
10866.678,0.21714,176.815,3.0812,26,0.7207,18.737,1.95126,9.45646,6667.369,4199.308,20543.777,0.013263,0.540852,81.729,101.527,0.61356,1.89053,0.962525,B,0.001,-0.042985
12944.687,0.67716,145.065,4.2944,22,0.6217,13.678,2.01006,7.74588,3494.05,9450.638,15004.82,0.181476,0.860416,82.669,101.993,0.26992,1.15915,0.927662,B,-0.001,0.057886
7324.768,0.31763,162.578,2.7945,15,0.7851,11.777,1.97599,5.90685,3914.266,3410.502,10938.289,0.069162,0.602791,81.921,101.236,0.53439,1.49333,0.883639,B,0.0,0.027684
8970.748,0.28136,154.631,3.2229,22,0.7631,16.788,1.9909,8.82256,4925.299,4045.449,15873.838,0.022645,0.596343,80.983,100.777,0.54904,1.76951,0.95581,B,0.0,0.001068
8393.077,0.73427,148.543,4.2055,15,0.8624,12.936,2.00293,7.25923,1483.671,6909.406,6239.61,0.31157,0.825036,84.538,101.955,0.17677,0.74342,0.92499,B,0.0,0.008587
8865.161,0.36004,135.836,4.7829,15,0.6741,10.111,2.02998,5.92095,4255.784,4609.377,20355.051,0.091204,0.608255,81.056,99.789,0.48006,2.29607,0.878394,B,0.0,-0.008565
12142.055,0.32527,158.106,1.4228,17,0.7175,12.197,1.98427,4.90839,5887.241,6254.813,8376.656,0.128108,0.510838,82.519,100.397,0.48486,0.68989,0.809033,B,0.001,0.047397
12581.597,0.24861,199.753,1.5969,25,0.7786,19.466,1.91589,7.78282,7063.713,5517.885,11280.182,0.031305,0.526798,82.767,102.459,0.56143,0.89656,0.929306,B,-0.001,-0.029488
11792.723,0.29732,167.166,2.887,19,0.6844,13.003,1.96776,6.53736,6546.249,5246.474,18899.222,0.057267,0.596853,81.945,101.428,0.55511,1.60262,0.893082,B,0.0,-0.045385
10100.516,0.37361,159.676,3.5029,24,0.7442,17.861,1.98133,9.50068,4444.592,5655.924,15569.094,0.030627,0.64313,81.296,101.352,0.44004,1.54142,0.963928,B,0.0,0.034861
12822.277,0.42128,168.966,2.2583,19,0.8914,16.936,1.9646,7.92663,5825.204,6997.074,13154.958,0.062755,0.719758,82.087,102.328,0.4543,1.02595,0.932326,B,-0.001,0.008189
12301.673,0.40637,158.814,3.5732,20,0.731,14.62,1.98294,7.82023,5475.558,6826.115,19565.442,0.063205,0.681635,81.691,101.561,0.44511,1.59047,0.930769,B,0.0,0.029316
12915.387,0.38997,200.454,1.8297,18,0.882,15.876,1.91488,6.66882,5298.05,7617.337,9693.582,0.100175,0.591538,83.7,102.916,0.41021,0.75055,0.894626,B,0.0,-0.062985
10917.506,0.24873,148.893,4.1854,29,0.775,22.474,2.00222,12.59369,5750.201,5167.305,24067.107,0.005911,0.518938,80.519,99.954,0.5267,2.20445,0.987483,B,-0.0,0.010907
10485.531,0.64016,155.679,1.2785,29,0.7807,22.641,1.98888,8.73518,2784.973,7700.558,3560.611,0.114964,0.830096,82.246,102.376,0.2656,0.33957,0.952301,B,0.0,0.043495
8976.063,0.47026,167.107,1.9414,18,0.6934,12.482,1.96786,5.57697,3951.677,5024.386,7671.72,0.147019,0.724486,83.127,102.267,0.44025,0.85469,0.862364,B,0.0,0.01447
8944.888,0.30208,205.614,3.0067,26,0.6265,16.29,1.90759,7.89502,4420.912,4523.976,13292.412,0.037337,0.560782,83.038,102.928,0.49424,1.48603,0.938911,B,0.0,0.043866
11137.309,0.45364,186.182,2.4205,14,0.6585,9.219,1.93621,4.31046,4441.069,6696.24,10749.455,0.26024,0.581911,85.327,102.23,0.39876,0.96518,0.771246,B,-0.0,-0.030656
9074.01,0.20861,149.067,1.738,18,0.7582,13.648,2.00187,6.0129,5593.889,3480.121,9721.906,0.040105,0.479455,80.978,99.703,0.61647,1.0714,0.881482,B,0.0,0.024894
10846.108,0.77026,176.754,2.3696,25,0.6857,17.143,1.95136,8.05942,1751.877,9094.231,4151.228,0.29123,0.862535,85.396,103.647,0.16152,0.38274,0.93893,B,0.0,0.031474
10505.042,0.37156,206.739,3.8151,23,0.6191,14.24,1.90603,7.27779,4721.196,5783.846,18011.828,0.065714,0.62121,83.448,103.373,0.44942,1.71459,0.920515,B,0.0,0.021758
10760.557,0.43898,179.481,3.5763,27,0.836,22.572,1.94689,11.75226,4368.535,6392.022,15623.2,0.018087,0.726636,81.891,102.878,0.40598,1.4519,0.983273,B,0.0,-0.017679
9236.162,0.6894,146.925,2.3229,26,0.7584,19.719,2.00622,9.5977,1798.847,7437.315,4178.541,0.120233,0.827067,81.942,101.878,0.19476,0.45241,0.966033,B,0.0,-0.028494
12155.174,0.51631,205.978,1.3974,25,0.6591,16.478,1.90709,6.20063,3643.853,8511.32,5092.03,0.209316,0.647736,85.319,103.517,0.29978,0.41892,0.878467,B,0.001,0.032782
9099.598,0.29252,163.046,1.5119,24,0.6081,14.595,1.97514,5.97902,4322.075,4777.523,6534.62,0.073921,0.490287,82.003,100.517,0.47497,0.71812,0.879973,B,0.0,-0.035118
12592.013,0.79202,157.896,4.0256,28,0.7257,20.32,1.98467,11.15689,1993.845,10598.168,8026.463,0.108587,0.920591,82.253,103.091,0.15834,0.63742,0.978291,B,0.0,0.042412
12437.767,0.57182,195.23,1.0212,18,0.6073,10.931,1.92248,3.60969,4255.087,8182.68,4345.092,0.507066,0.605496,88.897,102.785,0.34211,0.34935,0.696632,B,0.0,-0.026028
10501.876,0.48509,210.434,2.221,29,0.6299,18.267,1.90097,8.09115,4165.261,6336.614,9251.049,0.073124,0.755896,83.663,104.412,0.39662,0.88089,0.940213,B,0.001,-0.046693
11934.9,0.27447,138.087,1.7921,15,0.7491,11.236,2.02498,5.08855,6592.852,5342.048,11815.026,0.088568,0.503908,81.126,99.235,0.5524,0.98996,0.82175,B,0.0,-0.044437
12958.288,0.5501,197.43,4.0747,25,0.7054,17.636,1.91925,9.2318,3978.594,8979.694,16211.469,0.077077,0.759677,83.295,103.897,0.30703,1.25105,0.956981,B,0.0,0.02914
8057.653,0.71114,213.109,2.1015,25,0.6509,16.273,1.89738,7.06209,1669.211,6388.441,3507.807,0.272975,0.825632,86.385,104.979,0.20716,0.43534,0.920482,B,0.001,-0.034838
9066.038,0.33014,205.717,4.1335,24,0.8186,19.647,1.90745,10.21592,4621.719,4444.319,19103.944,0.017625,0.655132,82.781,103.555,0.50978,2.1072,0.972785,B,0.0,-0.011607
8752.052,0.21055,187.589,3.3923,24,0.8235,19.764,1.93403,10.06854,5143.745,3608.307,17449.233,0.010166,0.496198,82.075,101.728,0.58772,1.99373,0.971622,B,0.0,0.01852
8114.449,0.67578,193.202,1.4895,22,0.6868,15.109,1.92549,5.92263,2056.356,6058.093,3062.942,0.316535,0.797726,86.313,103.966,0.25342,0.37747,0.881299,B,-0.0,-0.024598
9574.26,0.41365,133.042,1.3819,23,0.78,17.941,2.03632,7.40204,4348.492,5225.768,6009.053,0.067403,0.701767,80.609,100.236,0.45419,0.62763,0.925991,B,0.0,0.019711
8636.684,0.4259,206.303,2.7904,24,0.6216,14.918,1.90664,7.08752,3804.308,4832.376,10615.523,0.077611,0.700098,83.591,103.876,0.44048,1.22912,0.919733,B,-0.0,-0.029205
7942.186,0.7309,144.963,3.3228,22,0.8166,17.965,2.01027,9.64237,1417.322,6524.864,4709.527,0.131519,0.861102,82.005,101.992,0.17845,0.59298,0.967889,B,0.0,-0.034465
8191.56,0.77146,162.323,4.291,23,0.7036,16.184,1.97645,8.94221,1146.787,7044.773,4920.852,0.227893,0.859946,84.007,102.92,0.14,0.60072,0.958645,B,0.0,-0.008214
8486.535,0.44584,185.543,2.7587,16,0.8566,13.705,1.93721,6.65138,3654.169,4832.366,10080.817,0.096364,0.710116,83.141,103.047,0.43058,1.18786,0.906934,B,0.0,-0.033992
7685.502,0.70336,213.957,3.9259,24,0.7656,18.375,1.89625,9.37107,1659.786,6025.716,6516.219,0.114055,0.865686,84.313,105.278,0.21596,0.84786,0.96498,B,0.0,-0.010187
12195.874,0.23476,190.111,2.2694,14,0.6172,8.641,1.93016,3.94408,6511.932,5683.942,14778.098,0.117846,0.368697,83.584,100.999,0.53395,1.21173,0.731963,B,0.0,0.045878
10479.279,0.25661,195.861,3.017,27,0.7167,19.351,1.92155,9.49243,5831.776,4647.503,17594.761,0.01687,0.557437,82.447,102.495,0.55651,1.679,0.963414,B,0.0,0.015593
12890.108,0.72234,202.278,1.1227,17,0.778,13.226,1.91228,4.53508,1813.165,11076.943,2035.609,0.95,0.685078,94.977,103.61,0.14066,0.15792,0.815005,B,0.0,-0.036094
9164.243,0.42853,195.926,4.1082,29,0.8241,23.899,1.92145,12.55253,3962.515,5201.728,16278.958,0.011941,0.745876,82.384,103.742,0.43239,1.77636,0.987951,B,0.0,-0.007413
7213.489,0.77155,156.108,2.323,22,0.8567,18.847,1.98806,9.05372,1031.317,6182.173,2395.714,0.207976,0.86557,83.491,102.633,0.14297,0.33212,0.961462,B,-0.001,-0.02523
12659.699,0.56259,190.417,2.8786,24,0.8314,19.954,1.92969,9.73531,5021.212,7638.487,14454.228,0.05074,0.899053,82.709,104.512,0.39663,1.14175,0.964228,B,0.0,0.039111
7220.221,0.20485,206.013,3.0881,18,0.8585,15.453,1.90704,7.53563,4394.395,2825.825,13570.136,0.022072,0.489093,82.849,102.471,0.60862,1.87946,0.934424,B,0.001,-0.022041
12668.895,0.29144,131.509,3.2506,14,0.7582,10.615,2.03986,5.78706,6446.195,6222.701,20953.723,0.081617,0.508794,80.723,98.868,0.50882,1.65395,0.857505,B,-0.001,0.030729
10381.599,0.39872,175.881,2.3805,28,0.6719,18.814,1.95281,8.86693,4459.499,5922.1,10615.907,0.042149,0.667231,82.076,102.316,0.42956,1.02257,0.954591,B,0.0,-0.020975
10472.928,0.48937,187.205,1.0844,17,0.7526,12.794,1.93462,4.39221,3893.933,6578.995,4222.401,0.286947,0.609171,85.715,102.456,0.37181,0.40317,0.781984,B,0.0,0.05142
12718.029,0.63965,209.926,2.786,15,0.8756,13.134,1.90166,6.21181,2956.333,9761.696,8236.483,0.338407,0.730885,87.149,104.226,0.23245,0.64762,0.877022,B,0.0,-0.033713
8276.759,0.31709,152.125,1.7236,14,0.7952,11.132,1.99579,4.86832,4410.168,3866.591,7601.512,0.102692,0.561631,81.935,100.413,0.53284,0.91842,0.827437,B,0.0,-0.008831
11192.643,0.71782,197.787,2.6435,18,0.6437,11.586,1.91873,5.47789,1719.118,9473.525,4544.566,0.711628,0.718943,91.682,103.644,0.15359,0.40603,0.847731,B,0.0,0.00601
8512.27,0.75185,209.822,1.487,17,0.8112,13.791,1.90181,5.30046,1240.411,7271.859,1844.487,0.771072,0.748571,92.857,104.339,0.14572,0.21669,0.850554,B,0.0,0.001245
10249.632,0.23023,167.508,2.6425,17,0.8745,14.866,1.96715,7.29669,6471.79,3777.841,17101.523,0.028574,0.575691,81.58,101.305,0.63142,1.6685,0.921635,B,0.001,-0.021215
9512.666,0.56235,177.49,1.8956,17,0.6881,11.697,1.95015,5.11448,3085.624,6427.042,5849.238,0.285201,0.695404,85.344,102.578,0.32437,0.61489,0.835492,B,-0.0,0.03396
9432.439,0.63524,141.16,3.9756,20,0.8361,16.722,2.01831,9.38289,2529.145,6903.293,10054.983,0.087277,0.835992,81.25,101.608,0.26813,1.066,0.963161,B,0.001,0.028641
10052.3,0.60521,173.419,2.2365,27,0.6976,18.834,1.95695,8.738,2967.482,7084.819,6636.65,0.096442,0.818314,82.701,103.196,0.2952,0.66021,0.952959,B,-0.001,-0.043991
10120.984,0.5143,190.04,1.3493,17,0.6201,10.542,1.93027,3.98183,3631.42,6489.564,4899.797,0.357018,0.602319,86.739,102.537,0.3588,0.48412,0.750929,B,0.0,-0.047933
12307.543,0.33214,190.388,2.7526,20,0.6401,12.802,1.92974,6.17306,6289.767,6017.777,17313.044,0.080095,0.595578,83.096,102.508,0.51105,1.4067,0.876762,B,-0.001,-0.007146
9507.387,0.64863,219.405,2.1297,26,0.7005,18.213,1.88911,7.88376,2307.32,7200.067,4913.976,0.166775,0.803048,85.176,105.078,0.24269,0.51686,0.937601,B,0.0,-0.026267
10568.076,0.68586,145.677,3.0789,14,0.7804,10.925,2.00879,5.75222,2764.238,7803.839,8510.779,0.356158,0.80265,85.002,101.647,0.26156,0.80533,0.864174,B,-0.001,-0.036246
7721.343,0.4303,185.696,3.2197,14,0.8939,12.514,1.93697,6.31284,3332.386,4388.957,10729.227,0.101949,0.6796,83.22,102.853,0.43158,1.38955,0.897747,B,-0.0,0.025295
9205.785,0.76228,152.732,2.5778,27,0.8475,22.883,1.99459,11.38333,1744.05,7461.735,4495.838,0.073087,0.923363,81.569,102.834,0.18945,0.48837,0.981835,B,0.0,0.028393
12814.193,0.47845,196.729,2.2543,22,0.7227,15.9,1.92028,7.18636,5099.277,7714.916,11495.072,0.105408,0.725022,83.645,103.639,0.39794,0.89706,0.91233,B,0.0,-0.037777
8077.87,0.49475,185.852,3.7728,26,0.8475,22.036,1.93673,11.5139,3025.973,5051.898,11416.252,0.022124,0.777835,82.172,103.508,0.3746,1.41328,0.983248,B,-0.001,0.036475
8847.736,0.55103,139.052,2.742,28,0.8809,24.666,2.02287,12.73348,2900.263,5947.473,7952.389,0.018826,0.81056,80.25,101.316,0.3278,0.8988,0.988801,B,0.0,-0.016098
8532.349,0.69508,151.191,3.6109,29,0.6735,19.533,1.99763,10.58452,1995.225,6537.124,7204.498,0.069932,0.885887,81.462,102.502,0.23384,0.84437,0.976473,B,0.0,-0.018101
12438.714,0.41306,156.298,1.0105,28,0.7893,22.1,1.9877,7.63046,5759.113,6679.601,5819.35,0.066259,0.712069,81.628,101.63,0.463,0.46784,0.92573,B,0.0,0.005332
12215.389,0.53901,207.379,2.7136,24,0.8057,19.337,1.90515,9.10749,4595.737,7619.652,12471.139,0.063056,0.82608,83.434,104.751,0.37623,1.02094,0.955987,B,0.0,-0.014092
10585.56,0.78461,158.833,1.6773,19,0.6756,12.836,1.98291,5.50513,1794.168,8791.392,3009.389,0.685915,0.804749,89.912,102.375,0.16949,0.28429,0.851828,B,0.0,0.025567
8112.839,0.22067,204.762,1.1295,26,0.7418,19.287,1.90878,6.61309,4826.103,3286.736,5450.877,0.034578,0.493922,82.974,102.451,0.59487,0.67188,0.906787,B,0.0,-0.008026
11651.227,0.59132,194.197,3.798,16,0.6429,10.286,1.92401,5.32857,3407.882,8243.345,12943.195,0.32866,0.699903,86.507,103.364,0.29249,1.11089,0.837431,B,0.0,0.027156
8958.481,0.2007,150.387,2.3109,15,0.7736,11.603,1.99923,5.61055,5394.79,3563.691,12466.688,0.04531,0.435928,81.103,99.489,0.6022,1.39161,0.864046,B,0.0,0.016512
8146.989,0.62801,132.574,3.7902,17,0.6991,11.884,2.03739,6.69183,2514.042,5632.948,9528.613,0.184744,0.82584,82.136,101.026,0.30859,1.16959,0.909222,B,-0.001,0.02261
12238.623,0.62343,213.196,3.0036,20,0.7812,15.624,1.89726,7.50641,4133.479,8105.145,12415.439,0.142376,0.868757,84.664,105.268,0.33774,1.01445,0.922868,B,-0.001,0.015076
9375.137,0.6127,191.887,3.2234,28,0.7395,20.705,1.92747,10.36954,2521.811,6853.326,8128.702,0.059305,0.816328,82.873,104.031,0.26899,0.86705,0.973964,B,0.0,0.028532
12946.993,0.33372,192.008,1.5094,27,0.7681,20.74,1.92728,8.18493,6171.616,6775.376,9315.542,0.043432,0.598142,82.667,102.596,0.47668,0.71951,0.937962,B,0.001,-0.012074
8386.407,0.57418,185.152,3.3641,21,0.8868,18.624,1.93782,9.49757,2873.048,5513.359,9665.284,0.057422,0.843472,82.614,103.91,0.34258,1.15249,0.96574,B,0.0,-0.032933
12166.63,0.68411,201.509,2.985,24,0.752,18.049,1.91337,8.77244,3073.508,9093.121,9174.34,0.133836,0.870103,84.178,104.799,0.25262,0.75406,0.950579,B,0.001,0.015371
10557.961,0.74929,166.792,4.4873,15,0.7773,11.659,1.96842,6.45687,2128.485,8429.476,9551.186,0.394371,0.838908,86.38,103.007,0.2016,0.90464,0.893892,B,-0.0,0.006988
9261.825,0.78503,212.165,2.3511,15,0.7323,10.985,1.89864,4.94104,1196.9,8064.925,2814.017,0.95,0.760552,95.292,104.512,0.12923,0.30383,0.843615,B,0.0,-0.039359
7473.348,0.58723,146.962,2.1265,17,0.7881,13.397,2.00615,6.34409,2507.091,4966.257,5331.284,0.17563,0.795018,82.675,101.669,0.33547,0.71337,0.899667,B,0.0,-0.009954
10855.193,0.59699,168.825,3.4712,26,0.7217,18.764,1.96484,9.83879,3193.354,7661.839,11084.905,0.066502,0.818092,82.131,102.97,0.29418,1.02116,0.96723,B,0.0,-0.01195
8432.898,0.41545,186.906,2.0221,26,0.7031,18.281,1.93509,8.07478,3836.134,4596.764,7757.012,0.051558,0.719133,82.598,103.168,0.4549,0.91985,0.943546,B,-0.0,-0.020608
7604.864,0.42134,219.283,4.4725,14,0.7758,10.861,1.88926,5.6471,3730.332,3874.532,16684.004,0.110464,0.720653,84.429,104.529,0.49052,2.19386,0.8714,B,0.0,-0.027106
10048.537,0.51348,210.554,2.7675,27,0.7911,21.359,1.90081,10.0774,3874.06,6174.477,10721.282,0.039201,0.81106,83.219,104.781,0.38553,1.06695,0.970567,B,0.0,-0.015563
7031.459,0.27974,150.325,1.3595,18,0.7694,13.849,1.99935,5.52828,3468.882,3562.577,4716.076,0.074608,0.479477,81.487,99.773,0.49334,0.67071,0.868424,B,-0.0,0.00026
9389.804,0.3528,150.664,3.1747,18,0.7073,12.731,1.99868,6.70411,4965.822,4423.982,15765.069,0.06268,0.678461,81.344,101.105,0.52885,1.67896,0.906043,B,0.0,-0.034123
12143.947,0.32804,133.46,3.3789,22,0.633,13.925,2.03536,7.63618,6420.547,5723.4,21694.275,0.045611,0.644881,80.342,99.886,0.5287,1.78643,0.92649,B,0.0,-0.059111
9746.246,0.52698,216.143,4.6261,22,0.7306,16.074,1.89336,8.43718,3414.89,6331.356,15797.528,0.077886,0.769201,83.903,104.727,0.35038,1.62088,0.948215,B,0.0,0.019228
11594.317,0.55585,142.443,3.0761,18,0.8762,15.771,2.01557,8.34224,3648.004,7946.313,11221.539,0.099861,0.765191,81.474,101.215,0.31464,0.96785,0.943475,B,0.0,-0.039414
10099.928,0.76736,215.163,1.4226,16,0.7534,12.054,1.89465,4.52335,1881.347,8218.581,2676.348,0.848367,0.748813,94.044,104.554,0.18627,0.26499,0.794062,B,0.0,0.027745
8838.813,0.48472,195.647,4.5445,22,0.8227,18.1,1.92186,9.69208,3452.878,5385.935,15691.493,0.040279,0.769645,82.749,103.887,0.39065,1.77529,0.967538,B,0.0,0.013021
10650.574,0.51247,194.587,1.696,15,0.6239,9.359,1.92343,3.85102,3518.622,7131.953,5967.716,0.410864,0.562601,87.605,102.474,0.33037,0.56032,0.735133,B,-0.001,-0.019341
9469.089,0.52736,142.395,3.6924,27,0.672,18.144,2.01567,10.00774,3570.716,5898.373,13184.583,0.041445,0.821513,80.701,101.584,0.37709,1.39238,0.970364,B,0.0,0.040352
11555.447,0.53649,185.131,3.691,29,0.888,25.751,1.93786,13.40492,3775.075,7780.372,13933.7,0.015763,0.789145,82.063,103.55,0.32669,1.20581,0.990401,B,0.0,0.033592
12222.784,0.21696,189.029,4.5125,18,0.7089,12.761,1.93181,6.87833,7622.071,4600.713,34394.79,0.033419,0.521044,82.432,101.956,0.6236,2.81399,0.903948,B,0.0,-0.040678
10114.304,0.48453,206.151,1.765,24,0.7675,18.419,1.90685,7.58899,3525.12,6589.184,6221.786,0.097953,0.691341,83.855,103.812,0.34853,0.61515,0.929541,B,0.0,0.014582
10003.562,0.58162,161.597,1.6329,16,0.8309,13.294,1.97778,5.62289,2896.769,7106.793,4730.248,0.28069,0.704275,84.674,101.855,0.28957,0.47286,0.860251,B,0.0,0.041
8683.029,0.26866,202.03,4.2528,23,0.6533,15.025,1.91263,7.88849,4796.147,3886.883,20396.819,0.029539,0.563715,82.819,102.798,0.55236,2.34904,0.939268,B,-0.001,0.014935
10664.943,0.46282,138.767,2.9414,19,0.7579,14.4,2.02349,7.57423,4264.394,6400.549,12543.326,0.083327,0.715659,81.089,100.673,0.39985,1.17613,0.92801,B,0.0,-0.000736
9716.929,0.66606,193.714,2.6424,21,0.6881,14.451,1.92473,6.86448,2816.219,6900.71,7441.707,0.206183,0.853745,84.874,104.358,0.28983,0.76585,0.910283,B,0.0,-0.045411
9120.641,0.26065,219.651,4.1497,21,0.6388,13.416,1.88879,6.87482,4778.896,4341.745,19830.788,0.043666,0.499474,83.559,103.084,0.52396,2.17428,0.91222,B,0.0,0.031062
11577.76,0.74171,185.919,4.4077,17,0.6004,10.208,1.93662,5.49905,2824.868,8752.892,12451.305,0.464591,0.831142,88.015,103.863,0.24399,1.07545,0.847169,B,0.0,0.035958
11899.953,0.78732,179.268,3.6802,18,0.8433,15.18,1.94724,7.95442,1835.681,10064.272,6755.652,0.333333,0.870126,86.044,103.815,0.15426,0.5677,0.93469,B,-0.0,-0.006797
8460.807,0.63917,217.564,1.3593,18,0.7824,14.084,1.8915,5.17173,2130.971,6329.836,2896.583,0.396098,0.721005,88.147,104.465,0.25186,0.34235,0.843919,B,0.0,-0.022746
7539.898,0.44937,130.607,1.6139,20,0.748,14.96,2.04197,6.59424,3192.197,4347.701,5151.995,0.097777,0.707513,80.892,100.123,0.42337,0.6833,0.907879,B,0.0,0.025541
8442.34,0.20549,172.682,4.5614,20,0.73,14.6,1.9582,8.04755,5389.933,3052.407,24585.733,0.01835,0.535954,81.642,101.297,0.63844,2.91219,0.942988,B,0.0,-0.038565
10456.971,0.50485,187.546,4.1086,29,0.6174,17.906,1.93409,9.49917,3702.654,6754.317,15212.615,0.052008,0.753095,82.626,103.421,0.35408,1.45478,0.963524,B,0.0,-0.008181
9322.23,0.44475,144.328,3.888,16,0.6073,9.717,2.0116,5.40213,3957.988,5364.241,15388.519,0.154917,0.658601,82.285,100.619,0.42458,1.65073,0.85211,B,0.001,0.007679
8692.614,0.21196,191.788,3.6494,22,0.8015,17.632,1.92762,9.08293,4877.336,3815.278,17799.369,0.015108,0.463609,82.286,101.699,0.56109,2.04764,0.960006,B,0.0,0.002453
10401.654,0.29473,184.465,4.4835,14,0.6193,8.67,1.93891,4.69397,5117.394,5284.26,22944.032,0.117269,0.466589,83.379,101.391,0.49198,2.20581,0.804249,B,0.0,-0.009783
12039.132,0.5487,150.398,3.1974,22,0.8499,18.698,1.9992,9.86691,3444.404,8594.728,11013.171,0.064388,0.742797,81.355,101.515,0.2861,0.91478,0.966427,B,0.0,-0.044731
11966.653,0.7864,212.078,1.3076,15,0.7514,11.271,1.89876,4.09526,2128.629,9838.024,2783.31,0.95,0.751004,95.29,104.446,0.17788,0.23259,0.785115,B,0.0,-0.017007
7658.896,0.64886,130.31,3.163,20,0.718,14.361,2.04266,7.7934,1800.59,5858.307,5695.199,0.167748,0.796737,81.802,100.694,0.2351,0.74361,0.939221,B,-0.001,-0.024057
9721.203,0.333,155.143,4.3764,26,0.7991,20.776,1.98991,11.63667,5059.059,4662.144,22140.679,0.010805,0.682627,80.848,101.374,0.52041,2.27757,0.983113,B,-0.0,-0.007906
8224.187,0.59964,189.743,1.5311,17,0.8514,14.474,1.93072,5.76031,2708.711,5515.476,4147.406,0.22954,0.781398,85.046,103.706,0.32936,0.50429,0.873922,B,0.0,0.012054
7797.087,0.60982,208.574,2.9887,16,0.6961,11.137,1.90351,5.37166,1884.922,5912.165,5633.471,0.359451,0.689646,87.384,103.899,0.24175,0.72251,0.857506,B,0.0,-0.018447
8418.956,0.39731,187.426,2.2136,16,0.7351,11.762,1.93428,5.34523,4367.915,4051.042,9668.951,0.112336,0.704575,83.418,103.096,0.51882,1.14847,0.853308,B,-0.001,-0.001608
7230.901,0.33099,200.518,3.9618,17,0.8645,14.696,1.91479,7.62244,3517.537,3713.364,13935.717,0.043298,0.603505,82.951,102.998,0.48646,1.92724,0.936364,B,0.0,0.019864
9649.392,0.38688,215.748,3.6328,29,0.7254,21.037,1.89388,10.53503,4951.464,4697.928,17987.48,0.018681,0.774947,83.11,104.749,0.51314,1.8641,0.975223,B,0.0,0.013268
10069.756,0.64912,212.047,4.2833,20,0.8488,16.976,1.8988,8.8251,2623.939,7445.817,11239.069,0.113725,0.8378,84.25,105.017,0.26058,1.11612,0.954347,B,0.0,-0.032931
12783.357,0.53905,188.212,4.5948,24,0.7158,17.178,1.93307,9.29864,4402.742,8380.615,20229.714,0.065457,0.787846,82.827,103.681,0.34441,1.5825,0.958178,B,0.0,0.044302
12495.754,0.78448,206.237,0.9712,28,0.8618,24.13,1.90673,7.67268,1911.331,10584.423,1856.27,0.375921,0.858262,87.527,104.917,0.15296,0.14855,0.926703,B,0.0,-0.048416
11116.484,0.35536,203.662,2.4515,26,0.7672,19.947,1.91032,9.17042,5431.49,5684.994,13315.209,0.030345,0.665882,82.882,103.541,0.4886,1.19779,0.958277,B,0.0,1.5e-05
7908.31,0.26796,213.147,0.9523,15,0.8258,12.386,1.89732,3.86952,4270.473,3637.836,4066.809,0.120046,0.441589,84.367,102.446,0.54,0.51425,0.758077,B,0.001,0.029184
10800.661,0.36325,202.759,1.7806,19,0.7954,15.113,1.9116,6.27062,4993.658,5807.004,8891.665,0.089617,0.598555,83.636,103.059,0.46235,0.82325,0.885934,B,-0.001,0.01218
9834.97,0.4026,151.353,1.7728,14,0.7973,11.162,1.99731,4.93723,3927.574,5907.396,6962.894,0.178194,0.551797,82.898,100.306,0.39935,0.70797,0.823245,B,0.0,0.00541
11328.884,0.41316,216.526,3.6742,16,0.6962,11.139,1.89285,5.58711,4227.342,7101.543,15532.062,0.162914,0.562124,85.037,103.375,0.37315,1.37101,0.852864,B,-0.001,0.000762
12591.944,0.70953,167.464,3.278,20,0.7654,15.307,1.96723,7.93617,3060.083,9531.861,10031.09,0.195672,0.874498,83.784,103.275,0.24302,0.79663,0.932981,B,-0.0,-0.003915
11623.175,0.46438,148.805,2.3196,27,0.831,22.436,2.0024,10.88544,5021.079,6602.096,11646.65,0.024971,0.798568,80.766,101.795,0.43199,1.00202,0.976771,B,0.0,-0.033956
12637.731,0.20958,144.304,1.2282,28,0.642,17.975,2.01165,6.9254,7357.724,5280.007,9036.864,0.034409,0.453686,80.694,99.265,0.5822,0.71507,0.904414,B,0.0,-0.021518
8300.517,0.65084,219.651,3.483,18,0.7131,12.836,1.88879,6.34202,1973.323,6327.194,6873.07,0.282257,0.765787,86.708,104.842,0.23773,0.82803,0.896898,B,0.0,0.041343
8865.583,0.38261,138.516,3.5024,26,0.6512,16.932,2.02404,9.28698,4513.496,4352.087,15807.996,0.028136,0.750228,80.349,100.886,0.5091,1.78307,0.962562,B,0.0,0.011462
12469.16,0.20589,173.612,3.8896,16,0.6728,10.765,1.95662,5.74782,6823.684,5645.476,26541.444,0.054051,0.389417,82.149,100.374,0.54724,2.12857,0.856336,B,0.0,0.004081
12318.984,0.43531,214.931,3.3301,20,0.7702,15.404,1.89496,7.5725,5424.732,6894.252,18064.872,0.074672,0.719074,83.824,104.348,0.44036,1.46643,0.924462,B,0.0,0.023974
8212.404,0.37226,139.045,0.9656,29,0.684,19.835,2.02288,6.86482,3289.494,4922.91,3176.423,0.079575,0.567834,81.052,99.714,0.40055,0.38678,0.914377,B,0.0,-0.007649
7844.681,0.30448,158.369,2.7428,14,0.6778,9.489,1.98378,4.76315,4253.286,3591.395,11665.71,0.099166,0.547628,82.148,100.654,0.54219,1.48709,0.823414,B,-0.0,0.01865
10342.962,0.68803,147.62,4.6738,23,0.7786,17.907,2.0048,10.25989,2171.186,8171.777,10147.623,0.091299,0.846577,81.591,102.046,0.20992,0.98111,0.972144,B,-0.001,0.002577
7854.211,0.65235,170.414,3.1892,14,0.7456,10.439,1.96209,5.35639,1971.415,5882.795,6287.298,0.373007,0.745956,86.238,102.572,0.251,0.8005,0.856479,B,0.001,0.036724
7706.245,0.65845,140.088,1.6259,25,0.7434,18.585,2.02061,8.09437,1840.791,5865.454,2992.898,0.151018,0.817701,82.043,101.424,0.23887,0.38837,0.945214,B,0.0,-0.003156
7517.8,0.68218,178.658,1.6445,28,0.759,21.253,1.94823,8.81422,2251.961,5265.839,3703.406,0.096391,0.9327,82.894,104.2,0.29955,0.49262,0.957674,B,0.0,-0.024004
12955.076,0.42175,185.162,3.3989,24,0.6877,16.505,1.93781,8.43672,5370.745,7584.331,18254.489,0.057802,0.67948,82.619,102.828,0.41457,1.40906,0.943183,B,-0.0,-0.037727
10380.296,0.35539,144.075,1.4776,16,0.8117,12.987,2.01213,5.41526,5111.534,5268.762,7552.911,0.109686,0.593756,81.677,100.177,0.49243,0.72762,0.848019,B,0.0,0.030627
10911.241,0.71832,219.493,3.6004,18,0.685,12.331,1.88899,6.13813,2335.458,8575.783,8408.504,0.40227,0.80439,88.287,105.09,0.21404,0.77063,0.880134,B,0.0,0.003858
9594.222,0.56433,149.593,2.9795,24,0.7225,17.339,2.00082,9.00374,3133.448,6460.774,9336.056,0.073047,0.802594,81.435,101.865,0.3266,0.97309,0.957725,B,0.0,0.039877
11436.047,0.21689,186.232,1.0712,21,0.6341,13.316,1.93613,4.54998,6618.54,4817.508,7089.485,0.079517,0.405619,82.943,101.069,0.57874,0.61992,0.787818,B,-0.001,0.005011
8210.137,0.68761,192.829,1.7081,29,0.679,19.691,1.92605,8.14104,2171.178,6038.959,3708.69,0.142417,0.883619,84.002,104.517,0.26445,0.45172,0.945227,B,0.0,0.020733
9000.886,0.67704,187.173,2.6801,16,0.6807,10.891,1.93467,5.23418,2178.911,6821.975,5839.75,0.434343,0.754556,87.66,103.414,0.24208,0.6488,0.8447,B,0.0,0.002949
8886.325,0.65717,215.363,4.1776,24,0.8902,21.364,1.89438,11.01312,2558.211,6328.114,10687.27,0.046739,0.903948,83.468,105.586,0.28788,1.20266,0.979525,B,0.0,-0.028018
8616.746,0.55606,179.69,2.2933,20,0.6762,13.524,1.94655,6.27282,3393.472,5223.275,7782.307,0.150635,0.81946,83.648,103.5,0.39382,0.90316,0.893315,B,-0.001,-0.012805
10262.354,0.51901,165.381,3.969,24,0.8861,21.266,1.97093,11.52523,3089.739,7172.615,12263.036,0.030763,0.729331,81.525,102.213,0.30108,1.19495,0.982154,B,0.0,0.004238
8730.863,0.45491,176.584,2.5807,19,0.6208,11.795,1.95165,5.68427,4104.264,4626.599,10591.96,0.127309,0.745518,83.226,102.866,0.47009,1.21316,0.868442,B,-0.0,0.034308
10372.619,0.54218,215.579,3.1817,29,0.7395,21.446,1.8941,10.42259,3405.353,6967.266,10834.817,0.043494,0.785915,83.432,104.815,0.3283,1.04456,0.973663,B,0.0,0.035288
9202.66,0.70495,200.797,1.9519,25,0.8829,22.073,1.91439,9.47806,2527.028,6675.632,4932.439,0.090835,0.937417,83.587,105.213,0.2746,0.53598,0.964617,B,0.0,0.021656
9085.55,0.53895,144.909,4.6333,20,0.8086,16.171,2.01039,9.28812,3269.203,5816.347,15147.169,0.056436,0.810156,81.011,101.653,0.35982,1.66717,0.962321,B,0.0,0.008012
11726.846,0.57876,138.975,4.0585,19,0.6165,11.714,2.02303,6.62198,3858.243,7868.603,15658.492,0.18225,0.773188,82.404,101.065,0.32901,1.33527,0.896396,B,0.0,-0.044812
11953.103,0.21307,151.581,4.7832,22,0.884,19.448,1.99686,11.12428,7004.793,4948.31,33505.49,0.007842,0.503593,80.659,100.001,0.58602,2.80308,0.978432,B,0.0,-0.018208
8132.181,0.59481,190.457,3.1196,28,0.681,19.069,1.92963,9.49189,2580.833,5551.348,8051.188,0.063824,0.841668,82.883,104.135,0.31736,0.99004,0.965947,B,-0.0,-0.008473
12806.834,0.69815,134.164,3.7667,22,0.7022,15.449,2.03375,8.66645,2857.093,9949.741,10761.712,0.163399,0.851706,81.93,101.295,0.22309,0.84031,0.947786,B,0.0,-0.00909
8908.547,0.44906,144.966,2.9583,18,0.6285,11.314,2.01027,5.90427,3912.992,4995.555,11575.884,0.125222,0.702729,81.922,100.947,0.43924,1.29941,0.877517,B,0.0,-0.041938
11706.657,0.79913,202.052,2.0059,14,0.6194,8.671,1.9126,3.7523,1504.185,10202.472,3017.276,0.95,0.776891,94.97,104.206,0.12849,0.25774,0.847253,B,0.0,-0.043616
12177.554,0.5596,206.209,2.1696,28,0.6481,18.146,1.90677,8.01655,4092.709,8084.845,8879.493,0.107243,0.788588,83.98,104.456,0.33609,0.72917,0.935592,B,0.0,0.033078
8374.543,0.5073,210.788,3.0775,20,0.6861,13.723,1.9005,6.65065,3184.143,5190.4,9799.228,0.123765,0.74258,84.343,104.338,0.38022,1.17012,0.907238,B,0.0,0.032974
8551.447,0.42383,209.901,1.816,15,0.7293,10.94,1.9017,4.53468,3692.374,4859.073,6705.502,0.192021,0.599986,85.216,103.362,0.43178,0.78414,0.804377,B,0.0,-0.029339
11700.025,0.78183,186.867,4.5785,16,0.6492,10.388,1.93515,5.62856,2261.665,9438.36,10355.087,0.592813,0.827129,89.741,103.879,0.1933,0.88505,0.85343,B,-0.0,-0.055136
11142.557,0.36218,219.45,3.3131,22,0.6686,14.708,1.88905,7.18635,4902.229,6240.328,16241.408,0.068834,0.592625,83.885,103.691,0.43996,1.4576,0.916384,B,0.0,-0.003118
9132.066,0.7726,190.881,2.2671,15,0.8139,12.209,1.92899,5.56591,1805.875,7326.192,4094.039,0.542431,0.829339,89.215,104.073,0.19775,0.44831,0.861162,B,-0.001,-0.025138
7376.822,0.78252,144.788,2.5674,17,0.8929,15.179,2.01064,7.62974,1477.484,5899.337,3793.286,0.249172,0.916092,83.55,102.345,0.20029,0.51422,0.936224,B,0.001,0.027677
7455.593,0.41022,183.112,1.277,14,0.6753,9.454,1.94105,3.51657,3475.813,3979.78,4438.467,0.237373,0.561184,84.916,101.954,0.4662,0.59532,0.730235,B,-0.0,-0.019658
7339.637,0.76579,192.868,4.5487,28,0.8085,22.637,1.92599,12.16319,1257.097,6082.54,5718.161,0.058271,0.912018,82.893,104.706,0.17128,0.77908,0.986967,B,0.0,-0.017647
8797.022,0.24307,142.105,3.8681,29,0.8104,23.502,2.01629,13.09565,5161.786,3635.236,19966.299,0.004081,0.582413,80.195,99.989,0.58677,2.26967,0.99015,B,0.0,0.018184
8660.888,0.53108,218.401,3.4187,21,0.8854,18.594,1.89041,9.16079,3087.326,5573.562,10554.774,0.057925,0.79317,83.709,104.974,0.35647,1.21867,0.96112,B,0.0,0.008869
9973.317,0.62976,180.053,4.0151,18,0.8748,15.746,1.94596,8.39289,2606.114,7367.203,10463.797,0.127623,0.807389,83.358,103.438,0.26131,1.04918,0.947045,B,-0.0,-0.002636
10636.572,0.2862,186.541,3.3147,26,0.7899,20.538,1.93565,10.42033,5471.849,5164.723,18137.799,0.014779,0.573767,82.1,102.193,0.51444,1.70523,0.973436,B,0.0,-0.029172
8222.553,0.77699,138.029,3.1799,19,0.6025,11.448,2.02511,6.14527,1155.475,7067.078,3674.349,0.609203,0.80442,87.996,101.215,0.14053,0.44686,0.88982,B,0.0,0.023734
9225.685,0.33698,154.139,4.0323,16,0.8469,13.551,1.99185,7.48171,4435.151,4790.533,17883.721,0.049916,0.602742,81.323,100.793,0.48074,1.93847,0.928789,B,0.001,0.030892
12464.728,0.58917,158.771,1.4881,22,0.6023,13.25,1.98302,5.42537,3172.041,9292.687,4720.459,0.372297,0.663195,85.769,101.438,0.25448,0.37871,0.839192,B,0.0,0.038893
7915.377,0.60673,155.734,1.6984,23,0.8068,18.557,1.98878,8.03019,2234.324,5681.053,3794.724,0.121244,0.797666,82.331,102.165,0.28228,0.47941,0.943592,B,0.0,0.015486
10359.157,0.62182,172.134,4.565,16,0.7351,11.762,1.95913,6.4887,2977.662,7381.494,13593.061,0.225664,0.781621,84.358,102.891,0.28744,1.31218,0.895684,B,0.001,0.049166
8463.637,0.59004,146.159,3.8826,24,0.8899,21.357,2.0078,11.83763,2289.437,6174.2,8889.05,0.033026,0.796588,80.757,101.634,0.2705,1.05026,0.984859,B,0.0,-0.0202
12931.893,0.21699,211.616,3.6665,21,0.7033,14.769,1.89938,7.44415,6652.827,6279.065,24392.748,0.033898,0.41098,83.183,102.183,0.51445,1.88625,0.919633,B,0.001,0.003799
8496.211,0.28929,174.96,1.2318,20,0.6429,12.858,1.95435,4.75537,4518.281,3977.929,5565.817,0.098334,0.506179,82.784,101.21,0.5318,0.65509,0.819232,B,0.001,0.024113
7757.965,0.44892,202.991,3.1784,20,0.8893,17.787,1.91127,8.76411,3491.488,4266.477,11097.202,0.043301,0.780858,83.032,104.272,0.45005,1.43043,0.95659,B,0.0,0.008029
10708.499,0.31696,209.67,3.9164,25,0.8852,22.129,1.90201,11.33336,5207.206,5501.293,20393.358,0.012605,0.605042,82.84,103.386,0.48627,1.90441,0.980661,B,0.0,0.015692
11571.364,0.51943,189.728,4.3326,26,0.7257,18.869,1.93074,10.08602,3985.239,7586.125,17266.471,0.046276,0.767999,82.626,103.617,0.34441,1.49217,0.969317,B,0.0,-0.043731
12513.278,0.34295,176.261,3.3663,21,0.8035,16.873,1.95218,8.70196,6130.033,6383.245,20635.825,0.035808,0.637907,82.007,102.141,0.48988,1.64911,0.94885,B,0.0,0.0078
11197.138,0.35617,171.105,4.5271,29,0.6258,18.148,1.9609,10.00988,5609.741,5587.397,25395.984,0.022162,0.691519,81.633,102.247,0.501,2.26808,0.968826,B,0.0,-0.029625
8767.62,0.76203,185.463,2.9535,16,0.8752,14.003,1.93734,6.91826,1895.904,6871.716,5599.493,0.301356,0.889131,85.844,104.225,0.21624,0.63866,0.914485,B,0.0,-0.008296
11827.218,0.51358,215.657,2.442,25,0.7074,17.684,1.894,8.01341,4739.936,7087.281,11575.096,0.081815,0.802344,83.94,104.927,0.40077,0.97868,0.936157,B,0.001,-0.01263
9577.548,0.39386,150.574,1.2975,27,0.7392,19.958,1.99886,7.80621,4268.528,5309.02,5538.515,0.056781,0.664869,81.262,101.01,0.44568,0.57828,0.935747,B,0.0,0.038949
8531.25,0.71016,144.541,3.9293,21,0.7548,15.851,2.01115,8.82855,1713.44,6817.81,6732.645,0.153802,0.849983,82.28,101.895,0.20084,0.78917,0.956503,B,0.0,-0.000596
10512.069,0.43929,159.638,2.967,16,0.6664,10.662,1.9814,5.45302,4238.419,6273.65,12575.3,0.16405,0.625233,83.056,101.232,0.4032,1.19627,0.849428,B,0.0,0.041144
10522.724,0.45882,173.577,3.2491,25,0.6901,17.254,1.95668,8.85582,3912.674,6610.05,12712.531,0.056486,0.696973,82.18,102.402,0.37183,1.2081,0.954223,B,0.0,-0.001457
10523.795,0.5066,199.984,4.6355,22,0.7691,16.921,1.91555,9.04711,3958.225,6565.57,18348.384,0.057666,0.777248,83.123,104.122,0.37612,1.74351,0.957186,B,0.0,0.023393
7882.592,0.36194,148.302,3.5557,14,0.686,9.604,2.00342,5.20834,3412.719,4469.872,12134.615,0.12648,0.541718,82.085,100.072,0.43294,1.53942,0.848709,B,0.001,-0.025471
10079.429,0.46972,155.709,1.6407,28,0.7981,22.346,1.98883,9.54592,4207.866,5871.563,6903.943,0.039924,0.777732,81.256,102.032,0.41747,0.68495,0.964517,B,0.0,0.012113
12223.055,0.51849,184.586,3.5733,14,0.6148,8.607,1.93872,4.45212,4486.275,7736.78,16030.858,0.317204,0.63521,86.023,102.51,0.36703,1.31153,0.775455,B,0.0,-0.012612
8338.115,0.61412,187.324,1.8229,20,0.636,12.72,1.93444,5.41968,2218.115,6120.0,4043.394,0.329093,0.717427,86.276,103.176,0.26602,0.48493,0.857446,B,0.0,-0.016176
12501.0,0.50083,167.522,2.7387,26,0.6847,17.802,1.96713,8.82276,4657.73,7843.27,12755.92,0.065887,0.759126,82.073,102.517,0.37259,1.02039,0.950984,B,0.0,-0.038209
9577.182,0.52057,156.978,4.6035,17,0.6383,10.851,1.9864,6.11825,3547.644,6029.539,16331.715,0.163021,0.73095,82.934,101.791,0.37043,1.70527,0.883999,B,-0.001,-0.038371
9565.418,0.26202,170.141,3.066,18,0.8923,16.062,1.96256,8.16611,5569.684,3995.734,17076.735,0.025482,0.591724,81.64,101.541,0.58227,1.78526,0.943373,B,0.0,0.032431
12337.173,0.21752,144.182,4.7751,16,0.8609,13.775,2.0119,7.96215,6728.05,5609.123,32127.054,0.026302,0.446889,80.581,99.214,0.54535,2.60409,0.934058,B,0.0,-0.034668
12796.69,0.41394,158.592,2.5241,15,0.8891,13.337,1.98336,6.5413,6105.268,6691.422,15410.023,0.095284,0.70468,82.106,101.702,0.4771,1.20422,0.890178,B,0.0,0.016248
12412.272,0.6,160.047,2.0504,26,0.7853,20.419,1.98064,9.37996,3718.555,8693.717,7624.371,0.080573,0.822178,81.97,102.553,0.29959,0.61426,0.959769,B,0.0,-0.034788
11997.322,0.51972,136.211,2.4312,15,0.7049,10.573,2.02914,5.30101,4410.879,7586.443,10723.588,0.234332,0.685651,82.963,100.323,0.36766,0.89383,0.834231,B,0.0,-0.014137
8620.595,0.20217,158.703,3.0599,28,0.8886,24.88,1.98315,12.83897,5520.547,3100.048,16892.594,0.003383,0.556159,80.897,100.728,0.64039,1.95956,0.989283,B,0.0,0.030085
9091.911,0.22765,185.458,4.7182,24,0.6386,15.326,1.93735,8.36307,5210.796,3881.115,24585.605,0.020693,0.505518,82.139,101.693,0.57312,2.70412,0.947905,B,0.0,-0.026955
10878.439,0.7638,179.201,1.4829,22,0.6408,14.097,1.94734,5.61125,2251.387,8627.052,3338.604,0.531455,0.824436,88.657,103.51,0.20696,0.3069,0.855998,B,0.0,-0.011413
11099.936,0.59674,156.394,4.6248,24,0.8393,20.142,1.98752,11.37573,3270.576,7829.36,15125.734,0.039033,0.829716,81.273,102.412,0.29465,1.36269,0.980727,B,0.0,-0.029846
12072.821,0.63838,158.487,3.9191,28,0.8832,24.729,1.98356,13.49362,3738.057,8334.764,14649.832,0.01947,0.915954,81.101,103.091,0.30963,1.21346,0.990557,B,0.0,0.007075
9429.391,0.55193,202.517,3.3613,25,0.6313,15.784,1.91194,7.88416,3367.275,6062.115,11318.535,0.096199,0.805068,83.715,104.412,0.3571,1.20035,0.937758,B,0.001,0.020488
7979.363,0.72464,183.795,3.3091,16,0.8981,14.369,1.93996,7.31224,1893.821,6085.543,6266.799,0.221875,0.881095,84.736,104.097,0.23734,0.78538,0.927329,B,-0.001,0.03256
7689.609,0.43945,205.009,2.0282,23,0.7394,17.007,1.90844,7.36176,2968.733,4720.877,6021.221,0.080544,0.665147,83.589,103.592,0.38607,0.78303,0.929239,B,-0.001,0.00787
12411.446,0.49707,132.623,2.772,20,0.611,12.219,2.03728,6.39017,5098.868,7312.578,14134.254,0.138602,0.747012,81.529,100.509,0.41082,1.13881,0.885447,B,0.0,0.060644
9703.87,0.69239,138.54,2.6841,18,0.674,12.133,2.02398,6.2325,2057.864,7646.006,5523.611,0.365294,0.78042,84.8,101.087,0.21207,0.56922,0.888117,B,0.0,0.041175
8332.184,0.34785,156.944,2.9724,27,0.6019,16.252,1.98647,8.34687,4436.811,3895.372,13188.148,0.033423,0.705985,81.221,101.624,0.53249,1.5828,0.948837,B,0.001,-0.015531
7479.17,0.36774,213.824,3.6158,24,0.7863,18.871,1.89642,9.46056,3431.885,4047.285,12408.948,0.027019,0.656654,83.16,103.893,0.45886,1.65913,0.966286,B,0.0,-0.002009
11705.224,0.27161,199.626,2.0786,20,0.632,12.64,1.91607,5.54981,5881.087,5824.137,12224.442,0.08146,0.463615,83.425,102.037,0.50243,1.04436,0.849312,B,0.0,0.025268
12478.297,0.53155,199.281,3.1606,27,0.7711,20.819,1.91657,10.28827,4617.232,7861.065,14593.416,0.042132,0.819007,82.895,104.368,0.37002,1.1695,0.970671,B,0.0,0.038289
8110.959,0.68389,190.195,3.2354,27,0.6087,16.435,1.93003,8.25517,1887.667,6223.293,6107.266,0.154164,0.844566,84.067,104.143,0.23273,0.75296,0.947537,B,-0.001,0.011779
11967.355,0.77756,196.641,2.3697,19,0.671,12.75,1.9204,5.85082,1789.089,10178.265,4239.671,0.71066,0.789319,91.631,104.059,0.1495,0.35427,0.863365,B,0.001,0.004614
11542.458,0.62313,137.785,3.1047,25,0.6362,15.904,2.02564,8.49136,3246.559,8295.899,10079.456,0.118683,0.820546,81.51,101.307,0.28127,0.87325,0.946429,B,0.0,-0.026249
8351.602,0.49629,208.68,3.9282,19,0.6738,12.803,1.90336,6.568,3267.906,5083.696,12837.001,0.121019,0.737524,84.24,104.22,0.39129,1.53707,0.904585,B,0.0,-0.009968
7114.683,0.68535,191.457,1.146,22,0.8995,19.789,1.92812,6.93793,1386.269,5728.414,1588.63,0.283343,0.782632,85.815,103.79,0.19485,0.22329,0.919445,B,0.0,0.018271
12076.014,0.47686,196.682,2.5828,28,0.7426,20.791,1.92034,9.77992,4855.063,7220.951,12539.493,0.041094,0.769843,82.795,103.932,0.40204,1.03838,0.965353,B,0.0,0.055496
11243.719,0.45978,206.194,2.7761,16,0.7205,11.528,1.90679,5.47014,4975.396,6268.322,13812.122,0.158879,0.69862,84.661,103.861,0.4425,1.22843,0.847092,B,0.001,-0.023935
11764.021,0.25785,199.749,3.6935,17,0.6563,11.156,1.91589,5.70827,6442.714,5321.308,23796.243,0.067232,0.488642,83.241,102.207,0.54766,2.0228,0.857202,B,-0.001,-0.018317
11856.529,0.77717,208.742,3.8408,25,0.7454,18.635,1.90328,9.51542,1758.45,10098.078,6753.832,0.197928,0.878033,85.257,105.15,0.14831,0.56963,0.962228,B,0.001,0.046431
10690.633,0.35977,197.637,2.3195,17,0.6175,10.497,1.91895,4.78074,4693.458,5997.175,10886.557,0.156949,0.518504,84.356,102.314,0.43903,1.01833,0.808478,B,0.0,-0.023731
12512.25,0.54948,148.684,1.2376,27,0.7719,20.842,2.00264,8.00555,4165.356,8346.893,5155.141,0.107726,0.769924,81.854,101.599,0.3329,0.41201,0.934734,B,0.001,0.040743
12739.447,0.61176,171.908,1.5529,14,0.6912,9.676,1.95952,3.95951,3820.968,8918.479,5933.604,0.552082,0.637333,88.658,101.928,0.29993,0.46577,0.729328,B,0.0,-0.044535
8551.317,0.67574,179.595,1.1751,24,0.7063,16.952,1.9467,6.10092,2396.58,6154.737,2816.32,0.272625,0.83271,85.255,103.583,0.28026,0.32934,0.886931,B,0.0,-0.01172
9765.816,0.3064,155.022,3.1882,23,0.8118,18.67,1.99014,9.78112,4768.491,4997.325,15203.037,0.020314,0.579392,80.969,100.686,0.48828,1.55676,0.967627,B,0.0,-0.03123
9074.26,0.47043,175.121,4.5262,22,0.8555,18.822,1.95408,10.32747,4017.255,5057.005,18182.904,0.027819,0.822033,81.859,103.302,0.44271,2.00379,0.973821,B,0.0,0.023124
7979.595,0.40063,150.56,2.4288,15,0.7457,11.186,1.99888,5.48755,3846.791,4132.804,9342.928,0.114379,0.667073,82.022,101.024,0.48208,1.17085,0.862368,B,0.0,-0.008926
10164.566,0.21852,216.038,3.6272,26,0.7302,18.986,1.8935,9.50182,5760.43,4404.136,20894.218,0.01393,0.486106,83.056,102.855,0.56672,2.05559,0.963873,B,0.0,0.041238
9494.873,0.33739,161.39,1.1127,18,0.7101,12.783,1.97816,4.59246,4943.451,4551.422,5500.376,0.127906,0.564918,82.649,100.925,0.52064,0.5793,0.802621,B,0.0,-0.002056
11005.594,0.3474,210.478,3.3256,20,0.6781,13.563,1.90092,6.69782,5690.336,5315.258,18923.736,0.066393,0.648229,83.576,103.703,0.51704,1.71947,0.901186,B,-0.0,0.040499
12869.703,0.27827,159.716,1.5915,29,0.6764,19.616,1.98126,8.23655,6678.172,6191.531,10627.986,0.032603,0.543247,81.324,100.695,0.51891,0.82581,0.939203,B,0.0,-0.006829
9830.814,0.41148,185.075,3.2684,17,0.8345,14.186,1.93795,7.18687,4407.659,5423.155,14406.187,0.073806,0.685917,82.827,102.867,0.44835,1.46541,0.91958,B,0.0,0.037456
7530.708,0.51326,150.3,1.5363,23,0.6646,15.285,1.9994,6.41479,2988.228,4542.48,4590.833,0.126842,0.767454,82.176,101.672,0.39681,0.60962,0.901937,B,0.0,0.033926
11054.765,0.7415,214.391,2.4044,29,0.7797,22.611,1.89567,10.21328,1586.405,9468.36,3814.332,0.149392,0.84071,84.793,105.13,0.1435,0.34504,0.971088,B,-0.0,-0.032904
12506.966,0.78272,132.498,1.7405,26,0.6851,17.812,2.03757,8.05156,2199.994,10306.972,3829.042,0.285738,0.8888,83.465,101.437,0.1759,0.30615,0.935786,B,0.0,-0.006172
12379.136,0.61124,185.927,4.183,20,0.8818,17.636,1.93661,9.40722,3547.066,8832.07,14837.275,0.084928,0.822618,83.004,103.807,0.28654,1.19857,0.960188,B,0.0,-0.041892
10623.29,0.70868,151.002,1.3925,18,0.635,11.431,1.998,4.60488,2192.795,8430.495,3053.448,0.697912,0.71148,89.744,101.341,0.20641,0.28743,0.796722,B,0.0,0.006631
8032.691,0.36654,206.886,3.2337,19,0.6032,11.46,1.90583,5.64519,3708.785,4323.906,11993.26,0.103573,0.5921,83.953,103.187,0.46171,1.49306,0.869535,B,0.0,-0.012172
8067.999,0.76375,191.54,3.57,22,0.8551,18.813,1.92799,9.64769,1509.84,6558.159,5390.205,0.131334,0.909347,83.812,104.63,0.18714,0.6681,0.96782,B,0.0,-0.001302
7199.996,0.49477,193.298,3.8731,17,0.6201,10.542,1.92535,5.48899,2558.654,4641.342,9909.872,0.186755,0.664565,84.603,103.091,0.35537,1.37637,0.865862,B,0.0,0.027147
12977.907,0.75446,158.306,3.6311,15,0.7778,11.667,1.9839,6.26687,3335.52,9642.387,12111.744,0.356661,0.892066,85.544,102.924,0.25702,0.93326,0.878499,B,-0.0,0.016215
9218.225,0.20194,175.793,3.3683,26,0.8517,22.145,1.95296,11.42924,5283.846,3934.379,17797.337,0.0063,0.464677,81.6,100.975,0.5732,1.93067,0.982118,B,0.0,0.024696
9553.884,0.20779,151.264,4.1646,25,0.8682,21.704,1.99748,12.10909,5501.494,4052.39,22911.54,0.005139,0.482907,80.61,99.847,0.57584,2.39814,0.985759,B,0.0,0.001881
11740.049,0.38846,183.438,0.9185,23,0.6473,14.889,1.94053,4.72553,5657.397,6082.651,5196.057,0.162259,0.598856,83.936,102.217,0.48189,0.44259,0.798719,B,0.001,-0.056193
7809.085,0.35907,179.695,2.9175,14,0.686,9.603,1.94654,4.76358,3666.387,4142.698,10696.719,0.134876,0.557484,83.44,101.772,0.4695,1.36978,0.823642,B,-0.0,0.012686
12252.705,0.23984,134.498,1.5588,23,0.6732,15.483,2.033,6.69211,6783.762,5468.944,10574.257,0.044448,0.4822,80.376,98.876,0.55365,0.86301,0.897392,B,-0.001,0.039317
9650.148,0.68686,194.956,3.8522,14,0.8181,11.454,1.92288,5.94554,1977.641,7672.507,7618.299,0.413933,0.757203,87.658,103.775,0.20493,0.78945,0.876497,B,0.0,0.044465
8334.219,0.33616,214.35,2.6315,23,0.6537,15.036,1.89572,6.96867,3924.404,4409.815,10327.1,0.059171,0.582653,83.601,103.425,0.47088,1.23912,0.917115,B,0.0,0.028211
7624.086,0.70816,135.129,2.9085,20,0.6976,13.952,2.03157,7.35896,1710.104,5913.982,4973.754,0.223152,0.848411,82.765,101.331,0.2243,0.65237,0.929319,B,0.0,-0.027769
12590.012,0.6556,142.042,3.5584,17,0.8801,14.962,2.01642,8.19109,3087.1,9502.912,10985.202,0.163885,0.815332,82.301,101.522,0.2452,0.87253,0.938705,B,0.0,0.054237
11245.474,0.74473,208.091,3.4215,27,0.888,23.975,1.90417,11.94898,2244.238,9001.236,7678.609,0.059096,0.915676,83.404,105.372,0.19957,0.68282,0.984164,B,0.0,0.000588
12326.319,0.43525,190.46,1.665,25,0.8773,21.934,1.92963,9.00756,5417.612,6908.707,9020.171,0.045278,0.741055,82.639,103.472,0.43952,0.73178,0.954278,B,0.0,-0.000157
8046.463,0.26183,135.529,4.3103,23,0.8539,19.639,2.03067,11.29197,4635.965,3410.498,19982.579,0.008219,0.606563,79.946,99.759,0.57615,2.4834,0.981913,B,0.0,0.020513
9763.033,0.38295,145.332,2.4793,27,0.8497,22.941,2.00951,11.40851,4291.729,5471.304,10640.306,0.015954,0.670823,80.496,100.757,0.43959,1.08986,0.981686,B,0.0,0.00668
11340.61,0.526,134.674,1.0314,22,0.8744,19.236,2.0326,6.92757,4134.216,7206.394,4264.073,0.132844,0.751546,81.551,100.665,0.36455,0.376,0.907931,B,0.0,0.018485
9057.854,0.45351,202.344,2.9398,29,0.7111,20.622,1.91219,9.97508,4216.644,4841.21,12396.004,0.028837,0.823403,82.82,104.526,0.46552,1.36854,0.970399,B,0.0,-0.034833
12772.126,0.30797,140.671,1.0339,24,0.8037,19.289,2.01936,6.89094,6353.687,6418.44,6569.017,0.060117,0.553326,80.87,99.713,0.49747,0.51432,0.902893,B,-0.001,-0.022689
9898.827,0.70912,180.901,3.0007,18,0.8937,16.086,1.94459,8.02388,1991.031,7907.796,5974.54,0.211958,0.834293,84.501,103.655,0.20114,0.60356,0.939879,B,-0.0,0.022405
11459.508,0.28015,212.377,1.7574,19,0.8135,15.457,1.89836,6.31471,6362.98,5096.528,11182.286,0.057763,0.557792,83.521,103.183,0.55526,0.97581,0.885513,B,0.0,0.033806
9834.456,0.78031,173.679,1.6473,26,0.7525,19.565,1.95651,8.17098,1219.04,8615.417,2008.139,0.358774,0.83995,86.174,103.351,0.12396,0.20419,0.943007,B,-0.001,0.044995
7071.336,0.76394,156.342,3.9562,18,0.8776,15.797,1.98762,8.66178,1286.737,5784.6,5090.603,0.18472,0.892779,83.194,102.825,0.18197,0.71989,0.956001,B,-0.001,0.020962
11870.734,0.771,216.145,1.4549,19,0.7476,14.204,1.89335,5.37361,2104.589,9766.145,3061.991,0.700286,0.786242,92.119,104.84,0.17729,0.25794,0.838969,B,0.0,-0.031676
11327.53,0.24142,195.772,1.531,25,0.7874,19.685,1.92168,7.77795,7015.62,4311.91,10740.728,0.02664,0.590886,82.573,102.712,0.61934,0.9482,0.931658,B,0.0,-0.051076
11262.115,0.69779,162.611,4.6713,22,0.6609,14.54,1.97593,8.15646,2769.184,8492.931,12935.687,0.169562,0.870027,83.248,103.001,0.24588,1.1486,0.940251,B,-0.0,-0.036431
11529.859,0.28694,149.148,2.316,20,0.8815,17.629,2.00171,8.54524,6334.328,5195.531,14670.609,0.027448,0.603317,80.814,100.525,0.54938,1.2724,0.947448,B,0.0,-0.03907
7771.911,0.62726,161.472,2.5839,20,0.7354,14.708,1.97801,7.23283,2053.206,5718.705,5305.368,0.176234,0.7892,83.291,102.409,0.26418,0.68263,0.925776,B,0.0,-0.037798
7012.545,0.55125,182.057,4.5774,26,0.751,19.526,1.94273,10.64196,2379.865,4632.68,10893.703,0.035668,0.816108,82.216,103.588,0.33937,1.55346,0.978041,B,0.0,0.013197
10017.025,0.53948,130.179,2.2004,27,0.6951,18.769,2.04297,9.21887,3589.99,6427.035,7899.285,0.059779,0.807434,80.37,100.756,0.35839,0.78859,0.960288,B,0.0,-0.027943
11797.106,0.24122,139.082,3.4769,21,0.8282,17.393,2.0228,9.5161,6756.199,5040.907,23490.466,0.015879,0.54325,80.213,99.554,0.5727,1.99121,0.962301,B,0.0,-0.056502
10805.064,0.74952,150.747,1.5941,14,0.8303,11.624,1.99851,4.94603,1775.661,9029.403,2830.662,0.827183,0.734243,91.439,101.477,0.16434,0.26198,0.818635,B,0.0,0.039029
8671.97,0.41262,217.366,1.8156,29,0.7779,22.558,1.89176,9.27313,3709.893,4962.077,6735.534,0.036067,0.694158,83.389,104.28,0.4278,0.7767,0.962606,B,-0.0,-0.041896
8773.983,0.76122,189.233,1.3353,29,0.8414,24.4,1.9315,9.18445,1743.16,7030.823,2327.685,0.148262,0.913186,83.955,104.553,0.19867,0.26529,0.961304,B,0.0,0.037819
9238.856,0.26041,142.055,2.5703,21,0.8116,17.043,2.01639,8.60457,4653.331,4585.525,11960.374,0.024864,0.499445,80.467,99.438,0.50367,1.29457,0.951911,B,0.0,-0.027465
7143.094,0.41383,205.908,3.511,28,0.7181,20.106,1.90718,10.10358,3311.291,3831.802,11626.084,0.023769,0.750897,82.868,104.195,0.46357,1.6276,0.973374,B,0.001,0.031888
8428.295,0.57772,205.34,1.7748,17,0.6925,11.772,1.90798,4.8644,2579.181,5849.114,4577.532,0.32779,0.687928,86.863,103.756,0.30601,0.54311,0.826372,B,0.0,-0.004448
7941.902,0.65504,140.386,3.5757,27,0.6762,18.256,2.01997,10.03043,1823.275,6118.626,6519.556,0.079985,0.826401,81.119,101.499,0.22958,0.82091,0.971967,B,0.001,-0.00981
9706.949,0.33098,177.3,2.7034,22,0.7481,16.459,1.95046,8.0265,4465.309,5241.64,12071.705,0.042968,0.576333,82.139,101.784,0.46001,1.24361,0.940281,B,0.0,0.010477
11281.458,0.66751,169.349,4.0471,21,0.7186,15.091,1.96393,8.16762,2828.259,8453.2,11446.36,0.158556,0.837793,83.366,103.126,0.2507,1.01462,0.94045,B,-0.001,0.016808
11089.191,0.67711,215.342,3.3401,20,0.6272,12.544,1.89441,6.16789,2641.925,8447.266,8824.396,0.338896,0.782893,87.324,104.786,0.23824,0.79577,0.880759,B,0.0,-0.041117
7072.986,0.66141,182.984,3.6897,27,0.8545,23.07,1.94125,12.04011,1686.721,5386.265,6223.55,0.037409,0.856812,82.272,103.899,0.23847,0.8799,0.986512,B,-0.0,0.028637
10479.824,0.26527,139.352,4.1395,15,0.7447,11.171,2.02221,6.33596,5472.213,5007.611,22652.115,0.056105,0.493845,80.756,99.244,0.52217,2.1615,0.889561,B,0.0,-0.019252
11840.654,0.35044,176.303,4.5388,14,0.6548,9.167,1.95211,5.02471,5460.705,6379.948,24784.88,0.138138,0.532154,83.359,101.445,0.46118,2.0932,0.818209,B,0.001,-0.006928
8260.673,0.7819,183.647,2.9026,16,0.7499,11.999,1.9402,5.91497,1242.693,7017.98,3607.007,0.62149,0.810301,90.006,103.623,0.15043,0.43665,0.880427,B,0.0,0.022734
10336.979,0.27079,188.184,0.9343,27,0.7396,19.968,1.93311,6.35727,5738.362,4598.618,5361.309,0.053245,0.542249,82.665,102.058,0.55513,0.51865,0.890845,B,-0.001,0.015447
9907.754,0.51843,198.701,3.4973,29,0.7669,22.239,1.9174,11.25813,3405.748,6502.007,11910.967,0.02924,0.774669,82.705,104.05,0.34375,1.20219,0.980612,B,-0.001,-0.010426
12608.53,0.47336,200.059,4.7206,28,0.8861,24.812,1.91545,13.30733,4916.601,7691.929,23209.238,0.012421,0.767981,82.528,104.064,0.38994,1.84076,0.989768,B,0.0,0.049334
9584.426,0.52773,184.113,3.3212,29,0.8271,23.986,1.93946,12.21185,3111.068,6473.358,10332.431,0.022355,0.770612,82.114,103.382,0.3246,1.07804,0.98625,B,0.0,-0.006147
12781.61,0.62683,214.664,3.8341,25,0.8148,20.371,1.89531,10.3304,3378.628,9402.983,12954.058,0.069112,0.82723,83.742,105.052,0.26434,1.01349,0.970856,B,-0.001,-0.036769
7363.634,0.73149,199.276,2.6072,22,0.608,13.377,1.91657,6.28959,1565.392,5798.243,4081.299,0.350638,0.834315,86.967,104.468,0.21258,0.55425,0.898099,B,-0.001,-0.022394
11976.059,0.75406,152.607,2.6924,28,0.8621,24.138,1.99484,12.15445,2814.417,9161.642,7577.668,0.048287,0.970873,81.237,103.14,0.235,0.63273,0.984951,B,0.0,-0.023558
12484.853,0.45505,218.67,1.0492,24,0.8374,20.097,1.89006,6.55043,5649.685,6835.168,5927.483,0.109135,0.740979,84.393,104.64,0.45252,0.47477,0.891472,B,0.0,-0.061964
9646.648,0.6137,213.039,2.3721,29,0.7475,21.678,1.89747,9.7674,3146.544,6500.103,7463.929,0.060981,0.881251,83.584,105.344,0.32618,0.77373,0.967589,B,0.001,0.046209
8717.65,0.78189,160.905,2.7068,22,0.6515,14.333,1.97906,7.14454,1262.508,7455.141,3417.393,0.425876,0.842183,86.563,102.73,0.14482,0.39201,0.921119,B,0.001,-0.021511
7345.187,0.60003,180.562,3.6859,17,0.6065,10.31,1.94514,5.39561,2260.379,5084.808,8331.532,0.271519,0.746065,85.275,103.056,0.30774,1.13428,0.860747,B,0.0,-0.000571
10733.287,0.54922,196.49,3.8851,25,0.7839,19.598,1.92063,10.17246,3737.836,6995.452,14521.849,0.045821,0.818195,82.851,104.243,0.34825,1.35297,0.970946,B,-0.001,0.020654
12094.117,0.47612,212.656,2.5877,29,0.8744,25.358,1.89798,11.72017,5073.154,7020.962,13127.763,0.019951,0.805735,83.031,104.83,0.41947,1.08547,0.982422,B,0.001,0.001674
8795.576,0.31379,193.502,2.396,18,0.8468,15.242,1.92504,7.04321,4893.532,3902.044,11724.689,0.046207,0.649367,82.755,103.0,0.55636,1.33302,0.918073,B,-0.0,-0.010246
9273.917,0.54608,142.093,2.0158,28,0.6623,18.543,2.01631,8.6919,3390.955,5882.962,6835.607,0.069733,0.820653,81.061,101.56,0.36564,0.73708,0.953308,B,-0.0,-0.031284
11381.232,0.54872,154.087,3.7867,23,0.6681,15.366,1.99195,8.37699,3745.815,7635.417,14184.363,0.092533,0.772518,81.883,101.911,0.32912,1.24629,0.944499,B,0.0,0.001054
8592.854,0.58822,200.423,2.8282,15,0.6357,9.536,1.91492,4.57679,2771.827,5821.026,7839.29,0.351958,0.700718,87.022,103.635,0.32257,0.9123,0.806989,B,0.001,0.024196
10755.95,0.49815,187.086,0.9228,26,0.687,17.863,1.93481,5.65834,4087.682,6668.269,3772.308,0.185007,0.690113,84.366,102.985,0.38004,0.35072,0.858859,B,-0.001,-0.032416
9519.189,0.32808,141.883,3.7324,24,0.6535,15.683,2.01676,8.67677,4999.245,4519.945,18659.028,0.029544,0.658281,80.521,100.477,0.52518,1.96015,0.952707,B,-0.001,-0.036082
8366.451,0.20948,181.68,3.5236,26,0.8849,23.009,1.94334,11.90767,5087.262,3279.189,17925.308,0.005074,0.5266,81.799,101.66,0.60805,2.14252,0.985271,B,0.0,-0.029539
7884.544,0.60496,170.728,4.189,24,0.7741,18.579,1.96154,10.10489,2449.246,5435.298,10259.798,0.053091,0.853639,82.027,103.298,0.31064,1.30125,0.972738,B,0.0,0.018469
8353.952,0.37013,133.431,2.8146,19,0.8169,15.521,2.03543,8.13915,4295.373,4058.579,12089.883,0.039634,0.719905,80.261,100.38,0.51417,1.44721,0.944941,B,0.0,0.014125
8865.202,0.71956,146.463,3.9541,29,0.6463,18.743,2.00717,10.42306,1832.496,7032.706,7245.856,0.087565,0.884234,81.491,102.229,0.20671,0.81734,0.974845,B,-0.0,0.024482
11060.039,0.37794,213.897,4.675,14,0.7458,10.442,1.89633,5.50443,5727.367,5332.673,26775.701,0.10968,0.666048,84.254,103.958,0.51784,2.42094,0.849718,B,-0.001,0.037341
7727.084,0.47633,168.878,1.5576,29,0.8444,24.488,1.96475,10.07176,3083.028,4644.056,4802.024,0.032759,0.770795,81.688,102.661,0.39899,0.62145,0.97256,B,0.0,0.029863
10350.45,0.29788,166.418,1.7112,16,0.7326,11.721,1.96908,5.0127,5965.065,4385.385,10207.574,0.090362,0.580159,82.353,101.28,0.57631,0.9862,0.825178,B,0.0,-0.043734
9551.511,0.72847,146.538,4.1639,25,0.6477,16.193,2.00702,9.09622,1772.789,7778.723,7381.66,0.160431,0.857923,82.456,102.06,0.1856,0.77283,0.959124,B,-0.001,0.033534
11492.986,0.79556,182.182,2.2455,28,0.7439,20.829,1.94253,9.56865,2113.773,9379.214,4746.417,0.158712,0.939081,83.845,104.405,0.18392,0.41298,0.963309,B,-0.001,0.037139
8041.181,0.78327,148.731,3.6232,15,0.7616,11.425,2.00255,6.21756,1481.353,6559.828,5367.261,0.454133,0.857596,86.428,102.18,0.18422,0.66747,0.89319,B,-0.0,0.002306
10020.678,0.60322,212.709,1.6089,16,0.8451,13.522,1.89791,5.34335,3174.452,6846.226,5107.428,0.293607,0.746778,86.645,104.443,0.31679,0.50969,0.845807,B,0.0,0.021095
11059.519,0.33415,212.863,1.2633,29,0.6791,19.693,1.8977,7.04197,5481.666,5577.853,6925.17,0.05915,0.604409,83.555,103.51,0.49565,0.62617,0.912262,B,0.0,-0.006824
12063.01,0.26331,173.892,3.0988,14,0.7911,11.075,1.95615,5.61816,6479.525,5583.485,20078.671,0.072859,0.484324,82.407,101.014,0.53714,1.66448,0.851371,B,0.0,0.003662
9971.923,0.32772,148.121,0.902,24,0.6513,15.631,2.00378,5.15211,5287.747,4684.176,4769.674,0.101743,0.582809,81.75,100.333,0.53026,0.47831,0.835374,B,0.0,0.027432
8959.664,0.6709,155.076,2.2512,23,0.727,16.72,1.99004,7.967,2113.256,6846.408,4757.351,0.16952,0.825664,82.941,102.315,0.23586,0.53097,0.940403,B,0.0,-0.033194
7818.096,0.6621,179.344,2.8046,26,0.7675,19.955,1.94711,9.80199,2062.059,5756.037,5783.328,0.075926,0.872092,82.649,103.832,0.26375,0.73974,0.969754,B,-0.0,0.003651
10194.033,0.6092,169.306,4.0084,28,0.8064,22.58,1.96401,12.19833,2500.278,7693.755,10022.194,0.034951,0.795822,81.733,102.847,0.24527,0.98314,0.985929,B,0.0,-0.041804
8775.444,0.24151,137.793,3.0317,18,0.8253,14.856,2.02563,7.88538,4853.875,3921.569,14715.397,0.026623,0.507474,80.295,99.241,0.55312,1.67688,0.939026,B,0.0,0.03846
12052.663,0.34249,209.424,1.3799,22,0.668,14.697,1.90235,5.48005,5562.977,6489.686,7676.34,0.115716,0.536884,84.194,102.926,0.46156,0.6369,0.844056,B,0.0,-0.017474
12929.256,0.20665,210.909,4.0318,20,0.8612,17.224,1.90033,8.86064,7455.579,5473.677,30059.174,0.017541,0.464223,82.944,102.506,0.57664,2.3249,0.951052,B,0.0,0.045683
9397.255,0.52,173.991,4.0632,17,0.8191,13.925,1.95598,7.49694,3937.889,5459.366,16000.619,0.088361,0.831353,82.616,103.309,0.41905,1.70269,0.928794,B,-0.0,-0.043512
10455.874,0.69985,140.598,3.0236,27,0.7809,21.085,2.01951,11.13634,2582.403,7873.472,7808.208,0.058275,0.910272,80.842,102.065,0.24698,0.74678,0.979434,B,-0.001,0.05278
9189.614,0.56524,162.833,4.1994,28,0.8197,22.952,1.97552,12.62124,2934.757,6254.858,12324.243,0.020835,0.820667,81.294,102.687,0.31936,1.34111,0.988228,B,-0.001,0.036205
10781.447,0.69371,178.399,1.0167,21,0.7742,16.259,1.94865,5.46834,2989.558,7791.889,3039.365,0.377663,0.814964,86.598,103.41,0.27729,0.28191,0.849041,B,0.0,0.043128
10144.293,0.50044,185.879,3.9592,21,0.8113,17.038,1.93668,8.99075,3813.384,6330.909,15097.782,0.05748,0.767255,82.64,103.44,0.37591,1.4883,0.956823,B,0.0,-0.004908
8138.692,0.51286,210.721,1.9777,21,0.8446,17.737,1.90059,7.56511,2863.453,5275.239,5663.148,0.097451,0.738344,83.993,104.308,0.35183,0.69583,0.933146,B,0.0,0.022157
10971.894,0.55507,217.888,2.9385,22,0.8096,17.81,1.89108,8.46658,3515.798,7456.096,10331.102,0.092075,0.773391,84.144,104.823,0.32044,0.9416,0.946846,B,0.0,-0.02544
9878.333,0.36549,154.84,2.5204,22,0.6524,14.353,1.9905,7.07379,4224.329,5654.004,10646.856,0.07161,0.585061,81.638,100.714,0.42764,1.0778,0.916214,B,0.0,-0.009506
9635.149,0.2062,195.49,1.6055,17,0.6385,10.855,1.9221,4.37046,5314.127,4321.022,8531.713,0.080098,0.361292,83.269,101.185,0.55154,0.88548,0.785762,B,-0.0,-0.033901
9017.177,0.32605,148.76,3.6885,16,0.6485,10.376,2.00249,5.66804,3869.692,5147.485,14273.346,0.101419,0.494918,81.774,99.788,0.42915,1.58291,0.866512,B,0.0,0.007287
8820.62,0.53863,212.169,3.9908,20,0.8525,17.049,1.89863,8.74063,3168.942,5651.678,12646.503,0.067862,0.802586,83.648,104.79,0.35927,1.43374,0.954736,B,0.0,0.042169
7848.973,0.3305,132.558,2.7092,25,0.7929,19.823,2.03743,10.30436,3944.817,3904.156,10687.321,0.016699,0.647575,79.917,99.849,0.50259,1.36162,0.974606,B,0.0,-0.022744
11903.874,0.54758,189.032,1.3665,14,0.6629,9.281,1.93181,3.52879,3744.685,8159.189,5117.288,0.53513,0.5533,89.055,102.169,0.31458,0.42988,0.692578,B,0.0,-0.049233
9857.754,0.43566,149.621,4.5334,21,0.6445,13.535,2.00076,7.69075,3843.532,6014.222,17424.199,0.075391,0.665897,81.467,100.964,0.3899,1.76756,0.932528,B,0.0,0.008999
11497.254,0.66516,216.667,3.3515,16,0.8296,13.274,1.89267,6.52249,3106.414,8390.839,10411.235,0.262363,0.81428,86.355,105.045,0.27019,0.90554,0.893428,B,0.001,0.012993
11104.666,0.42426,146.654,2.1394,18,0.6137,11.047,2.00678,5.24355,5050.969,6053.698,10806.267,0.153774,0.649935,82.373,100.694,0.45485,0.97313,0.835137,B,-0.001,0.047681
12159.476,0.45631,211.106,2.1398,25,0.7881,19.703,1.90007,8.61934,5297.08,6862.396,11334.946,0.054606,0.766392,83.44,104.508,0.43563,0.93219,0.947869,B,0.0,-0.047252
11848.726,0.49655,196.834,2.4285,23,0.8935,20.55,1.92012,9.496,4322.677,7526.048,10497.473,0.051749,0.752022,82.94,103.821,0.36482,0.88596,0.961979,B,0.001,0.037014
8819.938,0.50654,169.527,4.0384,29,0.8551,24.797,1.96362,13.41189,2852.417,5967.521,11519.192,0.013822,0.742055,81.463,102.503,0.32341,1.30604,0.991175,B,0.0,-0.003509
10101.127,0.66164,139.304,3.8556,14,0.8671,12.139,2.02232,6.7882,2651.171,7449.955,10221.865,0.234986,0.813469,83.115,101.35,0.26246,1.01195,0.906784,B,0.001,0.014156
11513.71,0.76334,192.453,3.7149,21,0.7421,15.584,1.92661,8.05194,1998.435,9515.275,7423.994,0.274542,0.865995,85.733,104.384,0.17357,0.6448,0.937574,B,0.0,0.040476
12129.824,0.73687,150.958,3.3208,23,0.7576,17.426,1.99809,9.27037,2250.442,9879.382,7473.253,0.164721,0.867196,82.704,102.366,0.18553,0.61611,0.958526,B,0.0,0.047801
9746.784,0.33459,214.813,1.6042,24,0.816,19.584,1.89511,7.71227,4795.787,4950.997,7693.492,0.045386,0.614737,83.433,103.655,0.49204,0.78934,0.933258,B,0.0,-0.046173
7150.23,0.54826,166.282,2.9353,20,0.7829,15.659,1.96932,7.91526,2454.945,4695.285,7206.076,0.091476,0.787084,82.362,102.639,0.34334,1.00781,0.942715,B,0.0,0.032852
9136.451,0.737,169.362,1.1606,26,0.8648,22.485,1.96391,8.15202,2050.262,7086.189,2379.622,0.184461,0.896866,83.709,103.517,0.2244,0.26045,0.943835,B,-0.0,0.009025
11363.514,0.43503,155.546,4.1512,29,0.6315,18.313,1.98914,10.14924,4348.754,7014.76,18052.627,0.033913,0.6837,81.17,101.403,0.38269,1.58865,0.970167,B,0.0,-0.001211
9239.454,0.68222,135.369,2.7173,14,0.8018,11.225,2.03103,5.81375,1894.27,7345.184,5147.297,0.425011,0.748557,85.44,100.687,0.20502,0.5571,0.872277,B,0.0,-0.034179
10548.052,0.57903,152.408,1.167,23,0.8266,19.013,1.99523,7.07284,3315.81,7232.243,3869.7,0.157498,0.772298,82.67,101.819,0.31435,0.36686,0.914496,B,-0.001,-0.041698
12519.428,0.69224,202.079,4.7868,16,0.8002,12.803,1.91256,6.86742,3119.452,9399.976,14932.105,0.27011,0.832333,85.996,104.573,0.24917,1.19271,0.902776,B,0.0,-0.056565
8740.42,0.52173,148.247,2.8853,25,0.8125,20.313,2.00353,10.48261,2499.695,6240.725,7212.37,0.044769,0.712774,81.004,101.198,0.28599,0.82517,0.97546,B,0.0,0.00396
7635.86,0.29989,143.431,1.6557,20,0.816,16.319,2.01348,7.12071,3647.94,3987.92,6040.05,0.048245,0.530084,80.837,99.72,0.47774,0.79101,0.923143,B,-0.0,-0.009395
9476.771,0.65962,171.82,1.7774,21,0.7873,16.533,1.95967,7.11836,2372.885,7103.886,4217.623,0.214681,0.808242,84.201,103.052,0.25039,0.44505,0.918508,B,0.0,-0.004666
9192.65,0.60324,206.433,2.4565,19,0.8961,17.026,1.90646,7.8077,2854.139,6338.511,7011.095,0.123315,0.819346,84.199,104.668,0.31048,0.76268,0.936532,B,-0.0,-0.017599
8988.645,0.75781,139.007,1.6042,14,0.7083,9.916,2.02296,4.30364,1695.645,7293.0,2720.129,0.863723,0.733188,91.401,100.803,0.18864,0.30262,0.784993,B,0.0,-0.022603
12986.152,0.58447,153.28,4.7534,16,0.6186,9.898,1.99352,5.64192,4297.879,8688.272,20429.55,0.267091,0.741469,84.153,101.663,0.33096,1.57318,0.848758,B,0.001,0.007108
12158.955,0.50995,198.187,2.2239,19,0.856,16.264,1.91815,7.30787,3771.693,8387.262,8387.807,0.135619,0.678277,84.092,103.392,0.3102,0.68985,0.917503,B,-0.0,0.058962
8180.086,0.58334,184.387,2.6793,29,0.76,22.041,1.93903,10.62846,2241.056,5939.03,6004.416,0.048785,0.785052,82.472,103.49,0.27396,0.73403,0.977088,B,0.0,-0.005929
12399.503,0.46764,205.506,1.9426,22,0.7178,15.791,1.90774,6.73368,4999.527,7399.975,9712.19,0.11777,0.704014,84.096,103.869,0.4032,0.78327,0.898457,B,0.001,0.023288
8857.018,0.44134,150.31,4.3934,18,0.8238,14.828,1.99938,8.36848,3420.385,5436.633,15027.24,0.058992,0.681885,81.28,101.108,0.38618,1.69665,0.948381,B,0.0,0.022479
11878.708,0.51401,213.3,3.3285,15,0.6863,10.294,1.89712,5.06889,4923.897,6954.811,16389.039,0.222208,0.720604,85.721,104.294,0.41451,1.3797,0.820805,B,0.0,-0.019231
10019.228,0.35695,217.533,2.5626,16,0.8153,13.045,1.89154,5.98109,4784.577,5234.651,12261.127,0.092195,0.598945,84.135,103.658,0.47754,1.22376,0.876659,B,0.0,-0.018685
9566.922,0.72775,173.836,1.2255,27,0.6999,18.897,1.95624,6.98283,1909.909,7657.013,2340.665,0.312357,0.831364,85.567,103.302,0.19964,0.24466,0.914314,B,0.0,-0.010916
9841.894,0.63115,216.801,3.6522,17,0.8093,13.759,1.89249,6.8901,2164.401,7677.493,7904.78,0.25615,0.736871,86.277,104.54,0.21992,0.80318,0.910748,B,0.0,-0.021862
8588.242,0.71376,208.285,2.4504,23,0.6174,14.201,1.9039,6.49378,2305.702,6282.54,5649.821,0.262292,0.87945,86.092,105.14,0.26847,0.65786,0.901342,B,0.0,-0.003382
11170.958,0.78368,219.857,4.3693,15,0.6719,10.079,1.88853,5.21481,1221.802,9949.156,5338.389,0.95,0.763251,95.528,104.833,0.10937,0.47788,0.867414,B,0.0,0.041199
8751.816,0.36094,192.093,4.6044,14,0.6148,8.607,1.92716,4.63901,4156.736,4595.081,19139.235,0.144232,0.556973,84.001,102.328,0.47496,2.18689,0.810206,B,-0.001,0.01007
9969.648,0.22511,185.677,3.0071,19,0.6556,12.456,1.937,6.17996,6455.221,3514.427,19411.383,0.03994,0.565239,82.401,102.097,0.64749,1.94705,0.885124,B,0.0,-0.045269
11308.014,0.65975,189.873,2.5541,28,0.6141,17.194,1.93052,8.12798,2321.405,8986.61,5929.106,0.194201,0.780007,84.584,103.703,0.20529,0.52433,0.939572,B,-0.001,0.024358
10920.188,0.37226,213.963,1.4437,28,0.7112,19.914,1.89624,7.52809,5772.908,5147.28,8334.104,0.051905,0.731546,83.493,104.392,0.52865,0.76318,0.926289,B,0.0,0.0343
9383.844,0.43455,170.25,3.539,28,0.8759,24.526,1.96237,12.89131,3439.054,5944.79,12170.769,0.012775,0.678543,81.477,102.119,0.36649,1.29699,0.989226,B,-0.0,0.019854
12317.241,0.55985,172.439,4.2696,16,0.7904,12.646,1.95861,6.88781,4649.82,7667.421,19852.987,0.142354,0.813041,83.27,103.114,0.3775,1.6118,0.904012,B,0.0,-0.04074
12936.476,0.35872,210.789,3.9852,26,0.8029,20.876,1.90049,10.7159,5796.589,7139.887,23100.783,0.020474,0.633323,82.979,103.617,0.44808,1.78571,0.974425,B,0.0,0.038653
12291.784,0.35378,169.391,2.2966,28,0.636,17.807,1.96386,8.37251,5863.685,6428.098,13466.672,0.042306,0.637897,81.833,101.809,0.47704,1.09558,0.942953,B,0.001,0.053856
7020.019,0.59659,178.397,4.6788,16,0.6765,10.824,1.94866,5.94969,2132.138,4887.88,9975.876,0.222922,0.759582,84.555,103.045,0.30372,1.42106,0.88651,B,0.001,0.027002
7973.924,0.54923,177.007,2.2357,18,0.8063,14.514,1.95095,6.70221,2269.91,5704.013,5074.948,0.173552,0.698735,83.852,102.578,0.28467,0.63644,0.910048,B,0.001,-0.022665
10301.816,0.48225,146.98,2.1636,20,0.766,15.321,2.00611,7.29466,4226.071,6075.745,9143.568,0.092333,0.753468,81.576,101.395,0.41023,0.88757,0.921458,B,0.0,-0.034481
12239.678,0.54486,208.819,3.7626,29,0.8495,24.636,1.90317,12.525,4221.398,8018.28,15883.547,0.021038,0.820632,82.925,104.774,0.34489,1.29771,0.986683,B,0.0,0.044031
8187.82,0.59461,208.215,3.7556,26,0.6631,17.24,1.904,8.76731,2183.716,6004.104,8201.144,0.09801,0.775231,83.922,104.45,0.2667,1.00163,0.956039,B,0.0,-0.033903
7051.472,0.64746,151.423,1.8251,16,0.7913,12.661,1.99717,5.65802,2200.841,4850.631,4016.7,0.261003,0.822805,83.994,102.099,0.31211,0.56963,0.874182,B,0.0,-0.003482
9292.075,0.72552,216.611,1.3399,24,0.754,18.096,1.89274,6.6116,1748.137,7543.938,2342.336,0.373147,0.807172,87.815,104.996,0.18813,0.25208,0.90324,B,0.0,0.018654
7819.249,0.77897,216.768,2.7249,21,0.7379,15.497,1.89254,7.23161,1377.132,6442.118,3752.515,0.328928,0.875179,87.236,105.451,0.17612,0.47991,0.925632,B,-0.001,-0.02327
10007.372,0.7713,214.788,4.5868,23,0.6123,14.083,1.89514,7.39165,1735.253,8272.119,7959.33,0.334753,0.862879,87.252,105.292,0.1734,0.79535,0.924744,B,-0.0,-0.032895
11948.385,0.48598,142.936,1.8027,19,0.7778,14.779,2.01452,6.65768,4470.371,7478.015,8058.934,0.133741,0.696542,81.944,100.79,0.37414,0.67448,0.897036,B,-0.001,0.05273
9236.439,0.38707,176.994,1.6271,24,0.8871,21.291,1.95097,8.81293,4234.153,5002.286,6889.371,0.037746,0.68275,82.059,102.472,0.45842,0.74589,0.955296,B,0.0,0.015338
7749.193,0.62198,191.782,3.1667,27,0.6978,18.84,1.92763,9.39707,1866.418,5882.774,5910.45,0.0898,0.790826,83.272,103.858,0.24085,0.76272,0.965226,B,0.001,-0.011906
11198.791,0.57729,157.386,4.6217,14,0.8092,11.328,1.98563,6.38823,3498.743,7700.048,16170.152,0.20463,0.746622,83.5,101.915,0.31242,1.44392,0.889257,B,0.0,-0.022962
12312.378,0.22962,185.188,2.3784,24,0.6982,16.757,1.93777,7.80436,7534.839,4777.539,17921.149,0.026128,0.550544,82.202,101.978,0.61197,1.45554,0.930363,B,0.0,0.052532
10044.88,0.59781,215.986,2.7904,27,0.6742,18.203,1.89356,8.55567,2870.201,7174.68,8008.888,0.10488,0.795006,84.255,104.891,0.28574,0.79731,0.94987,B,-0.001,-0.010616
9603.802,0.40147,209.573,3.8456,24,0.6343,15.223,1.90214,7.76813,4377.995,5225.807,16835.803,0.057392,0.68973,83.428,103.941,0.45586,1.75304,0.934833,B,0.0,-0.019362
11462.008,0.77496,184.423,2.5535,23,0.895,20.585,1.93897,9.79482,1528.714,9933.294,3903.519,0.196796,0.863944,84.427,104.012,0.13337,0.34056,0.966131,B,0.0,-0.056832
7650.536,0.66503,212.143,3.3269,24,0.8312,19.948,1.89867,9.83397,2215.513,5435.023,7370.755,0.068316,0.908273,83.653,105.486,0.28959,0.96343,0.970252,B,0.0,-0.003675
12978.907,0.69181,200.99,2.0766,21,0.6461,13.567,1.91411,5.94546,2838.895,10140.012,5895.114,0.430053,0.765094,88.071,104.084,0.21873,0.45421,0.864029,B,-0.0,-1e-06
10708.366,0.6316,162.567,3.0375,17,0.6835,11.62,1.97601,5.95407,3452.405,7255.961,10486.561,0.248965,0.813658,84.294,102.627,0.3224,0.97929,0.872915,B,0.0,0.005239
9771.566,0.28175,182.937,2.6107,18,0.8745,15.74,1.94133,7.54983,5382.725,4388.841,14052.661,0.036161,0.582956,82.254,102.09,0.55086,1.43812,0.929301,B,0.0,-0.007192
11601.672,0.77401,155.004,2.3343,20,0.6187,12.374,1.99018,5.96191,2006.703,9594.97,4684.198,0.582019,0.814162,88.383,102.235,0.17297,0.40375,0.869937,B,-0.001,0.010906
7254.536,0.4208,199.406,2.9714,28,0.7466,20.904,1.91639,10.17325,3068.064,4186.472,9116.344,0.02595,0.710174,82.685,103.655,0.42292,1.25664,0.97392,B,0.0,-0.031078
11650.311,0.4227,180.213,1.7664,29,0.6844,19.848,1.9457,8.43588,5148.212,6502.098,9093.854,0.052411,0.71589,82.37,102.841,0.44189,0.78057,0.945209,B,0.001,-0.023417
7989.167,0.22938,172.392,4.7935,16,0.8061,12.898,1.95869,7.17409,5107.674,2881.493,24483.802,0.027373,0.587448,81.751,101.622,0.63933,3.06463,0.923705,B,0.0,0.015466
9965.811,0.28567,164.625,3.5537,29,0.8995,26.085,1.97228,13.82585,5255.623,4710.188,18676.774,0.004283,0.599638,81.146,101.319,0.52737,1.87408,0.992094,B,0.0,0.015683
7442.601,0.4224,172.819,1.4848,15,0.748,11.221,1.95797,4.50507,3243.409,4199.192,4815.885,0.184923,0.605818,83.846,101.764,0.43579,0.64707,0.809213,B,-0.0,0.027641
9833.978,0.77634,185.669,3.2935,26,0.8594,22.345,1.93701,11.33252,1215.046,8618.932,4001.807,0.118424,0.869087,83.437,104.102,0.12356,0.40694,0.981153,B,-0.0,0.018118
7864.964,0.46414,156.79,2.8504,15,0.799,11.985,1.98676,6.09068,3252.835,4612.129,9271.72,0.124605,0.703609,82.419,101.6,0.41359,1.17886,0.888968,B,0.0,-0.010588
11065.213,0.24355,177.674,1.4524,19,0.8326,15.819,1.94985,6.25588,6632.593,4432.621,9633.386,0.046948,0.53773,82.206,101.546,0.59941,0.8706,0.884456,B,-0.001,-0.00764
9097.771,0.40681,154.336,3.1168,16,0.8493,13.589,1.99147,7.08698,4155.465,4942.306,12951.602,0.072535,0.687867,81.63,101.366,0.45676,1.4236,0.91856,B,0.0,-0.001635
9124.793,0.5857,207.475,4.0595,27,0.7456,20.132,1.90502,10.41048,3296.128,5828.665,13380.555,0.041296,0.893555,83.15,105.201,0.36123,1.4664,0.974531,B,0.0,0.041604
9824.811,0.72837,142.341,3.9956,28,0.7018,19.65,2.01578,11.01727,2410.873,7413.938,9632.995,0.062453,0.944915,80.976,102.395,0.24539,0.98048,0.97896,B,0.0,-0.009889
11254.656,0.31082,207.411,3.8256,24,0.6536,15.686,1.9051,8.0151,5536.408,5718.248,21180.043,0.039658,0.573352,83.126,103.085,0.49192,1.88189,0.937234,B,0.0,0.040382
12591.531,0.74956,188.83,1.411,27,0.8447,22.808,1.93212,8.7912,2179.415,10412.116,3075.069,0.215166,0.86142,84.825,104.194,0.17309,0.24422,0.950315,B,0.0,-0.032996
10303.138,0.26227,171.99,2.5531,16,0.6158,9.852,1.95938,4.76187,6064.985,4238.154,15484.397,0.084917,0.516059,82.495,101.132,0.58865,1.50288,0.809404,B,-0.001,0.046157
12048.362,0.35274,143.887,2.8619,29,0.7172,20.798,2.01252,10.77934,5638.462,6409.901,16136.816,0.018392,0.646852,80.464,100.517,0.46799,1.33934,0.975599,B,-0.001,-0.020663
7021.848,0.44381,167.628,4.3127,27,0.8932,24.116,1.96694,13.24349,2673.726,4348.122,11531.059,0.0103,0.710375,81.343,102.2,0.38077,1.64217,0.991163,B,0.0,0.029817
9436.206,0.3076,172.893,3.1323,15,0.7108,10.662,1.95784,5.42976,5096.489,4339.717,15963.537,0.083708,0.57054,82.513,101.535,0.5401,1.69173,0.853022,B,0.0,-0.022073
10791.082,0.67684,151.509,2.5994,22,0.7146,15.721,1.997,7.85234,2965.693,7825.389,7709.156,0.161447,0.872164,82.684,102.429,0.27483,0.7144,0.934445,B,0.0,0.011131
7648.099,0.69611,144.127,3.9439,22,0.8843,19.454,2.01202,10.84969,1815.28,5832.82,7159.199,0.06114,0.893726,81.039,102.16,0.23735,0.93608,0.979153,B,-0.001,-0.010912
10377.047,0.57678,195.38,2.0061,29,0.6841,19.838,1.92226,8.65137,3532.394,6844.652,7086.454,0.08296,0.831637,83.303,104.284,0.3404,0.6829,0.951039,B,0.001,-0.040093
9244.857,0.7024,196.007,4.1909,15,0.6002,9.004,1.92133,4.74685,2132.044,7112.813,8935.215,0.565202,0.74353,89.69,103.73,0.23062,0.96651,0.814428,B,0.0,-0.037826
9757.675,0.72856,173.437,2.138,27,0.7372,19.903,1.95692,9.10414,2070.152,7687.523,4425.941,0.14086,0.886827,83.288,103.649,0.21216,0.45359,0.958982,B,0.0,-0.052872
8022.615,0.2289,166.94,4.5564,29,0.791,22.938,1.96816,12.7363,4408.594,3614.021,20087.167,0.004541,0.502597,81.24,100.794,0.54952,2.50382,0.989099,B,0.0,-0.038964
9383.63,0.60663,207.667,3.4391,28,0.6089,17.05,1.90475,8.51116,2755.717,6627.913,9477.285,0.103093,0.815983,83.971,104.696,0.29367,1.00998,0.950092,B,0.0,0.032001
7008.253,0.49394,212.528,3.4017,15,0.8788,13.182,1.89815,6.5287,2868.865,4139.388,9759.159,0.111777,0.758807,84.239,104.515,0.40936,1.39252,0.907365,B,0.0,-0.013226
10553.675,0.72521,138.359,1.8073,17,0.64,10.88,2.02438,4.94006,1855.65,8698.025,3353.797,0.744088,0.721188,89.792,100.685,0.17583,0.31778,0.819594,B,0.0,-0.047504
7810.182,0.46904,198.177,2.7731,21,0.7197,15.114,1.91816,7.23568,3363.735,4446.448,9327.908,0.080852,0.7627,83.369,103.949,0.43069,1.19433,0.925759,B,-0.001,0.017173
10812.855,0.2596,173.482,2.1122,16,0.7027,11.244,1.95684,5.1229,6500.746,4312.11,13730.748,0.07363,0.539968,82.402,101.362,0.60121,1.26985,0.829483,B,-0.001,-0.034182
11206.958,0.50888,148.516,1.2786,16,0.8435,13.497,2.00299,5.26084,3966.296,7240.662,5071.37,0.236322,0.658187,83.544,100.852,0.35391,0.45252,0.835645,B,0.0,-0.035816
8116.416,0.41031,171.192,3.583,17,0.8204,13.947,1.96074,7.34169,3216.986,4899.43,11526.591,0.074784,0.630619,82.331,101.849,0.39636,1.42016,0.92776,B,0.0,-0.006079
8483.823,0.73238,175.212,1.715,25,0.7965,19.912,1.95393,8.42518,1716.038,6767.786,2943.034,0.181104,0.872156,83.886,103.637,0.20227,0.3469,0.949982,B,-0.001,0.035776
7245.664,0.35203,170.545,3.3958,25,0.7311,18.277,1.96186,9.51466,3402.602,3843.062,11554.43,0.024611,0.64192,81.644,101.892,0.46961,1.59467,0.967169,B,0.0,0.011301
7183.22,0.49584,186.373,4.1798,24,0.609,14.616,1.93592,7.79086,2910.974,4272.245,12167.392,0.073291,0.783759,82.866,103.571,0.40525,1.69386,0.940101,B,0.001,-0.03086
12942.664,0.28213,217.228,3.8319,28,0.8944,25.043,1.89194,12.6628,6272.958,6669.706,24037.66,0.007533,0.540399,83.008,103.26,0.48467,1.85724,0.987059,B,0.0,-0.042851
8194.076,0.37527,193.697,1.9901,16,0.7025,11.24,1.92475,4.89831,4106.175,4087.901,8171.51,0.127544,0.624107,83.835,102.842,0.50112,0.99725,0.829685,B,-0.0,-0.014713
10423.449,0.55238,218.77,1.0202,29,0.7599,22.038,1.88993,7.0843,3391.404,7032.045,3460.04,0.144052,0.749311,84.857,104.699,0.32536,0.33195,0.915151,B,0.0,-0.022441
10904.944,0.70076,133.346,3.4174,14,0.7173,10.042,2.03562,5.52228,2278.426,8626.518,7786.361,0.498638,0.754139,86.316,100.601,0.20894,0.71402,0.851328,B,0.0,0.045116
10888.277,0.28525,176.404,3.255,16,0.6276,10.041,1.95194,5.13752,5740.559,5147.718,18685.449,0.091989,0.500769,82.753,101.243,0.52722,1.71611,0.829979,B,0.0,-0.004863
8226.087,0.29874,182.871,3.0663,16,0.8253,13.205,1.94143,6.60617,3980.452,4245.635,12205.154,0.057896,0.524542,82.539,101.701,0.48388,1.48371,0.906224,B,0.0,-0.004893
7009.503,0.32561,161.107,4.3136,17,0.6425,10.923,1.97868,6.0511,3628.045,3381.458,15649.761,0.068883,0.601067,81.859,101.149,0.51759,2.23265,0.890506,B,-0.0,-0.029168
11796.019,0.48833,178.823,1.4012,22,0.7103,15.627,1.94796,6.08026,4569.294,7226.725,6402.452,0.158187,0.697067,83.716,102.652,0.38736,0.54276,0.87452,B,0.0,0.035533
8730.067,0.43883,178.997,1.6412,26,0.6967,18.115,1.94768,7.50388,3514.718,5215.349,5768.217,0.075848,0.683457,82.636,102.57,0.4026,0.66073,0.930415,B,0.0,-0.035811
11802.596,0.5961,145.95,1.4653,20,0.6901,13.802,2.00823,5.71973,2903.297,8899.3,4254.206,0.345031,0.678004,84.867,100.839,0.24599,0.36045,0.857618,B,-0.001,0.039011
9300.029,0.60911,141.041,2.1423,22,0.8484,18.666,2.01856,8.93814,2585.355,6714.674,5538.507,0.093933,0.807467,81.333,101.412,0.27799,0.59554,0.95713,B,0.0,0.012842
7608.529,0.76549,155.827,2.9915,20,0.8336,16.673,1.9886,8.59001,1369.157,6239.373,4095.801,0.195321,0.890609,83.312,102.783,0.17995,0.53832,0.954084,B,-0.001,-0.013998
9774.005,0.54126,150.137,3.0243,14,0.8296,11.614,1.99973,6.04862,3502.882,6271.122,10593.732,0.180589,0.742724,82.878,101.5,0.35839,1.08387,0.880426,B,0.001,-0.016828
10601.806,0.5088,154.243,3.7843,20,0.7329,14.657,1.99165,7.98745,3496.972,7104.833,13233.545,0.095916,0.712024,81.934,101.52,0.32985,1.24823,0.93782,B,0.001,-0.028286
11345.285,0.23429,209.238,4.4529,24,0.605,14.52,1.9026,7.62701,6654.005,4691.28,29629.671,0.028796,0.525746,83.04,102.845,0.5865,2.61163,0.927913,B,0.0,0.0564
7189.328,0.75249,174.346,3.8561,16,0.8972,14.356,1.95538,7.64438,1093.517,6095.811,4216.669,0.311986,0.831506,85.581,103.327,0.1521,0.58652,0.936937,B,0.0,0.032011
9214.794,0.63191,214.674,4.5781,15,0.8155,12.233,1.89529,6.41933,2621.808,6592.986,12002.9,0.229312,0.792004,85.857,104.82,0.28452,1.30257,0.89675,B,0.0,0.037156
10277.112,0.45979,186.766,1.969,25,0.702,17.549,1.9353,7.68432,3775.338,6501.774,7433.724,0.085709,0.676999,83.044,102.884,0.36735,0.72333,0.931521,B,-0.0,0.038386
9135.426,0.3231,218.909,3.2508,24,0.6213,14.91,1.88975,7.257,4458.099,4677.327,14492.247,0.050865,0.582576,83.631,103.604,0.488,1.58638,0.923175,B,0.0,-0.003519
8376.747,0.72308,181.859,4.7114,21,0.6631,13.924,1.94305,7.62987,1360.807,7015.94,6411.248,0.293104,0.80648,85.607,103.515,0.16245,0.76536,0.93415,B,0.0,-0.015045
8178.335,0.64857,173.075,3.0888,28,0.6891,19.295,1.95753,9.79065,2520.665,5657.67,7785.808,0.064638,0.908727,82.268,103.776,0.30821,0.952,0.969283,B,0.0,0.014501
12661.36,0.58269,175.803,4.0928,27,0.6036,16.299,1.95294,8.76715,3598.692,9062.667,14728.895,0.102919,0.773196,82.875,103.012,0.28423,1.16329,0.949797,B,0.001,0.056203
12137.099,0.55857,145.278,1.012,29,0.622,18.038,2.00962,6.33218,4141.126,7995.973,4190.763,0.189911,0.749496,82.789,101.273,0.3412,0.34529,0.883995,B,0.0,0.024229
9011.876,0.78589,180.356,1.5712,24,0.7211,17.306,1.94547,7.03774,1472.205,7539.671,2313.14,0.397541,0.861721,86.931,103.81,0.16336,0.25668,0.917363,B,0.0,-0.011452
12068.176,0.22622,207.548,1.3784,19,0.8799,16.719,1.90492,6.24414,7225.685,4842.491,9959.863,0.045114,0.496464,83.202,102.583,0.59874,0.8253,0.880597,B,0.0,-0.03923
7786.97,0.77795,181.8,4.3561,25,0.8299,20.747,1.94314,11.2091,1413.821,6373.15,6158.748,0.079118,0.932983,82.78,104.347,0.18156,0.7909,0.981535,B,-0.001,-0.025985
10688.969,0.57203,205.872,2.1437,18,0.8654,15.577,1.90723,6.85829,3570.343,7118.625,7653.916,0.158508,0.779439,84.645,104.382,0.33402,0.71606,0.907444,B,0.001,-0.050943
11977.898,0.74909,136.632,2.879,24,0.6386,15.326,2.0282,8.04354,1858.724,10119.173,5351.203,0.306259,0.830426,83.932,101.303,0.15518,0.44676,0.936556,B,0.001,0.048302
7523.132,0.63603,175.59,4.7066,24,0.8701,20.883,1.9533,11.53162,2179.278,5343.854,10257.016,0.035908,0.880765,81.983,103.712,0.28968,1.3634,0.983646,B,0.0,0.004563
11219.774,0.31047,141.375,3.238,25,0.7733,19.333,2.01784,10.36998,5352.279,5867.495,17330.702,0.017898,0.577358,80.344,99.913,0.47704,1.54466,0.9725,B,-0.0,-0.037034
8331.301,0.51766,208.978,2.1008,24,0.789,18.935,1.90295,8.2539,2902.566,5428.735,6097.712,0.078533,0.752446,83.689,104.33,0.34839,0.7319,0.947146,B,0.0,0.004124
9214.934,0.25698,135.133,4.6743,16,0.773,12.368,2.03156,7.2218,5094.714,4120.219,23814.282,0.036239,0.52992,80.297,99.23,0.55288,2.58431,0.922033,B,0.001,0.039946
11899.273,0.55116,219.673,3.6139,28,0.6015,16.842,1.88876,8.38871,3775.352,8123.921,13643.878,0.097454,0.762013,84.269,104.817,0.31728,1.14661,0.943901,B,-0.0,-0.05326
12531.482,0.33709,174.298,1.2989,18,0.6125,11.024,1.95546,4.17731,6350.228,6181.253,8248.354,0.165875,0.512979,83.65,101.223,0.50674,0.65821,0.75064,B,0.001,0.040215
